[marking 0x3cd298692e11 <JSFunction getNewKey (sfi = 0xf6c24086ba9)> for optimization to MAGLEV, ConcurrencyMode::kConcurrent, reason: hot and stable]
[compiling method 0x3cd298692e11 <JSFunction getNewKey (sfi = 0xf6c24086ba9)> (target MAGLEV), mode: ConcurrencyMode::kConcurrent]
[completed compiling 0x3cd298692e11 <JSFunction getNewKey (sfi = 0xf6c24086ba9)> (target MAGLEV) - took 0.003, 0.405, 0.004 ms]
[42719:0x76d40c000:0]       54 ms: GC: {"pause":0.334,"mutator":50.168,"gc":"s","reduce_memory":false,"time_to_safepoint":0,"stack":true,"reason":"allocation failure","collector_reason":"","start_object_size":1499568,"end_object_size":761712,"start_memory_size":2621440,"end_memory_size":3145728,"start_holes_size":1121696,"end_holes_size":1121696,"pool_local_chunks":0,"pool_shared_chunks":0,"pool_total_chunks":0,"new_space_capacity":1048576,"old_gen_allocation_limit":143131168,"global_allocation_limit":286262336,"allocation_throughput":8779.45,"new_space_allocation_throughput":6138.67,"new_space_survive_rate":26.6603,"allocated":1499568,"promoted":0,"new_space_survived":279536,"nodes_died_in_new":0,"nodes_copied_in_new":18,"nodes_promoted":0,"promotion_ratio":0,"average_survival_ratio":26.6603,"promotion_rate":0,"during_sweeping":false,"heap.prologue":0,"heap.epilogue":0.001,"heap.external.prologue":0,"heap.external.epilogue":0,"heap.external_weak_global_handles":0,"complete.sweep_array_buffers":0,"scavenge":0.312,"scavenge.free_remembered_set":0.001,"scavenge.roots":0.045,"scavenge.weak":0,"scavenge.weak_global_handles.identify":0,"scavenge.weak_global_handles.process":0.001,"scavenge.parallel":0.11,"scavenge.pin_objects_conservative":0,"scavenge.pin_objects_precise":0,"scavenge.restore_pinned":0,"scavenge.sweep_array_buffers":0.003,"scavenge.resize_new_space":0,"background.scavenge.parallel":0.198,"incremental.steps_count":0,"incremental.steps_took":0,"scavenge_throughput":836934,"quarantined_size":0,"quarantined_pages":0}
[42719:0x76d40c000:0]       54 ms: Memory pool: Removed pages: 0, removed large pages: 0
, removed zone reservations: 0
[42719:0x76d40c000:0]       61 ms: GC: {"pause":0.411,"mutator":6.739,"gc":"s","reduce_memory":false,"time_to_safepoint":0,"stack":true,"reason":"allocation failure","collector_reason":"","start_object_size":1954648,"end_object_size":1649712,"start_memory_size":4194304,"end_memory_size":4718592,"start_holes_size":1190856,"end_holes_size":1474336,"pool_local_chunks":0,"pool_shared_chunks":0,"pool_total_chunks":0,"new_space_capacity":1048576,"old_gen_allocation_limit":66858212,"global_allocation_limit":133716425,"allocation_throughput":16457.3,"new_space_allocation_throughput":10855.2,"new_space_survive_rate":43.7984,"allocated":1192936,"promoted":240776,"new_space_survived":459232,"nodes_died_in_new":0,"nodes_copied_in_new":6,"nodes_promoted":20,"promotion_ratio":22.9636,"average_survival_ratio":46.7111,"promotion_rate":86.1342,"during_sweeping":false,"heap.prologue":0,"heap.epilogue":0,"heap.external.prologue":0,"heap.external.epilogue":0,"heap.external_weak_global_handles":0,"complete.sweep_array_buffers":0,"scavenge":0.397,"scavenge.free_remembered_set":0.003,"scavenge.roots":0.043,"scavenge.weak":0,"scavenge.weak_global_handles.identify":0,"scavenge.weak_global_handles.process":0.001,"scavenge.parallel":0.001,"scavenge.pin_objects_conservative":0,"scavenge.pin_objects_precise":0,"scavenge.restore_pinned":0,"scavenge.sweep_array_buffers":0.004,"scavenge.resize_new_space":0,"background.scavenge.parallel":0.645,"incremental.steps_count":0,"incremental.steps_took":0,"scavenge_throughput":1.31482e+06,"quarantined_size":0,"quarantined_pages":0}
[marking 0x07df6b5f3589 <JSFunction (sfi = 0x24bf9c41fb19)> for optimization to MAGLEV, ConcurrencyMode::kConcurrent, reason: hot and stable]
[compiling method 0x07df6b5f3589 <JSFunction (sfi = 0x24bf9c41fb19)> (target MAGLEV), mode: ConcurrencyMode::kConcurrent]
[completed compiling 0x07df6b5f3589 <JSFunction (sfi = 0x24bf9c41fb19)> (target MAGLEV) - took 0.000, 0.123, 0.002 ms]
[42719:0x76d40c000:0]       75 ms: GC: {"pause":0.256,"mutator":13.69,"gc":"s","reduce_memory":false,"time_to_safepoint":0,"stack":true,"reason":"allocation failure","collector_reason":"","start_object_size":3163720,"end_object_size":2905256,"start_memory_size":5128192,"end_memory_size":5914624,"start_holes_size":899256,"end_holes_size":1231472,"pool_local_chunks":0,"pool_shared_chunks":0,"pool_total_chunks":0,"new_space_capacity":2097152,"old_gen_allocation_limit":36741987,"global_allocation_limit":73483975,"allocation_throughput":26571.2,"new_space_allocation_throughput":13481.1,"new_space_survive_rate":28.1275,"allocated":1514008,"promoted":454168,"new_space_survived":294920,"nodes_died_in_new":0,"nodes_copied_in_new":18,"nodes_promoted":11,"promotion_ratio":43.3155,"average_survival_ratio":54.9551,"promotion_rate":98.8973,"during_sweeping":false,"heap.prologue":0,"heap.epilogue":0.001,"heap.external.prologue":0,"heap.external.epilogue":0,"heap.external_weak_global_handles":0,"complete.sweep_array_buffers":0,"scavenge":0.245,"scavenge.free_remembered_set":0.002,"scavenge.roots":0.044,"scavenge.weak":0,"scavenge.weak_global_handles.identify":0,"scavenge.weak_global_handles.process":0,"scavenge.parallel":0,"scavenge.pin_objects_conservative":0,"scavenge.pin_objects_precise":0,"scavenge.restore_pinned":0,"scavenge.sweep_array_buffers":0.002,"scavenge.resize_new_space":0.001,"background.scavenge.parallel":0.388,"incremental.steps_count":0,"incremental.steps_took":0,"scavenge_throughput":1.72691e+06,"quarantined_size":0,"quarantined_pages":0}
[marking 0x3b2e9c20f939 <JSFunction next (sfi = 0xf6c240897c1)> for optimization to MAGLEV, ConcurrencyMode::kConcurrent, reason: hot and stable]
[compiling method 0x3b2e9c20f939 <JSFunction next (sfi = 0xf6c240897c1)> (target MAGLEV), mode: ConcurrencyMode::kConcurrent]
[completed compiling 0x3b2e9c20f939 <JSFunction next (sfi = 0xf6c240897c1)> (target MAGLEV) - took 0.001, 0.110, 0.003 ms]
[bailout (kind: deopt-eager, reason: wrong map): begin. deoptimizing 0x3b2e9c20f469 <JSFunction next (sfi = 0xf6c240897c1)>, 0x3f6167c01f11 <Code MAGLEV>, opt id 2, bytecode offset 3, deopt exit 0, FP to SP delta 32, caller SP 0x00016ae09a58, pc 0x00011ba853b4]
[marking 0x20db4ff48341 <JSFunction isPosixPathSeparator (sfi = 0x2533553fbce1)> for optimization to MAGLEV, ConcurrencyMode::kConcurrent, reason: hot and stable]
[compiling method 0x20db4ff48341 <JSFunction isPosixPathSeparator (sfi = 0x2533553fbce1)> (target MAGLEV), mode: ConcurrencyMode::kConcurrent]
[completed compiling 0x20db4ff48341 <JSFunction isPosixPathSeparator (sfi = 0x2533553fbce1)> (target MAGLEV) - took 0.000, 0.060, 0.001 ms]
[marking 0x20db4ff48421 <JSFunction normalizeString (sfi = 0x2533553fbdb9)> for optimization to MAGLEV, ConcurrencyMode::kConcurrent, reason: hot and stable]
[compiling method 0x20db4ff48421 <JSFunction normalizeString (sfi = 0x2533553fbdb9)> (target MAGLEV), mode: ConcurrencyMode::kConcurrent]
[completed compiling 0x20db4ff48421 <JSFunction normalizeString (sfi = 0x2533553fbdb9)> (target MAGLEV) - took 0.000, 0.300, 0.002 ms]
[marking 0x20ada14764f1 <JSFunction getPathFromURLPosix (sfi = 0x46ffaa09f79)> for optimization to MAGLEV, ConcurrencyMode::kConcurrent, reason: hot and stable]
[compiling method 0x20ada14764f1 <JSFunction getPathFromURLPosix (sfi = 0x46ffaa09f79)> (target MAGLEV), mode: ConcurrencyMode::kConcurrent]
[completed compiling 0x20ada14764f1 <JSFunction getPathFromURLPosix (sfi = 0x46ffaa09f79)> (target MAGLEV) - took 0.000, 0.239, 0.002 ms]
[marking 0x2533553c5749 <JSFunction requireBuiltin (sfi = 0xf6c2409e749)> for optimization to MAGLEV, ConcurrencyMode::kConcurrent, reason: hot and stable]
[compiling method 0x2533553c5749 <JSFunction requireBuiltin (sfi = 0xf6c2409e749)> (target MAGLEV), mode: ConcurrencyMode::kConcurrent]
[completed compiling 0x2533553c5749 <JSFunction requireBuiltin (sfi = 0xf6c2409e749)> (target MAGLEV) - took 0.001, 0.248, 0.005 ms]
[42719:0x76d40c000:0]      143 ms: GC: {"pause":0.462,"mutator":67.026,"gc":"s","reduce_memory":false,"time_to_safepoint":0,"stack":true,"reason":"allocation failure","collector_reason":"","start_object_size":8434576,"end_object_size":7451088,"start_memory_size":10321920,"end_memory_size":11108352,"start_holes_size":804072,"end_holes_size":1305440,"pool_local_chunks":0,"pool_shared_chunks":0,"pool_total_chunks":0,"new_space_capacity":2097152,"old_gen_allocation_limit":20101615,"global_allocation_limit":40203231,"allocation_throughput":48930.6,"new_space_allocation_throughput":18235.4,"new_space_survive_rate":33.9211,"allocated":5529320,"promoted":454544,"new_space_survived":768840,"nodes_died_in_new":0,"nodes_copied_in_new":37,"nodes_promoted":26,"promotion_ratio":20.0544,"average_survival_ratio":54.7102,"promotion_rate":154.125,"during_sweeping":false,"heap.prologue":0,"heap.epilogue":0,"heap.external.prologue":0,"heap.external.epilogue":0,"heap.external_weak_global_handles":0,"complete.sweep_array_buffers":0,"scavenge":0.448,"scavenge.free_remembered_set":0.003,"scavenge.roots":0.066,"scavenge.weak":0,"scavenge.weak_global_handles.identify":0,"scavenge.weak_global_handles.process":0.001,"scavenge.parallel":0,"scavenge.pin_objects_conservative":0,"scavenge.pin_objects_precise":0,"scavenge.restore_pinned":0.001,"scavenge.sweep_array_buffers":0.011,"scavenge.resize_new_space":0,"background.scavenge.parallel":0.98,"incremental.steps_count":0,"incremental.steps_took":0,"scavenge_throughput":2.01778e+06,"quarantined_size":0,"quarantined_pages":0}
[marking 0x007ab3cc8511 <JSFunction getOwn (sfi = 0xf6c2409e8f9)> for optimization to MAGLEV, ConcurrencyMode::kConcurrent, reason: hot and stable]
[compiling method 0x007ab3cc8511 <JSFunction getOwn (sfi = 0xf6c2409e8f9)> (target MAGLEV), mode: ConcurrencyMode::kConcurrent]
[completed compiling 0x007ab3cc8511 <JSFunction getOwn (sfi = 0xf6c2409e8f9)> (target MAGLEV) - took 0.000, 0.106, 0.002 ms]
[marking 0x3b2e9c20ede1 <JSFunction syncExports (sfi = 0xf6c2409ede1)> for optimization to MAGLEV, ConcurrencyMode::kConcurrent, reason: hot and stable]
[compiling method 0x3b2e9c20ede1 <JSFunction syncExports (sfi = 0xf6c2409ede1)> (target MAGLEV), mode: ConcurrencyMode::kConcurrent]
[completed compiling 0x3b2e9c20ede1 <JSFunction syncExports (sfi = 0xf6c2409ede1)> (target MAGLEV) - took 0.001, 0.302, 0.004 ms]
[42719:0x76d40c000:0]      168 ms: GC: {"pause":0.53,"mutator":24.696,"gc":"s","reduce_memory":false,"time_to_safepoint":0,"stack":true,"reason":"allocation failure","collector_reason":"","start_object_size":9703512,"end_object_size":9060488,"start_memory_size":12943360,"end_memory_size":13991936,"start_holes_size":1107904,"end_holes_size":1417032,"pool_local_chunks":0,"pool_shared_chunks":0,"pool_total_chunks":0,"new_space_capacity":4194304,"old_gen_allocation_limit":16734640,"global_allocation_limit":22912628,"allocation_throughput":58477.2,"new_space_allocation_throughput":23447.5,"new_space_survive_rate":30.8605,"allocated":2252424,"promoted":739384,"new_space_survived":647152,"nodes_died_in_new":0,"nodes_copied_in_new":24,"nodes_promoted":40,"promotion_ratio":35.2587,"average_survival_ratio":56.992,"promotion_rate":96.1688,"during_sweeping":false,"heap.prologue":0,"heap.epilogue":0,"heap.external.prologue":0,"heap.external.epilogue":0,"heap.external_weak_global_handles":0,"complete.sweep_array_buffers":0,"scavenge":0.501,"scavenge.free_remembered_set":0.025,"scavenge.roots":0.046,"scavenge.weak":0,"scavenge.weak_global_handles.identify":0,"scavenge.weak_global_handles.process":0,"scavenge.parallel":0,"scavenge.pin_objects_conservative":0,"scavenge.pin_objects_precise":0,"scavenge.restore_pinned":0.001,"scavenge.sweep_array_buffers":0.003,"scavenge.resize_new_space":0,"background.scavenge.parallel":1.228,"incremental.steps_count":0,"incremental.steps_took":0,"scavenge_throughput":2.1769e+06,"quarantined_size":0,"quarantined_pages":0}
[marking 0x26a5ec2415f9 <JSFunction (sfi = 0x24bf9c430bd9)> for optimization to MAGLEV, ConcurrencyMode::kConcurrent, reason: hot and stable]
[compiling method 0x26a5ec2415f9 <JSFunction (sfi = 0x24bf9c430bd9)> (target MAGLEV), mode: ConcurrencyMode::kConcurrent]
[completed compiling 0x26a5ec2415f9 <JSFunction (sfi = 0x24bf9c430bd9)> (target MAGLEV) - took 0.000, 0.081, 0.001 ms]
[bailout (kind: deopt-eager, reason: wrong map): begin. deoptimizing 0x2533553c5749 <JSFunction requireBuiltin (sfi = 0xf6c2409e749)>, 0x28d99b401f81 <Code MAGLEV>, opt id 6, bytecode offset 4, deopt exit 0, FP to SP delta 32, caller SP 0x00016ae05a10, pc 0x00011baa5b6c]
[marking 0x1a3ebe6f07e1 <JSFunction _TstNode (sfi = 0xe3cf6d2ca99)> for optimization to MAGLEV, ConcurrencyMode::kConcurrent, reason: hot and stable]
[compiling method 0x1a3ebe6f07e1 <JSFunction _TstNode (sfi = 0xe3cf6d2ca99)> (target MAGLEV), mode: ConcurrencyMode::kConcurrent]
[marking 0x1a3ebe6f05f1 <JSFunction _TstNode (sfi = 0xe3cf6d2c9c1)> for optimization to MAGLEV, ConcurrencyMode::kConcurrent, reason: hot and stable]
[compiling method 0x1a3ebe6f05f1 <JSFunction _TstNode (sfi = 0xe3cf6d2c9c1)> (target MAGLEV), mode: ConcurrencyMode::kConcurrent]
[completed compiling 0x1a3ebe6f07e1 <JSFunction _TstNode (sfi = 0xe3cf6d2ca99)> (target MAGLEV) - took 0.001, 0.084, 0.004 ms]
[marking dependent code 0x28d99b41d371 <Code MAGLEV> (0x0e3cf6d2ca99 <SharedFunctionInfo _TstNode>) (opt id 10) for deoptimization, reason: dependent field type constness changed]
[marking 0x1a3ebe6f07e1 <JSFunction _TstNode (sfi = 0xe3cf6d2ca99)> for optimization to MAGLEV, ConcurrencyMode::kConcurrent, reason: hot and stable]
[compiling method 0x1a3ebe6f07e1 <JSFunction _TstNode (sfi = 0xe3cf6d2ca99)> (target MAGLEV), mode: ConcurrencyMode::kConcurrent]
[marking 0x1a3ebe6f0631 <JSFunction add (sfi = 0xe3cf6d2ca09)> for optimization to MAGLEV, ConcurrencyMode::kConcurrent, reason: hot and stable]
[compiling method 0x1a3ebe6f0631 <JSFunction add (sfi = 0xe3cf6d2ca09)> (target MAGLEV), mode: ConcurrencyMode::kConcurrent]
[aborted compiling 0x1a3ebe6f05f1 <JSFunction _TstNode (sfi = 0xe3cf6d2c9c1)> (target MAGLEV) because: Bailed out due to dependency change]
[completed compiling 0x1a3ebe6f07e1 <JSFunction _TstNode (sfi = 0xe3cf6d2ca99)> (target MAGLEV) - took 0.000, 0.108, 0.001 ms]
[completed compiling 0x1a3ebe6f0631 <JSFunction add (sfi = 0xe3cf6d2ca09)> (target MAGLEV) - took 0.000, 0.384, 0.003 ms]
[bailout (kind: deopt-lazy, reason: (unknown)): begin. deoptimizing 0x2533553c5749 <JSFunction requireBuiltin (sfi = 0xf6c2409e749)>, 0x28d99b401f81 <Code MAGLEV>, opt id 6, bytecode offset 72, deopt exit 4, FP to SP delta 32, caller SP 0x00016ae061a0, pc 0x00011baa5b7c]
[marking 0x26a5ec2402a1 <JSFunction #ensureSearchParamsUpdated (sfi = 0x46ffaa0aa11)> for optimization to MAGLEV, ConcurrencyMode::kConcurrent, reason: hot and stable]
[compiling method 0x26a5ec2402a1 <JSFunction #ensureSearchParamsUpdated (sfi = 0x46ffaa0aa11)> (target MAGLEV), mode: ConcurrencyMode::kConcurrent]
[completed compiling 0x26a5ec2402a1 <JSFunction #ensureSearchParamsUpdated (sfi = 0x46ffaa0aa11)> (target MAGLEV) - took 0.000, 0.100, 0.004 ms]
[marking 0x26a5ec2403f9 <JSFunction get protocol (sfi = 0x46ffaa0ad09)> for optimization to MAGLEV, ConcurrencyMode::kConcurrent, reason: hot and stable]
[compiling method 0x26a5ec2403f9 <JSFunction get protocol (sfi = 0x46ffaa0ad09)> (target MAGLEV), mode: ConcurrencyMode::kConcurrent]
[completed compiling 0x26a5ec2403f9 <JSFunction get protocol (sfi = 0x46ffaa0ad09)> (target MAGLEV) - took 0.000, 0.081, 0.003 ms]
[marking 0x007ab3cfe059 <JSFunction assert (sfi = 0xf6c240ba089)> for optimization to MAGLEV, ConcurrencyMode::kConcurrent, reason: hot and stable]
[compiling method 0x007ab3cfe059 <JSFunction assert (sfi = 0xf6c240ba089)> (target MAGLEV), mode: ConcurrencyMode::kConcurrent]
[completed compiling 0x007ab3cfe059 <JSFunction assert (sfi = 0xf6c240ba089)> (target MAGLEV) - took 0.000, 0.094, 0.001 ms]
[marking 0x26a5ec2403c1 <JSFunction get href (sfi = 0x46ffaa0abd9)> for optimization to MAGLEV, ConcurrencyMode::kConcurrent, reason: hot and stable]
[compiling method 0x26a5ec2403c1 <JSFunction get href (sfi = 0x46ffaa0abd9)> (target MAGLEV), mode: ConcurrencyMode::kConcurrent]
[marking 0x26a5ec240389 <JSFunction #updateContext (sfi = 0x46ffaa0aa59)> for optimization to MAGLEV, ConcurrencyMode::kConcurrent, reason: hot and stable]
[compiling method 0x26a5ec240389 <JSFunction #updateContext (sfi = 0x46ffaa0aa59)> (target MAGLEV), mode: ConcurrencyMode::kConcurrent]
[completed compiling 0x26a5ec2403c1 <JSFunction get href (sfi = 0x46ffaa0abd9)> (target MAGLEV) - took 0.000, 0.102, 0.004 ms]
[completed compiling 0x26a5ec240389 <JSFunction #updateContext (sfi = 0x46ffaa0aa59)> (target MAGLEV) - took 0.000, 0.251, 0.005 ms]
[marking 0x26a5ec2402d9 <JSFunction URLContext (sfi = 0x46ffaa0a2f1)> for optimization to MAGLEV, ConcurrencyMode::kConcurrent, reason: hot and stable]
[marking 0x26a5ec240141 <JSFunction URLContext (sfi = 0x46ffaa0a171)> for optimization to MAGLEV, ConcurrencyMode::kConcurrent, reason: hot and stable]
[marking 0x26a5ec240311 <JSFunction URL (sfi = 0x46ffaa0b501)> for optimization to MAGLEV, ConcurrencyMode::kConcurrent, reason: hot and stable]
[marking 0x26a5ec240349 <JSFunction markTransferMode (sfi = 0x2533553d7551)> for optimization to MAGLEV, ConcurrencyMode::kConcurrent, reason: hot and stable]
[compiling method 0x26a5ec240311 <JSFunction URL (sfi = 0x46ffaa0b501)> (target MAGLEV), mode: ConcurrencyMode::kConcurrent]
[compiling method 0x26a5ec240141 <JSFunction URLContext (sfi = 0x46ffaa0a171)> (target MAGLEV), mode: ConcurrencyMode::kConcurrent]
[compiling method 0x26a5ec2402d9 <JSFunction URLContext (sfi = 0x46ffaa0a2f1)> (target MAGLEV), mode: ConcurrencyMode::kConcurrent]
[compiling method 0x26a5ec240349 <JSFunction markTransferMode (sfi = 0x2533553d7551)> (target MAGLEV), mode: ConcurrencyMode::kConcurrent]
[marking 0x26a5ec2400e9 <JSFunction URL (sfi = 0x46ffaa0aaa1)> for optimization to MAGLEV, ConcurrencyMode::kConcurrent, reason: hot and stable]
[completed compiling 0x26a5ec240141 <JSFunction URLContext (sfi = 0x46ffaa0a171)> (target MAGLEV) - took 0.000, 0.101, 0.004 ms]
[completed compiling 0x26a5ec2402d9 <JSFunction URLContext (sfi = 0x46ffaa0a2f1)> (target MAGLEV) - took 0.000, 0.043, 0.005 ms]
[completed compiling 0x26a5ec240311 <JSFunction URL (sfi = 0x46ffaa0b501)> (target MAGLEV) - took 0.000, 0.199, 0.005 ms]
[completed compiling 0x26a5ec240349 <JSFunction markTransferMode (sfi = 0x2533553d7551)> (target MAGLEV) - took 0.000, 0.057, 0.001 ms]
[compiling method 0x26a5ec2400e9 <JSFunction URL (sfi = 0x46ffaa0aaa1)> (target MAGLEV), mode: ConcurrencyMode::kConcurrent]
[completed compiling 0x26a5ec2400e9 <JSFunction URL (sfi = 0x46ffaa0aaa1)> (target MAGLEV) - took 0.000, 0.321, 0.003 ms]
[marking 0x26a5ec240a79 <JSFunction noop (sfi = 0x3b2e9c2362b9)> for optimization to MAGLEV, ConcurrencyMode::kConcurrent, reason: hot and stable]
[compiling method 0x26a5ec240a79 <JSFunction noop (sfi = 0x3b2e9c2362b9)> (target MAGLEV), mode: ConcurrencyMode::kConcurrent]
[completed compiling 0x26a5ec240a79 <JSFunction noop (sfi = 0x3b2e9c2362b9)> (target MAGLEV) - took 0.000, 0.024, 0.001 ms]
[marking 0x16a16734fd29 <JSFunction isFileType (sfi = 0x46ffaa33459)> for optimization to MAGLEV, ConcurrencyMode::kConcurrent, reason: hot and stable]
[compiling method 0x16a16734fd29 <JSFunction isFileType (sfi = 0x46ffaa33459)> (target MAGLEV), mode: ConcurrencyMode::kConcurrent]
[completed compiling 0x16a16734fd29 <JSFunction isFileType (sfi = 0x46ffaa33459)> (target MAGLEV) - took 0.000, 0.129, 0.002 ms]
[marking 0x26a5ec240051 <JSFunction wrappedFn (sfi = 0x24bf9c400759)> for optimization to MAGLEV, ConcurrencyMode::kConcurrent, reason: hot and stable]
[compiling method 0x16a16734fb29 <JSFunction wrappedFn (sfi = 0x24bf9c400759)> (target MAGLEV), mode: ConcurrencyMode::kConcurrent]
[completed compiling 0x16a16734fb29 <JSFunction wrappedFn (sfi = 0x24bf9c400759)> (target MAGLEV) - took 0.000, 0.110, 0.003 ms]
[marking 0x3a865ebd4cb1 <JSFunction Module._nodeModulePaths (sfi = 0x3a865ebc8411)> for optimization to MAGLEV, ConcurrencyMode::kConcurrent, reason: hot and stable]
[compiling method 0x3a865ebd4cb1 <JSFunction Module._nodeModulePaths (sfi = 0x3a865ebc8411)> (target MAGLEV), mode: ConcurrencyMode::kConcurrent]
[completed compiling 0x3a865ebd4cb1 <JSFunction Module._nodeModulePaths (sfi = 0x3a865ebc8411)> (target MAGLEV) - took 0.001, 0.487, 0.004 ms]
[42719:0x76d40c000:0]      249 ms: GC: {"pause":0.555,"mutator":80.798,"gc":"s","reduce_memory":false,"time_to_safepoint":0,"stack":true,"reason":"allocation failure","collector_reason":"","start_object_size":15146160,"end_object_size":13230016,"start_memory_size":18481152,"end_memory_size":20054016,"start_holes_size":1188056,"end_holes_size":2123416,"pool_local_chunks":0,"pool_shared_chunks":0,"pool_total_chunks":0,"new_space_capacity":4194304,"old_gen_allocation_limit":16734640,"global_allocation_limit":20107328,"allocation_throughput":69622.6,"new_space_allocation_throughput":31858.7,"new_space_survive_rate":35.7835,"allocated":6085672,"promoted":637408,"new_space_survived":1500776,"nodes_died_in_new":0,"nodes_copied_in_new":45,"nodes_promoted":67,"promotion_ratio":15.1979,"average_survival_ratio":55.9902,"promotion_rate":98.4943,"during_sweeping":false,"heap.prologue":0,"heap.epilogue":0.001,"heap.external.prologue":0,"heap.external.epilogue":0,"heap.external_weak_global_handles":0,"complete.sweep_array_buffers":0,"scavenge":0.545,"scavenge.free_remembered_set":0.006,"scavenge.roots":0.047,"scavenge.weak":0,"scavenge.weak_global_handles.identify":0,"scavenge.weak_global_handles.process":0.001,"scavenge.parallel":0.332,"scavenge.pin_objects_conservative":0,"scavenge.pin_objects_precise":0,"scavenge.restore_pinned":0,"scavenge.sweep_array_buffers":0.002,"scavenge.resize_new_space":0,"background.scavenge.parallel":1.5,"incremental.steps_count":0,"incremental.steps_took":0,"scavenge_throughput":2.54189e+06,"quarantined_size":0,"quarantined_pages":0}
[marking 0x0851d68ebbf1 <JSFunction __copyProps (sfi = 0x6e03666f109)> for optimization to MAGLEV, ConcurrencyMode::kConcurrent, reason: hot and stable]
[marking 0x00700000edb1 <JSFunction get hasSubscribers (sfi = 0x2533553e0c41)> for optimization to MAGLEV, ConcurrencyMode::kConcurrent, reason: hot and stable]
[compiling method 0x0851d68ebbf1 <JSFunction __copyProps (sfi = 0x6e03666f109)> (target MAGLEV), mode: ConcurrencyMode::kConcurrent]
[compiling method 0x00700000edb1 <JSFunction get hasSubscribers (sfi = 0x2533553e0c41)> (target MAGLEV), mode: ConcurrencyMode::kConcurrent]
[completed compiling 0x00700000edb1 <JSFunction get hasSubscribers (sfi = 0x2533553e0c41)> (target MAGLEV) - took 0.000, 0.028, 0.001 ms]
[completed compiling 0x0851d68ebbf1 <JSFunction __copyProps (sfi = 0x6e03666f109)> (target MAGLEV) - took 0.001, 0.484, 0.005 ms]
[marking 0x26a5ec240091 <JSFunction normalizeString (sfi = 0x2533553fbdb9)> for optimization to TURBOFAN_JS, ConcurrencyMode::kConcurrent, reason: hot and stable]
[compiling method 0x26a5ec240091 <JSFunction normalizeString (sfi = 0x2533553fbdb9)> (target TURBOFAN_JS), mode: ConcurrencyMode::kConcurrent]
[completed compiling 0x26a5ec240091 <JSFunction normalizeString (sfi = 0x2533553fbdb9)> (target TURBOFAN_JS) - took 0.018, 2.839, 0.015 ms]
[completed optimizing 0x26a5ec240091 <JSFunction normalizeString (sfi = 0x2533553fbdb9)> (target TURBOFAN_JS)]
[marking 0x0b6ac1acf709 <JSFunction nextPart (sfi = 0x46ffaa355a9)> for optimization to MAGLEV, ConcurrencyMode::kConcurrent, reason: hot and stable]
[compiling method 0x0b6ac1acf709 <JSFunction nextPart (sfi = 0x46ffaa355a9)> (target MAGLEV), mode: ConcurrencyMode::kConcurrent]
[completed compiling 0x0b6ac1acf709 <JSFunction nextPart (sfi = 0x46ffaa355a9)> (target MAGLEV) - took 0.000, 0.117, 0.001 ms]
[42719:0x76d40c000:0]      272 ms: GC: {"pause":1.194,"mutator":21.052,"gc":"mc","reduce_memory":false,"time_to_safepoint":0.001,"stack":false,"reason":"finalize incremental marking via task","collector_reason":"GC in old space requested","start_object_size":15065440,"end_object_size":11695640,"start_memory_size":21102592,"end_memory_size":20692992,"start_holes_size":873704,"end_holes_size":542632,"pool_local_chunks":3,"pool_shared_chunks":0,"pool_total_chunks":3,"new_space_capacity":4194304,"old_gen_allocation_limit":16734640,"global_allocation_limit":20107328,"allocation_throughput":76117.2,"new_space_allocation_throughput":35859.7,"new_space_survive_rate":0,"allocated":1835424,"promoted":1781032,"new_space_survived":0,"nodes_died_in_new":58,"nodes_copied_in_new":0,"nodes_promoted":0,"promotion_ratio":60.7526,"average_survival_ratio":56.6706,"promotion_rate":118.674,"heap.prologue":0,"heap.embedder_tracing_epilogue":0.005,"heap.epilogue":0,"heap.external.prologue":0,"heap.external.epilogue":0,"heap.external.weak_global_handles":0.001,"clear":0.206,"clear.external_string_table":0.004,"clear.string_forwarding_table":0.001,"clear.weak_global_handles":0.015,"clear.dependent_code":0,"clear.maps":0.021,"clear.slots_buffer":0,"clear.weak_collections":0.002,"clear.weak_lists":0.005,"clear.weak_references_trivial":0.054,"clear.weak_references_non_trivial":0.029,"clear.js_weak_references":0.003,"clear.join_filter_job":0,"clear.join_job":0.149,"weakness_handling":0,"complete.sweep_array_buffers":0,"complete.sweeping":0,"epilogue":0,"evacuate":0.892,"evacuate.pin_pages":0,"evacuate.candidates":0,"evacuate.clean_up":0.001,"evacuate.copy":0.507,"evacuate.prologue":0.003,"evacuate.epilogue":0.004,"evacuate.rebalance":0,"evacuate.update_pointers":0.376,"evacuate.update_pointers.to_new_roots":0.241,"evacuate.update_pointers.slots.main":0.113,"evacuate.update_pointers.weak":0.001,"finish":0.031,"finish.sweep_array_buffers":0.002,"mark":0.024,"mark.finish_incremental":0.002,"mark.roots":0.023,"mark.full_closure_parallel":0.006,"mark.full_closure":0,"mark.ephemeron.marking":0,"mark.ephemeron.linear":0,"mark.embedder_prologue":0.011,"mark.embedder_tracing":0.003,"prologue":0.005,"sweep":0.066,"sweep.code":0.001,"sweep.map":0,"sweep.new":0,"sweep.new_lo":0,"sweep.old":0.005,"sweep.start_jobs":0.003,"is_incremental":true,"incremental":1.513,"incremental.finalize.external.prologue":0,"incremental.finalize.external.epilogue":0,"incremental.layout_change":0,"incremental.sweep_array_buffers":0.074,"incremental.sweeping":0,"incremental.embedder_tracing":0.01,"incremental_wrapper_tracing_longest_step":0.002,"incremental_longest_step":0.122,"incremental_steps_count":53,"incremental_marking_throughput":1.15169e+06,"incremental_walltime_duration":2.988,"background.mark":6.693,"background.sweep":0.27,"background.evacuate.copy":1.1,"background.evacuate.update_pointers":0.188,"conservative_stack_scanning":0,"compaction_speed":1.30809e+06}
[bailout (kind: deopt-eager, reason: Insufficient type feedback for binary operation): begin. deoptimizing 0x26a5ec240349 <JSFunction markTransferMode (sfi = 0x2533553d7551)>, 0x193e3cdc1f31 <Code MAGLEV>, opt id 22, bytecode offset 69, deopt exit 1, FP to SP delta 32, caller SP 0x00016ae01590, pc 0x00011bad6d90]
[marking 0x26a5ec2407c1 <JSFunction get hasSearch (sfi = 0x46ffaa0a241)> for optimization to MAGLEV, ConcurrencyMode::kConcurrent, reason: hot and stable]
[marking 0x26a5ec2407f9 <JSFunction get hasHash (sfi = 0x46ffaa0a2a9)> for optimization to MAGLEV, ConcurrencyMode::kConcurrent, reason: hot and stable]
[compiling method 0x26a5ec2407c1 <JSFunction get hasSearch (sfi = 0x46ffaa0a241)> (target MAGLEV), mode: ConcurrencyMode::kConcurrent]
[compiling method 0x26a5ec2407f9 <JSFunction get hasHash (sfi = 0x46ffaa0a2a9)> (target MAGLEV), mode: ConcurrencyMode::kConcurrent]
[completed compiling 0x26a5ec2407f9 <JSFunction get hasHash (sfi = 0x46ffaa0a2a9)> (target MAGLEV) - took 0.000, 0.083, 0.003 ms]
[completed compiling 0x26a5ec2407c1 <JSFunction get hasSearch (sfi = 0x46ffaa0a241)> (target MAGLEV) - took 0.001, 0.099, 0.000 ms]
[marking 0x26a5ec240269 <JSFunction get pathname (sfi = 0x46ffaa0b1c9)> for optimization to MAGLEV, ConcurrencyMode::kConcurrent, reason: hot and stable]
[compiling method 0x26a5ec240269 <JSFunction get pathname (sfi = 0x46ffaa0b1c9)> (target MAGLEV), mode: ConcurrencyMode::kConcurrent]
[completed compiling 0x26a5ec240269 <JSFunction get pathname (sfi = 0x46ffaa0b1c9)> (target MAGLEV) - took 0.000, 0.111, 0.004 ms]
[marking 0x26a5ec240871 <JSFunction getPathFromURLPosix (sfi = 0x46ffaa09f79)> for optimization to TURBOFAN_JS, ConcurrencyMode::kConcurrent, reason: hot and stable]
[compiling method 0x26a5ec240871 <JSFunction getPathFromURLPosix (sfi = 0x46ffaa09f79)> (target TURBOFAN_JS), mode: ConcurrencyMode::kConcurrent]
[completed compiling 0x26a5ec240871 <JSFunction getPathFromURLPosix (sfi = 0x46ffaa09f79)> (target TURBOFAN_JS) - took 0.003, 1.665, 0.016 ms]
[completed optimizing 0x26a5ec240871 <JSFunction getPathFromURLPosix (sfi = 0x46ffaa09f79)> (target TURBOFAN_JS)]
[bailout (kind: deopt-eager, reason: Insufficient type feedback for compare operation): begin. deoptimizing 0x26a5ec240091 <JSFunction normalizeString (sfi = 0x2533553fbdb9)>, 0x28d99b4387c1 <Code TURBOFAN_JS>, opt id 30, bytecode offset 266, deopt exit 8, FP to SP delta 96, caller SP 0x00016adff0f8, pc 0x00011bae39dc]
[marking 0x26a5ec240091 <JSFunction normalizeString (sfi = 0x2533553fbdb9)> for optimization to MAGLEV, ConcurrencyMode::kConcurrent, reason: hot and stable]
[compiling method 0x26a5ec240091 <JSFunction normalizeString (sfi = 0x2533553fbdb9)> (target MAGLEV), mode: ConcurrencyMode::kConcurrent]
[marking 0x26a5ec2401f9 <JSFunction resolve (sfi = 0x2533553fc239)> for optimization to MAGLEV, ConcurrencyMode::kConcurrent, reason: hot and stable]
[compiling method 0x26a5ec2401f9 <JSFunction resolve (sfi = 0x2533553fc239)> (target MAGLEV), mode: ConcurrencyMode::kConcurrent]
[completed compiling 0x26a5ec240091 <JSFunction normalizeString (sfi = 0x2533553fbdb9)> (target MAGLEV) - took 0.000, 0.456, 0.002 ms]
[completed compiling 0x26a5ec2401f9 <JSFunction resolve (sfi = 0x2533553fc239)> (target MAGLEV) - took 0.001, 0.413, 0.002 ms]
[marking 0x26a5ec240831 <JSFunction isURL (sfi = 0x46ffaa09c81)> for optimization to MAGLEV, ConcurrencyMode::kConcurrent, reason: hot and stable]
[compiling method 0x26a5ec240831 <JSFunction isURL (sfi = 0x46ffaa09c81)> (target MAGLEV), mode: ConcurrencyMode::kConcurrent]
[completed compiling 0x26a5ec240831 <JSFunction isURL (sfi = 0x46ffaa09c81)> (target MAGLEV) - took 0.000, 0.112, 0.002 ms]
[marking 0x16a16734f331 <JSFunction realpathSync (sfi = 0x46ffaa34ff1)> for optimization to MAGLEV, ConcurrencyMode::kConcurrent, reason: hot and stable]
[marking 0x0266ff124269 <JSFunction decodeBase64 (sfi = 0x9f26343d0d9)> for optimization to MAGLEV, ConcurrencyMode::kConcurrent, reason: hot and stable]
[compiling method 0x0266ff124269 <JSFunction decodeBase64 (sfi = 0x9f26343d0d9)> (target MAGLEV) OSR, mode: ConcurrencyMode::kConcurrent]
[completed compiling 0x0266ff124269 <JSFunction decodeBase64 (sfi = 0x9f26343d0d9)> (target MAGLEV) OSR - took 0.000, 0.228, 0.004 ms]
[compiling method 0x16a16734f331 <JSFunction realpathSync (sfi = 0x46ffaa34ff1)> (target MAGLEV), mode: ConcurrencyMode::kConcurrent]
[completed compiling 0x16a16734f331 <JSFunction realpathSync (sfi = 0x46ffaa34ff1)> (target MAGLEV) - took 0.000, 0.480, 0.005 ms]
[marking 0x26a5ec240549 <JSFunction dirname (sfi = 0x2533553fc3e9)> for optimization to MAGLEV, ConcurrencyMode::kConcurrent, reason: hot and stable]
[compiling method 0x26a5ec240549 <JSFunction dirname (sfi = 0x2533553fc3e9)> (target MAGLEV), mode: ConcurrencyMode::kConcurrent]
[completed compiling 0x26a5ec240549 <JSFunction dirname (sfi = 0x2533553fc3e9)> (target MAGLEV) - took 0.000, 0.340, 0.003 ms]
[bailout (kind: deopt-eager, reason: Insufficient type feedback for binary operation): begin. deoptimizing 0x26a5ec240091 <JSFunction normalizeString (sfi = 0x2533553fbdb9)>, 0x3f6167c01ee1 <Code MAGLEV>, opt id 36, bytecode offset 95, deopt exit 26, FP to SP delta 128, caller SP 0x00016adff0f8, pc 0x00011bb196b4]
[marking 0x26a5ec240091 <JSFunction normalizeString (sfi = 0x2533553fbdb9)> for optimization to MAGLEV, ConcurrencyMode::kConcurrent, reason: hot and stable]
[compiling method 0x26a5ec240091 <JSFunction normalizeString (sfi = 0x2533553fbdb9)> (target MAGLEV), mode: ConcurrencyMode::kConcurrent]
[completed compiling 0x26a5ec240091 <JSFunction normalizeString (sfi = 0x2533553fbdb9)> (target MAGLEV) - took 0.000, 0.384, 0.002 ms]
[42719:0x76d40c000:0]      473 ms: GC: {"pause":0.306,"mutator":201.331,"gc":"s","reduce_memory":false,"time_to_safepoint":0,"stack":true,"reason":"allocation failure","collector_reason":"","start_object_size":25084104,"end_object_size":22930576,"start_memory_size":28131328,"end_memory_size":28131328,"start_holes_size":818760,"end_holes_size":818760,"pool_local_chunks":0,"pool_shared_chunks":0,"pool_total_chunks":0,"new_space_capacity":8388608,"old_gen_allocation_limit":51003968,"global_allocation_limit":51004064,"allocation_throughput":70587,"new_space_allocation_throughput":24553.9,"new_space_survive_rate":31.3102,"allocated":13388464,"promoted":1324592,"new_space_survived":1727896,"nodes_died_in_new":1,"nodes_copied_in_new":29,"nodes_promoted":34,"promotion_ratio":24.0021,"average_survival_ratio":56.5008,"promotion_rate":0,"during_sweeping":false,"heap.prologue":0,"heap.epilogue":0.001,"heap.external.prologue":0,"heap.external.epilogue":0,"heap.external_weak_global_handles":0.002,"complete.sweep_array_buffers":0,"scavenge":0.284,"scavenge.free_remembered_set":0.003,"scavenge.roots":0.039,"scavenge.weak":0,"scavenge.weak_global_handles.identify":0.001,"scavenge.weak_global_handles.process":0.001,"scavenge.parallel":0.197,"scavenge.pin_objects_conservative":0,"scavenge.pin_objects_precise":0,"scavenge.restore_pinned":0,"scavenge.sweep_array_buffers":0.002,"scavenge.resize_new_space":0,"background.scavenge.parallel":0.53,"incremental.steps_count":0,"incremental.steps_took":0,"scavenge_throughput":3.3389e+06,"quarantined_size":0,"quarantined_pages":0}
[marking 0x0b6ac1aedd01 <JSFunction (sfi = 0x2533553fcd99)> for optimization to MAGLEV, ConcurrencyMode::kConcurrent, reason: hot and stable]
[compiling method 0x0b6ac1aedc51 <JSFunction (sfi = 0x2533553fcd99)> (target MAGLEV), mode: ConcurrencyMode::kConcurrent]
[completed compiling 0x0b6ac1aedc51 <JSFunction (sfi = 0x2533553fcd99)> (target MAGLEV) - took 0.000, 0.088, 0.001 ms]
[marking 0x34a7338c3321 <JSFunction getCLIOptionsFromBinding (sfi = 0x24bf9c43fe29)> for optimization to MAGLEV, ConcurrencyMode::kConcurrent, reason: hot and stable]
[compiling method 0x34a7338c3321 <JSFunction getCLIOptionsFromBinding (sfi = 0x24bf9c43fe29)> (target MAGLEV), mode: ConcurrencyMode::kConcurrent]
[completed compiling 0x34a7338c3321 <JSFunction getCLIOptionsFromBinding (sfi = 0x24bf9c43fe29)> (target MAGLEV) - took 0.000, 0.059, 0.000 ms]
[marking 0x3b2e9c20fc71 <JSFunction canBeRequiredWithoutScheme (sfi = 0xf6c2409ebc9)> for optimization to MAGLEV, ConcurrencyMode::kConcurrent, reason: hot and stable]
[compiling method 0x3b2e9c20fc71 <JSFunction canBeRequiredWithoutScheme (sfi = 0xf6c2409ebc9)> (target MAGLEV), mode: ConcurrencyMode::kConcurrent]
[completed compiling 0x3b2e9c20fc71 <JSFunction canBeRequiredWithoutScheme (sfi = 0xf6c2409ebc9)> (target MAGLEV) - took 0.000, 0.042, 0.002 ms]
[marking 0x26a5ec240511 <JSFunction toNamespacedPath (sfi = 0x2533553fc3a1)> for optimization to MAGLEV, ConcurrencyMode::kConcurrent, reason: hot and stable]
[compiling method 0x26a5ec240511 <JSFunction toNamespacedPath (sfi = 0x2533553fc3a1)> (target MAGLEV), mode: ConcurrencyMode::kConcurrent]
[completed compiling 0x26a5ec240511 <JSFunction toNamespacedPath (sfi = 0x2533553fc3a1)> (target MAGLEV) - took 0.000, 0.042, 0.001 ms]
[marking 0x0b6ac1af19d9 <JSFunction ensureTimerFlagsAreUpdated (sfi = 0x3a865ebd4049)> for optimization to MAGLEV, ConcurrencyMode::kConcurrent, reason: hot and stable]
[compiling method 0x0b6ac1af19d9 <JSFunction ensureTimerFlagsAreUpdated (sfi = 0x3a865ebd4049)> (target MAGLEV), mode: ConcurrencyMode::kConcurrent]
[completed compiling 0x0b6ac1af19d9 <JSFunction ensureTimerFlagsAreUpdated (sfi = 0x3a865ebd4049)> (target MAGLEV) - took 0.000, 0.175, 0.003 ms]
[marking 0x26a5ec240091 <JSFunction normalizeString (sfi = 0x2533553fbdb9)> for optimization to TURBOFAN_JS, ConcurrencyMode::kConcurrent, reason: hot and stable]
[compiling method 0x26a5ec240091 <JSFunction normalizeString (sfi = 0x2533553fbdb9)> (target TURBOFAN_JS), mode: ConcurrencyMode::kConcurrent]
[marking 0x0b6ac1aedd99 <JSFunction stat (sfi = 0x3a865ebc7421)> for optimization to MAGLEV, ConcurrencyMode::kConcurrent, reason: hot and stable]
[compiling method 0x0b6ac1aedd99 <JSFunction stat (sfi = 0x3a865ebc7421)> (target MAGLEV), mode: ConcurrencyMode::kConcurrent]
[completed compiling 0x0b6ac1aedd99 <JSFunction stat (sfi = 0x3a865ebc7421)> (target MAGLEV) - took 0.001, 0.227, 0.005 ms]
[marking 0x007ab3cfeb69 <JSFunction getOptionValue (sfi = 0x2533553c00d9)> for optimization to MAGLEV, ConcurrencyMode::kConcurrent, reason: hot and stable]
[compiling method 0x007ab3cfeb69 <JSFunction getOptionValue (sfi = 0x2533553c00d9)> (target MAGLEV), mode: ConcurrencyMode::kConcurrent]
[completed compiling 0x007ab3cfeb69 <JSFunction getOptionValue (sfi = 0x2533553c00d9)> (target MAGLEV) - took 0.000, 0.063, 0.001 ms]
[marking 0x26a5ec240ab1 <JSFunction isUint8Array (sfi = 0x3b2e9c217ac9)> for optimization to MAGLEV, ConcurrencyMode::kConcurrent, reason: hot and stable]
[compiling method 0x26a5ec240ab1 <JSFunction isUint8Array (sfi = 0x3b2e9c217ac9)> (target MAGLEV), mode: ConcurrencyMode::kConcurrent]
[completed compiling 0x26a5ec240091 <JSFunction normalizeString (sfi = 0x2533553fbdb9)> (target TURBOFAN_JS) - took 0.003, 3.649, 0.011 ms]
[completed optimizing 0x26a5ec240091 <JSFunction normalizeString (sfi = 0x2533553fbdb9)> (target TURBOFAN_JS)]
[completed compiling 0x26a5ec240ab1 <JSFunction isUint8Array (sfi = 0x3b2e9c217ac9)> (target MAGLEV) - took 0.001, 0.041, 0.000 ms]
[marking 0x0b6ac1aede19 <JSFunction reportModuleToWatchMode (sfi = 0x3a865ebc74b1)> for optimization to MAGLEV, ConcurrencyMode::kConcurrent, reason: hot and stable]
[compiling method 0x0b6ac1aede19 <JSFunction reportModuleToWatchMode (sfi = 0x3a865ebc74b1)> (target MAGLEV), mode: ConcurrencyMode::kConcurrent]
[completed compiling 0x0b6ac1aede19 <JSFunction reportModuleToWatchMode (sfi = 0x3a865ebc74b1)> (target MAGLEV) - took 0.000, 0.095, 0.002 ms]
[marking 0x3b2e9c20fca9 <JSFunction normalizeRequirableId (sfi = 0xf6c2409ec11)> for optimization to MAGLEV, ConcurrencyMode::kConcurrent, reason: hot and stable]
[compiling method 0x3b2e9c20fca9 <JSFunction normalizeRequirableId (sfi = 0xf6c2409ec11)> (target MAGLEV), mode: ConcurrencyMode::kConcurrent]
[completed compiling 0x3b2e9c20fca9 <JSFunction normalizeRequirableId (sfi = 0xf6c2409ec11)> (target MAGLEV) - took 0.000, 0.166, 0.002 ms]
[marking 0x26a5ec241779 <JSFunction toString (sfi = 0x46ffaa0ab79)> for optimization to MAGLEV, ConcurrencyMode::kConcurrent, reason: hot and stable]
[compiling method 0x26a5ec241779 <JSFunction toString (sfi = 0x46ffaa0ab79)> (target MAGLEV), mode: ConcurrencyMode::kConcurrent]
[completed compiling 0x26a5ec241779 <JSFunction toString (sfi = 0x46ffaa0ab79)> (target MAGLEV) - took 0.001, 0.239, 0.004 ms]
[marking 0x16a16736f341 <JSFunction (sfi = 0x34a7338f7719)> for optimization to MAGLEV, ConcurrencyMode::kConcurrent, reason: hot and stable]
[compiling method 0x16a16736f341 <JSFunction (sfi = 0x34a7338f7719)> (target MAGLEV), mode: ConcurrencyMode::kConcurrent]
[completed compiling 0x16a16736f341 <JSFunction (sfi = 0x34a7338f7719)> (target MAGLEV) - took 0.001, 0.191, 0.022 ms]
[marking 0x26a5ec240581 <JSFunction basename (sfi = 0x2533553fc431)> for optimization to MAGLEV, ConcurrencyMode::kConcurrent, reason: hot and stable]
[marking 0x16a16736add1 <JSFunction Module.require (sfi = 0x3a865ebc9059)> for optimization to MAGLEV, ConcurrencyMode::kConcurrent, reason: hot and stable]
[compiling method 0x16a16736add1 <JSFunction Module.require (sfi = 0x3a865ebc9059)> (target MAGLEV), mode: ConcurrencyMode::kConcurrent]
[compiling method 0x26a5ec240581 <JSFunction basename (sfi = 0x2533553fc431)> (target MAGLEV), mode: ConcurrencyMode::kConcurrent]
[completed compiling 0x16a16736add1 <JSFunction Module.require (sfi = 0x3a865ebc9059)> (target MAGLEV) - took 0.000, 0.170, 0.001 ms]
[completed compiling 0x26a5ec240581 <JSFunction basename (sfi = 0x2533553fc431)> (target MAGLEV) - took 0.000, 0.159, 0.000 ms]
[marking 0x036bb9222391 <JSFunction __export (sfi = 0x350a61e39219)> for optimization to MAGLEV, ConcurrencyMode::kConcurrent, reason: hot and stable]
[compiling method 0x036bb9222391 <JSFunction __export (sfi = 0x350a61e39219)> (target MAGLEV) OSR, mode: ConcurrencyMode::kConcurrent]
[completed compiling 0x036bb9222391 <JSFunction __export (sfi = 0x350a61e39219)> (target MAGLEV) OSR - took 0.000, 0.289, 0.005 ms]
[compiling method 0x036bb9222391 <JSFunction __export (sfi = 0x350a61e39219)> (target TURBOFAN_JS) OSR, mode: ConcurrencyMode::kConcurrent]
[completed compiling 0x036bb9222391 <JSFunction __export (sfi = 0x350a61e39219)> (target TURBOFAN_JS) OSR - took 0.002, 0.942, 0.009 ms]
[completed optimizing 0x036bb9222391 <JSFunction __export (sfi = 0x350a61e39219)> (target TURBOFAN_JS) OSR]
[marking 0x232a3bee3519 <JSFunction diag (sfi = 0xfc5d8119799)> for optimization to MAGLEV, ConcurrencyMode::kConcurrent, reason: hot and stable]
[compiling method 0x232a3bee3519 <JSFunction diag (sfi = 0xfc5d8119799)> (target MAGLEV), mode: ConcurrencyMode::kConcurrent]
[completed compiling 0x232a3bee3519 <JSFunction diag (sfi = 0xfc5d8119799)> (target MAGLEV) - took 0.000, 0.115, 0.005 ms]
[42719:0x76d40c000:0]      575 ms: GC: {"pause":2.107,"mutator":99.539,"gc":"mc","reduce_memory":false,"time_to_safepoint":0,"stack":true,"reason":"finalize incremental marking via stack guard","collector_reason":"GC in old space requested","start_object_size":31195280,"end_object_size":25506808,"start_memory_size":36438016,"end_memory_size":38273024,"start_holes_size":744800,"end_holes_size":888928,"pool_local_chunks":0,"pool_shared_chunks":0,"pool_total_chunks":0,"new_space_capacity":8388608,"old_gen_allocation_limit":51003968,"global_allocation_limit":51004064,"allocation_throughput":81269.3,"new_space_allocation_throughput":43301.6,"new_space_survive_rate":0,"allocated":8264704,"promoted":4144568,"new_space_survived":0,"nodes_died_in_new":29,"nodes_copied_in_new":0,"nodes_promoted":0,"promotion_ratio":47.8671,"average_survival_ratio":55.5415,"promotion_rate":239.862,"heap.prologue":0.001,"heap.embedder_tracing_epilogue":0.006,"heap.epilogue":0,"heap.external.prologue":0,"heap.external.epilogue":0,"heap.external.weak_global_handles":0,"clear":0.34,"clear.external_string_table":0.003,"clear.string_forwarding_table":0,"clear.weak_global_handles":0.012,"clear.dependent_code":0,"clear.maps":0.078,"clear.slots_buffer":0,"clear.weak_collections":0.005,"clear.weak_lists":0.01,"clear.weak_references_trivial":0.097,"clear.weak_references_non_trivial":0.018,"clear.js_weak_references":0.003,"clear.join_filter_job":0,"clear.join_job":0.302,"weakness_handling":0,"complete.sweep_array_buffers":0,"complete.sweeping":0,"epilogue":0,"evacuate":1.313,"evacuate.pin_pages":0,"evacuate.candidates":0,"evacuate.clean_up":0.001,"evacuate.copy":0.598,"evacuate.prologue":0.004,"evacuate.epilogue":0,"evacuate.rebalance":0,"evacuate.update_pointers":0.709,"evacuate.update_pointers.to_new_roots":0.565,"evacuate.update_pointers.slots.main":0.11,"evacuate.update_pointers.weak":0.001,"finish":0.045,"finish.sweep_array_buffers":0.004,"mark":0.361,"mark.finish_incremental":0.001,"mark.roots":0.038,"mark.full_closure_parallel":0.24,"mark.full_closure":0,"mark.ephemeron.marking":0.232,"mark.ephemeron.linear":0,"mark.embedder_prologue":0.007,"mark.embedder_tracing":0,"prologue":0.006,"sweep":0.15,"sweep.code":0,"sweep.map":0,"sweep.new":0,"sweep.new_lo":0,"sweep.old":0.008,"sweep.start_jobs":0.032,"is_incremental":true,"incremental":0.169,"incremental.finalize.external.prologue":0,"incremental.finalize.external.epilogue":0,"incremental.layout_change":0,"incremental.sweep_array_buffers":0.078,"incremental.sweeping":0,"incremental.embedder_tracing":0.011,"incremental_wrapper_tracing_longest_step":0.005,"incremental_longest_step":0.064,"incremental_steps_count":4,"incremental_marking_throughput":1.62279e+06,"incremental_walltime_duration":40.169,"background.mark":16.008,"background.sweep":0.399,"background.evacuate.copy":1.667,"background.evacuate.update_pointers":0.125,"conservative_stack_scanning":0,"compaction_speed":1.76871e+06}
[marking 0x138d781b6901 <JSFunction __export (sfi = 0x350a61e39219)> for optimization to MAGLEV, ConcurrencyMode::kConcurrent, reason: hot and stable]
[compiling method 0x138d781b6901 <JSFunction __export (sfi = 0x350a61e39219)> (target MAGLEV), mode: ConcurrencyMode::kConcurrent]
[completed compiling 0x138d781b6901 <JSFunction __export (sfi = 0x350a61e39219)> (target MAGLEV) - took 0.000, 0.291, 0.003 ms]
[marking 0x25b16be2e3a9 <JSFunction (sfi = 0xcfda74b7219)> for optimization to MAGLEV, ConcurrencyMode::kConcurrent, reason: hot and stable]
[compiling method 0x25b16be2e3a9 <JSFunction (sfi = 0xcfda74b7219)> (target MAGLEV), mode: ConcurrencyMode::kConcurrent]
[marking 0x232a3bedfa19 <JSFunction mapDefined (sfi = 0xfc5d8115149)> for optimization to MAGLEV, ConcurrencyMode::kConcurrent, reason: hot and stable]
[compiling method 0x232a3bedfa19 <JSFunction mapDefined (sfi = 0xfc5d8115149)> (target MAGLEV) OSR, mode: ConcurrencyMode::kConcurrent]
[completed compiling 0x25b16be2e3a9 <JSFunction (sfi = 0xcfda74b7219)> (target MAGLEV) - took 0.001, 0.143, 0.003 ms]
[completed compiling 0x232a3bedfa19 <JSFunction mapDefined (sfi = 0xfc5d8115149)> (target MAGLEV) OSR - took 0.000, 0.279, 0.003 ms]
[marking 0x232a3bee0a19 <JSFunction multiMapAdd (sfi = 0xfc5d8116349)> for optimization to MAGLEV, ConcurrencyMode::kConcurrent, reason: hot and stable]
[compiling method 0x232a3bee0a19 <JSFunction multiMapAdd (sfi = 0xfc5d8116349)> (target MAGLEV), mode: ConcurrencyMode::kConcurrent]
[completed compiling 0x232a3bee0a19 <JSFunction multiMapAdd (sfi = 0xfc5d8116349)> (target MAGLEV) - took 0.000, 0.170, 0.004 ms]
[marking 0x2748c99830f1 <JSFunction (sfi = 0x1fef7b059381)> for optimization to MAGLEV, ConcurrencyMode::kConcurrent, reason: hot and stable]
[compiling method 0x2748c99830f1 <JSFunction (sfi = 0x1fef7b059381)> (target MAGLEV) OSR, mode: ConcurrencyMode::kConcurrent]
[completed compiling 0x2748c99830f1 <JSFunction (sfi = 0x1fef7b059381)> (target MAGLEV) OSR - took 0.000, 0.499, 0.006 ms]
[marking 0x0c778727bfb9 <JSFunction ge (sfi = 0x38f714483789)> for optimization to MAGLEV, ConcurrencyMode::kConcurrent, reason: hot and stable]
[compiling method 0x0c778727bfb9 <JSFunction ge (sfi = 0x38f714483789)> (target MAGLEV), mode: ConcurrencyMode::kConcurrent]
[completed compiling 0x0c778727bfb9 <JSFunction ge (sfi = 0x38f714483789)> (target MAGLEV) - took 0.000, 0.167, 0.001 ms]
[compiling method 0x3e55f6134ed1 <JSFunction (sfi = 0x1fef7b059381)> (target MAGLEV), mode: ConcurrencyMode::kConcurrent]
[completed compiling 0x3e55f6134ed1 <JSFunction (sfi = 0x1fef7b059381)> (target MAGLEV) - took 0.000, 0.480, 0.005 ms]
[marking 0x1a3ebe6f08d1 <JSFunction __export (sfi = 0x3584fe1f9361)> for optimization to MAGLEV, ConcurrencyMode::kConcurrent, reason: hot and stable]
[compiling method 0x1a3ebe6f08d1 <JSFunction __export (sfi = 0x3584fe1f9361)> (target MAGLEV) OSR, mode: ConcurrencyMode::kConcurrent]
[completed compiling 0x1a3ebe6f08d1 <JSFunction __export (sfi = 0x3584fe1f9361)> (target MAGLEV) OSR - took 0.001, 0.309, 0.004 ms]
[marking 0x3169b6a719e1 <JSFunction diag (sfi = 0x1d078db99791)> for optimization to MAGLEV, ConcurrencyMode::kConcurrent, reason: hot and stable]
[compiling method 0x3169b6a719e1 <JSFunction diag (sfi = 0x1d078db99791)> (target MAGLEV), mode: ConcurrencyMode::kConcurrent]
[completed compiling 0x3169b6a719e1 <JSFunction diag (sfi = 0x1d078db99791)> (target MAGLEV) - took 0.000, 0.118, 0.005 ms]
[marking 0x306306856631 <JSFunction (sfi = 0xdcf1054329)> for optimization to MAGLEV, ConcurrencyMode::kConcurrent, reason: hot and stable]
[compiling method 0x306306856631 <JSFunction (sfi = 0xdcf1054329)> (target MAGLEV), mode: ConcurrencyMode::kConcurrent]
[marking 0x3169b6a6dee1 <JSFunction mapDefined (sfi = 0x1d078db95141)> for optimization to MAGLEV, ConcurrencyMode::kConcurrent, reason: hot and stable]
[compiling method 0x3169b6a6dee1 <JSFunction mapDefined (sfi = 0x1d078db95141)> (target MAGLEV) OSR, mode: ConcurrencyMode::kConcurrent]
[completed compiling 0x306306856631 <JSFunction (sfi = 0xdcf1054329)> (target MAGLEV) - took 0.000, 0.114, 0.004 ms]
[marking 0x3169b6a6eee1 <JSFunction multiMapAdd (sfi = 0x1d078db96341)> for optimization to MAGLEV, ConcurrencyMode::kConcurrent, reason: hot and stable]
[completed compiling 0x3169b6a6dee1 <JSFunction mapDefined (sfi = 0x1d078db95141)> (target MAGLEV) OSR - took 0.000, 0.410, 0.005 ms]
[compiling method 0x3169b6a6eee1 <JSFunction multiMapAdd (sfi = 0x1d078db96341)> (target MAGLEV), mode: ConcurrencyMode::kConcurrent]
[completed compiling 0x3169b6a6eee1 <JSFunction multiMapAdd (sfi = 0x1d078db96341)> (target MAGLEV) - took 0.000, 0.126, 0.004 ms]
[marking 0x1a3ebe6f08d1 <JSFunction __export (sfi = 0x3584fe1f9361)> for optimization to MAGLEV, ConcurrencyMode::kConcurrent, reason: hot and stable]
[compiling method 0x1a3ebe6f08d1 <JSFunction __export (sfi = 0x3584fe1f9361)> (target MAGLEV), mode: ConcurrencyMode::kConcurrent]
[completed compiling 0x1a3ebe6f08d1 <JSFunction __export (sfi = 0x3584fe1f9361)> (target MAGLEV) - took 0.000, 0.246, 0.004 ms]
[marking 0x3169b6a449b1 <JSFunction (sfi = 0x2a26f9953651)> for optimization to MAGLEV, ConcurrencyMode::kConcurrent, reason: hot and stable]
[compiling method 0x3169b6a449b1 <JSFunction (sfi = 0x2a26f9953651)> (target MAGLEV), mode: ConcurrencyMode::kConcurrent]
[42719:0x76d40c000:0]     1075 ms: GC: {"pause":0.622,"mutator":499.681,"gc":"s","reduce_memory":false,"time_to_safepoint":0,"stack":true,"reason":"allocation failure","collector_reason":"","start_object_size":50006136,"end_object_size":45594848,"start_memory_size":57098240,"end_memory_size":57098240,"start_holes_size":837352,"end_holes_size":837352,"pool_local_chunks":0,"pool_shared_chunks":0,"pool_total_chunks":0,"new_space_capacity":16777216,"old_gen_allocation_limit":110429792,"global_allocation_limit":110429888,"allocation_throughput":40499.5,"new_space_allocation_throughput":17617.2,"new_space_survive_rate":20.8089,"allocated":24499328,"promoted":9065592,"new_space_survived":3631920,"nodes_died_in_new":0,"nodes_copied_in_new":0,"nodes_promoted":0,"promotion_ratio":51.9408,"average_survival_ratio":57.2623,"promotion_rate":0,"during_sweeping":true,"heap.prologue":0,"heap.epilogue":0.001,"heap.external.prologue":0,"heap.external.epilogue":0,"heap.external_weak_global_handles":0,"complete.sweep_array_buffers":0,"scavenge":0.582,"scavenge.free_remembered_set":0.002,"scavenge.roots":0.031,"scavenge.weak":0,"scavenge.weak_global_handles.identify":0,"scavenge.weak_global_handles.process":0,"scavenge.parallel":0.475,"scavenge.pin_objects_conservative":0,"scavenge.pin_objects_precise":0,"scavenge.restore_pinned":0.001,"scavenge.sweep_array_buffers":0,"scavenge.resize_new_space":0.001,"background.scavenge.parallel":1.529,"incremental.steps_count":0,"incremental.steps_took":0,"scavenge_throughput":6.39434e+06,"quarantined_size":0,"quarantined_pages":0}
[marking dependent code 0x14c69e4030c1 <Code MAGLEV> (0x1d078db96341 <SharedFunctionInfo multiMapAdd>) (opt id 72) for deoptimization, reason: dependent allocation site tenuring changed]
[marking dependent code 0x14c69e400989 <Code MAGLEV> (0x1d078db99791 <SharedFunctionInfo diag>) (opt id 69) for deoptimization, reason: dependent allocation site tenuring changed]
[marking dependent code 0x1802f1285c59 <Code MAGLEV> (0x0fc5d8116349 <SharedFunctionInfo multiMapAdd>) (opt id 64) for deoptimization, reason: dependent allocation site tenuring changed]
[marking 0x3cd298682179 <JSFunction __importStar (sfi = 0x2a26f9953b49)> for optimization to MAGLEV, ConcurrencyMode::kConcurrent, reason: hot and stable]
[completed compiling 0x3cd2986820d1 <JSFunction (sfi = 0x2a26f9953651)> (target MAGLEV) - took 0.000, 0.851, 0.004 ms]
[compiling method 0x3cd298682179 <JSFunction __importStar (sfi = 0x2a26f9953b49)> (target MAGLEV) OSR, mode: ConcurrencyMode::kConcurrent]
[completed compiling 0x3cd298682179 <JSFunction __importStar (sfi = 0x2a26f9953b49)> (target MAGLEV) OSR - took 0.000, 0.136, 0.001 ms]
[compiling method 0x3cd298682179 <JSFunction __importStar (sfi = 0x2a26f9953b49)> (target TURBOFAN_JS) OSR, mode: ConcurrencyMode::kConcurrent]
[completed compiling 0x3cd298682179 <JSFunction __importStar (sfi = 0x2a26f9953b49)> (target TURBOFAN_JS) OSR - took 0.002, 1.765, 0.031 ms]
[completed optimizing 0x3cd298682179 <JSFunction __importStar (sfi = 0x2a26f9953b49)> (target TURBOFAN_JS) OSR]
[marking 0x16a16734f4a1 <JSFunction requiresJSONParse (sfi = 0x3a865ebd2ed1)> for optimization to MAGLEV, ConcurrencyMode::kConcurrent, reason: hot and stable]
[compiling method 0x16a16734f4a1 <JSFunction requiresJSONParse (sfi = 0x3a865ebd2ed1)> (target MAGLEV), mode: ConcurrencyMode::kConcurrent]
[completed compiling 0x16a16734f4a1 <JSFunction requiresJSONParse (sfi = 0x3a865ebd2ed1)> (target MAGLEV) - took 0.001, 0.162, 0.001 ms]
[marking 0x00700000efc1 <JSFunction get hasSubscribers (sfi = 0x2533553e0d89)> for optimization to MAGLEV, ConcurrencyMode::kConcurrent, reason: hot and stable]
[compiling method 0x00700000efc1 <JSFunction get hasSubscribers (sfi = 0x2533553e0d89)> (target MAGLEV), mode: ConcurrencyMode::kConcurrent]
[completed compiling 0x00700000efc1 <JSFunction get hasSubscribers (sfi = 0x2533553e0d89)> (target MAGLEV) - took 0.000, 0.132, 0.005 ms]
[marking 0x0b6ac1ad9051 <JSFunction assertEncoding (sfi = 0x34a7338f6a41)> for optimization to MAGLEV, ConcurrencyMode::kConcurrent, reason: hot and stable]
[compiling method 0x0b6ac1ad9051 <JSFunction assertEncoding (sfi = 0x34a7338f6a41)> (target MAGLEV), mode: ConcurrencyMode::kConcurrent]
[completed compiling 0x0b6ac1ad9051 <JSFunction assertEncoding (sfi = 0x34a7338f6a41)> (target MAGLEV) - took 0.000, 0.137, 0.002 ms]
[marking 0x0b6ac1aee011 <JSFunction tryExtensions (sfi = 0x3a865ebc76f1)> for optimization to MAGLEV, ConcurrencyMode::kConcurrent, reason: hot and stable]
[compiling method 0x0b6ac1aee011 <JSFunction tryExtensions (sfi = 0x3a865ebc76f1)> (target MAGLEV), mode: ConcurrencyMode::kConcurrent]
[completed compiling 0x0b6ac1aee011 <JSFunction tryExtensions (sfi = 0x3a865ebc76f1)> (target MAGLEV) - took 0.000, 0.296, 0.002 ms]
[marking 0x0b6ac1aee251 <JSFunction wrapResolveFilename (sfi = 0x3a865ebc78e9)> for optimization to MAGLEV, ConcurrencyMode::kConcurrent, reason: hot and stable]
[compiling method 0x0b6ac1aee251 <JSFunction wrapResolveFilename (sfi = 0x3a865ebc78e9)> (target MAGLEV), mode: ConcurrencyMode::kConcurrent]
[completed compiling 0x0b6ac1aee251 <JSFunction wrapResolveFilename (sfi = 0x3a865ebc78e9)> (target MAGLEV) - took 0.000, 0.149, 0.003 ms]
[marking 0x007000016929 <JSFunction get (sfi = 0x3b2e9c23dee9)> for optimization to MAGLEV, ConcurrencyMode::kConcurrent, reason: hot and stable]
[compiling method 0x007000016929 <JSFunction get (sfi = 0x3b2e9c23dee9)> (target MAGLEV), mode: ConcurrencyMode::kConcurrent]
[completed compiling 0x007000016929 <JSFunction get (sfi = 0x3b2e9c23dee9)> (target MAGLEV) - took 0.001, 0.047, 0.002 ms]
[marking 0x0b6ac1aedd59 <JSFunction wrapModuleLoad (sfi = 0x3a865ebc73d9)> for optimization to MAGLEV, ConcurrencyMode::kConcurrent, reason: hot and stable]
[compiling method 0x0b6ac1aedd59 <JSFunction wrapModuleLoad (sfi = 0x3a865ebc73d9)> (target MAGLEV), mode: ConcurrencyMode::kConcurrent]
[marking 0x274faea08c81 <JSFunction require (sfi = 0x2505be9be8b9)> for optimization to MAGLEV, ConcurrencyMode::kConcurrent, reason: hot and stable]
[compiling method 0x1e042648f949 <JSFunction require (sfi = 0x2505be9be8b9)> (target MAGLEV), mode: ConcurrencyMode::kConcurrent]
[completed compiling 0x1e042648f949 <JSFunction require (sfi = 0x2505be9be8b9)> (target MAGLEV) - took 0.000, 0.063, 0.001 ms]
[completed compiling 0x0b6ac1aedd59 <JSFunction wrapModuleLoad (sfi = 0x3a865ebc73d9)> (target MAGLEV) - took 0.000, 0.443, 0.003 ms]
[marking 0x0b6ac1aeddd9 <JSFunction updateChildren (sfi = 0x3a865ebc7469)> for optimization to MAGLEV, ConcurrencyMode::kConcurrent, reason: hot and stable]
[compiling method 0x0b6ac1aeddd9 <JSFunction updateChildren (sfi = 0x3a865ebc7469)> (target MAGLEV), mode: ConcurrencyMode::kConcurrent]
[completed compiling 0x0b6ac1aeddd9 <JSFunction updateChildren (sfi = 0x3a865ebc7469)> (target MAGLEV) - took 0.001, 0.089, 0.001 ms]
[marking 0x0b6ac1aeda19 <JSFunction getCjsConditions (sfi = 0x274a9b40fa71)> for optimization to MAGLEV, ConcurrencyMode::kConcurrent, reason: hot and stable]
[compiling method 0x0b6ac1aeda19 <JSFunction getCjsConditions (sfi = 0x274a9b40fa71)> (target MAGLEV), mode: ConcurrencyMode::kConcurrent]
[completed compiling 0x0b6ac1aeda19 <JSFunction getCjsConditions (sfi = 0x274a9b40fa71)> (target MAGLEV) - took 0.000, 0.045, 0.001 ms]
[marking 0x0b6ac1aee291 <JSFunction defaultResolveImplForCJSLoading (sfi = 0x3a865ebc7931)> for optimization to MAGLEV, ConcurrencyMode::kConcurrent, reason: hot and stable]
[compiling method 0x0b6ac1aee291 <JSFunction defaultResolveImplForCJSLoading (sfi = 0x3a865ebc7931)> (target MAGLEV), mode: ConcurrencyMode::kConcurrent]
[completed compiling 0x0b6ac1aee291 <JSFunction defaultResolveImplForCJSLoading (sfi = 0x3a865ebc7931)> (target MAGLEV) - took 0.000, 0.109, 0.003 ms]
[marking 0x0b6ac1acf6c9 <JSFunction splitRoot (sfi = 0x46ffaa35519)> for optimization to MAGLEV, ConcurrencyMode::kConcurrent, reason: hot and stable]
[compiling method 0x0b6ac1acf6c9 <JSFunction splitRoot (sfi = 0x46ffaa35519)> (target MAGLEV), mode: ConcurrencyMode::kConcurrent]
[completed compiling 0x0b6ac1acf6c9 <JSFunction splitRoot (sfi = 0x46ffaa35519)> (target MAGLEV) - took 0.000, 0.110, 0.001 ms]
[marking 0x3c637a5befe1 <JSFunction setOwnProperty (sfi = 0x24bf9c437171)> for optimization to MAGLEV, ConcurrencyMode::kConcurrent, reason: hot and stable]
[compiling method 0x3c637a5befe1 <JSFunction setOwnProperty (sfi = 0x24bf9c437171)> (target MAGLEV), mode: ConcurrencyMode::kConcurrent]
[completed compiling 0x3c637a5befe1 <JSFunction setOwnProperty (sfi = 0x24bf9c437171)> (target MAGLEV) - took 0.000, 0.040, 0.002 ms]
[marking 0x3a865ebd4c29 <JSFunction Module._findPath (sfi = 0x3a865ebc8301)> for optimization to MAGLEV, ConcurrencyMode::kConcurrent, reason: hot and stable]
[compiling method 0x3a865ebd4c29 <JSFunction Module._findPath (sfi = 0x3a865ebc8301)> (target MAGLEV), mode: ConcurrencyMode::kConcurrent]
[completed compiling 0x3a865ebd4c29 <JSFunction Module._findPath (sfi = 0x3a865ebc8301)> (target MAGLEV) - took 0.000, 0.514, 0.006 ms]
[marking 0x3a865ebd4cb1 <JSFunction Module._nodeModulePaths (sfi = 0x3a865ebc8411)> for optimization to TURBOFAN_JS, ConcurrencyMode::kConcurrent, reason: hot and stable]
[marking 0x3a865ebd4d39 <JSFunction Module._resolveLookupPaths (sfi = 0x3a865ebc8499)> for optimization to MAGLEV, ConcurrencyMode::kConcurrent, reason: hot and stable]
[compiling method 0x3a865ebd4cb1 <JSFunction Module._nodeModulePaths (sfi = 0x3a865ebc8411)> (target TURBOFAN_JS), mode: ConcurrencyMode::kConcurrent]
[compiling method 0x3a865ebd4d39 <JSFunction Module._resolveLookupPaths (sfi = 0x3a865ebc8499)> (target MAGLEV), mode: ConcurrencyMode::kConcurrent]
[completed compiling 0x3a865ebd4d39 <JSFunction Module._resolveLookupPaths (sfi = 0x3a865ebc8499)> (target MAGLEV) - took 0.000, 0.372, 0.006 ms]
[completed compiling 0x3a865ebd4cb1 <JSFunction Module._nodeModulePaths (sfi = 0x3a865ebc8411)> (target TURBOFAN_JS) - took 0.004, 4.116, 0.019 ms]
[completed optimizing 0x3a865ebd4cb1 <JSFunction Module._nodeModulePaths (sfi = 0x3a865ebc8411)> (target TURBOFAN_JS)]
[marking 0x16a16734fae9 <JSFunction deserializePackageJSON (sfi = 0x3a865ebd2c69)> for optimization to MAGLEV, ConcurrencyMode::kConcurrent, reason: hot and stable]
[compiling method 0x16a16734fae9 <JSFunction deserializePackageJSON (sfi = 0x3a865ebd2c69)> (target MAGLEV), mode: ConcurrencyMode::kConcurrent]
[completed compiling 0x16a16734fae9 <JSFunction deserializePackageJSON (sfi = 0x3a865ebd2c69)> (target MAGLEV) - took 0.000, 0.376, 0.006 ms]
[marking 0x3b2e9c201f61 <JSFunction SafeMap (sfi = 0xf6c24086fe1)> for optimization to MAGLEV, ConcurrencyMode::kConcurrent, reason: hot and stable]
[compiling method 0x3b2e9c201f61 <JSFunction SafeMap (sfi = 0xf6c24086fe1)> (target MAGLEV), mode: ConcurrencyMode::kConcurrent]
[completed compiling 0x3b2e9c201f61 <JSFunction SafeMap (sfi = 0xf6c24086fe1)> (target MAGLEV) - took 0.000, 0.057, 0.002 ms]
[marking 0x3a865ebd4e49 <JSFunction Module._resolveFilename (sfi = 0x3a865ebc8631)> for optimization to MAGLEV, ConcurrencyMode::kConcurrent, reason: hot and stable]
[compiling method 0x3a865ebd4e49 <JSFunction Module._resolveFilename (sfi = 0x3a865ebc8631)> (target MAGLEV), mode: ConcurrencyMode::kConcurrent]
[completed compiling 0x3a865ebd4e49 <JSFunction Module._resolveFilename (sfi = 0x3a865ebc8631)> (target MAGLEV) - took 0.000, 0.604, 0.007 ms]
[marking 0x2533553c56d1 <JSFunction SafeSet (sfi = 0xf6c24087071)> for optimization to MAGLEV, ConcurrencyMode::kConcurrent, reason: hot and stable]
[compiling method 0x2533553c56d1 <JSFunction SafeSet (sfi = 0xf6c24087071)> (target MAGLEV), mode: ConcurrencyMode::kConcurrent]
[completed compiling 0x2533553c56d1 <JSFunction SafeSet (sfi = 0xf6c24087071)> (target MAGLEV) - took 0.000, 0.080, 0.047 ms]
[marking 0x16a16736f379 <JSFunction (sfi = 0x34a7338f7761)> for optimization to MAGLEV, ConcurrencyMode::kConcurrent, reason: hot and stable]
[compiling method 0x16a16736f379 <JSFunction (sfi = 0x34a7338f7761)> (target MAGLEV), mode: ConcurrencyMode::kConcurrent]
[completed compiling 0x16a16736f379 <JSFunction (sfi = 0x34a7338f7761)> (target MAGLEV) - took 0.000, 0.212, 0.004 ms]
[marking 0x0b6ac1aedb51 <JSFunction toRealPath (sfi = 0x274a9b40f9e1)> for optimization to MAGLEV, ConcurrencyMode::kConcurrent, reason: hot and stable]
[compiling method 0x0b6ac1aedb51 <JSFunction toRealPath (sfi = 0x274a9b40f9e1)> (target MAGLEV), mode: ConcurrencyMode::kConcurrent]
[completed compiling 0x0b6ac1aedb51 <JSFunction toRealPath (sfi = 0x274a9b40f9e1)> (target MAGLEV) - took 0.000, 0.148, 0.003 ms]
[marking 0x16a16734fc69 <JSFunction getOptions (sfi = 0x34a7338f6ba9)> for optimization to MAGLEV, ConcurrencyMode::kConcurrent, reason: hot and stable]
[compiling method 0x16a16734fc69 <JSFunction getOptions (sfi = 0x34a7338f6ba9)> (target MAGLEV), mode: ConcurrencyMode::kConcurrent]
[completed compiling 0x16a16734fc69 <JSFunction getOptions (sfi = 0x34a7338f6ba9)> (target MAGLEV) - took 0.000, 0.172, 0.003 ms]
[marking 0x274a9b403d51 <JSFunction isInt32 (sfi = 0x24bf9c430999)> for optimization to MAGLEV, ConcurrencyMode::kConcurrent, reason: hot and stable]
[compiling method 0x274a9b403d51 <JSFunction isInt32 (sfi = 0x24bf9c430999)> (target MAGLEV), mode: ConcurrencyMode::kConcurrent]
[completed compiling 0x274a9b403d51 <JSFunction isInt32 (sfi = 0x24bf9c430999)> (target MAGLEV) - took 0.001, 0.110, 0.001 ms]
[marking 0x0b6ac1afef79 <JSFunction getNearestParentPackageJSON (sfi = 0x3a865ebd2d21)> for optimization to MAGLEV, ConcurrencyMode::kConcurrent, reason: hot and stable]
[compiling method 0x0b6ac1afef79 <JSFunction getNearestParentPackageJSON (sfi = 0x3a865ebd2d21)> (target MAGLEV), mode: ConcurrencyMode::kConcurrent]
[completed compiling 0x0b6ac1afef79 <JSFunction getNearestParentPackageJSON (sfi = 0x3a865ebd2d21)> (target MAGLEV) - took 0.000, 0.204, 0.005 ms]
[marking 0x0b6ac1aee651 <JSFunction isRelative (sfi = 0x3a865ebc7df1)> for optimization to MAGLEV, ConcurrencyMode::kConcurrent, reason: hot and stable]
[compiling method 0x0b6ac1aee651 <JSFunction isRelative (sfi = 0x3a865ebc7df1)> (target MAGLEV), mode: ConcurrencyMode::kConcurrent]
[completed compiling 0x0b6ac1aee651 <JSFunction isRelative (sfi = 0x3a865ebc7df1)> (target MAGLEV) - took 0.001, 0.148, 0.002 ms]
[marking 0x26a5ec240431 <JSFunction normalize (sfi = 0x2533553fc281)> for optimization to MAGLEV, ConcurrencyMode::kConcurrent, reason: hot and stable]
[compiling method 0x26a5ec240431 <JSFunction normalize (sfi = 0x2533553fc281)> (target MAGLEV), mode: ConcurrencyMode::kConcurrent]
[completed compiling 0x26a5ec240431 <JSFunction normalize (sfi = 0x2533553fc281)> (target MAGLEV) - took 0.000, 0.175, 0.001 ms]
[marking 0x16a16735cd79 <JSFunction lazyModule (sfi = 0x274a9b40fbd9)> for optimization to MAGLEV, ConcurrencyMode::kConcurrent, reason: hot and stable]
[compiling method 0x16a16735cd79 <JSFunction lazyModule (sfi = 0x274a9b40fbd9)> (target MAGLEV), mode: ConcurrencyMode::kConcurrent]
[completed compiling 0x16a16735cd79 <JSFunction lazyModule (sfi = 0x274a9b40fbd9)> (target MAGLEV) - took 0.001, 0.062, 0.001 ms]
[marking 0x0b6ac1aedad9 <JSFunction setHasStartedUserCJSExecution (sfi = 0x274a9b410081)> for optimization to MAGLEV, ConcurrencyMode::kConcurrent, reason: hot and stable]
[compiling method 0x0b6ac1aedad9 <JSFunction setHasStartedUserCJSExecution (sfi = 0x274a9b410081)> (target MAGLEV), mode: ConcurrencyMode::kConcurrent]
[completed compiling 0x0b6ac1aedad9 <JSFunction setHasStartedUserCJSExecution (sfi = 0x274a9b410081)> (target MAGLEV) - took 0.000, 0.071, 0.001 ms]
[bailout (kind: deopt-eager, reason: Insufficient type feedback for compare operation): begin. deoptimizing 0x3a865ebd4c29 <JSFunction Module._findPath (sfi = 0x3a865ebc8301)>, 0x1583b39037c9 <Code MAGLEV>, opt id 90, bytecode offset 191, deopt exit 16, FP to SP delta 144, caller SP 0x00016adfd018, pc 0x00011bb487e4]
[marking 0x3a865ebd4dc1 <JSFunction Module._load (sfi = 0x3a865ebc85b1)> for optimization to MAGLEV, ConcurrencyMode::kConcurrent, reason: hot and stable]
[compiling method 0x3a865ebd4dc1 <JSFunction Module._load (sfi = 0x3a865ebc85b1)> (target MAGLEV), mode: ConcurrencyMode::kConcurrent]
[completed compiling 0x3a865ebd4dc1 <JSFunction Module._load (sfi = 0x3a865ebc85b1)> (target MAGLEV) - took 0.000, 0.677, 0.012 ms]
[marking 0x26a5ec240469 <JSFunction isAbsolute (sfi = 0x2533553fc2c9)> for optimization to MAGLEV, ConcurrencyMode::kConcurrent, reason: hot and stable]
[compiling method 0x26a5ec240469 <JSFunction isAbsolute (sfi = 0x2533553fc2c9)> (target MAGLEV), mode: ConcurrencyMode::kConcurrent]
[completed compiling 0x26a5ec240469 <JSFunction isAbsolute (sfi = 0x2533553fc2c9)> (target MAGLEV) - took 0.001, 0.183, 0.001 ms]
[42719:0x76d40c000:0]     1237 ms: GC: {"pause":1.512,"mutator":660.732,"gc":"s","reduce_memory":false,"time_to_safepoint":0,"stack":true,"reason":"allocation failure","collector_reason":"","start_object_size":62013168,"end_object_size":54073528,"start_memory_size":71696384,"end_memory_size":75890688,"start_holes_size":1047232,"end_holes_size":1659048,"pool_local_chunks":0,"pool_shared_chunks":0,"pool_total_chunks":0,"new_space_capacity":16777216,"old_gen_allocation_limit":70097671,"global_allocation_limit":70097721,"allocation_throughput":117641,"new_space_allocation_throughput":59335.5,"new_space_survive_rate":27.454,"allocated":36506360,"promoted":4127520,"new_space_survived":4755440,"nodes_died_in_new":0,"nodes_copied_in_new":0,"nodes_promoted":0,"promotion_ratio":23.8289,"average_survival_ratio":59.7246,"promotion_rate":113.646,"during_sweeping":true,"heap.prologue":0,"heap.epilogue":0,"heap.external.prologue":0,"heap.external.epilogue":0,"heap.external_weak_global_handles":0,"complete.sweep_array_buffers":0,"scavenge":1.481,"scavenge.free_remembered_set":0.04,"scavenge.roots":0.052,"scavenge.weak":0,"scavenge.weak_global_handles.identify":0.001,"scavenge.weak_global_handles.process":0,"scavenge.parallel":1.155,"scavenge.pin_objects_conservative":0,"scavenge.pin_objects_precise":0,"scavenge.restore_pinned":0.007,"scavenge.sweep_array_buffers":0.003,"scavenge.resize_new_space":0.001,"background.scavenge.parallel":4.77,"incremental.steps_count":0,"incremental.steps_took":0,"scavenge_throughput":6.23691e+06,"quarantined_size":0,"quarantined_pages":0}
[marking 0x0b6ac1ac69b9 <JSFunction Module (sfi = 0x3a865ebc7541)> for optimization to MAGLEV, ConcurrencyMode::kConcurrent, reason: hot and stable]
[compiling method 0x0b6ac1ac69b9 <JSFunction Module (sfi = 0x3a865ebc7541)> (target MAGLEV), mode: ConcurrencyMode::kConcurrent]
[completed compiling 0x0b6ac1ac69b9 <JSFunction Module (sfi = 0x3a865ebc7541)> (target MAGLEV) - took 0.001, 0.270, 0.005 ms]
[marking 0x26a5ec240be9 <JSFunction getSourceMapsSupport (sfi = 0x46ffaa28f91)> for optimization to MAGLEV, ConcurrencyMode::kConcurrent, reason: hot and stable]
[compiling method 0x26a5ec240be9 <JSFunction getSourceMapsSupport (sfi = 0x46ffaa28f91)> (target MAGLEV), mode: ConcurrencyMode::kConcurrent]
[completed compiling 0x26a5ec240be9 <JSFunction getSourceMapsSupport (sfi = 0x46ffaa28f91)> (target MAGLEV) - took 0.000, 0.054, 0.001 ms]
[marking 0x2a9de25d3e99 <JSFunction isLineTerminatorJSON (sfi = 0x2a9de25d3b41)> for optimization to MAGLEV, ConcurrencyMode::kConcurrent, reason: hot and stable]
[compiling method 0x2a9de25d3e99 <JSFunction isLineTerminatorJSON (sfi = 0x2a9de25d3b41)> (target MAGLEV), mode: ConcurrencyMode::kConcurrent]
[marking 0x377478cb1559 <JSFunction parseString (sfi = 0x2a9de25d4cd9)> for optimization to MAGLEV, ConcurrencyMode::kConcurrent, reason: hot and stable]
[compiling method 0x377478cb1559 <JSFunction parseString (sfi = 0x2a9de25d4cd9)> (target MAGLEV), mode: ConcurrencyMode::kConcurrent]
[completed compiling 0x2a9de25d3e99 <JSFunction isLineTerminatorJSON (sfi = 0x2a9de25d3b41)> (target MAGLEV) - took 0.001, 0.096, 0.001 ms]
[marking 0x2a9de25d3d89 <JSFunction isWhiteSpaceJSON (sfi = 0x2a9de25d3ab1)> for optimization to MAGLEV, ConcurrencyMode::kConcurrent, reason: hot and stable]
[compiling method 0x2a9de25d3d89 <JSFunction isWhiteSpaceJSON (sfi = 0x2a9de25d3ab1)> (target MAGLEV), mode: ConcurrencyMode::kConcurrent]
[completed compiling 0x377478cb1559 <JSFunction parseString (sfi = 0x2a9de25d4cd9)> (target MAGLEV) - took 0.000, 0.325, 0.013 ms]
[completed compiling 0x2a9de25d3d89 <JSFunction isWhiteSpaceJSON (sfi = 0x2a9de25d3ab1)> (target MAGLEV) - took 0.001, 0.046, 0.000 ms]
[marking 0x377478cb15b9 <JSFunction tokenStart (sfi = 0x2a9de25d4d21)> for optimization to MAGLEV, ConcurrencyMode::kConcurrent, reason: hot and stable]
[marking 0x377478cb15f9 <JSFunction tokenEnd (sfi = 0x2a9de25d4d69)> for optimization to MAGLEV, ConcurrencyMode::kConcurrent, reason: hot and stable]
[compiling method 0x377478cb15b9 <JSFunction tokenStart (sfi = 0x2a9de25d4d21)> (target MAGLEV), mode: ConcurrencyMode::kConcurrent]
[compiling method 0x377478cb15f9 <JSFunction tokenEnd (sfi = 0x2a9de25d4d69)> (target MAGLEV), mode: ConcurrencyMode::kConcurrent]
[completed compiling 0x377478cb15b9 <JSFunction tokenStart (sfi = 0x2a9de25d4d21)> (target MAGLEV) - took 0.000, 0.014, 0.001 ms]
[completed compiling 0x377478cb15f9 <JSFunction tokenEnd (sfi = 0x2a9de25d4d69)> (target MAGLEV) - took 0.000, 0.017, 0.000 ms]
[marking 0x377478cb1399 <JSFunction skipWhiteSpace (sfi = 0x2a9de25d4ae1)> for optimization to MAGLEV, ConcurrencyMode::kConcurrent, reason: hot and stable]
[compiling method 0x377478cb1399 <JSFunction skipWhiteSpace (sfi = 0x2a9de25d4ae1)> (target MAGLEV), mode: ConcurrencyMode::kConcurrent]
[completed compiling 0x377478cb1399 <JSFunction skipWhiteSpace (sfi = 0x2a9de25d4ae1)> (target MAGLEV) - took 0.000, 0.313, 0.000 ms]
[marking 0x3297a653fba9 <JSFunction shouldUseRule (sfi = 0x5803b0d3d31)> for optimization to MAGLEV, ConcurrencyMode::kConcurrent, reason: hot and stable]
[compiling method 0x3297a653fba9 <JSFunction shouldUseRule (sfi = 0x5803b0d3d31)> (target MAGLEV), mode: ConcurrencyMode::kConcurrent]
[marking 0x277900080091 <JSFunction addCodeArg (sfi = 0x5803b0ca2e9)> for optimization to MAGLEV, ConcurrencyMode::kConcurrent, reason: hot and stable]
[compiling method 0x277900080091 <JSFunction addCodeArg (sfi = 0x5803b0ca2e9)> (target MAGLEV), mode: ConcurrencyMode::kConcurrent]
[completed compiling 0x3297a653fba9 <JSFunction shouldUseRule (sfi = 0x5803b0d3d31)> (target MAGLEV) - took 0.000, 0.125, 0.010 ms]
[completed compiling 0x277900080091 <JSFunction addCodeArg (sfi = 0x5803b0ca2e9)> (target MAGLEV) - took 0.000, 0.113, 0.004 ms]
[marking 0x021acf82b8c9 <JSFunction (sfi = 0x2a9de25ded39)> for optimization to MAGLEV, ConcurrencyMode::kConcurrent, reason: hot and stable]
[compiling method 0x021acf82b8c9 <JSFunction (sfi = 0x2a9de25ded39)> (target MAGLEV), mode: ConcurrencyMode::kConcurrent]
[completed compiling 0x021acf82b8c9 <JSFunction (sfi = 0x2a9de25ded39)> (target MAGLEV) - took 0.000, 0.080, 0.002 ms]
[marking 0x277900080011 <JSFunction _ (sfi = 0x5803b0ca259)> for optimization to MAGLEV, ConcurrencyMode::kConcurrent, reason: hot and stable]
[compiling method 0x277900080011 <JSFunction _ (sfi = 0x5803b0ca259)> (target MAGLEV), mode: ConcurrencyMode::kConcurrent]
[completed compiling 0x277900080011 <JSFunction _ (sfi = 0x5803b0ca259)> (target MAGLEV) - took 0.000, 0.387, 0.005 ms]
[marking dependent code 0x15d6a2142119 <Code MAGLEV> (0x05803b0ca259 <SharedFunctionInfo _>) (opt id 119) for deoptimization, reason: dependent prototype chain changed]
[marking dependent code 0x15d6a2140401 <Code MAGLEV> (0x05803b0ca2e9 <SharedFunctionInfo addCodeArg>) (opt id 117) for deoptimization, reason: dependent prototype chain changed]
[marking 0x277900080091 <JSFunction addCodeArg (sfi = 0x5803b0ca2e9)> for optimization to MAGLEV, ConcurrencyMode::kConcurrent, reason: hot and stable]
[marking 0x277900080011 <JSFunction _ (sfi = 0x5803b0ca259)> for optimization to MAGLEV, ConcurrencyMode::kConcurrent, reason: hot and stable]
[compiling method 0x277900080091 <JSFunction addCodeArg (sfi = 0x5803b0ca2e9)> (target MAGLEV), mode: ConcurrencyMode::kConcurrent]
[compiling method 0x277900080011 <JSFunction _ (sfi = 0x5803b0ca259)> (target MAGLEV), mode: ConcurrencyMode::kConcurrent]
[completed compiling 0x277900080091 <JSFunction addCodeArg (sfi = 0x5803b0ca2e9)> (target MAGLEV) - took 0.000, 0.119, 0.004 ms]
[completed compiling 0x277900080011 <JSFunction _ (sfi = 0x5803b0ca259)> (target MAGLEV) - took 0.000, 0.281, 0.003 ms]
[marking 0x2c051d54f471 <JSFunction (sfi = 0x2a9de25ed621)> for optimization to MAGLEV, ConcurrencyMode::kConcurrent, reason: hot and stable]
[compiling method 0x2c051d54f471 <JSFunction (sfi = 0x2a9de25ed621)> (target MAGLEV), mode: ConcurrencyMode::kConcurrent]
[completed compiling 0x2c051d54f471 <JSFunction (sfi = 0x2a9de25ed621)> (target MAGLEV) - took 0.000, 0.026, 0.000 ms]
[marking 0x20db4ff75031 <JSFunction _Code (sfi = 0x5803b0ca741)> for optimization to MAGLEV, ConcurrencyMode::kConcurrent, reason: hot and stable]
[compiling method 0x20db4ff75031 <JSFunction _Code (sfi = 0x5803b0ca741)> (target MAGLEV), mode: ConcurrencyMode::kConcurrent]
[completed compiling 0x20db4ff75031 <JSFunction _Code (sfi = 0x5803b0ca741)> (target MAGLEV) - took 0.000, 0.083, 0.002 ms]
[marking 0x20db4ff796e9 <JSFunction get _currNode (sfi = 0x5803b0c5fc9)> for optimization to MAGLEV, ConcurrencyMode::kConcurrent, reason: hot and stable]
[compiling method 0x20db4ff796e9 <JSFunction get _currNode (sfi = 0x5803b0c5fc9)> (target MAGLEV), mode: ConcurrencyMode::kConcurrent]
[completed compiling 0x20db4ff796e9 <JSFunction get _currNode (sfi = 0x5803b0c5fc9)> (target MAGLEV) - took 0.000, 0.026, 0.001 ms]
[marking 0x277900080151 <JSFunction safeStringify (sfi = 0x5803b0ca499)> for optimization to MAGLEV, ConcurrencyMode::kConcurrent, reason: hot and stable]
[compiling method 0x277900080151 <JSFunction safeStringify (sfi = 0x5803b0ca499)> (target MAGLEV), mode: ConcurrencyMode::kConcurrent]
[completed compiling 0x277900080151 <JSFunction safeStringify (sfi = 0x5803b0ca499)> (target MAGLEV) - took 0.001, 0.079, 0.003 ms]
[marking 0x20db4ff76eb9 <JSFunction get (sfi = 0x5803b0c37c1)> for optimization to MAGLEV, ConcurrencyMode::kConcurrent, reason: hot and stable]
[compiling method 0x20db4ff76eb9 <JSFunction get (sfi = 0x5803b0c37c1)> (target MAGLEV), mode: ConcurrencyMode::kConcurrent]
[completed compiling 0x20db4ff76eb9 <JSFunction get (sfi = 0x5803b0c37c1)> (target MAGLEV) - took 0.000, 0.036, 0.001 ms]
[marking 0x277900084241 <JSFunction optimize (sfi = 0x5803b0ca331)> for optimization to MAGLEV, ConcurrencyMode::kConcurrent, reason: hot and stable]
[compiling method 0x277900084241 <JSFunction optimize (sfi = 0x5803b0ca331)> (target MAGLEV), mode: ConcurrencyMode::kConcurrent]
[completed compiling 0x277900084241 <JSFunction optimize (sfi = 0x5803b0ca331)> (target MAGLEV) - took 0.000, 0.157, 0.002 ms]
[marking 0x2779000b0319 <JSFunction optimizeNodes (sfi = 0x5803b0c48d9)> for optimization to MAGLEV, ConcurrencyMode::kConcurrent, reason: hot and stable]
[compiling method 0x2779000b0319 <JSFunction optimizeNodes (sfi = 0x5803b0c48d9)> (target MAGLEV), mode: ConcurrencyMode::kConcurrent]
[marking 0x2779000b0129 <JSFunction optimizeNodes (sfi = 0x5803b0c4109)> for optimization to MAGLEV, ConcurrencyMode::kConcurrent, reason: hot and stable]
[compiling method 0x2779000b0129 <JSFunction optimizeNodes (sfi = 0x5803b0c4109)> (target MAGLEV), mode: ConcurrencyMode::kConcurrent]
[completed compiling 0x2779000b0129 <JSFunction optimizeNodes (sfi = 0x5803b0c4109)> (target MAGLEV) - took 0.000, 0.014, 0.000 ms]
[completed compiling 0x2779000b0319 <JSFunction optimizeNodes (sfi = 0x5803b0c48d9)> (target MAGLEV) - took 0.000, 0.243, 0.002 ms]
[marking 0x1a3ebe6d1499 <JSFunction (sfi = 0x2a9de25ee049)> for optimization to MAGLEV, ConcurrencyMode::kConcurrent, reason: hot and stable]
[compiling method 0x1a3ebe6d1499 <JSFunction (sfi = 0x2a9de25ee049)> (target MAGLEV), mode: ConcurrencyMode::kConcurrent]
[completed compiling 0x1a3ebe6d1499 <JSFunction (sfi = 0x2a9de25ee049)> (target MAGLEV) - took 0.000, 0.054, 0.002 ms]
[marking 0x3297a65345b1 <JSFunction addNames (sfi = 0x5803b0c3511)> for optimization to MAGLEV, ConcurrencyMode::kConcurrent, reason: hot and stable]
[compiling method 0x3297a65345b1 <JSFunction addNames (sfi = 0x5803b0c3511)> (target MAGLEV), mode: ConcurrencyMode::kConcurrent]
[completed compiling 0x3297a65345b1 <JSFunction addNames (sfi = 0x5803b0c3511)> (target MAGLEV) - took 0.000, 0.099, 0.000 ms]
[marking 0x35ee660965e1 <JSFunction (sfi = 0x2a9de25edbc9)> for optimization to MAGLEV, ConcurrencyMode::kConcurrent, reason: hot and stable]
[compiling method 0x35ee660965e1 <JSFunction (sfi = 0x2a9de25edbc9)> (target MAGLEV), mode: ConcurrencyMode::kConcurrent]
[completed compiling 0x35ee660965e1 <JSFunction (sfi = 0x2a9de25edbc9)> (target MAGLEV) - took 0.000, 0.122, 0.000 ms]
[marking 0x20db4ff75141 <JSFunction get names (sfi = 0x5803b0ca899)> for optimization to MAGLEV, ConcurrencyMode::kConcurrent, reason: hot and stable]
[compiling method 0x20db4ff75141 <JSFunction get names (sfi = 0x5803b0ca899)> (target MAGLEV), mode: ConcurrencyMode::kConcurrent]
[marking 0x33974733a939 <JSFunction (sfi = 0x2a9de25effc9)> for optimization to MAGLEV, ConcurrencyMode::kConcurrent, reason: hot and stable]
[compiling method 0x33974733a939 <JSFunction (sfi = 0x2a9de25effc9)> (target MAGLEV), mode: ConcurrencyMode::kConcurrent]
[completed compiling 0x20db4ff75141 <JSFunction get names (sfi = 0x5803b0ca899)> (target MAGLEV) - took 0.000, 0.115, 0.003 ms]
[completed compiling 0x33974733a939 <JSFunction (sfi = 0x2a9de25effc9)> (target MAGLEV) - took 0.000, 0.107, 0.002 ms]
[marking 0x2779000b0351 <JSFunction optimizeNames (sfi = 0x5803b0c4921)> for optimization to MAGLEV, ConcurrencyMode::kConcurrent, reason: hot and stable]
[compiling method 0x2779000b0351 <JSFunction optimizeNames (sfi = 0x5803b0c4921)> (target MAGLEV), mode: ConcurrencyMode::kConcurrent]
[marking 0x21555af12821 <JSFunction (sfi = 0x2a9de25efea9)> for optimization to MAGLEV, ConcurrencyMode::kConcurrent, reason: hot and stable]
[compiling method 0x21555af12821 <JSFunction (sfi = 0x2a9de25efea9)> (target MAGLEV), mode: ConcurrencyMode::kConcurrent]
[marking 0x21555af1a749 <JSFunction canOptimize (sfi = 0x2a9de25efe61)> for optimization to MAGLEV, ConcurrencyMode::kConcurrent, reason: hot and stable]
[compiling method 0x21555af1a801 <JSFunction canOptimize (sfi = 0x2a9de25efe61)> (target MAGLEV), mode: ConcurrencyMode::kConcurrent]
[completed compiling 0x2779000b0351 <JSFunction optimizeNames (sfi = 0x5803b0c4921)> (target MAGLEV) - took 0.000, 0.166, 0.002 ms]
[completed compiling 0x21555af12821 <JSFunction (sfi = 0x2a9de25efea9)> (target MAGLEV) - took 0.000, 0.160, 0.003 ms]
[completed compiling 0x21555af1a801 <JSFunction canOptimize (sfi = 0x2a9de25efe61)> (target MAGLEV) - took 0.000, 0.081, 0.001 ms]
[marking 0x3297a6507f21 <JSFunction toString (sfi = 0x5803b0ca649)> for optimization to MAGLEV, ConcurrencyMode::kConcurrent, reason: hot and stable]
[compiling method 0x3297a6507f21 <JSFunction toString (sfi = 0x5803b0ca649)> (target MAGLEV), mode: ConcurrencyMode::kConcurrent]
[completed compiling 0x3297a6507f21 <JSFunction toString (sfi = 0x5803b0ca649)> (target MAGLEV) - took 0.001, 0.022, 0.001 ms]
[marking 0x3f1dcad8cce9 <JSFunction (sfi = 0x2a9de25f0851)> for optimization to MAGLEV, ConcurrencyMode::kConcurrent, reason: hot and stable]
[compiling method 0x3f1dcad8cce9 <JSFunction (sfi = 0x2a9de25f0851)> (target MAGLEV), mode: ConcurrencyMode::kConcurrent]
[completed compiling 0x3f1dcad8cce9 <JSFunction (sfi = 0x2a9de25f0851)> (target MAGLEV) - took 0.000, 0.042, 0.000 ms]
[marking 0x20db4ff75109 <JSFunction get str (sfi = 0x5803b0ca831)> for optimization to MAGLEV, ConcurrencyMode::kConcurrent, reason: hot and stable]
[marking 0x3297a6507e81 <JSFunction toString (sfi = 0x5803b0ca789)> for optimization to MAGLEV, ConcurrencyMode::kConcurrent, reason: hot and stable]
[compiling method 0x3297a6507e81 <JSFunction toString (sfi = 0x5803b0ca789)> (target MAGLEV), mode: ConcurrencyMode::kConcurrent]
[compiling method 0x20db4ff75109 <JSFunction get str (sfi = 0x5803b0ca831)> (target MAGLEV), mode: ConcurrencyMode::kConcurrent]
[completed compiling 0x3297a6507e81 <JSFunction toString (sfi = 0x5803b0ca789)> (target MAGLEV) - took 0.000, 0.054, 0.001 ms]
[completed compiling 0x20db4ff75109 <JSFunction get str (sfi = 0x5803b0ca831)> (target MAGLEV) - took 0.000, 0.072, 0.002 ms]
[marking 0x2779000842c1 <JSFunction interpolate (sfi = 0x5803b0ca409)> for optimization to MAGLEV, ConcurrencyMode::kConcurrent, reason: hot and stable]
[compiling method 0x2779000842c1 <JSFunction interpolate (sfi = 0x5803b0ca409)> (target MAGLEV), mode: ConcurrencyMode::kConcurrent]
[completed compiling 0x2779000842c1 <JSFunction interpolate (sfi = 0x5803b0ca409)> (target MAGLEV) - took 0.000, 0.054, 0.001 ms]
[marking 0x0b02a94f06b9 <JSFunction (sfi = 0x2a9de25defc1)> for optimization to MAGLEV, ConcurrencyMode::kConcurrent, reason: hot and stable]
[compiling method 0x0b02a94f6889 <JSFunction (sfi = 0x2a9de25defc1)> (target MAGLEV), mode: ConcurrencyMode::kConcurrent]
[completed compiling 0x0b02a94f6889 <JSFunction (sfi = 0x2a9de25defc1)> (target MAGLEV) - took 0.000, 0.371, 0.005 ms]
[marking 0x27790009d081 <JSFunction _leafNode (sfi = 0x5803b0c5e21)> for optimization to MAGLEV, ConcurrencyMode::kConcurrent, reason: hot and stable]
[compiling method 0x27790009d081 <JSFunction _leafNode (sfi = 0x5803b0c5e21)> (target MAGLEV), mode: ConcurrencyMode::kConcurrent]
[marking 0x277900080051 <JSFunction str (sfi = 0x5803b0ca2a1)> for optimization to MAGLEV, ConcurrencyMode::kConcurrent, reason: hot and stable]
[completed compiling 0x27790009d081 <JSFunction _leafNode (sfi = 0x5803b0c5e21)> (target MAGLEV) - took 0.000, 0.049, 0.001 ms]
[marking 0x2533553cfbf9 <JSFunction isEncoding (sfi = 0x7ab3cf23a9)> for optimization to MAGLEV, ConcurrencyMode::kConcurrent, reason: hot and stable]
[compiling method 0x2533553cfbf9 <JSFunction isEncoding (sfi = 0x7ab3cf23a9)> (target MAGLEV), mode: ConcurrencyMode::kConcurrent]
[completed compiling 0x2533553cfbf9 <JSFunction isEncoding (sfi = 0x7ab3cf23a9)> (target MAGLEV) - took 0.000, 0.089, 0.001 ms]
[marking 0x0b6ac1aeda99 <JSFunction makeRequireFunction (sfi = 0x274a9b40fc21)> for optimization to MAGLEV, ConcurrencyMode::kConcurrent, reason: hot and stable]
[compiling method 0x0b6ac1aeda99 <JSFunction makeRequireFunction (sfi = 0x274a9b40fc21)> (target MAGLEV), mode: ConcurrencyMode::kConcurrent]
[completed compiling 0x0b6ac1aeda99 <JSFunction makeRequireFunction (sfi = 0x274a9b40fc21)> (target MAGLEV) - took 0.000, 0.215, 0.004 ms]
[marking 0x16a16736ad91 <JSFunction Module.load (sfi = 0x3a865ebc8fd9)> for optimization to MAGLEV, ConcurrencyMode::kConcurrent, reason: hot and stable]
[compiling method 0x16a16736ad91 <JSFunction Module.load (sfi = 0x3a865ebc8fd9)> (target MAGLEV), mode: ConcurrencyMode::kConcurrent]
[marking 0x0b6ac1aee051 <JSFunction findLongestRegisteredExtension (sfi = 0x3a865ebc7739)> for optimization to MAGLEV, ConcurrencyMode::kConcurrent, reason: hot and stable]
[completed compiling 0x16a16736ad91 <JSFunction Module.load (sfi = 0x3a865ebc8fd9)> (target MAGLEV) - took 0.000, 0.207, 0.006 ms]
[compiling method 0x0b6ac1aee051 <JSFunction findLongestRegisteredExtension (sfi = 0x3a865ebc7739)> (target MAGLEV), mode: ConcurrencyMode::kConcurrent]
[completed compiling 0x0b6ac1aee051 <JSFunction findLongestRegisteredExtension (sfi = 0x3a865ebc7739)> (target MAGLEV) - took 0.000, 0.093, 0.002 ms]
[marking 0x0b6ac1aee511 <JSFunction wrapSafe (sfi = 0x3a865ebc7c41)> for optimization to MAGLEV, ConcurrencyMode::kConcurrent, reason: hot and stable]
[compiling method 0x0b6ac1aee511 <JSFunction wrapSafe (sfi = 0x3a865ebc7c41)> (target MAGLEV), mode: ConcurrencyMode::kConcurrent]
[completed compiling 0x0b6ac1aee511 <JSFunction wrapSafe (sfi = 0x3a865ebc7c41)> (target MAGLEV) - took 0.000, 0.191, 0.003 ms]
[marking 0x3a865ebd4ed1 <JSFunction Module._compile (sfi = 0x3a865ebc86b9)> for optimization to MAGLEV, ConcurrencyMode::kConcurrent, reason: hot and stable]
[marking 0x3a865ebd4f11 <JSFunction Module._extensions..js (sfi = 0x3a865ebc8741)> for optimization to MAGLEV, ConcurrencyMode::kConcurrent, reason: hot and stable]
[compiling method 0x3a865ebd4f11 <JSFunction Module._extensions..js (sfi = 0x3a865ebc8741)> (target MAGLEV), mode: ConcurrencyMode::kConcurrent]
[compiling method 0x3a865ebd4ed1 <JSFunction Module._compile (sfi = 0x3a865ebc86b9)> (target MAGLEV), mode: ConcurrencyMode::kConcurrent]
[completed compiling 0x3a865ebd4f11 <JSFunction Module._extensions..js (sfi = 0x3a865ebc8741)> (target MAGLEV) - took 0.000, 0.306, 0.004 ms]
[completed compiling 0x3a865ebd4ed1 <JSFunction Module._compile (sfi = 0x3a865ebc86b9)> (target MAGLEV) - took 0.001, 0.207, 0.003 ms]
[marking 0x31360c884fc9 <JSFunction (sfi = 0x3b1e1b1647d1)> for optimization to MAGLEV, ConcurrencyMode::kConcurrent, reason: hot and stable]
[compiling method 0x31360c884fc9 <JSFunction (sfi = 0x3b1e1b1647d1)> (target MAGLEV), mode: ConcurrencyMode::kConcurrent]
[marking 0x31360c885139 <JSFunction __importStar (sfi = 0x3b1e1b1650e9)> for optimization to MAGLEV, ConcurrencyMode::kConcurrent, reason: hot and stable]
[compiling method 0x31360c885139 <JSFunction __importStar (sfi = 0x3b1e1b1650e9)> (target MAGLEV) OSR, mode: ConcurrencyMode::kConcurrent]
[completed compiling 0x31360c884fc9 <JSFunction (sfi = 0x3b1e1b1647d1)> (target MAGLEV) - took 0.001, 0.189, 0.003 ms]
[completed compiling 0x31360c885139 <JSFunction __importStar (sfi = 0x3b1e1b1650e9)> (target MAGLEV) OSR - took 0.000, 0.117, 0.001 ms]
[compiling method 0x31360c885139 <JSFunction __importStar (sfi = 0x3b1e1b1650e9)> (target TURBOFAN_JS) OSR, mode: ConcurrencyMode::kConcurrent]
[compiling method 0x31360c885139 <JSFunction __importStar (sfi = 0x3b1e1b1650e9)> (target MAGLEV), mode: ConcurrencyMode::kConcurrent]
[bailout (kind: deopt-eager, reason: Insufficient type feedback for generic named access): begin. deoptimizing 0x31360c884fc9 <JSFunction (sfi = 0x3b1e1b1647d1)>, 0x15d6a214f2b1 <Code MAGLEV>, opt id 152, bytecode offset 65, deopt exit 1, FP to SP delta 64, caller SP 0x00016adfea28, pc 0x00011bcc7b78]
[completed compiling 0x31360c885139 <JSFunction __importStar (sfi = 0x3b1e1b1650e9)> (target MAGLEV) - took 0.000, 0.121, 0.002 ms]
[completed compiling 0x31360c885139 <JSFunction __importStar (sfi = 0x3b1e1b1650e9)> (target TURBOFAN_JS) OSR - took 0.002, 1.154, 0.009 ms]
[completed optimizing 0x31360c885139 <JSFunction __importStar (sfi = 0x3b1e1b1650e9)> (target TURBOFAN_JS) OSR]
[marking 0x29f3baa1dc39 <JSFunction (sfi = 0x3b1e1b176c29)> for optimization to MAGLEV, ConcurrencyMode::kConcurrent, reason: hot and stable]
[compiling method 0x29f3baa1dc39 <JSFunction (sfi = 0x3b1e1b176c29)> (target MAGLEV), mode: ConcurrencyMode::kConcurrent]
[marking 0x29f3baa1dda9 <JSFunction __importStar (sfi = 0x3b1e1b177bd9)> for optimization to MAGLEV, ConcurrencyMode::kConcurrent, reason: hot and stable]
[compiling method 0x29f3baa1dda9 <JSFunction __importStar (sfi = 0x3b1e1b177bd9)> (target MAGLEV) OSR, mode: ConcurrencyMode::kConcurrent]
[completed compiling 0x29f3baa1dc39 <JSFunction (sfi = 0x3b1e1b176c29)> (target MAGLEV) - took 0.000, 0.213, 0.004 ms]
[completed compiling 0x29f3baa1dda9 <JSFunction __importStar (sfi = 0x3b1e1b177bd9)> (target MAGLEV) OSR - took 0.000, 0.119, 0.001 ms]
[compiling method 0x29f3baa1dda9 <JSFunction __importStar (sfi = 0x3b1e1b177bd9)> (target TURBOFAN_JS) OSR, mode: ConcurrencyMode::kConcurrent]
[bailout (kind: deopt-eager, reason: Insufficient type feedback for call): begin. deoptimizing 0x29f3baa1dda9 <JSFunction __importStar (sfi = 0x3b1e1b177bd9)>, 0x05efea885429 <Code MAGLEV>, opt id 157, bytecode offset 90, deopt exit 11, FP to SP delta 112, caller SP 0x00016adfe630, pc 0x00011bb217e0]
[completed compiling 0x29f3baa1dda9 <JSFunction __importStar (sfi = 0x3b1e1b177bd9)> (target TURBOFAN_JS) OSR - took 0.002, 1.492, 0.011 ms]
[completed optimizing 0x29f3baa1dda9 <JSFunction __importStar (sfi = 0x3b1e1b177bd9)> (target TURBOFAN_JS) OSR]
[marking 0x25da1c69bfc1 <JSFunction (sfi = 0x21f7078db61)> for optimization to MAGLEV, ConcurrencyMode::kConcurrent, reason: hot and stable]
[compiling method 0x25da1c69bfc1 <JSFunction (sfi = 0x21f7078db61)> (target MAGLEV), mode: ConcurrencyMode::kConcurrent]
[marking 0x25da1c69c131 <JSFunction __importStar (sfi = 0x21f7078e591)> for optimization to MAGLEV, ConcurrencyMode::kConcurrent, reason: hot and stable]
[completed compiling 0x25da1c69bfc1 <JSFunction (sfi = 0x21f7078db61)> (target MAGLEV) - took 0.000, 0.138, 0.003 ms]
[compiling method 0x25da1c69c131 <JSFunction __importStar (sfi = 0x21f7078e591)> (target MAGLEV) OSR, mode: ConcurrencyMode::kConcurrent]
[completed compiling 0x25da1c69c131 <JSFunction __importStar (sfi = 0x21f7078e591)> (target MAGLEV) OSR - took 0.000, 0.106, 0.001 ms]
[compiling method 0x25da1c69c131 <JSFunction __importStar (sfi = 0x21f7078e591)> (target TURBOFAN_JS) OSR, mode: ConcurrencyMode::kConcurrent]
[bailout (kind: deopt-eager, reason: Insufficient type feedback for call): begin. deoptimizing 0x25da1c69c131 <JSFunction __importStar (sfi = 0x21f7078e591)>, 0x15d6a2150fb1 <Code MAGLEV>, opt id 160, bytecode offset 90, deopt exit 11, FP to SP delta 112, caller SP 0x00016adfe220, pc 0x00011bcca9a0]
[completed compiling 0x25da1c69c131 <JSFunction __importStar (sfi = 0x21f7078e591)> (target TURBOFAN_JS) OSR - took 0.002, 1.529, 0.037 ms]
[completed optimizing 0x25da1c69c131 <JSFunction __importStar (sfi = 0x21f7078e591)> (target TURBOFAN_JS) OSR]
[marking 0x2c8b2f278771 <JSFunction (sfi = 0x21f707a2f01)> for optimization to MAGLEV, ConcurrencyMode::kConcurrent, reason: hot and stable]
[compiling method 0x2c8b2f278771 <JSFunction (sfi = 0x21f707a2f01)> (target MAGLEV), mode: ConcurrencyMode::kConcurrent]
[42719:0x76d40c000:0]     1330 ms: GC: {"pause":1.478,"mutator":753.19,"gc":"s","reduce_memory":false,"time_to_safepoint":0,"stack":true,"reason":"allocation failure","collector_reason":"","start_object_size":69003712,"end_object_size":60170680,"start_memory_size":87031808,"end_memory_size":92536832,"start_holes_size":986232,"end_holes_size":1773048,"pool_local_chunks":0,"pool_shared_chunks":0,"pool_total_chunks":0,"new_space_capacity":16777216,"old_gen_allocation_limit":70097671,"global_allocation_limit":70097721,"allocation_throughput":160618,"new_space_allocation_throughput":90830.7,"new_space_survive_rate":17.7583,"allocated":43496904,"promoted":4717872,"new_space_survived":2979160,"nodes_died_in_new":0,"nodes_copied_in_new":0,"nodes_promoted":0,"promotion_ratio":28.1224,"average_survival_ratio":57.6364,"promotion_rate":99.21,"during_sweeping":true,"heap.prologue":0,"heap.epilogue":0.001,"heap.external.prologue":0,"heap.external.epilogue":0,"heap.external_weak_global_handles":0,"complete.sweep_array_buffers":0,"scavenge":1.449,"scavenge.free_remembered_set":0.018,"scavenge.roots":0.122,"scavenge.weak":0,"scavenge.weak_global_handles.identify":0,"scavenge.weak_global_handles.process":0,"scavenge.parallel":1.175,"scavenge.pin_objects_conservative":0,"scavenge.pin_objects_precise":0,"scavenge.restore_pinned":0.005,"scavenge.sweep_array_buffers":0.003,"scavenge.resize_new_space":0.001,"background.scavenge.parallel":3.803,"incremental.steps_count":0,"incremental.steps_took":0,"scavenge_throughput":6.00166e+06,"quarantined_size":0,"quarantined_pages":0}
[marking 0x3cd298686db9 <JSFunction __importStar (sfi = 0x21f707a3831)> for optimization to MAGLEV, ConcurrencyMode::kConcurrent, reason: hot and stable]
[completed compiling 0x3cd298686d29 <JSFunction (sfi = 0x21f707a2f01)> (target MAGLEV) - took 0.000, 1.712, 0.002 ms]
[compiling method 0x3cd298686db9 <JSFunction __importStar (sfi = 0x21f707a3831)> (target MAGLEV) OSR, mode: ConcurrencyMode::kConcurrent]
[completed compiling 0x3cd298686db9 <JSFunction __importStar (sfi = 0x21f707a3831)> (target MAGLEV) OSR - took 0.000, 0.135, 0.001 ms]
[compiling method 0x3cd298686db9 <JSFunction __importStar (sfi = 0x21f707a3831)> (target TURBOFAN_JS) OSR, mode: ConcurrencyMode::kConcurrent]
[bailout (kind: deopt-eager, reason: Insufficient type feedback for call): begin. deoptimizing 0x3cd298686db9 <JSFunction __importStar (sfi = 0x21f707a3831)>, 0x15d6a2151b11 <Code MAGLEV>, opt id 163, bytecode offset 90, deopt exit 11, FP to SP delta 112, caller SP 0x00016adfe210, pc 0x00011bb6d720]
[marking 0x0ebc15262c19 <JSFunction (sfi = 0x482f32ff081)> for optimization to MAGLEV, ConcurrencyMode::kConcurrent, reason: hot and stable]
[compiling method 0x0ebc15262c19 <JSFunction (sfi = 0x482f32ff081)> (target MAGLEV), mode: ConcurrencyMode::kConcurrent]
[marking 0x0ebc15262d89 <JSFunction __importStar (sfi = 0x482f32ff841)> for optimization to MAGLEV, ConcurrencyMode::kConcurrent, reason: hot and stable]
[compiling method 0x0ebc15262d89 <JSFunction __importStar (sfi = 0x482f32ff841)> (target MAGLEV) OSR, mode: ConcurrencyMode::kConcurrent]
[completed compiling 0x0ebc15262c19 <JSFunction (sfi = 0x482f32ff081)> (target MAGLEV) - took 0.000, 0.181, 0.003 ms]
[completed compiling 0x0ebc15262d89 <JSFunction __importStar (sfi = 0x482f32ff841)> (target MAGLEV) OSR - took 0.000, 0.164, 0.001 ms]
[compiling method 0x0ebc15262d89 <JSFunction __importStar (sfi = 0x482f32ff841)> (target TURBOFAN_JS) OSR, mode: ConcurrencyMode::kConcurrent]
[bailout (kind: deopt-eager, reason: Insufficient type feedback for call): begin. deoptimizing 0x0ebc15262d89 <JSFunction __importStar (sfi = 0x482f32ff841)>, 0x05efea885f89 <Code MAGLEV>, opt id 166, bytecode offset 90, deopt exit 11, FP to SP delta 112, caller SP 0x00016adfde20, pc 0x00011bb6e9e0]
[completed compiling 0x3cd298686db9 <JSFunction __importStar (sfi = 0x21f707a3831)> (target TURBOFAN_JS) OSR - took 0.001, 1.660, 0.008 ms]
[completed optimizing 0x3cd298686db9 <JSFunction __importStar (sfi = 0x21f707a3831)> (target TURBOFAN_JS) OSR]
[marking 0x0de941d5f7f1 <JSFunction (sfi = 0x24d10e554509)> for optimization to MAGLEV, ConcurrencyMode::kConcurrent, reason: hot and stable]
[compiling method 0x0de941d5f7f1 <JSFunction (sfi = 0x24d10e554509)> (target MAGLEV), mode: ConcurrencyMode::kConcurrent]
[marking 0x0de941d5f961 <JSFunction __importStar (sfi = 0x24d10e5557d9)> for optimization to MAGLEV, ConcurrencyMode::kConcurrent, reason: hot and stable]
[completed compiling 0x0de941d5f7f1 <JSFunction (sfi = 0x24d10e554509)> (target MAGLEV) - took 0.000, 0.114, 0.002 ms]
[compiling method 0x0de941d5f961 <JSFunction __importStar (sfi = 0x24d10e5557d9)> (target MAGLEV) OSR, mode: ConcurrencyMode::kConcurrent]
[completed compiling 0x0de941d5f961 <JSFunction __importStar (sfi = 0x24d10e5557d9)> (target MAGLEV) OSR - took 0.000, 0.130, 0.002 ms]
[compiling method 0x0de941d5f961 <JSFunction __importStar (sfi = 0x24d10e5557d9)> (target TURBOFAN_JS) OSR, mode: ConcurrencyMode::kConcurrent]
[completed compiling 0x0ebc15262d89 <JSFunction __importStar (sfi = 0x482f32ff841)> (target TURBOFAN_JS) OSR - took 0.001, 1.707, 0.025 ms]
[completed optimizing 0x0ebc15262d89 <JSFunction __importStar (sfi = 0x482f32ff841)> (target TURBOFAN_JS) OSR]
[bailout (kind: deopt-eager, reason: Insufficient type feedback for call): begin. deoptimizing 0x0de941d5f961 <JSFunction __importStar (sfi = 0x24d10e5557d9)>, 0x05efea886ae9 <Code MAGLEV>, opt id 169, bytecode offset 90, deopt exit 11, FP to SP delta 112, caller SP 0x00016adfd9c0, pc 0x00011bccbc60]
[marking 0x37d0a2128f71 <JSFunction (sfi = 0x24d10e566ca9)> for optimization to MAGLEV, ConcurrencyMode::kConcurrent, reason: hot and stable]
[compiling method 0x37d0a2128f71 <JSFunction (sfi = 0x24d10e566ca9)> (target MAGLEV), mode: ConcurrencyMode::kConcurrent]
[completed compiling 0x0de941d5f961 <JSFunction __importStar (sfi = 0x24d10e5557d9)> (target TURBOFAN_JS) OSR - took 0.001, 1.694, 0.017 ms]
[completed optimizing 0x0de941d5f961 <JSFunction __importStar (sfi = 0x24d10e5557d9)> (target TURBOFAN_JS) OSR]
[completed compiling 0x37d0a2128f71 <JSFunction (sfi = 0x24d10e566ca9)> (target MAGLEV) - took 0.000, 0.117, 0.002 ms]
[marking 0x37d0a21290e1 <JSFunction __importStar (sfi = 0x24d10e567591)> for optimization to MAGLEV, ConcurrencyMode::kConcurrent, reason: hot and stable]
[compiling method 0x37d0a21290e1 <JSFunction __importStar (sfi = 0x24d10e567591)> (target MAGLEV) OSR, mode: ConcurrencyMode::kConcurrent]
[completed compiling 0x37d0a21290e1 <JSFunction __importStar (sfi = 0x24d10e567591)> (target MAGLEV) OSR - took 0.001, 0.111, 0.001 ms]
[compiling method 0x37d0a21290e1 <JSFunction __importStar (sfi = 0x24d10e567591)> (target TURBOFAN_JS) OSR, mode: ConcurrencyMode::kConcurrent]
[bailout (kind: deopt-eager, reason: Insufficient type feedback for call): begin. deoptimizing 0x37d0a21290e1 <JSFunction __importStar (sfi = 0x24d10e567591)>, 0x05efea887649 <Code MAGLEV>, opt id 172, bytecode offset 90, deopt exit 11, FP to SP delta 112, caller SP 0x00016adfddf0, pc 0x00011bcccf20]
[marking 0x274faea34c71 <JSFunction (sfi = 0x24d10e577701)> for optimization to MAGLEV, ConcurrencyMode::kConcurrent, reason: hot and stable]
[compiling method 0x274faea34c71 <JSFunction (sfi = 0x24d10e577701)> (target MAGLEV), mode: ConcurrencyMode::kConcurrent]
[marking 0x274faea34de1 <JSFunction __importStar (sfi = 0x24d10e577f01)> for optimization to MAGLEV, ConcurrencyMode::kConcurrent, reason: hot and stable]
[completed compiling 0x274faea34c71 <JSFunction (sfi = 0x24d10e577701)> (target MAGLEV) - took 0.001, 0.123, 0.003 ms]
[completed compiling 0x37d0a21290e1 <JSFunction __importStar (sfi = 0x24d10e567591)> (target TURBOFAN_JS) OSR - took 0.001, 1.461, 0.007 ms]
[completed optimizing 0x37d0a21290e1 <JSFunction __importStar (sfi = 0x24d10e567591)> (target TURBOFAN_JS) OSR]
[compiling method 0x274faea34de1 <JSFunction __importStar (sfi = 0x24d10e577f01)> (target MAGLEV) OSR, mode: ConcurrencyMode::kConcurrent]
[completed compiling 0x274faea34de1 <JSFunction __importStar (sfi = 0x24d10e577f01)> (target MAGLEV) OSR - took 0.000, 0.082, 0.000 ms]
[compiling method 0x274faea34de1 <JSFunction __importStar (sfi = 0x24d10e577f01)> (target TURBOFAN_JS) OSR, mode: ConcurrencyMode::kConcurrent]
[bailout (kind: deopt-eager, reason: Insufficient type feedback for call): begin. deoptimizing 0x274faea34de1 <JSFunction __importStar (sfi = 0x24d10e577f01)>, 0x05efea887fa9 <Code MAGLEV>, opt id 175, bytecode offset 90, deopt exit 11, FP to SP delta 112, caller SP 0x00016adfd9f0, pc 0x00011bcce2c0]
[marking 0x0b6ac1aedfd1 <JSFunction tryFile (sfi = 0x3a865ebc76a9)> for optimization to MAGLEV, ConcurrencyMode::kConcurrent, reason: hot and stable]
[marking 0x1f0e40e36351 <JSFunction (sfi = 0x1055b698c531)> for optimization to MAGLEV, ConcurrencyMode::kConcurrent, reason: hot and stable]
[compiling method 0x1f0e40e36351 <JSFunction (sfi = 0x1055b698c531)> (target MAGLEV), mode: ConcurrencyMode::kConcurrent]
[completed compiling 0x274faea34de1 <JSFunction __importStar (sfi = 0x24d10e577f01)> (target TURBOFAN_JS) OSR - took 0.001, 1.761, 0.023 ms]
[completed optimizing 0x274faea34de1 <JSFunction __importStar (sfi = 0x24d10e577f01)> (target TURBOFAN_JS) OSR]
[completed compiling 0x1f0e40e36351 <JSFunction (sfi = 0x1055b698c531)> (target MAGLEV) - took 0.000, 0.157, 0.002 ms]
[marking 0x1f0e40e364c1 <JSFunction __importStar (sfi = 0x1055b698d111)> for optimization to MAGLEV, ConcurrencyMode::kConcurrent, reason: hot and stable]
[compiling method 0x1f0e40e364c1 <JSFunction __importStar (sfi = 0x1055b698d111)> (target MAGLEV) OSR, mode: ConcurrencyMode::kConcurrent]
[completed compiling 0x1f0e40e364c1 <JSFunction __importStar (sfi = 0x1055b698d111)> (target MAGLEV) OSR - took 0.000, 0.120, 0.001 ms]
[compiling method 0x1f0e40e364c1 <JSFunction __importStar (sfi = 0x1055b698d111)> (target TURBOFAN_JS) OSR, mode: ConcurrencyMode::kConcurrent]
[bailout (kind: deopt-eager, reason: Insufficient type feedback for call): begin. deoptimizing 0x1f0e40e364c1 <JSFunction __importStar (sfi = 0x1055b698d111)>, 0x05efea888b09 <Code MAGLEV>, opt id 178, bytecode offset 90, deopt exit 11, FP to SP delta 112, caller SP 0x00016adfddb0, pc 0x00011bccf580]
[compiling method 0x0b6ac1aedfd1 <JSFunction tryFile (sfi = 0x3a865ebc76a9)> (target MAGLEV), mode: ConcurrencyMode::kConcurrent]
[completed compiling 0x0b6ac1aedfd1 <JSFunction tryFile (sfi = 0x3a865ebc76a9)> (target MAGLEV) - took 0.000, 0.068, 0.000 ms]
[completed compiling 0x1f0e40e364c1 <JSFunction __importStar (sfi = 0x1055b698d111)> (target TURBOFAN_JS) OSR - took 0.002, 1.264, 0.011 ms]
[completed optimizing 0x1f0e40e364c1 <JSFunction __importStar (sfi = 0x1055b698d111)> (target TURBOFAN_JS) OSR]
[marking 0x0bd76aa78221 <JSFunction (sfi = 0x1055b699d131)> for optimization to MAGLEV, ConcurrencyMode::kConcurrent, reason: hot and stable]
[compiling method 0x0bd76aa78221 <JSFunction (sfi = 0x1055b699d131)> (target MAGLEV), mode: ConcurrencyMode::kConcurrent]
[marking 0x0bd76aa78391 <JSFunction __importStar (sfi = 0x1055b699d5b9)> for optimization to MAGLEV, ConcurrencyMode::kConcurrent, reason: hot and stable]
[completed compiling 0x0bd76aa78221 <JSFunction (sfi = 0x1055b699d131)> (target MAGLEV) - took 0.000, 0.135, 0.002 ms]
[compiling method 0x0bd76aa78391 <JSFunction __importStar (sfi = 0x1055b699d5b9)> (target MAGLEV) OSR, mode: ConcurrencyMode::kConcurrent]
[completed compiling 0x0bd76aa78391 <JSFunction __importStar (sfi = 0x1055b699d5b9)> (target MAGLEV) OSR - took 0.001, 0.082, 0.001 ms]
[compiling method 0x0bd76aa78391 <JSFunction __importStar (sfi = 0x1055b699d5b9)> (target TURBOFAN_JS) OSR, mode: ConcurrencyMode::kConcurrent]
[bailout (kind: deopt-eager, reason: Insufficient type feedback for call): begin. deoptimizing 0x0bd76aa78391 <JSFunction __importStar (sfi = 0x1055b699d5b9)>, 0x05efea889a21 <Code MAGLEV>, opt id 182, bytecode offset 90, deopt exit 11, FP to SP delta 112, caller SP 0x00016adfd9f0, pc 0x00011bcd0ce0]
[marking 0x3fb1d12aec01 <JSFunction (sfi = 0x1055b69ac9e1)> for optimization to MAGLEV, ConcurrencyMode::kConcurrent, reason: hot and stable]
[compiling method 0x3fb1d12aec01 <JSFunction (sfi = 0x1055b69ac9e1)> (target MAGLEV), mode: ConcurrencyMode::kConcurrent]
[marking 0x3fb1d12aed71 <JSFunction __importStar (sfi = 0x1055b69ace11)> for optimization to MAGLEV, ConcurrencyMode::kConcurrent, reason: hot and stable]
[completed compiling 0x3fb1d12aec01 <JSFunction (sfi = 0x1055b69ac9e1)> (target MAGLEV) - took 0.000, 0.113, 0.003 ms]
[compiling method 0x3fb1d12aed71 <JSFunction __importStar (sfi = 0x1055b69ace11)> (target MAGLEV) OSR, mode: ConcurrencyMode::kConcurrent]
[completed compiling 0x0bd76aa78391 <JSFunction __importStar (sfi = 0x1055b699d5b9)> (target TURBOFAN_JS) OSR - took 0.001, 1.532, 0.008 ms]
[completed optimizing 0x0bd76aa78391 <JSFunction __importStar (sfi = 0x1055b699d5b9)> (target TURBOFAN_JS) OSR]
[completed compiling 0x3fb1d12aed71 <JSFunction __importStar (sfi = 0x1055b69ace11)> (target MAGLEV) OSR - took 0.000, 0.129, 0.001 ms]
[compiling method 0x3fb1d12aed71 <JSFunction __importStar (sfi = 0x1055b69ace11)> (target TURBOFAN_JS) OSR, mode: ConcurrencyMode::kConcurrent]
[bailout (kind: deopt-eager, reason: Insufficient type feedback for call): begin. deoptimizing 0x3fb1d12aed71 <JSFunction __importStar (sfi = 0x1055b69ace11)>, 0x05efea88a3e9 <Code MAGLEV>, opt id 185, bytecode offset 90, deopt exit 11, FP to SP delta 112, caller SP 0x00016adfe280, pc 0x00011bcd18c0]
[completed compiling 0x3fb1d12aed71 <JSFunction __importStar (sfi = 0x1055b69ace11)> (target TURBOFAN_JS) OSR - took 0.001, 1.874, 0.024 ms]
[completed optimizing 0x3fb1d12aed71 <JSFunction __importStar (sfi = 0x1055b69ace11)> (target TURBOFAN_JS) OSR]
[marking 0x2aa684e38bf9 <JSFunction (sfi = 0x1055b69be959)> for optimization to MAGLEV, ConcurrencyMode::kConcurrent, reason: hot and stable]
[compiling method 0x2aa684e38bf9 <JSFunction (sfi = 0x1055b69be959)> (target MAGLEV), mode: ConcurrencyMode::kConcurrent]
[marking 0x2aa684e38d69 <JSFunction __importStar (sfi = 0x1055b69bf101)> for optimization to MAGLEV, ConcurrencyMode::kConcurrent, reason: hot and stable]
[completed compiling 0x2aa684e38bf9 <JSFunction (sfi = 0x1055b69be959)> (target MAGLEV) - took 0.000, 0.119, 0.002 ms]
[compiling method 0x2aa684e38d69 <JSFunction __importStar (sfi = 0x1055b69bf101)> (target MAGLEV) OSR, mode: ConcurrencyMode::kConcurrent]
[completed compiling 0x2aa684e38d69 <JSFunction __importStar (sfi = 0x1055b69bf101)> (target MAGLEV) OSR - took 0.000, 0.095, 0.001 ms]
[compiling method 0x2aa684e38d69 <JSFunction __importStar (sfi = 0x1055b69bf101)> (target TURBOFAN_JS) OSR, mode: ConcurrencyMode::kConcurrent]
[bailout (kind: deopt-eager, reason: Insufficient type feedback for call): begin. deoptimizing 0x2aa684e38d69 <JSFunction __importStar (sfi = 0x1055b69bf101)>, 0x05efea88b021 <Code MAGLEV>, opt id 188, bytecode offset 90, deopt exit 11, FP to SP delta 112, caller SP 0x00016adfe250, pc 0x00011bcd2f00]
[marking 0x0f9350938819 <JSFunction (sfi = 0x2d35e155acb1)> for optimization to MAGLEV, ConcurrencyMode::kConcurrent, reason: hot and stable]
[compiling method 0x0f9350938819 <JSFunction (sfi = 0x2d35e155acb1)> (target MAGLEV), mode: ConcurrencyMode::kConcurrent]
[marking 0x0f9350938989 <JSFunction __importStar (sfi = 0x2d35e155b291)> for optimization to MAGLEV, ConcurrencyMode::kConcurrent, reason: hot and stable]
[completed compiling 0x0f9350938819 <JSFunction (sfi = 0x2d35e155acb1)> (target MAGLEV) - took 0.000, 0.111, 0.003 ms]
[compiling method 0x0f9350938989 <JSFunction __importStar (sfi = 0x2d35e155b291)> (target MAGLEV) OSR, mode: ConcurrencyMode::kConcurrent]
[completed compiling 0x2aa684e38d69 <JSFunction __importStar (sfi = 0x1055b69bf101)> (target TURBOFAN_JS) OSR - took 0.002, 1.546, 0.016 ms]
[completed optimizing 0x2aa684e38d69 <JSFunction __importStar (sfi = 0x1055b69bf101)> (target TURBOFAN_JS) OSR]
[completed compiling 0x0f9350938989 <JSFunction __importStar (sfi = 0x2d35e155b291)> (target MAGLEV) OSR - took 0.000, 0.116, 0.001 ms]
[compiling method 0x0f9350938989 <JSFunction __importStar (sfi = 0x2d35e155b291)> (target TURBOFAN_JS) OSR, mode: ConcurrencyMode::kConcurrent]
[bailout (kind: deopt-eager, reason: Insufficient type feedback for call): begin. deoptimizing 0x0f9350938989 <JSFunction __importStar (sfi = 0x2d35e155b291)>, 0x05efea88bb81 <Code MAGLEV>, opt id 191, bytecode offset 90, deopt exit 11, FP to SP delta 112, caller SP 0x00016adfe6f0, pc 0x00011bcd41c0]
[marking 0x0711a8e03a29 <JSFunction (sfi = 0x2d35e156b0f1)> for optimization to MAGLEV, ConcurrencyMode::kConcurrent, reason: hot and stable]
[compiling method 0x0711a8e03a29 <JSFunction (sfi = 0x2d35e156b0f1)> (target MAGLEV), mode: ConcurrencyMode::kConcurrent]
[marking 0x0711a8e03b99 <JSFunction __importStar (sfi = 0x2d35e156b771)> for optimization to MAGLEV, ConcurrencyMode::kConcurrent, reason: hot and stable]
[compiling method 0x0711a8e03b99 <JSFunction __importStar (sfi = 0x2d35e156b771)> (target MAGLEV) OSR, mode: ConcurrencyMode::kConcurrent]
[completed compiling 0x0711a8e03a29 <JSFunction (sfi = 0x2d35e156b0f1)> (target MAGLEV) - took 0.000, 0.097, 0.003 ms]
[completed compiling 0x0f9350938989 <JSFunction __importStar (sfi = 0x2d35e155b291)> (target TURBOFAN_JS) OSR - took 0.001, 1.355, 0.016 ms]
[completed optimizing 0x0f9350938989 <JSFunction __importStar (sfi = 0x2d35e155b291)> (target TURBOFAN_JS) OSR]
[completed compiling 0x0711a8e03b99 <JSFunction __importStar (sfi = 0x2d35e156b771)> (target MAGLEV) OSR - took 0.000, 0.128, 0.001 ms]
[compiling method 0x0711a8e03b99 <JSFunction __importStar (sfi = 0x2d35e156b771)> (target TURBOFAN_JS) OSR, mode: ConcurrencyMode::kConcurrent]
[bailout (kind: deopt-eager, reason: Insufficient type feedback for call): begin. deoptimizing 0x0711a8e03b99 <JSFunction __importStar (sfi = 0x2d35e156b771)>, 0x05efea88c7a1 <Code MAGLEV>, opt id 194, bytecode offset 90, deopt exit 11, FP to SP delta 112, caller SP 0x00016adfe300, pc 0x00011bcd57e0]
[marking 0x227c85b4bbf9 <JSFunction (sfi = 0x2d35e157f441)> for optimization to MAGLEV, ConcurrencyMode::kConcurrent, reason: hot and stable]
[compiling method 0x227c85b4bbf9 <JSFunction (sfi = 0x2d35e157f441)> (target MAGLEV), mode: ConcurrencyMode::kConcurrent]
[marking 0x227c85b4bd69 <JSFunction __importStar (sfi = 0x27700805c8e9)> for optimization to MAGLEV, ConcurrencyMode::kConcurrent, reason: hot and stable]
[completed compiling 0x0711a8e03b99 <JSFunction __importStar (sfi = 0x2d35e156b771)> (target TURBOFAN_JS) OSR - took 0.001, 1.598, 0.009 ms]
[completed optimizing 0x0711a8e03b99 <JSFunction __importStar (sfi = 0x2d35e156b771)> (target TURBOFAN_JS) OSR]
[completed compiling 0x227c85b4bbf9 <JSFunction (sfi = 0x2d35e157f441)> (target MAGLEV) - took 0.000, 0.101, 0.003 ms]
[compiling method 0x227c85b4bd69 <JSFunction __importStar (sfi = 0x27700805c8e9)> (target MAGLEV) OSR, mode: ConcurrencyMode::kConcurrent]
[completed compiling 0x227c85b4bd69 <JSFunction __importStar (sfi = 0x27700805c8e9)> (target MAGLEV) OSR - took 0.000, 0.130, 0.001 ms]
[compiling method 0x227c85b4bd69 <JSFunction __importStar (sfi = 0x27700805c8e9)> (target TURBOFAN_JS) OSR, mode: ConcurrencyMode::kConcurrent]
[marking 0x0cacf8e5eab1 <JSFunction (sfi = 0x27700806bb59)> for optimization to MAGLEV, ConcurrencyMode::kConcurrent, reason: hot and stable]
[compiling method 0x0cacf8e5eab1 <JSFunction (sfi = 0x27700806bb59)> (target MAGLEV), mode: ConcurrencyMode::kConcurrent]
[completed compiling 0x227c85b4bd69 <JSFunction __importStar (sfi = 0x27700805c8e9)> (target TURBOFAN_JS) OSR - took 0.001, 1.252, 0.032 ms]
[completed optimizing 0x227c85b4bd69 <JSFunction __importStar (sfi = 0x27700805c8e9)> (target TURBOFAN_JS) OSR]
[completed compiling 0x0cacf8e5eab1 <JSFunction (sfi = 0x27700806bb59)> (target MAGLEV) - took 0.000, 0.107, 0.006 ms]
[marking 0x0cacf8e5ec21 <JSFunction __importStar (sfi = 0x27700806c231)> for optimization to MAGLEV, ConcurrencyMode::kConcurrent, reason: hot and stable]
[compiling method 0x0cacf8e5ec21 <JSFunction __importStar (sfi = 0x27700806c231)> (target MAGLEV) OSR, mode: ConcurrencyMode::kConcurrent]
[completed compiling 0x0cacf8e5ec21 <JSFunction __importStar (sfi = 0x27700806c231)> (target MAGLEV) OSR - took 0.000, 0.174, 0.001 ms]
[compiling method 0x0cacf8e5ec21 <JSFunction __importStar (sfi = 0x27700806c231)> (target TURBOFAN_JS) OSR, mode: ConcurrencyMode::kConcurrent]
[bailout (kind: deopt-eager, reason: Insufficient type feedback for call): begin. deoptimizing 0x0cacf8e5ec21 <JSFunction __importStar (sfi = 0x27700806c231)>, 0x05efea88def9 <Code MAGLEV>, opt id 200, bytecode offset 90, deopt exit 11, FP to SP delta 112, caller SP 0x00016adfe240, pc 0x00011bcd7f80]
[marking 0x184e1d51d719 <JSFunction (sfi = 0x27700807b2d1)> for optimization to MAGLEV, ConcurrencyMode::kConcurrent, reason: hot and stable]
[compiling method 0x184e1d51d719 <JSFunction (sfi = 0x27700807b2d1)> (target MAGLEV), mode: ConcurrencyMode::kConcurrent]
[42719:0x76d40c000:0]     1356 ms: GC: {"pause":1.592,"mutator":779.647,"gc":"s","reduce_memory":false,"time_to_safepoint":0,"stack":true,"reason":"allocation failure","collector_reason":"","start_object_size":74827952,"end_object_size":66325848,"start_memory_size":92536832,"end_memory_size":96206848,"start_holes_size":666680,"end_holes_size":1404592,"pool_local_chunks":0,"pool_shared_chunks":0,"pool_total_chunks":0,"new_space_capacity":33554432,"old_gen_allocation_limit":70097671,"global_allocation_limit":70097721,"allocation_throughput":258394,"new_space_allocation_throughput":162634,"new_space_survive_rate":29.6214,"allocated":49321144,"promoted":2931880,"new_space_survived":4969336,"nodes_died_in_new":0,"nodes_copied_in_new":0,"nodes_promoted":0,"promotion_ratio":17.4764,"average_survival_ratio":55.2019,"promotion_rate":98.413,"during_sweeping":true,"heap.prologue":0,"heap.epilogue":0.001,"heap.external.prologue":0,"heap.external.epilogue":0,"heap.external_weak_global_handles":0,"complete.sweep_array_buffers":0,"scavenge":1.547,"scavenge.free_remembered_set":0.018,"scavenge.roots":0.056,"scavenge.weak":0,"scavenge.weak_global_handles.identify":0,"scavenge.weak_global_handles.process":0.001,"scavenge.parallel":1.372,"scavenge.pin_objects_conservative":0,"scavenge.pin_objects_precise":0,"scavenge.restore_pinned":0.006,"scavenge.sweep_array_buffers":0.003,"scavenge.resize_new_space":0,"background.scavenge.parallel":2.862,"incremental.steps_count":0,"incremental.steps_took":0,"scavenge_throughput":6.01093e+06,"quarantined_size":0,"quarantined_pages":0}
[marking 0x20ada1440141 <JSFunction __importStar (sfi = 0x27700807bad9)> for optimization to MAGLEV, ConcurrencyMode::kConcurrent, reason: hot and stable]
[completed compiling 0x20ada1456131 <JSFunction __importStar (sfi = 0x27700806c231)> (target TURBOFAN_JS) OSR - took 0.015, 2.984, 0.017 ms]
[completed optimizing 0x20ada1456131 <JSFunction __importStar (sfi = 0x27700806c231)> (target TURBOFAN_JS) OSR]
[completed compiling 0x20ada14400b1 <JSFunction (sfi = 0x27700807b2d1)> (target MAGLEV) - took 0.000, 1.787, 0.002 ms]
[compiling method 0x20ada1440141 <JSFunction __importStar (sfi = 0x27700807bad9)> (target MAGLEV) OSR, mode: ConcurrencyMode::kConcurrent]
[completed compiling 0x20ada1440141 <JSFunction __importStar (sfi = 0x27700807bad9)> (target MAGLEV) OSR - took 0.000, 0.105, 0.001 ms]
[compiling method 0x20ada1440141 <JSFunction __importStar (sfi = 0x27700807bad9)> (target TURBOFAN_JS) OSR, mode: ConcurrencyMode::kConcurrent]
[bailout (kind: deopt-eager, reason: Insufficient type feedback for call): begin. deoptimizing 0x20ada1440141 <JSFunction __importStar (sfi = 0x27700807bad9)>, 0x05efea88ea59 <Code MAGLEV>, opt id 203, bytecode offset 90, deopt exit 11, FP to SP delta 112, caller SP 0x00016adfe220, pc 0x00011bcd9240]
[marking 0x1e3d05db4ba1 <JSFunction (sfi = 0x18b618ff0349)> for optimization to MAGLEV, ConcurrencyMode::kConcurrent, reason: hot and stable]
[compiling method 0x1e3d05db4ba1 <JSFunction (sfi = 0x18b618ff0349)> (target MAGLEV), mode: ConcurrencyMode::kConcurrent]
[completed compiling 0x20ada1440141 <JSFunction __importStar (sfi = 0x27700807bad9)> (target TURBOFAN_JS) OSR - took 0.001, 1.883, 0.016 ms]
[completed optimizing 0x20ada1440141 <JSFunction __importStar (sfi = 0x27700807bad9)> (target TURBOFAN_JS) OSR]
[completed compiling 0x1e3d05db4ba1 <JSFunction (sfi = 0x18b618ff0349)> (target MAGLEV) - took 0.000, 0.211, 0.003 ms]
[marking 0x1e3d05db4d11 <JSFunction __importStar (sfi = 0x18b618ff0a89)> for optimization to MAGLEV, ConcurrencyMode::kConcurrent, reason: hot and stable]
[compiling method 0x1e3d05db4d11 <JSFunction __importStar (sfi = 0x18b618ff0a89)> (target MAGLEV) OSR, mode: ConcurrencyMode::kConcurrent]
[completed compiling 0x1e3d05db4d11 <JSFunction __importStar (sfi = 0x18b618ff0a89)> (target MAGLEV) OSR - took 0.000, 0.096, 0.001 ms]
[compiling method 0x1e3d05db4d11 <JSFunction __importStar (sfi = 0x18b618ff0a89)> (target TURBOFAN_JS) OSR, mode: ConcurrencyMode::kConcurrent]
[bailout (kind: deopt-eager, reason: Insufficient type feedback for call): begin. deoptimizing 0x1e3d05db4d11 <JSFunction __importStar (sfi = 0x18b618ff0a89)>, 0x05efea88f5b9 <Code MAGLEV>, opt id 206, bytecode offset 90, deopt exit 11, FP to SP delta 112, caller SP 0x00016adfe6d0, pc 0x00011bcda500]
[marking 0x27899d9b4e11 <JSFunction (sfi = 0x18b618fffbe1)> for optimization to MAGLEV, ConcurrencyMode::kConcurrent, reason: hot and stable]
[compiling method 0x27899d9b4e11 <JSFunction (sfi = 0x18b618fffbe1)> (target MAGLEV), mode: ConcurrencyMode::kConcurrent]
[marking 0x27899d9b4f81 <JSFunction __importStar (sfi = 0x283455caf771)> for optimization to MAGLEV, ConcurrencyMode::kConcurrent, reason: hot and stable]
[completed compiling 0x27899d9b4e11 <JSFunction (sfi = 0x18b618fffbe1)> (target MAGLEV) - took 0.000, 0.120, 0.003 ms]
[compiling method 0x27899d9b4f81 <JSFunction __importStar (sfi = 0x283455caf771)> (target MAGLEV) OSR, mode: ConcurrencyMode::kConcurrent]
[completed compiling 0x27899d9b4f81 <JSFunction __importStar (sfi = 0x283455caf771)> (target MAGLEV) OSR - took 0.000, 0.105, 0.001 ms]
[completed compiling 0x1e3d05db4d11 <JSFunction __importStar (sfi = 0x18b618ff0a89)> (target TURBOFAN_JS) OSR - took 0.001, 1.558, 0.008 ms]
[completed optimizing 0x1e3d05db4d11 <JSFunction __importStar (sfi = 0x18b618ff0a89)> (target TURBOFAN_JS) OSR]
[compiling method 0x27899d9b4f81 <JSFunction __importStar (sfi = 0x283455caf771)> (target TURBOFAN_JS) OSR, mode: ConcurrencyMode::kConcurrent]
[marking 0x29a91c9f9631 <JSFunction (sfi = 0x283455cbf361)> for optimization to MAGLEV, ConcurrencyMode::kConcurrent, reason: hot and stable]
[compiling method 0x29a91c9f9631 <JSFunction (sfi = 0x283455cbf361)> (target MAGLEV), mode: ConcurrencyMode::kConcurrent]
[marking 0x29a91c9f97a1 <JSFunction __importStar (sfi = 0x283455cbfaa9)> for optimization to MAGLEV, ConcurrencyMode::kConcurrent, reason: hot and stable]
[completed compiling 0x29a91c9f9631 <JSFunction (sfi = 0x283455cbf361)> (target MAGLEV) - took 0.001, 0.144, 0.003 ms]
[completed compiling 0x27899d9b4f81 <JSFunction __importStar (sfi = 0x283455caf771)> (target TURBOFAN_JS) OSR - took 0.001, 1.283, 0.009 ms]
[completed optimizing 0x27899d9b4f81 <JSFunction __importStar (sfi = 0x283455caf771)> (target TURBOFAN_JS) OSR]
[compiling method 0x29a91c9f97a1 <JSFunction __importStar (sfi = 0x283455cbfaa9)> (target MAGLEV) OSR, mode: ConcurrencyMode::kConcurrent]
[completed compiling 0x29a91c9f97a1 <JSFunction __importStar (sfi = 0x283455cbfaa9)> (target MAGLEV) OSR - took 0.000, 0.082, 0.001 ms]
[compiling method 0x29a91c9f97a1 <JSFunction __importStar (sfi = 0x283455cbfaa9)> (target TURBOFAN_JS) OSR, mode: ConcurrencyMode::kConcurrent]
[bailout (kind: deopt-eager, reason: Insufficient type feedback for call): begin. deoptimizing 0x29a91c9f97a1 <JSFunction __importStar (sfi = 0x283455cbfaa9)>, 0x05efea890d11 <Code MAGLEV>, opt id 212, bytecode offset 90, deopt exit 11, FP to SP delta 112, caller SP 0x00016adfe6c0, pc 0x00011bcdcca0]
[marking 0x33974733c149 <JSFunction (sfi = 0x2b2de04ef1a1)> for optimization to MAGLEV, ConcurrencyMode::kConcurrent, reason: hot and stable]
[compiling method 0x33974733c149 <JSFunction (sfi = 0x2b2de04ef1a1)> (target MAGLEV), mode: ConcurrencyMode::kConcurrent]
[marking 0x33974733c2b9 <JSFunction __importStar (sfi = 0x2b2de04efe79)> for optimization to MAGLEV, ConcurrencyMode::kConcurrent, reason: hot and stable]
[compiling method 0x33974733c2b9 <JSFunction __importStar (sfi = 0x2b2de04efe79)> (target MAGLEV) OSR, mode: ConcurrencyMode::kConcurrent]
[completed compiling 0x33974733c149 <JSFunction (sfi = 0x2b2de04ef1a1)> (target MAGLEV) - took 0.000, 0.189, 0.002 ms]
[completed compiling 0x33974733c2b9 <JSFunction __importStar (sfi = 0x2b2de04efe79)> (target MAGLEV) OSR - took 0.000, 0.160, 0.001 ms]
[compiling method 0x33974733c2b9 <JSFunction __importStar (sfi = 0x2b2de04efe79)> (target TURBOFAN_JS) OSR, mode: ConcurrencyMode::kConcurrent]
[completed compiling 0x29a91c9f97a1 <JSFunction __importStar (sfi = 0x283455cbfaa9)> (target TURBOFAN_JS) OSR - took 0.001, 1.659, 0.007 ms]
[completed optimizing 0x29a91c9f97a1 <JSFunction __importStar (sfi = 0x283455cbfaa9)> (target TURBOFAN_JS) OSR]
[bailout (kind: deopt-eager, reason: Insufficient type feedback for call): begin. deoptimizing 0x33974733c2b9 <JSFunction __importStar (sfi = 0x2b2de04efe79)>, 0x05efea891871 <Code MAGLEV>, opt id 215, bytecode offset 90, deopt exit 11, FP to SP delta 112, caller SP 0x00016adfe650, pc 0x00011bcddf60]
[completed compiling 0x33974733c2b9 <JSFunction __importStar (sfi = 0x2b2de04efe79)> (target TURBOFAN_JS) OSR - took 0.001, 1.521, 0.010 ms]
[completed optimizing 0x33974733c2b9 <JSFunction __importStar (sfi = 0x2b2de04efe79)> (target TURBOFAN_JS) OSR]
[compiling method 0x1221b1973659 <JSFunction skipWhiteSpace (sfi = 0x2a9de25d4ae1)> (target MAGLEV), mode: ConcurrencyMode::kConcurrent]
[compiling method 0x1221b1973879 <JSFunction tokenStart (sfi = 0x2a9de25d4d21)> (target MAGLEV), mode: ConcurrencyMode::kConcurrent]
[compiling method 0x1221b19738b9 <JSFunction tokenEnd (sfi = 0x2a9de25d4d69)> (target MAGLEV), mode: ConcurrencyMode::kConcurrent]
[completed compiling 0x1221b1973879 <JSFunction tokenStart (sfi = 0x2a9de25d4d21)> (target MAGLEV) - took 0.000, 0.039, 0.001 ms]
[completed compiling 0x1221b19738b9 <JSFunction tokenEnd (sfi = 0x2a9de25d4d69)> (target MAGLEV) - took 0.001, 0.011, 0.000 ms]
[compiling method 0x1221b1973819 <JSFunction parseString (sfi = 0x2a9de25d4cd9)> (target MAGLEV), mode: ConcurrencyMode::kConcurrent]
[marking 0x2a9de25d3e11 <JSFunction isLineTerminator (sfi = 0x2a9de25d3af9)> for optimization to MAGLEV, ConcurrencyMode::kConcurrent, reason: hot and stable]
[compiling method 0x2a9de25d3e11 <JSFunction isLineTerminator (sfi = 0x2a9de25d3af9)> (target MAGLEV), mode: ConcurrencyMode::kConcurrent]
[completed compiling 0x1221b1973659 <JSFunction skipWhiteSpace (sfi = 0x2a9de25d4ae1)> (target MAGLEV) - took 0.000, 0.279, 0.001 ms]
[completed compiling 0x1221b1973819 <JSFunction parseString (sfi = 0x2a9de25d4cd9)> (target MAGLEV) - took 0.000, 0.164, 0.001 ms]
[completed compiling 0x2a9de25d3e11 <JSFunction isLineTerminator (sfi = 0x2a9de25d3af9)> (target MAGLEV) - took 0.000, 0.026, 0.000 ms]
[bailout (kind: deopt-eager, reason: wrong call target): begin. deoptimizing 0x1221b1973659 <JSFunction skipWhiteSpace (sfi = 0x2a9de25d4ae1)>, 0x05efea892cb9 <Code MAGLEV>, opt id 219, bytecode offset 58, deopt exit 9, FP to SP delta 48, caller SP 0x00016adfef48, pc 0x00011bcdf718]
[marking 0x2a9de25d3d01 <JSFunction isWhiteSpace (sfi = 0x2a9de25d3a69)> for optimization to MAGLEV, ConcurrencyMode::kConcurrent, reason: hot and stable]
[compiling method 0x2a9de25d3d01 <JSFunction isWhiteSpace (sfi = 0x2a9de25d3a69)> (target MAGLEV), mode: ConcurrencyMode::kConcurrent]
[completed compiling 0x2a9de25d3d01 <JSFunction isWhiteSpace (sfi = 0x2a9de25d3a69)> (target MAGLEV) - took 0.000, 0.056, 0.001 ms]
[marking 0x26a5ec240af1 <JSFunction fileURLToPath (sfi = 0x46ffaa0a009)> for optimization to MAGLEV, ConcurrencyMode::kConcurrent, reason: hot and stable]
[compiling method 0x26a5ec240af1 <JSFunction fileURLToPath (sfi = 0x46ffaa0a009)> (target MAGLEV), mode: ConcurrencyMode::kConcurrent]
[completed compiling 0x26a5ec240af1 <JSFunction fileURLToPath (sfi = 0x46ffaa0a009)> (target MAGLEV) - took 0.000, 0.216, 0.003 ms]
[marking 0x0c7787247e01 <JSFunction tryStatSync (sfi = 0x3f5962b0b559)> for optimization to MAGLEV, ConcurrencyMode::kConcurrent, reason: hot and stable]
[compiling method 0x0c7787247e01 <JSFunction tryStatSync (sfi = 0x3f5962b0b559)> (target MAGLEV), mode: ConcurrencyMode::kConcurrent]
[completed compiling 0x0c7787247e01 <JSFunction tryStatSync (sfi = 0x3f5962b0b559)> (target MAGLEV) - took 0.000, 0.237, 0.004 ms]
[marking 0x30f3b4743a91 <JSFunction isBuildingSnapshot (sfi = 0x2533553c9631)> for optimization to MAGLEV, ConcurrencyMode::kConcurrent, reason: hot and stable]
[compiling method 0x30f3b4743a91 <JSFunction isBuildingSnapshot (sfi = 0x2533553c9631)> (target MAGLEV), mode: ConcurrencyMode::kConcurrent]
[completed compiling 0x30f3b4743a91 <JSFunction isBuildingSnapshot (sfi = 0x2533553c9631)> (target MAGLEV) - took 0.000, 0.085, 0.002 ms]
[marking 0x0c7787247b41 <JSFunction isErrorStackTraceLimitWritable (sfi = 0x3f5962b0b121)> for optimization to MAGLEV, ConcurrencyMode::kConcurrent, reason: hot and stable]
[compiling method 0x0c7787247b41 <JSFunction isErrorStackTraceLimitWritable (sfi = 0x3f5962b0b121)> (target MAGLEV), mode: ConcurrencyMode::kConcurrent]
[completed compiling 0x0c7787247b41 <JSFunction isErrorStackTraceLimitWritable (sfi = 0x3f5962b0b121)> (target MAGLEV) - took 0.000, 0.169, 0.005 ms]
[bailout (kind: deopt-eager, reason: Insufficient type feedback for call): begin. deoptimizing 0x26a5ec2401f9 <JSFunction resolve (sfi = 0x2533553fc239)>, 0x214f84840cd9 <Code MAGLEV>, opt id 37, bytecode offset 216, deopt exit 15, FP to SP delta 128, caller SP 0x00016ae012e8, pc 0x00011bb1a3d8]
[marking dependent code 0x05efea880279 <Code MAGLEV> (0x05803b0ca499 <SharedFunctionInfo safeStringify>) (opt id 125) for deoptimization, reason: dependent prototype chain changed]
[42719:0x76d40c000:0]     1411 ms: GC: {"pause":2.046,"mutator":833.744,"gc":"mc","reduce_memory":false,"time_to_safepoint":0.015,"stack":true,"reason":"finalize incremental marking via task","collector_reason":"GC in old space requested","start_object_size":77578072,"end_object_size":64062112,"start_memory_size":97173504,"end_memory_size":98844672,"start_holes_size":832352,"end_holes_size":2156696,"pool_local_chunks":0,"pool_shared_chunks":0,"pool_total_chunks":0,"new_space_capacity":33554432,"old_gen_allocation_limit":70097671,"global_allocation_limit":70097721,"allocation_throughput":261975,"new_space_allocation_throughput":169454,"new_space_survive_rate":0,"allocated":52071264,"promoted":7102392,"new_space_survived":0,"nodes_died_in_new":18,"nodes_copied_in_new":0,"nodes_promoted":0,"promotion_ratio":47.1742,"average_survival_ratio":54.5218,"promotion_rate":142.924,"heap.prologue":0.001,"heap.embedder_tracing_epilogue":0.011,"heap.epilogue":0.001,"heap.external.prologue":0,"heap.external.epilogue":0,"heap.external.weak_global_handles":0.004,"clear":0.354,"clear.external_string_table":0.002,"clear.string_forwarding_table":0,"clear.weak_global_handles":0.025,"clear.dependent_code":0,"clear.maps":0.049,"clear.slots_buffer":0,"clear.weak_collections":0.003,"clear.weak_lists":0.016,"clear.weak_references_trivial":0.143,"clear.weak_references_non_trivial":0.024,"clear.js_weak_references":0.001,"clear.join_filter_job":0,"clear.join_job":0.308,"weakness_handling":0,"complete.sweep_array_buffers":0,"complete.sweeping":0,"epilogue":0,"evacuate":1.496,"evacuate.pin_pages":0,"evacuate.candidates":0,"evacuate.clean_up":0.001,"evacuate.copy":0.845,"evacuate.prologue":0.008,"evacuate.epilogue":0,"evacuate.rebalance":0,"evacuate.update_pointers":0.641,"evacuate.update_pointers.to_new_roots":0.456,"evacuate.update_pointers.slots.main":0.125,"evacuate.update_pointers.weak":0.002,"finish":0.016,"finish.sweep_array_buffers":0.002,"mark":0.062,"mark.finish_incremental":0.002,"mark.roots":0.033,"mark.full_closure_parallel":0.023,"mark.full_closure":0,"mark.ephemeron.marking":0.007,"mark.ephemeron.linear":0,"mark.embedder_prologue":0.005,"mark.embedder_tracing":0.001,"prologue":0.005,"sweep":0.117,"sweep.code":0.001,"sweep.map":0,"sweep.new":0,"sweep.new_lo":0.001,"sweep.old":0.017,"sweep.start_jobs":0.01,"is_incremental":true,"incremental":6.9,"incremental.finalize.external.prologue":0,"incremental.finalize.external.epilogue":0,"incremental.layout_change":0,"incremental.sweep_array_buffers":0.098,"incremental.sweeping":0,"incremental.embedder_tracing":0.043,"incremental_wrapper_tracing_longest_step":0.006,"incremental_longest_step":0.216,"incremental_steps_count":212,"incremental_marking_throughput":1.33232e+06,"incremental_walltime_duration":11.125,"background.mark":35.562,"background.sweep":0.132,"background.evacuate.copy":2.124,"background.evacuate.update_pointers":0.288,"conservative_stack_scanning":0,"compaction_speed":2.33565e+06}
[marking dependent code 0x193e3cdc1799 <Code MAGLEV> (0x046ffaa0aa59 <SharedFunctionInfo #updateContext>) (opt id 18) for deoptimization, reason: dependent prototype chain changed]
[marking 0x3dad643b16e1 <JSFunction addUneditedChunk (sfi = 0x1513d3dacc69)> for optimization to MAGLEV, ConcurrencyMode::kConcurrent, reason: hot and stable]
[marking 0x3dad643b41f9 <JSFunction write (sfi = 0x1513d3dab4f9)> for optimization to MAGLEV, ConcurrencyMode::kConcurrent, reason: hot and stable]
[compiling method 0x3dad643b41f9 <JSFunction write (sfi = 0x1513d3dab4f9)> (target MAGLEV), mode: ConcurrencyMode::kConcurrent]
[marking 0x0851d68f4101 <JSFunction encodeInteger (sfi = 0x1513d3d9c779)> for optimization to MAGLEV, ConcurrencyMode::kConcurrent, reason: hot and stable]
[compiling method 0x0851d68f4101 <JSFunction encodeInteger (sfi = 0x1513d3d9c779)> (target MAGLEV), mode: ConcurrencyMode::kConcurrent]
[completed compiling 0x3dad643b41f9 <JSFunction write (sfi = 0x1513d3dab4f9)> (target MAGLEV) - took 0.001, 0.155, 0.005 ms]
[completed compiling 0x0851d68f4101 <JSFunction encodeInteger (sfi = 0x1513d3d9c779)> (target MAGLEV) - took 0.000, 0.232, 0.024 ms]
[marking 0x26a5ec240389 <JSFunction #updateContext (sfi = 0x46ffaa0aa59)> for optimization to MAGLEV, ConcurrencyMode::kConcurrent, reason: hot and stable]
[compiling method 0x26a5ec240389 <JSFunction #updateContext (sfi = 0x46ffaa0aa59)> (target MAGLEV), mode: ConcurrencyMode::kConcurrent]
[completed compiling 0x26a5ec240389 <JSFunction #updateContext (sfi = 0x46ffaa0aa59)> (target MAGLEV) - took 0.000, 0.148, 0.005 ms]
[marking 0x07df6b5cafb1 <JSFunction B (sfi = 0x1513d3da2431)> for optimization to MAGLEV, ConcurrencyMode::kConcurrent, reason: hot and stable]
[compiling method 0x07df6b5cafb1 <JSFunction B (sfi = 0x1513d3da2431)> (target MAGLEV) OSR, mode: ConcurrencyMode::kConcurrent]
[completed compiling 0x07df6b5cafb1 <JSFunction B (sfi = 0x1513d3da2431)> (target MAGLEV) OSR - took 0.000, 0.119, 0.002 ms]
[marking 0x1181d2930719 <JSFunction visit (sfi = 0x1513d3daffa1)> for optimization to MAGLEV, ConcurrencyMode::kConcurrent, reason: hot and stable]
[compiling method 0x1181d2930719 <JSFunction visit (sfi = 0x1513d3daffa1)> (target MAGLEV), mode: ConcurrencyMode::kConcurrent]
[marking 0x21583ac54631 <JSFunction (sfi = 0x2603f2ff2381)> for optimization to MAGLEV, ConcurrencyMode::kConcurrent, reason: hot and stable]
[compiling method 0x21583ac54631 <JSFunction (sfi = 0x2603f2ff2381)> (target MAGLEV), mode: ConcurrencyMode::kConcurrent]
[completed compiling 0x21583ac54631 <JSFunction (sfi = 0x2603f2ff2381)> (target MAGLEV) - took 0.000, 0.078, 0.004 ms]
[completed compiling 0x1181d2930719 <JSFunction visit (sfi = 0x1513d3daffa1)> (target MAGLEV) - took 0.000, 0.596, 0.006 ms]
[marking 0x3dad643b16e1 <JSFunction addUneditedChunk (sfi = 0x1513d3dacc69)> for optimization to MAGLEV, ConcurrencyMode::kConcurrent, reason: hot and stable]
[compiling method 0x3dad643b16e1 <JSFunction addUneditedChunk (sfi = 0x1513d3dacc69)> (target MAGLEV), mode: ConcurrencyMode::kConcurrent]
[completed compiling 0x3dad643b16e1 <JSFunction addUneditedChunk (sfi = 0x1513d3dacc69)> (target MAGLEV) - took 0.000, 0.813, 0.010 ms]
[marking 0x3dad643b4151 <JSFunction next (sfi = 0x1513d3dab5d1)> for optimization to MAGLEV, ConcurrencyMode::kConcurrent, reason: hot and stable]
[compiling method 0x3dad643b4151 <JSFunction next (sfi = 0x1513d3dab5d1)> (target MAGLEV), mode: ConcurrencyMode::kConcurrent]
[marking 0x0851d68f40c1 <JSFunction decodeInteger (sfi = 0x1513d3d9c731)> for optimization to MAGLEV, ConcurrencyMode::kConcurrent, reason: hot and stable]
[compiling method 0x0851d68f40c1 <JSFunction decodeInteger (sfi = 0x1513d3d9c731)> (target MAGLEV), mode: ConcurrencyMode::kConcurrent]
[completed compiling 0x3dad643b4151 <JSFunction next (sfi = 0x1513d3dab5d1)> (target MAGLEV) - took 0.001, 0.061, 0.002 ms]
[marking 0x0851d68f4141 <JSFunction hasMoreVlq (sfi = 0x1513d3d9c7c1)> for optimization to MAGLEV, ConcurrencyMode::kConcurrent, reason: hot and stable]
[compiling method 0x0851d68f4141 <JSFunction hasMoreVlq (sfi = 0x1513d3d9c7c1)> (target MAGLEV), mode: ConcurrencyMode::kConcurrent]
[marking 0x3dad643b4189 <JSFunction peek (sfi = 0x1513d3dab619)> for optimization to MAGLEV, ConcurrencyMode::kConcurrent, reason: hot and stable]
[compiling method 0x3dad643b4189 <JSFunction peek (sfi = 0x1513d3dab619)> (target MAGLEV), mode: ConcurrencyMode::kConcurrent]
[completed compiling 0x0851d68f4141 <JSFunction hasMoreVlq (sfi = 0x1513d3d9c7c1)> (target MAGLEV) - took 0.000, 0.056, 0.002 ms]
[completed compiling 0x0851d68f40c1 <JSFunction decodeInteger (sfi = 0x1513d3d9c731)> (target MAGLEV) - took 0.000, 0.166, 0.002 ms]
[completed compiling 0x3dad643b4189 <JSFunction peek (sfi = 0x1513d3dab619)> (target MAGLEV) - took 0.000, 0.036, 0.001 ms]
[marking 0x0851d68f4919 <JSFunction binarySearch (sfi = 0x1513d3d9cec9)> for optimization to MAGLEV, ConcurrencyMode::kConcurrent, reason: hot and stable]
[compiling method 0x0851d68f4919 <JSFunction binarySearch (sfi = 0x1513d3d9cec9)> (target MAGLEV), mode: ConcurrencyMode::kConcurrent]
[marking 0x0851d68f4d99 <JSFunction cast (sfi = 0x1513d3d9d349)> for optimization to MAGLEV, ConcurrencyMode::kConcurrent, reason: hot and stable]
[compiling method 0x0851d68f4d99 <JSFunction cast (sfi = 0x1513d3d9d349)> (target MAGLEV), mode: ConcurrencyMode::kConcurrent]
[marking 0x0851d68f4ad9 <JSFunction cast$1 (sfi = 0x1513d3d9d079)> for optimization to MAGLEV, ConcurrencyMode::kConcurrent, reason: hot and stable]
[compiling method 0x0851d68f4ad9 <JSFunction cast$1 (sfi = 0x1513d3d9d079)> (target MAGLEV), mode: ConcurrencyMode::kConcurrent]
[completed compiling 0x0851d68f4d99 <JSFunction cast (sfi = 0x1513d3d9d349)> (target MAGLEV) - took 0.000, 0.017, 0.000 ms]
[marking 0x0851d68f5091 <JSFunction assert$2 (sfi = 0x1513d3d9d619)> for optimization to MAGLEV, ConcurrencyMode::kConcurrent, reason: hot and stable]
[completed compiling 0x0851d68f4ad9 <JSFunction cast$1 (sfi = 0x1513d3d9d079)> (target MAGLEV) - took 0.000, 0.011, 0.000 ms]
[marking 0x0851d68f4ed9 <JSFunction cast2 (sfi = 0x1513d3d9d469)> for optimization to MAGLEV, ConcurrencyMode::kConcurrent, reason: hot and stable]
[compiling method 0x0851d68f4ed9 <JSFunction cast2 (sfi = 0x1513d3d9d469)> (target MAGLEV), mode: ConcurrencyMode::kConcurrent]
[completed compiling 0x0851d68f4919 <JSFunction binarySearch (sfi = 0x1513d3d9cec9)> (target MAGLEV) - took 0.000, 0.138, 0.001 ms]
[compiling method 0x0851d68f5091 <JSFunction assert$2 (sfi = 0x1513d3d9d619)> (target MAGLEV), mode: ConcurrencyMode::kConcurrent]
[completed compiling 0x0851d68f4ed9 <JSFunction cast2 (sfi = 0x1513d3d9d469)> (target MAGLEV) - took 0.000, 0.025, 0.000 ms]
[completed compiling 0x0851d68f5091 <JSFunction assert$2 (sfi = 0x1513d3d9d619)> (target MAGLEV) - took 0.000, 0.011, 0.000 ms]
[marking 0x0851d68f4dd9 <JSFunction get$2 (sfi = 0x1513d3d9d391)> for optimization to MAGLEV, ConcurrencyMode::kConcurrent, reason: hot and stable]
[compiling method 0x0851d68f4dd9 <JSFunction get$2 (sfi = 0x1513d3d9d391)> (target MAGLEV), mode: ConcurrencyMode::kConcurrent]
[marking 0x0851d68f4f19 <JSFunction maybeAddSegment (sfi = 0x1513d3dab781)> for optimization to MAGLEV, ConcurrencyMode::kConcurrent, reason: hot and stable]
[compiling method 0x0851d68f4f19 <JSFunction maybeAddSegment (sfi = 0x1513d3dab781)> (target MAGLEV), mode: ConcurrencyMode::kConcurrent]
[completed compiling 0x0851d68f4dd9 <JSFunction get$2 (sfi = 0x1513d3d9d391)> (target MAGLEV) - took 0.000, 0.033, 0.001 ms]
[completed compiling 0x0851d68f4f19 <JSFunction maybeAddSegment (sfi = 0x1513d3dab781)> (target MAGLEV) - took 0.000, 0.025, 0.001 ms]
[marking 0x0851d68f50d1 <JSFunction getIndex (sfi = 0x1513d3d9d661)> for optimization to MAGLEV, ConcurrencyMode::kConcurrent, reason: hot and stable]
[compiling method 0x0851d68f50d1 <JSFunction getIndex (sfi = 0x1513d3d9d661)> (target MAGLEV), mode: ConcurrencyMode::kConcurrent]
[marking 0x0851d68f4b59 <JSFunction decodedMappings (sfi = 0x1513d3d9d109)> for optimization to MAGLEV, ConcurrencyMode::kConcurrent, reason: hot and stable]
[marking 0x0851d68f52b9 <JSFunction SegmentObject (sfi = 0x1513d3d9d811)> for optimization to MAGLEV, ConcurrencyMode::kConcurrent, reason: hot and stable]
[compiling method 0x0851d68f4b59 <JSFunction decodedMappings (sfi = 0x1513d3d9d109)> (target MAGLEV), mode: ConcurrencyMode::kConcurrent]
[marking 0x0851d68f4a19 <JSFunction memoizedBinarySearch (sfi = 0x1513d3d9cfe9)> for optimization to MAGLEV, ConcurrencyMode::kConcurrent, reason: hot and stable]
[marking 0x0851d68f4d19 <JSFunction traceSegmentInternal (sfi = 0x1513d3d9d301)> for optimization to MAGLEV, ConcurrencyMode::kConcurrent, reason: hot and stable]
[marking 0x0851d68f4b99 <JSFunction traceSegment (sfi = 0x1513d3d9d151)> for optimization to MAGLEV, ConcurrencyMode::kConcurrent, reason: hot and stable]
[compiling method 0x0851d68f52b9 <JSFunction SegmentObject (sfi = 0x1513d3d9d811)> (target MAGLEV), mode: ConcurrencyMode::kConcurrent]
[completed compiling 0x0851d68f50d1 <JSFunction getIndex (sfi = 0x1513d3d9d661)> (target MAGLEV) - took 0.000, 0.077, 0.001 ms]
[completed compiling 0x0851d68f4b59 <JSFunction decodedMappings (sfi = 0x1513d3d9d109)> (target MAGLEV) - took 0.000, 0.050, 0.000 ms]
[marking 0x0851d68f5111 <JSFunction getColumnIndex (sfi = 0x1513d3d9d6a9)> for optimization to MAGLEV, ConcurrencyMode::kConcurrent, reason: hot and stable]
[marking 0x0851d68f4f51 <JSFunction setSourceContent (sfi = 0x1513d3d9d4b1)> for optimization to MAGLEV, ConcurrencyMode::kConcurrent, reason: hot and stable]
[compiling method 0x0851d68f4b99 <JSFunction traceSegment (sfi = 0x1513d3d9d151)> (target MAGLEV), mode: ConcurrencyMode::kConcurrent]
[compiling method 0x0851d68f4d19 <JSFunction traceSegmentInternal (sfi = 0x1513d3d9d301)> (target MAGLEV), mode: ConcurrencyMode::kConcurrent]
[compiling method 0x0851d68f4a19 <JSFunction memoizedBinarySearch (sfi = 0x1513d3d9cfe9)> (target MAGLEV), mode: ConcurrencyMode::kConcurrent]
[completed compiling 0x0851d68f52b9 <JSFunction SegmentObject (sfi = 0x1513d3d9d811)> (target MAGLEV) - took 0.000, 0.110, 0.002 ms]
[compiling method 0x0851d68f5111 <JSFunction getColumnIndex (sfi = 0x1513d3d9d6a9)> (target MAGLEV), mode: ConcurrencyMode::kConcurrent]
[compiling method 0x0851d68f4f51 <JSFunction setSourceContent (sfi = 0x1513d3d9d4b1)> (target MAGLEV), mode: ConcurrencyMode::kConcurrent]
[marking 0x0851d68f53f9 <JSFunction originalPositionFor$1 (sfi = 0x1513d3d9d979)> for optimization to MAGLEV, ConcurrencyMode::kConcurrent, reason: hot and stable]
[completed compiling 0x0851d68f4d19 <JSFunction traceSegmentInternal (sfi = 0x1513d3d9d301)> (target MAGLEV) - took 0.000, 0.127, 0.001 ms]
[compiling method 0x0851d68f53f9 <JSFunction originalPositionFor$1 (sfi = 0x1513d3d9d979)> (target MAGLEV), mode: ConcurrencyMode::kConcurrent]
[completed compiling 0x0851d68f4b99 <JSFunction traceSegment (sfi = 0x1513d3d9d151)> (target MAGLEV) - took 0.000, 0.202, 0.002 ms]
[completed compiling 0x0851d68f5111 <JSFunction getColumnIndex (sfi = 0x1513d3d9d6a9)> (target MAGLEV) - took 0.000, 0.037, 0.000 ms]
[completed compiling 0x0851d68f4f51 <JSFunction setSourceContent (sfi = 0x1513d3d9d4b1)> (target MAGLEV) - took 0.000, 0.115, 0.002 ms]
[completed compiling 0x0851d68f4a19 <JSFunction memoizedBinarySearch (sfi = 0x1513d3d9cfe9)> (target MAGLEV) - took 0.000, 0.218, 0.000 ms]
[completed compiling 0x0851d68f53f9 <JSFunction originalPositionFor$1 (sfi = 0x1513d3d9d979)> (target MAGLEV) - took 0.001, 0.105, 0.002 ms]
[compiling method 0x07df6b5cafb1 <JSFunction B (sfi = 0x1513d3da2431)> (target MAGLEV), mode: ConcurrencyMode::kConcurrent]
[completed compiling 0x07df6b5cafb1 <JSFunction B (sfi = 0x1513d3da2431)> (target MAGLEV) - took 0.000, 0.085, 0.003 ms]
[bailout (kind: deopt-eager, reason: Insufficient type feedback for call): begin. deoptimizing 0x0851d68f4b59 <JSFunction decodedMappings (sfi = 0x1513d3d9d109)>, 0x15d6a215be01 <Code MAGLEV>, opt id 246, bytecode offset 8, deopt exit 2, FP to SP delta 32, caller SP 0x00016ae01290, pc 0x00011bd99f84]
[bailout (kind: deopt-eager, reason: wrong map): begin. deoptimizing 0x0851d68f50d1 <JSFunction getIndex (sfi = 0x1513d3d9d661)>, 0x15d6a215bb49 <Code MAGLEV>, opt id 245, bytecode offset 0, deopt exit 0, FP to SP delta 48, caller SP 0x00016ae010f8, pc 0x00011bd99cec]
[marking dependent code 0x05efea88efe9 <Code MAGLEV> (0x1513d3da2431 <SharedFunctionInfo B>) (opt id 254) for deoptimization, reason: dependent property cell changed]
[marking dependent code 0x15d6a217fe29 <Code MAGLEV> (0x1513d3d9c731 <SharedFunctionInfo decodeInteger>) (opt id 236) for deoptimization, reason: dependent property cell changed]
[marking dependent code 0x12c873103a79 <Code MAGLEV> (0x046ffaa0aa59 <SharedFunctionInfo #updateContext>) (opt id 229) for deoptimization, reason: dependent property cell changed]
[marking dependent code 0x12c873103261 <Code MAGLEV> (0x1513d3d9c779 <SharedFunctionInfo encodeInteger>) (opt id 228) for deoptimization, reason: dependent property cell changed]
[marking dependent code 0x15d6a215e989 <Code MAGLEV> (0x1513d3dab4f9 <SharedFunctionInfo write>) (opt id 227) for deoptimization, reason: dependent property cell changed]
[marking dependent code 0x05efea896a19 <Code MAGLEV> (0x3f5962b0b121 <SharedFunctionInfo isErrorStackTraceLimitWritable>) (opt id 226) for deoptimization, reason: dependent property cell changed]
[marking dependent code 0x05efea8964f9 <Code MAGLEV> (0x2533553c9631 <SharedFunctionInfo isBuildingSnapshot>) (opt id 225) for deoptimization, reason: dependent property cell changed]
[marking dependent code 0x1583b3901049 <Code MAGLEV> (0x3a865ebc73d9 <SharedFunctionInfo wrapModuleLoad>) (opt id 84) for deoptimization, reason: dependent property cell changed]
[marking dependent code 0x2f83e6e48e79 <Code MAGLEV> (0x3a865ebd4049 <SharedFunctionInfo ensureTimerFlagsAreUpdated>) (opt id 47) for deoptimization, reason: dependent property cell changed]
[marking dependent code 0x214f848431f9 <Code MAGLEV> (0x046ffaa34ff1 <SharedFunctionInfo realpathSync>) (opt id 40) for deoptimization, reason: dependent property cell changed]
[marking dependent code 0x15d6a2158de9 <Code MAGLEV> (0x1513d3da2431 <SharedFunctionInfo B>) (opt id 230) for deoptimization, reason: dependent property cell changed]
[marking dependent code 0x193e3cdc2fa9 <Code MAGLEV> (0x046ffaa33459 <SharedFunctionInfo isFileType>) (opt id 25) for deoptimization, reason: dependent property cell changed]
[marking 0x07df6b5cafb1 <JSFunction B (sfi = 0x1513d3da2431)> for optimization to MAGLEV, ConcurrencyMode::kConcurrent, reason: hot and stable]
[compiling method 0x07df6b5cafb1 <JSFunction B (sfi = 0x1513d3da2431)> (target MAGLEV) OSR, mode: ConcurrencyMode::kConcurrent]
[completed compiling 0x07df6b5cafb1 <JSFunction B (sfi = 0x1513d3da2431)> (target MAGLEV) OSR - took 0.000, 0.177, 0.003 ms]
[compiling method 0x07df6b5cafb1 <JSFunction B (sfi = 0x1513d3da2431)> (target TURBOFAN_JS) OSR, mode: ConcurrencyMode::kConcurrent]
[completed compiling 0x07df6b5cafb1 <JSFunction B (sfi = 0x1513d3da2431)> (target TURBOFAN_JS) OSR - took 0.002, 1.210, 0.008 ms]
[completed optimizing 0x07df6b5cafb1 <JSFunction B (sfi = 0x1513d3da2431)> (target TURBOFAN_JS) OSR]
[marking 0x2505be9b2e39 <JSFunction convertNode (sfi = 0x1fef7b06a709)> for optimization to MAGLEV, ConcurrencyMode::kConcurrent, reason: hot and stable]
[compiling method 0x2505be9b2e39 <JSFunction convertNode (sfi = 0x1fef7b06a709)> (target MAGLEV), mode: ConcurrencyMode::kConcurrent]
[completed compiling 0x2505be9b2e39 <JSFunction convertNode (sfi = 0x1fef7b06a709)> (target MAGLEV) - took 0.000, 0.110, 0.002 ms]
[marking 0x30f3b4743bd1 <JSFunction toString (sfi = 0x7ab3cf3a41)> for optimization to MAGLEV, ConcurrencyMode::kConcurrent, reason: hot and stable]
[compiling method 0x30f3b4743bd1 <JSFunction toString (sfi = 0x7ab3cf3a41)> (target MAGLEV), mode: ConcurrencyMode::kConcurrent]
[marking 0x38499bcfb229 <JSFunction convertString (sfi = 0x2a26f9956a51)> for optimization to MAGLEV, ConcurrencyMode::kConcurrent, reason: hot and stable]
[compiling method 0x38499bcfb229 <JSFunction convertString (sfi = 0x2a26f9956a51)> (target MAGLEV), mode: ConcurrencyMode::kConcurrent]
[marking 0x1181d290bea9 <JSFunction identifier (sfi = 0x1fef7b06b5c9)> for optimization to MAGLEV, ConcurrencyMode::kConcurrent, reason: hot and stable]
[compiling method 0x1181d290bea9 <JSFunction identifier (sfi = 0x1fef7b06b5c9)> (target MAGLEV), mode: ConcurrencyMode::kConcurrent]
[completed compiling 0x38499bcfb229 <JSFunction convertString (sfi = 0x2a26f9956a51)> (target MAGLEV) - took 0.000, 0.100, 0.013 ms]
[completed compiling 0x30f3b4743bd1 <JSFunction toString (sfi = 0x7ab3cf3a41)> (target MAGLEV) - took 0.000, 0.188, 0.002 ms]
[marking 0x0851d68f0bb1 <JSFunction convertNodeList (sfi = 0x1fef7b06aa89)> for optimization to MAGLEV, ConcurrencyMode::kConcurrent, reason: hot and stable]
[compiling method 0x0851d68f0bb1 <JSFunction convertNodeList (sfi = 0x1fef7b06aa89)> (target MAGLEV), mode: ConcurrencyMode::kConcurrent]
[completed compiling 0x1181d290bea9 <JSFunction identifier (sfi = 0x1fef7b06b5c9)> (target MAGLEV) - took 0.000, 0.149, 0.003 ms]
[completed compiling 0x0851d68f0bb1 <JSFunction convertNodeList (sfi = 0x1fef7b06aa89)> (target MAGLEV) - took 0.000, 0.177, 0.002 ms]
[marking 0x07df6b5ccf29 <JSFunction isNode (sfi = 0x1513d3da35e9)> for optimization to MAGLEV, ConcurrencyMode::kConcurrent, reason: hot and stable]
[compiling method 0x07df6b5ccf29 <JSFunction isNode (sfi = 0x1513d3da35e9)> (target MAGLEV), mode: ConcurrencyMode::kConcurrent]
[marking 0x3efe2ca9c3d1 <JSFunction leave (sfi = 0x2603f2ff67c1)> for optimization to MAGLEV, ConcurrencyMode::kConcurrent, reason: hot and stable]
[compiling method 0x3efe2ca9c3d1 <JSFunction leave (sfi = 0x2603f2ff67c1)> (target MAGLEV), mode: ConcurrencyMode::kConcurrent]
[completed compiling 0x07df6b5ccf29 <JSFunction isNode (sfi = 0x1513d3da35e9)> (target MAGLEV) - took 0.000, 0.051, 0.001 ms]
[marking 0x07df6b5cd249 <JSFunction isFunction$1 (sfi = 0x1513d3da38d9)> for optimization to MAGLEV, ConcurrencyMode::kConcurrent, reason: hot and stable]
[compiling method 0x07df6b5cd249 <JSFunction isFunction$1 (sfi = 0x1513d3da38d9)> (target MAGLEV), mode: ConcurrencyMode::kConcurrent]
[completed compiling 0x3efe2ca9c3d1 <JSFunction leave (sfi = 0x2603f2ff67c1)> (target MAGLEV) - took 0.000, 0.073, 0.002 ms]
[completed compiling 0x07df6b5cd249 <JSFunction isFunction$1 (sfi = 0x1513d3da38d9)> (target MAGLEV) - took 0.000, 0.025, 0.001 ms]
[marking 0x3efe2ca9c399 <JSFunction enter (sfi = 0x2603f2ff6779)> for optimization to MAGLEV, ConcurrencyMode::kConcurrent, reason: hot and stable]
[compiling method 0x3efe2ca9c399 <JSFunction enter (sfi = 0x2603f2ff6779)> (target MAGLEV), mode: ConcurrencyMode::kConcurrent]
[marking 0x3efe2ca9c1d1 <JSFunction isInScope (sfi = 0x2603f2ff66a1)> for optimization to MAGLEV, ConcurrencyMode::kConcurrent, reason: hot and stable]
[compiling method 0x3efe2ca9c1d1 <JSFunction isInScope (sfi = 0x2603f2ff66a1)> (target MAGLEV), mode: ConcurrencyMode::kConcurrent]
[completed compiling 0x3efe2ca9c1d1 <JSFunction isInScope (sfi = 0x2603f2ff66a1)> (target MAGLEV) - took 0.000, 0.034, 0.001 ms]
[completed compiling 0x3efe2ca9c399 <JSFunction enter (sfi = 0x2603f2ff6779)> (target MAGLEV) - took 0.000, 0.544, 0.006 ms]
[marking 0x07df6b5cd1d9 <JSFunction isStaticPropertyKey (sfi = 0x1513d3db00c1)> for optimization to MAGLEV, ConcurrencyMode::kConcurrent, reason: hot and stable]
[compiling method 0x07df6b5cd1d9 <JSFunction isStaticPropertyKey (sfi = 0x1513d3db00c1)> (target MAGLEV), mode: ConcurrencyMode::kConcurrent]
[completed compiling 0x07df6b5cd1d9 <JSFunction isStaticPropertyKey (sfi = 0x1513d3db00c1)> (target MAGLEV) - took 0.000, 0.050, 0.001 ms]
[marking 0x07df6b5cd1a1 <JSFunction isStaticProperty (sfi = 0x1513d3db0079)> for optimization to MAGLEV, ConcurrencyMode::kConcurrent, reason: hot and stable]
[compiling method 0x07df6b5cd1a1 <JSFunction isStaticProperty (sfi = 0x1513d3db0079)> (target MAGLEV), mode: ConcurrencyMode::kConcurrent]
[completed compiling 0x07df6b5cd1a1 <JSFunction isStaticProperty (sfi = 0x1513d3db0079)> (target MAGLEV) - took 0.000, 0.032, 0.000 ms]
[marking 0x3dad643b1869 <JSFunction contains (sfi = 0x1513d3dac7e9)> for optimization to MAGLEV, ConcurrencyMode::kConcurrent, reason: hot and stable]
[compiling method 0x3dad643b1869 <JSFunction contains (sfi = 0x1513d3dac7e9)> (target MAGLEV), mode: ConcurrencyMode::kConcurrent]
[completed compiling 0x3dad643b1869 <JSFunction contains (sfi = 0x1513d3dac7e9)> (target MAGLEV) - took 0.000, 0.025, 0.001 ms]
[marking 0x3352c8f8dd21 <JSFunction locate (sfi = 0x2603f2fedec1)> for optimization to MAGLEV, ConcurrencyMode::kConcurrent, reason: hot and stable]
[compiling method 0x3352c8f8dd21 <JSFunction locate (sfi = 0x2603f2fedec1)> (target MAGLEV), mode: ConcurrencyMode::kConcurrent]
[completed compiling 0x3352c8f8dd21 <JSFunction locate (sfi = 0x2603f2fedec1)> (target MAGLEV) - took 0.001, 0.093, 0.001 ms]
[bailout (kind: deopt-eager, reason: wrong map): begin. deoptimizing 0x3dad643b16e1 <JSFunction addUneditedChunk (sfi = 0x1513d3dacc69)>, 0x15d6a2155f79 <Code MAGLEV>, opt id 233, bytecode offset 13, deopt exit 55, FP to SP delta 96, caller SP 0x00016ae012e0, pc 0x00011bd94d58]
[marking 0x3dad643b16e1 <JSFunction addUneditedChunk (sfi = 0x1513d3dacc69)> for optimization to MAGLEV, ConcurrencyMode::kConcurrent, reason: hot and stable]
[compiling method 0x3dad643b16e1 <JSFunction addUneditedChunk (sfi = 0x1513d3dacc69)> (target MAGLEV) OSR, mode: ConcurrencyMode::kConcurrent]
[compiling method 0x3dad643b16e1 <JSFunction addUneditedChunk (sfi = 0x1513d3dacc69)> (target MAGLEV), mode: ConcurrencyMode::kConcurrent]
[completed compiling 0x3dad643b16e1 <JSFunction addUneditedChunk (sfi = 0x1513d3dacc69)> (target MAGLEV) - took 0.000, 0.362, 0.005 ms]
[marking 0x3dad643b41f9 <JSFunction write (sfi = 0x1513d3dab4f9)> for optimization to MAGLEV, ConcurrencyMode::kConcurrent, reason: hot and stable]
[completed compiling 0x3dad643b16e1 <JSFunction addUneditedChunk (sfi = 0x1513d3dacc69)> (target MAGLEV) OSR - took 0.000, 0.497, 0.003 ms]
[compiling method 0x3dad643b41f9 <JSFunction write (sfi = 0x1513d3dab4f9)> (target MAGLEV), mode: ConcurrencyMode::kConcurrent]
[marking 0x0851d68f4101 <JSFunction encodeInteger (sfi = 0x1513d3d9c779)> for optimization to MAGLEV, ConcurrencyMode::kConcurrent, reason: hot and stable]
[compiling method 0x0851d68f4101 <JSFunction encodeInteger (sfi = 0x1513d3d9c779)> (target MAGLEV), mode: ConcurrencyMode::kConcurrent]
[completed compiling 0x3dad643b41f9 <JSFunction write (sfi = 0x1513d3dab4f9)> (target MAGLEV) - took 0.000, 0.044, 0.001 ms]
[marking 0x0851d68f4331 <JSFunction encode$1 (sfi = 0x1513d3d9c8e1)> for optimization to MAGLEV, ConcurrencyMode::kConcurrent, reason: hot and stable]
[compiling method 0x0851d68f4331 <JSFunction encode$1 (sfi = 0x1513d3d9c8e1)> (target MAGLEV) OSR, mode: ConcurrencyMode::kConcurrent]
[completed compiling 0x0851d68f4101 <JSFunction encodeInteger (sfi = 0x1513d3d9c779)> (target MAGLEV) - took 0.000, 0.129, 0.002 ms]
[bailout (kind: deopt-eager, reason: Insufficient type feedback for generic named access): begin. deoptimizing 0x0851d68f4101 <JSFunction encodeInteger (sfi = 0x1513d3d9c779)>, 0x1583b39328b1 <Code MAGLEV>, opt id 274, bytecode offset 32, deopt exit 23, FP to SP delta 48, caller SP 0x00016ae012b0, pc 0x00011bdce8c0]
[marking 0x0851d68f4101 <JSFunction encodeInteger (sfi = 0x1513d3d9c779)> for optimization to MAGLEV, ConcurrencyMode::kConcurrent, reason: hot and stable]
[compiling method 0x0851d68f4101 <JSFunction encodeInteger (sfi = 0x1513d3d9c779)> (target MAGLEV), mode: ConcurrencyMode::kConcurrent]
[completed compiling 0x0851d68f4331 <JSFunction encode$1 (sfi = 0x1513d3d9c8e1)> (target MAGLEV) OSR - took 0.000, 0.518, 0.003 ms]
[compiling method 0x0851d68f4331 <JSFunction encode$1 (sfi = 0x1513d3d9c8e1)> (target TURBOFAN_JS) OSR, mode: ConcurrencyMode::kConcurrent]
[completed compiling 0x0851d68f4101 <JSFunction encodeInteger (sfi = 0x1513d3d9c779)> (target MAGLEV) - took 0.000, 0.288, 0.003 ms]
[marking 0x0851d68f40c1 <JSFunction decodeInteger (sfi = 0x1513d3d9c731)> for optimization to MAGLEV, ConcurrencyMode::kConcurrent, reason: hot and stable]
[compiling method 0x0851d68f40c1 <JSFunction decodeInteger (sfi = 0x1513d3d9c731)> (target MAGLEV), mode: ConcurrencyMode::kConcurrent]
[marking 0x0851d68f4271 <JSFunction decode (sfi = 0x1513d3d9c809)> for optimization to MAGLEV, ConcurrencyMode::kConcurrent, reason: hot and stable]
[compiling method 0x0851d68f4271 <JSFunction decode (sfi = 0x1513d3d9c809)> (target MAGLEV) OSR, mode: ConcurrencyMode::kConcurrent]
[completed compiling 0x0851d68f40c1 <JSFunction decodeInteger (sfi = 0x1513d3d9c731)> (target MAGLEV) - took 0.000, 0.312, 0.006 ms]
[marking 0x0851d68f40c1 <JSFunction decodeInteger (sfi = 0x1513d3d9c731)> for optimization to TURBOFAN_JS, ConcurrencyMode::kConcurrent, reason: hot and stable]
[compiling method 0x0851d68f40c1 <JSFunction decodeInteger (sfi = 0x1513d3d9c731)> (target TURBOFAN_JS), mode: ConcurrencyMode::kConcurrent]
[completed compiling 0x0851d68f4271 <JSFunction decode (sfi = 0x1513d3d9c809)> (target MAGLEV) OSR - took 0.000, 0.720, 0.005 ms]
[compiling method 0x0851d68f4271 <JSFunction decode (sfi = 0x1513d3d9c809)> (target TURBOFAN_JS) OSR, mode: ConcurrencyMode::kConcurrent]
[marking 0x0851d68f4141 <JSFunction hasMoreVlq (sfi = 0x1513d3d9c7c1)> for optimization to TURBOFAN_JS, ConcurrencyMode::kConcurrent, reason: hot and stable]
[compiling method 0x0851d68f4141 <JSFunction hasMoreVlq (sfi = 0x1513d3d9c7c1)> (target TURBOFAN_JS), mode: ConcurrencyMode::kConcurrent]
[compiling method 0x0851d68f4271 <JSFunction decode (sfi = 0x1513d3d9c809)> (target MAGLEV), mode: ConcurrencyMode::kConcurrent]
[marking 0x0851d68f5211 <JSFunction skipSource (sfi = 0x1513d3d9d7c9)> for optimization to MAGLEV, ConcurrencyMode::kConcurrent, reason: hot and stable]
[compiling method 0x0851d68f5211 <JSFunction skipSource (sfi = 0x1513d3d9d7c9)> (target MAGLEV), mode: ConcurrencyMode::kConcurrent]
[marking 0x0851d68f53b9 <JSFunction traceMappings (sfi = 0x1513d3d9d931)> for optimization to MAGLEV, ConcurrencyMode::kConcurrent, reason: hot and stable]
[marking 0x0851d68f5051 <JSFunction addSegmentInternal (sfi = 0x1513d3d9d5d1)> for optimization to MAGLEV, ConcurrencyMode::kConcurrent, reason: hot and stable]
[compiling method 0x0851d68f5051 <JSFunction addSegmentInternal (sfi = 0x1513d3d9d5d1)> (target MAGLEV), mode: ConcurrencyMode::kConcurrent]
[compiling method 0x0851d68f53b9 <JSFunction traceMappings (sfi = 0x1513d3d9d931)> (target MAGLEV) OSR, mode: ConcurrencyMode::kConcurrent]
[marking 0x0851d68f5151 <JSFunction insert (sfi = 0x1513d3d9d6f1)> for optimization to MAGLEV, ConcurrencyMode::kConcurrent, reason: hot and stable]
[compiling method 0x0851d68f5151 <JSFunction insert (sfi = 0x1513d3d9d6f1)> (target MAGLEV), mode: ConcurrencyMode::kConcurrent]
[marking 0x0851d68f4999 <JSFunction lowerBound (sfi = 0x1513d3d9cf59)> for optimization to MAGLEV, ConcurrencyMode::kConcurrent, reason: hot and stable]
[compiling method 0x0851d68f4999 <JSFunction lowerBound (sfi = 0x1513d3d9cf59)> (target MAGLEV), mode: ConcurrencyMode::kConcurrent]
[marking 0x0851d68f50d1 <JSFunction getIndex (sfi = 0x1513d3d9d661)> for optimization to MAGLEV, ConcurrencyMode::kConcurrent, reason: hot and stable]
[completed compiling 0x0851d68f4141 <JSFunction hasMoreVlq (sfi = 0x1513d3d9c7c1)> (target TURBOFAN_JS) - took 0.001, 0.642, 0.008 ms]
[completed optimizing 0x0851d68f4141 <JSFunction hasMoreVlq (sfi = 0x1513d3d9c7c1)> (target TURBOFAN_JS)]
[compiling method 0x0851d68f50d1 <JSFunction getIndex (sfi = 0x1513d3d9d661)> (target MAGLEV), mode: ConcurrencyMode::kConcurrent]
[marking 0x0851d68f4b59 <JSFunction decodedMappings (sfi = 0x1513d3d9d109)> for optimization to MAGLEV, ConcurrencyMode::kConcurrent, reason: hot and stable]
[compiling method 0x0851d68f4b59 <JSFunction decodedMappings (sfi = 0x1513d3d9d109)> (target MAGLEV), mode: ConcurrencyMode::kConcurrent]
[completed compiling 0x0851d68f40c1 <JSFunction decodeInteger (sfi = 0x1513d3d9c731)> (target TURBOFAN_JS) - took 0.002, 1.373, 0.016 ms]
[completed optimizing 0x0851d68f40c1 <JSFunction decodeInteger (sfi = 0x1513d3d9c731)> (target TURBOFAN_JS)]
[completed compiling 0x0851d68f5211 <JSFunction skipSource (sfi = 0x1513d3d9d7c9)> (target MAGLEV) - took 0.000, 0.133, 0.001 ms]
[completed compiling 0x0851d68f4271 <JSFunction decode (sfi = 0x1513d3d9c809)> (target MAGLEV) - took 0.000, 0.560, 0.004 ms]
[marking 0x0851d68f4e19 <JSFunction put (sfi = 0x1513d3d9d3d9)> for optimization to MAGLEV, ConcurrencyMode::kConcurrent, reason: hot and stable]
[compiling method 0x0851d68f4e19 <JSFunction put (sfi = 0x1513d3d9d3d9)> (target MAGLEV), mode: ConcurrencyMode::kConcurrent]
[completed compiling 0x0851d68f53b9 <JSFunction traceMappings (sfi = 0x1513d3d9d931)> (target MAGLEV) OSR - took 0.000, 0.405, 0.002 ms]
[completed compiling 0x0851d68f5151 <JSFunction insert (sfi = 0x1513d3d9d6f1)> (target MAGLEV) - took 0.000, 0.055, 0.001 ms]
[compiling method 0x0851d68f53b9 <JSFunction traceMappings (sfi = 0x1513d3d9d931)> (target TURBOFAN_JS) OSR, mode: ConcurrencyMode::kConcurrent]
[completed compiling 0x0851d68f4999 <JSFunction lowerBound (sfi = 0x1513d3d9cf59)> (target MAGLEV) - took 0.000, 0.113, 0.001 ms]
[completed compiling 0x0851d68f5051 <JSFunction addSegmentInternal (sfi = 0x1513d3d9d5d1)> (target MAGLEV) - took 0.000, 0.675, 0.004 ms]
[completed compiling 0x0851d68f4b59 <JSFunction decodedMappings (sfi = 0x1513d3d9d109)> (target MAGLEV) - took 0.000, 0.080, 0.002 ms]
[completed compiling 0x0851d68f50d1 <JSFunction getIndex (sfi = 0x1513d3d9d661)> (target MAGLEV) - took 0.000, 0.116, 0.001 ms]
[completed compiling 0x0851d68f4e19 <JSFunction put (sfi = 0x1513d3d9d3d9)> (target MAGLEV) - took 0.001, 0.080, 0.002 ms]
[bailout (kind: deopt-eager, reason: not a Smi): begin. deoptimizing 0x0851d68f4e19 <JSFunction put (sfi = 0x1513d3d9d3d9)>, 0x1929be7c8bc1 <Code MAGLEV>, opt id 292, bytecode offset 22, deopt exit 7, FP to SP delta 48, caller SP 0x00016ae011a8, pc 0x00011bdd4e10]
[compiling method 0x0851d68f4331 <JSFunction encode$1 (sfi = 0x1513d3d9c8e1)> (target MAGLEV), mode: ConcurrencyMode::kConcurrent]
[marking 0x0851d68f4101 <JSFunction encodeInteger (sfi = 0x1513d3d9c779)> for optimization to TURBOFAN_JS, ConcurrencyMode::kConcurrent, reason: hot and stable]
[compiling method 0x0851d68f4101 <JSFunction encodeInteger (sfi = 0x1513d3d9c779)> (target TURBOFAN_JS), mode: ConcurrencyMode::kConcurrent]
[completed compiling 0x0851d68f4331 <JSFunction encode$1 (sfi = 0x1513d3d9c8e1)> (target MAGLEV) - took 0.000, 0.595, 0.005 ms]
[marking 0x26a5ec240389 <JSFunction #updateContext (sfi = 0x46ffaa0aa59)> for optimization to MAGLEV, ConcurrencyMode::kConcurrent, reason: hot and stable]
[compiling method 0x26a5ec240389 <JSFunction #updateContext (sfi = 0x46ffaa0aa59)> (target MAGLEV), mode: ConcurrencyMode::kConcurrent]
[completed compiling 0x0851d68f4331 <JSFunction encode$1 (sfi = 0x1513d3d9c8e1)> (target TURBOFAN_JS) OSR - took 0.001, 6.237, 0.026 ms]
[completed optimizing 0x0851d68f4331 <JSFunction encode$1 (sfi = 0x1513d3d9c8e1)> (target TURBOFAN_JS) OSR]
[completed compiling 0x0851d68f4101 <JSFunction encodeInteger (sfi = 0x1513d3d9c779)> (target TURBOFAN_JS) - took 0.001, 1.198, 0.008 ms]
[completed optimizing 0x0851d68f4101 <JSFunction encodeInteger (sfi = 0x1513d3d9c779)> (target TURBOFAN_JS)]
[completed compiling 0x26a5ec240389 <JSFunction #updateContext (sfi = 0x46ffaa0aa59)> (target MAGLEV) - took 0.000, 0.230, 0.004 ms]
[marking 0x2505be9ba3f9 <JSFunction normalizeString (sfi = 0x2505be999201)> for optimization to MAGLEV, ConcurrencyMode::kConcurrent, reason: hot and stable]
[compiling method 0x2505be9ba3f9 <JSFunction normalizeString (sfi = 0x2505be999201)> (target MAGLEV), mode: ConcurrencyMode::kConcurrent]
[completed compiling 0x2505be9ba3f9 <JSFunction normalizeString (sfi = 0x2505be999201)> (target MAGLEV) - took 0.000, 0.188, 0.002 ms]
[completed compiling 0x0851d68f53b9 <JSFunction traceMappings (sfi = 0x1513d3d9d931)> (target TURBOFAN_JS) OSR - took 0.001, 5.195, 0.073 ms]
[completed optimizing 0x0851d68f53b9 <JSFunction traceMappings (sfi = 0x1513d3d9d931)> (target TURBOFAN_JS) OSR]
[compiling method 0x07df6b5cafb1 <JSFunction B (sfi = 0x1513d3da2431)> (target MAGLEV), mode: ConcurrencyMode::kConcurrent]
[completed compiling 0x07df6b5cafb1 <JSFunction B (sfi = 0x1513d3da2431)> (target MAGLEV) - took 0.000, 0.127, 0.003 ms]
[completed compiling 0x0851d68f4271 <JSFunction decode (sfi = 0x1513d3d9c809)> (target TURBOFAN_JS) OSR - took 0.001, 10.031, 0.030 ms]
[completed optimizing 0x0851d68f4271 <JSFunction decode (sfi = 0x1513d3d9c809)> (target TURBOFAN_JS) OSR]
[marking 0x07df6b5cd0e9 <JSFunction isNodeInPattern (sfi = 0x1513d3db0031)> for optimization to MAGLEV, ConcurrencyMode::kConcurrent, reason: hot and stable]
[compiling method 0x07df6b5cd0e9 <JSFunction isNodeInPattern (sfi = 0x1513d3db0031)> (target MAGLEV), mode: ConcurrencyMode::kConcurrent]
[completed compiling 0x07df6b5cd0e9 <JSFunction isNodeInPattern (sfi = 0x1513d3db0031)> (target MAGLEV) - took 0.000, 0.052, 0.002 ms]
[bailout (kind: deopt-eager, reason: wrong map): begin. deoptimizing 0x3dad643b16e1 <JSFunction addUneditedChunk (sfi = 0x1513d3dacc69)>, 0x2902f6fc57c9 <Code MAGLEV>, opt id 271, bytecode offset 13, deopt exit 55, FP to SP delta 96, caller SP 0x00016ae012e0, pc 0x00011bdcc038]
[marking 0x3dad643b16e1 <JSFunction addUneditedChunk (sfi = 0x1513d3dacc69)> for optimization to MAGLEV, ConcurrencyMode::kConcurrent, reason: hot and stable]
[compiling method 0x3dad643b16e1 <JSFunction addUneditedChunk (sfi = 0x1513d3dacc69)> (target MAGLEV) OSR, mode: ConcurrencyMode::kConcurrent]
[compiling method 0x3dad643b16e1 <JSFunction addUneditedChunk (sfi = 0x1513d3dacc69)> (target MAGLEV), mode: ConcurrencyMode::kConcurrent]
[compiling method 0x0851d68f53b9 <JSFunction traceMappings (sfi = 0x1513d3d9d931)> (target MAGLEV), mode: ConcurrencyMode::kConcurrent]
[bailout (kind: deopt-eager, reason: not a Smi): begin. deoptimizing 0x0851d68f5051 <JSFunction addSegmentInternal (sfi = 0x1513d3d9d5d1)>, 0x1929be7c81d9 <Code MAGLEV>, opt id 288, bytecode offset 22, deopt exit 30, FP to SP delta 128, caller SP 0x00016ae011d0, pc 0x00011bdd456c]
[marking 0x0851d68f5051 <JSFunction addSegmentInternal (sfi = 0x1513d3d9d5d1)> for optimization to MAGLEV, ConcurrencyMode::kConcurrent, reason: hot and stable]
[compiling method 0x0851d68f5051 <JSFunction addSegmentInternal (sfi = 0x1513d3d9d5d1)> (target MAGLEV), mode: ConcurrencyMode::kConcurrent]
[completed compiling 0x3dad643b16e1 <JSFunction addUneditedChunk (sfi = 0x1513d3dacc69)> (target MAGLEV) OSR - took 0.000, 0.470, 0.005 ms]
[completed compiling 0x3dad643b16e1 <JSFunction addUneditedChunk (sfi = 0x1513d3dacc69)> (target MAGLEV) - took 0.000, 0.418, 0.003 ms]
[completed compiling 0x0851d68f53b9 <JSFunction traceMappings (sfi = 0x1513d3d9d931)> (target MAGLEV) - took 0.000, 0.357, 0.004 ms]
[completed compiling 0x0851d68f5051 <JSFunction addSegmentInternal (sfi = 0x1513d3d9d5d1)> (target MAGLEV) - took 0.000, 0.437, 0.004 ms]
[marking dependent code 0x2902f6ff4bd9 <Code MAGLEV> (0x2603f2ff6779 <SharedFunctionInfo enter>) (opt id 266) for deoptimization, reason: dependent field type changed]
[marking 0x1181d290c669 <JSFunction memberExpression (sfi = 0x1fef7b06be81)> for optimization to MAGLEV, ConcurrencyMode::kConcurrent, reason: hot and stable]
[compiling method 0x1181d290c669 <JSFunction memberExpression (sfi = 0x1fef7b06be81)> (target MAGLEV), mode: ConcurrencyMode::kConcurrent]
[marking 0x3d00870a8df1 <JSFunction enter (sfi = 0x2603f2ff6779)> for optimization to MAGLEV, ConcurrencyMode::kConcurrent, reason: hot and stable]
[compiling method 0x3d00870a8df1 <JSFunction enter (sfi = 0x2603f2ff6779)> (target MAGLEV), mode: ConcurrencyMode::kConcurrent]
[completed compiling 0x1181d290c669 <JSFunction memberExpression (sfi = 0x1fef7b06be81)> (target MAGLEV) - took 0.000, 0.197, 0.005 ms]
[marking 0x07df6b5cd161 <JSFunction isRefIdentifier (sfi = 0x1513d3da3891)> for optimization to MAGLEV, ConcurrencyMode::kConcurrent, reason: hot and stable]
[compiling method 0x07df6b5cd161 <JSFunction isRefIdentifier (sfi = 0x1513d3da3891)> (target MAGLEV), mode: ConcurrencyMode::kConcurrent]
[completed compiling 0x3d00870a8df1 <JSFunction enter (sfi = 0x2603f2ff6779)> (target MAGLEV) - took 0.001, 0.543, 0.006 ms]
[bailout (kind: deopt-eager, reason: Insufficient type feedback for call): begin. deoptimizing 0x3d00870a8df1 <JSFunction enter (sfi = 0x2603f2ff6779)>, 0x320477284bc9 <Code MAGLEV>, opt id 304, bytecode offset 734, deopt exit 67, FP to SP delta 64, caller SP 0x00016ae009c8, pc 0x00011bde16e0]
[completed compiling 0x07df6b5cd161 <JSFunction isRefIdentifier (sfi = 0x1513d3da3891)> (target MAGLEV) - took 0.000, 0.181, 0.004 ms]
[marking 0x17ce6e6523c1 <JSFunction _split (sfi = 0x1513d3dad491)> for optimization to MAGLEV, ConcurrencyMode::kConcurrent, reason: hot and stable]
[compiling method 0x17ce6e6523c1 <JSFunction _split (sfi = 0x1513d3dad491)> (target MAGLEV), mode: ConcurrencyMode::kConcurrent]
[marking 0x210dc35622a1 <JSFunction (sfi = 0x2603f2ff2381)> for optimization to TURBOFAN_JS, ConcurrencyMode::kConcurrent, reason: hot and stable]
[compiling method 0x210dc35622a1 <JSFunction (sfi = 0x2603f2ff2381)> (target TURBOFAN_JS), mode: ConcurrencyMode::kConcurrent]
[marking 0x07df6b5c8489 <JSFunction getLocator (sfi = 0x1513d3d9ff51)> for optimization to MAGLEV, ConcurrencyMode::kConcurrent, reason: hot and stable]
[compiling method 0x07df6b5c8489 <JSFunction getLocator (sfi = 0x1513d3d9ff51)> (target MAGLEV) OSR, mode: ConcurrencyMode::kConcurrent]
[completed compiling 0x17ce6e6523c1 <JSFunction _split (sfi = 0x1513d3dad491)> (target MAGLEV) - took 0.000, 0.188, 0.004 ms]
[completed compiling 0x07df6b5c8489 <JSFunction getLocator (sfi = 0x1513d3d9ff51)> (target MAGLEV) OSR - took 0.000, 0.107, 0.001 ms]
[completed compiling 0x210dc35622a1 <JSFunction (sfi = 0x2603f2ff2381)> (target TURBOFAN_JS) - took 0.002, 0.509, 0.009 ms]
[completed optimizing 0x210dc35622a1 <JSFunction (sfi = 0x2603f2ff2381)> (target TURBOFAN_JS)]
[marking 0x0851d68f53f9 <JSFunction originalPositionFor$1 (sfi = 0x1513d3d9d979)> for optimization to TURBOFAN_JS, ConcurrencyMode::kConcurrent, reason: hot and stable]
[compiling method 0x0851d68f53f9 <JSFunction originalPositionFor$1 (sfi = 0x1513d3d9d979)> (target TURBOFAN_JS), mode: ConcurrencyMode::kConcurrent]
[completed compiling 0x0851d68f53f9 <JSFunction originalPositionFor$1 (sfi = 0x1513d3d9d979)> (target TURBOFAN_JS) - took 0.003, 2.806, 0.022 ms]
[completed optimizing 0x0851d68f53f9 <JSFunction originalPositionFor$1 (sfi = 0x1513d3d9d979)> (target TURBOFAN_JS)]
[compiling method 0x07df6b5c8489 <JSFunction getLocator (sfi = 0x1513d3d9ff51)> (target MAGLEV), mode: ConcurrencyMode::kConcurrent]
[completed compiling 0x07df6b5c8489 <JSFunction getLocator (sfi = 0x1513d3d9ff51)> (target MAGLEV) - took 0.000, 0.229, 0.007 ms]
[marking 0x07df6b5cd2c1 <JSFunction isBlock (sfi = 0x1513d3da3921)> for optimization to MAGLEV, ConcurrencyMode::kConcurrent, reason: hot and stable]
[compiling method 0x07df6b5cd2c1 <JSFunction isBlock (sfi = 0x1513d3da3921)> (target MAGLEV), mode: ConcurrencyMode::kConcurrent]
[completed compiling 0x07df6b5cd2c1 <JSFunction isBlock (sfi = 0x1513d3da3921)> (target MAGLEV) - took 0.000, 0.074, 0.003 ms]
[marking 0x0225ebbdcbd1 <JSFunction enter (sfi = 0x2603f2ff6779)> for optimization to MAGLEV, ConcurrencyMode::kConcurrent, reason: hot and stable]
[compiling method 0x0225ebbdcbd1 <JSFunction enter (sfi = 0x2603f2ff6779)> (target MAGLEV), mode: ConcurrencyMode::kConcurrent]
[completed compiling 0x0225ebbdcbd1 <JSFunction enter (sfi = 0x2603f2ff6779)> (target MAGLEV) - took 0.000, 0.806, 0.008 ms]
[marking 0x07df6b5c8311 <JSFunction Chunk (sfi = 0x1513d3dac6c9)> for optimization to MAGLEV, ConcurrencyMode::kConcurrent, reason: hot and stable]
[compiling method 0x07df6b5c8311 <JSFunction Chunk (sfi = 0x1513d3dac6c9)> (target MAGLEV), mode: ConcurrencyMode::kConcurrent]
[marking 0x3dad643b1a29 <JSFunction toString (sfi = 0x1513d3daca29)> for optimization to MAGLEV, ConcurrencyMode::kConcurrent, reason: hot and stable]
[compiling method 0x3dad643b1a29 <JSFunction toString (sfi = 0x1513d3daca29)> (target MAGLEV), mode: ConcurrencyMode::kConcurrent]
[completed compiling 0x07df6b5c8311 <JSFunction Chunk (sfi = 0x1513d3dac6c9)> (target MAGLEV) - took 0.000, 0.129, 0.006 ms]
[completed compiling 0x3dad643b1a29 <JSFunction toString (sfi = 0x1513d3daca29)> (target MAGLEV) - took 0.000, 0.071, 0.001 ms]
[marking 0x007000025db1 <JSFunction getEncodingOps (sfi = 0x7ab3cf1dc1)> for optimization to MAGLEV, ConcurrencyMode::kConcurrent, reason: hot and stable]
[compiling method 0x007000025db1 <JSFunction getEncodingOps (sfi = 0x7ab3cf1dc1)> (target MAGLEV), mode: ConcurrencyMode::kConcurrent]
[completed compiling 0x007000025db1 <JSFunction getEncodingOps (sfi = 0x7ab3cf1dc1)> (target MAGLEV) - took 0.000, 0.118, 0.002 ms]
[marking 0x17ce6e643ab9 <JSFunction _splitChunk (sfi = 0x1513d3dad4d9)> for optimization to MAGLEV, ConcurrencyMode::kConcurrent, reason: hot and stable]
[compiling method 0x17ce6e643ab9 <JSFunction _splitChunk (sfi = 0x1513d3dad4d9)> (target MAGLEV), mode: ConcurrencyMode::kConcurrent]
[marking 0x1181d2930719 <JSFunction visit (sfi = 0x1513d3daffa1)> for optimization to TURBOFAN_JS, ConcurrencyMode::kConcurrent, reason: hot and stable]
[compiling method 0x1181d2930719 <JSFunction visit (sfi = 0x1513d3daffa1)> (target TURBOFAN_JS), mode: ConcurrencyMode::kConcurrent]
[completed compiling 0x17ce6e643ab9 <JSFunction _splitChunk (sfi = 0x1513d3dad4d9)> (target MAGLEV) - took 0.000, 0.191, 0.003 ms]
[marking 0x3dad643b19f1 <JSFunction split (sfi = 0x1513d3dac9e1)> for optimization to MAGLEV, ConcurrencyMode::kConcurrent, reason: hot and stable]
[compiling method 0x3dad643b19f1 <JSFunction split (sfi = 0x1513d3dac9e1)> (target MAGLEV), mode: ConcurrencyMode::kConcurrent]
[completed compiling 0x3dad643b19f1 <JSFunction split (sfi = 0x1513d3dac9e1)> (target MAGLEV) - took 0.000, 0.212, 0.004 ms]
[marking 0x3dad643b1719 <JSFunction advance (sfi = 0x1513d3daccb1)> for optimization to MAGLEV, ConcurrencyMode::kConcurrent, reason: hot and stable]
[compiling method 0x3dad643b1719 <JSFunction advance (sfi = 0x1513d3daccb1)> (target MAGLEV), mode: ConcurrencyMode::kConcurrent]
[completed compiling 0x3dad643b1719 <JSFunction advance (sfi = 0x1513d3daccb1)> (target MAGLEV) - took 0.000, 0.244, 0.002 ms]
[marking 0x0851d68f4f51 <JSFunction setSourceContent (sfi = 0x1513d3d9d4b1)> for optimization to TURBOFAN_JS, ConcurrencyMode::kConcurrent, reason: hot and stable]
[compiling method 0x0851d68f4f51 <JSFunction setSourceContent (sfi = 0x1513d3d9d4b1)> (target TURBOFAN_JS), mode: ConcurrencyMode::kConcurrent]
[completed compiling 0x0851d68f4f51 <JSFunction setSourceContent (sfi = 0x1513d3d9d4b1)> (target TURBOFAN_JS) - took 0.002, 0.728, 0.008 ms]
[completed optimizing 0x0851d68f4f51 <JSFunction setSourceContent (sfi = 0x1513d3d9d4b1)> (target TURBOFAN_JS)]
[completed compiling 0x1181d2930719 <JSFunction visit (sfi = 0x1513d3daffa1)> (target TURBOFAN_JS) - took 0.021, 2.690, 0.018 ms]
[completed optimizing 0x1181d2930719 <JSFunction visit (sfi = 0x1513d3daffa1)> (target TURBOFAN_JS)]
[marking 0x123bb220fc09 <JSFunction (sfi = 0x2603f2fed8f9)> for optimization to MAGLEV, ConcurrencyMode::kConcurrent, reason: hot and stable]
[compiling method 0x123bb220fc09 <JSFunction (sfi = 0x2603f2fed8f9)> (target MAGLEV), mode: ConcurrencyMode::kConcurrent]
[marking 0x3dad643b16e1 <JSFunction addUneditedChunk (sfi = 0x1513d3dacc69)> for optimization to TURBOFAN_JS, ConcurrencyMode::kConcurrent, reason: hot and stable]
[compiling method 0x3dad643b16e1 <JSFunction addUneditedChunk (sfi = 0x1513d3dacc69)> (target TURBOFAN_JS), mode: ConcurrencyMode::kConcurrent]
[completed compiling 0x123bb220fc09 <JSFunction (sfi = 0x2603f2fed8f9)> (target MAGLEV) - took 0.000, 0.316, 0.007 ms]
[completed compiling 0x3dad643b16e1 <JSFunction addUneditedChunk (sfi = 0x1513d3dacc69)> (target TURBOFAN_JS) - took 0.002, 2.045, 0.017 ms]
[completed optimizing 0x3dad643b16e1 <JSFunction addUneditedChunk (sfi = 0x1513d3dacc69)> (target TURBOFAN_JS)]
[marking 0x01beac35cb91 <JSFunction setScope (sfi = 0x2603f2ff6731)> for optimization to MAGLEV, ConcurrencyMode::kConcurrent, reason: hot and stable]
[compiling method 0x01beac35cb91 <JSFunction setScope (sfi = 0x2603f2ff6731)> (target MAGLEV), mode: ConcurrencyMode::kConcurrent]
[completed compiling 0x01beac35cb91 <JSFunction setScope (sfi = 0x2603f2ff6731)> (target MAGLEV) - took 0.000, 0.161, 0.004 ms]
[marking 0x1181d2902db1 <JSFunction _write (sfi = 0x26a5ec258e01)> for optimization to MAGLEV, ConcurrencyMode::kConcurrent, reason: hot and stable]
[compiling method 0x1181d2902db1 <JSFunction _write (sfi = 0x26a5ec258e01)> (target MAGLEV), mode: ConcurrencyMode::kConcurrent]
[completed compiling 0x1181d2902db1 <JSFunction _write (sfi = 0x26a5ec258e01)> (target MAGLEV) - took 0.000, 0.229, 0.012 ms]
[marking 0x1181d290b8e9 <JSFunction callExpression (sfi = 0x1fef7b06af51)> for optimization to MAGLEV, ConcurrencyMode::kConcurrent, reason: hot and stable]
[compiling method 0x1181d290b8e9 <JSFunction callExpression (sfi = 0x1fef7b06af51)> (target MAGLEV), mode: ConcurrencyMode::kConcurrent]
[marking dependent code 0x214f848404e9 <Code MAGLEV> (0x1513d3db00c1 <SharedFunctionInfo isStaticPropertyKey>) (opt id 267) for deoptimization, reason: dependent field type changed]
[marking 0x07df6b5cd1d9 <JSFunction isStaticPropertyKey (sfi = 0x1513d3db00c1)> for optimization to MAGLEV, ConcurrencyMode::kConcurrent, reason: hot and stable]
[compiling method 0x07df6b5cd1d9 <JSFunction isStaticPropertyKey (sfi = 0x1513d3db00c1)> (target MAGLEV), mode: ConcurrencyMode::kConcurrent]
[completed compiling 0x07df6b5cd1d9 <JSFunction isStaticPropertyKey (sfi = 0x1513d3db00c1)> (target MAGLEV) - took 0.000, 0.063, 0.002 ms]
[completed compiling 0x1181d290b8e9 <JSFunction callExpression (sfi = 0x1fef7b06af51)> (target MAGLEV) - took 0.000, 0.390, 0.005 ms]
[marking 0x07df6b5cafb1 <JSFunction B (sfi = 0x1513d3da2431)> for optimization to TURBOFAN_JS, ConcurrencyMode::kConcurrent, reason: hot and stable]
[compiling method 0x07df6b5cafb1 <JSFunction B (sfi = 0x1513d3da2431)> (target TURBOFAN_JS), mode: ConcurrencyMode::kConcurrent]
[completed compiling 0x07df6b5cafb1 <JSFunction B (sfi = 0x1513d3da2431)> (target TURBOFAN_JS) - took 0.002, 0.946, 0.014 ms]
[completed optimizing 0x07df6b5cafb1 <JSFunction B (sfi = 0x1513d3da2431)> (target TURBOFAN_JS)]
[marking 0x05286faf3769 <JSFunction onStatements (sfi = 0xb9b4ae06c81)> for optimization to MAGLEV, ConcurrencyMode::kConcurrent, reason: hot and stable]
[compiling method 0x05286faf3769 <JSFunction onStatements (sfi = 0xb9b4ae06c81)> (target MAGLEV), mode: ConcurrencyMode::kConcurrent]
[completed compiling 0x05286faf3769 <JSFunction onStatements (sfi = 0xb9b4ae06c81)> (target MAGLEV) - took 0.001, 0.255, 0.003 ms]
[marking 0x1c408084ac61 <JSFunction (sfi = 0x6270df26a19)> for optimization to MAGLEV, ConcurrencyMode::kConcurrent, reason: hot and stable]
[compiling method 0x1c408084ac61 <JSFunction (sfi = 0x6270df26a19)> (target MAGLEV), mode: ConcurrencyMode::kConcurrent]
[completed compiling 0x1c408084ac61 <JSFunction (sfi = 0x6270df26a19)> (target MAGLEV) - took 0.000, 0.084, 0.001 ms]
[marking 0x2451b10b5a51 <JSFunction Parser (sfi = 0x258d63734171)> for optimization to MAGLEV, ConcurrencyMode::kConcurrent, reason: hot and stable]
[compiling method 0x2451b10b5a51 <JSFunction Parser (sfi = 0x258d63734171)> (target MAGLEV), mode: ConcurrencyMode::kConcurrent]
[marking 0x2451b10b5079 <JSFunction Parser (sfi = 0x258d63733a21)> for optimization to MAGLEV, ConcurrencyMode::kConcurrent, reason: hot and stable]
[compiling method 0x2451b10b5079 <JSFunction Parser (sfi = 0x258d63733a21)> (target MAGLEV), mode: ConcurrencyMode::kConcurrent]
[marking 0x0bd76aa71241 <JSFunction (sfi = 0x258d637339d9)> for optimization to MAGLEV, ConcurrencyMode::kConcurrent, reason: hot and stable]
[completed compiling 0x2451b10b5a51 <JSFunction Parser (sfi = 0x258d63734171)> (target MAGLEV) - took 0.000, 0.106, 0.003 ms]
[compiling method 0x0bd76aa71241 <JSFunction (sfi = 0x258d637339d9)> (target MAGLEV), mode: ConcurrencyMode::kConcurrent]
[completed compiling 0x2451b10b5079 <JSFunction Parser (sfi = 0x258d63733a21)> (target MAGLEV) - took 0.000, 0.150, 0.004 ms]
[completed compiling 0x0bd76aa71241 <JSFunction (sfi = 0x258d637339d9)> (target MAGLEV) - took 0.001, 0.021, 0.000 ms]
[marking 0x3a55554d2b61 <JSFunction createParserContext (sfi = 0x258d6373aed9)> for optimization to MAGLEV, ConcurrencyMode::kConcurrent, reason: hot and stable]
[compiling method 0x3a55554d2b61 <JSFunction createParserContext (sfi = 0x258d6373aed9)> (target MAGLEV), mode: ConcurrencyMode::kConcurrent]
[marking 0x0711a8e27909 <JSFunction makeParser (sfi = 0x9fe8a4f8bd1)> for optimization to MAGLEV, ConcurrencyMode::kConcurrent, reason: hot and stable]
[compiling method 0x0711a8e27909 <JSFunction makeParser (sfi = 0x9fe8a4f8bd1)> (target MAGLEV), mode: ConcurrencyMode::kConcurrent]
[marking 0x3a92a183c1b1 <JSFunction spanned (sfi = 0x6270df26989)> for optimization to MAGLEV, ConcurrencyMode::kConcurrent, reason: hot and stable]
[marking 0x1c408084c511 <JSFunction (sfi = 0x6270df26a61)> for optimization to MAGLEV, ConcurrencyMode::kConcurrent, reason: hot and stable]
[compiling method 0x1c408084c511 <JSFunction (sfi = 0x6270df26a61)> (target MAGLEV), mode: ConcurrencyMode::kConcurrent]
[compiling method 0x3a92a183c1b1 <JSFunction spanned (sfi = 0x6270df26989)> (target MAGLEV), mode: ConcurrencyMode::kConcurrent]
[completed compiling 0x3a55554d2b61 <JSFunction createParserContext (sfi = 0x258d6373aed9)> (target MAGLEV) - took 0.000, 0.112, 0.003 ms]
[completed compiling 0x0711a8e27909 <JSFunction makeParser (sfi = 0x9fe8a4f8bd1)> (target MAGLEV) - took 0.000, 0.085, 0.001 ms]
[completed compiling 0x3a92a183c1b1 <JSFunction spanned (sfi = 0x6270df26989)> (target MAGLEV) - took 0.000, 0.044, 0.001 ms]
[completed compiling 0x1c408084c511 <JSFunction (sfi = 0x6270df26a61)> (target MAGLEV) - took 0.000, 0.083, 0.001 ms]
[marking 0x3a55554d2e81 <JSFunction (sfi = 0x258d6373b041)> for optimization to MAGLEV, ConcurrencyMode::kConcurrent, reason: hot and stable]
[compiling method 0x3a55554d2e81 <JSFunction (sfi = 0x258d6373b041)> (target MAGLEV), mode: ConcurrencyMode::kConcurrent]
[marking 0x00cff25ee191 <JSFunction (sfi = 0x25e2e0131b31)> for optimization to MAGLEV, ConcurrencyMode::kConcurrent, reason: hot and stable]
[compiling method 0x00cff25ee191 <JSFunction (sfi = 0x25e2e0131b31)> (target MAGLEV), mode: ConcurrencyMode::kConcurrent]
[completed compiling 0x3a55554d2e81 <JSFunction (sfi = 0x258d6373b041)> (target MAGLEV) - took 0.000, 0.019, 0.000 ms]
[marking 0x00cff25ed219 <JSFunction (sfi = 0x25e2e0131591)> for optimization to MAGLEV, ConcurrencyMode::kConcurrent, reason: hot and stable]
[compiling method 0x00cff25ed219 <JSFunction (sfi = 0x25e2e0131591)> (target MAGLEV), mode: ConcurrencyMode::kConcurrent]
[completed compiling 0x00cff25ee191 <JSFunction (sfi = 0x25e2e0131b31)> (target MAGLEV) - took 0.000, 0.022, 0.000 ms]
[marking 0x0711a8e27e29 <JSFunction (sfi = 0x9fe8a4f8f79)> for optimization to MAGLEV, ConcurrencyMode::kConcurrent, reason: hot and stable]
[compiling method 0x0711a8e27e29 <JSFunction (sfi = 0x9fe8a4f8f79)> (target MAGLEV), mode: ConcurrencyMode::kConcurrent]
[completed compiling 0x00cff25ed219 <JSFunction (sfi = 0x25e2e0131591)> (target MAGLEV) - took 0.000, 0.022, 0.000 ms]
[completed compiling 0x0711a8e27e29 <JSFunction (sfi = 0x9fe8a4f8f79)> (target MAGLEV) - took 0.000, 0.013, 0.000 ms]
[marking 0x0f4a130bcd99 <JSFunction Grammar (sfi = 0xb22a6d7f0e9)> for optimization to MAGLEV, ConcurrencyMode::kConcurrent, reason: hot and stable]
[compiling method 0x0f4a130bcd99 <JSFunction Grammar (sfi = 0xb22a6d7f0e9)> (target MAGLEV), mode: ConcurrencyMode::kConcurrent]
[marking 0x0f4a130b98b9 <JSFunction literal (sfi = 0xb22a6d7ee61)> for optimization to MAGLEV, ConcurrencyMode::kConcurrent, reason: hot and stable]
[completed compiling 0x0f4a130bcd99 <JSFunction Grammar (sfi = 0xb22a6d7f0e9)> (target MAGLEV) - took 0.000, 0.021, 0.001 ms]
[marking 0x0f4a130bce49 <JSFunction spanned (sfi = 0xb22a6d7f1c1)> for optimization to MAGLEV, ConcurrencyMode::kConcurrent, reason: hot and stable]
[marking 0x2c3072df6ea9 <JSFunction (sfi = 0x6270df26aa9)> for optimization to MAGLEV, ConcurrencyMode::kConcurrent, reason: hot and stable]
[compiling method 0x2c3072df6ea9 <JSFunction (sfi = 0x6270df26aa9)> (target MAGLEV), mode: ConcurrencyMode::kConcurrent]
[compiling method 0x0f4a130b98b9 <JSFunction literal (sfi = 0xb22a6d7ee61)> (target MAGLEV), mode: ConcurrencyMode::kConcurrent]
[compiling method 0x0f4a130bce49 <JSFunction spanned (sfi = 0xb22a6d7f1c1)> (target MAGLEV), mode: ConcurrencyMode::kConcurrent]
[marking 0x0f4a130b9a71 <JSFunction (sfi = 0xb22a6d7f011)> for optimization to MAGLEV, ConcurrencyMode::kConcurrent, reason: hot and stable]
[completed compiling 0x0f4a130b98b9 <JSFunction literal (sfi = 0xb22a6d7ee61)> (target MAGLEV) - took 0.000, 0.044, 0.002 ms]
[completed compiling 0x2c3072df6ea9 <JSFunction (sfi = 0x6270df26aa9)> (target MAGLEV) - took 0.000, 0.092, 0.003 ms]
[completed compiling 0x0f4a130bce49 <JSFunction spanned (sfi = 0xb22a6d7f1c1)> (target MAGLEV) - took 0.000, 0.052, 0.001 ms]
[compiling method 0x0f4a130b9a71 <JSFunction (sfi = 0xb22a6d7f011)> (target MAGLEV), mode: ConcurrencyMode::kConcurrent]
[completed compiling 0x0f4a130b9a71 <JSFunction (sfi = 0xb22a6d7f011)> (target MAGLEV) - took 0.000, 0.012, 0.000 ms]
[marking 0x00700099a029 <JSFunction (sfi = 0x6270df33101)> for optimization to MAGLEV, ConcurrencyMode::kConcurrent, reason: hot and stable]
[compiling method 0x00700099a029 <JSFunction (sfi = 0x6270df33101)> (target MAGLEV), mode: ConcurrencyMode::kConcurrent]
[completed compiling 0x00700099a029 <JSFunction (sfi = 0x6270df33101)> (target MAGLEV) - took 0.000, 0.019, 0.001 ms]
[marking 0x0f4a130b9979 <JSFunction flatten (sfi = 0xb22a6d7ef39)> for optimization to MAGLEV, ConcurrencyMode::kConcurrent, reason: hot and stable]
[compiling method 0x0f4a130b9979 <JSFunction flatten (sfi = 0xb22a6d7ef39)> (target MAGLEV), mode: ConcurrencyMode::kConcurrent]
[completed compiling 0x0f4a130b9979 <JSFunction flatten (sfi = 0xb22a6d7ef39)> (target MAGLEV) - took 0.000, 0.139, 0.003 ms]
[marking 0x0f4a130b9939 <JSFunction compile (sfi = 0xb22a6d7eef1)> for optimization to MAGLEV, ConcurrencyMode::kConcurrent, reason: hot and stable]
[compiling method 0x0f4a130b9939 <JSFunction compile (sfi = 0xb22a6d7eef1)> (target MAGLEV) OSR, mode: ConcurrencyMode::kConcurrent]
[completed compiling 0x0f4a130b9939 <JSFunction compile (sfi = 0xb22a6d7eef1)> (target MAGLEV) OSR - took 0.000, 0.599, 0.006 ms]
[compiling method 0x0f4a130b9939 <JSFunction compile (sfi = 0xb22a6d7eef1)> (target MAGLEV) OSR, mode: ConcurrencyMode::kConcurrent]
[completed compiling 0x0f4a130b9939 <JSFunction compile (sfi = 0xb22a6d7eef1)> (target MAGLEV) OSR - took 0.000, 0.574, 0.006 ms]
[marking 0x14d6905b2e61 <JSFunction (sfi = 0x6270df33491)> for optimization to MAGLEV, ConcurrencyMode::kConcurrent, reason: hot and stable]
[compiling method 0x14d6905b2e61 <JSFunction (sfi = 0x6270df33491)> (target MAGLEV), mode: ConcurrencyMode::kConcurrent]
[completed compiling 0x14d6905b2e61 <JSFunction (sfi = 0x6270df33491)> (target MAGLEV) - took 0.000, 0.028, 0.001 ms]
[marking 0x1c408084e2e1 <JSFunction (sfi = 0x6270df32691)> for optimization to MAGLEV, ConcurrencyMode::kConcurrent, reason: hot and stable]
[compiling method 0x1c408084e511 <JSFunction (sfi = 0x6270df32691)> (target MAGLEV), mode: ConcurrencyMode::kConcurrent]
[marking 0x1c408084f9e1 <JSFunction stringParser (sfi = 0xb22a6d75101)> for optimization to MAGLEV, ConcurrencyMode::kConcurrent, reason: hot and stable]
[compiling method 0x1c408084fc11 <JSFunction stringParser (sfi = 0xb22a6d75101)> (target MAGLEV), mode: ConcurrencyMode::kConcurrent]
[marking 0x37d0a210d481 <JSFunction rollback (sfi = 0x258d6373b1a9)> for optimization to MAGLEV, ConcurrencyMode::kConcurrent, reason: hot and stable]
[marking 0x37d0a210c891 <JSFunction mergeErrorState (sfi = 0x2a26f9979139)> for optimization to MAGLEV, ConcurrencyMode::kConcurrent, reason: hot and stable]
[compiling method 0x37d0a210d481 <JSFunction rollback (sfi = 0x258d6373b1a9)> (target MAGLEV), mode: ConcurrencyMode::kConcurrent]
[compiling method 0x37d0a210c891 <JSFunction mergeErrorState (sfi = 0x2a26f9979139)> (target MAGLEV), mode: ConcurrencyMode::kConcurrent]
[marking 0x37d0a210ccb9 <JSFunction (sfi = 0x2a26f9979409)> for optimization to MAGLEV, ConcurrencyMode::kConcurrent, reason: hot and stable]
[compiling method 0x37d0a210ccb9 <JSFunction (sfi = 0x2a26f9979409)> (target MAGLEV), mode: ConcurrencyMode::kConcurrent]
[marking 0x2c3072df5651 <JSFunction anyParser (sfi = 0xb22a6d77c21)> for optimization to MAGLEV, ConcurrencyMode::kConcurrent, reason: hot and stable]
[compiling method 0x2c3072df5651 <JSFunction anyParser (sfi = 0xb22a6d77c21)> (target MAGLEV), mode: ConcurrencyMode::kConcurrent]
[completed compiling 0x1c408084e511 <JSFunction (sfi = 0x6270df32691)> (target MAGLEV) - took 0.000, 0.159, 0.017 ms]
[completed compiling 0x37d0a210d481 <JSFunction rollback (sfi = 0x258d6373b1a9)> (target MAGLEV) - took 0.000, 0.055, 0.001 ms]
[completed compiling 0x1c408084fc11 <JSFunction stringParser (sfi = 0xb22a6d75101)> (target MAGLEV) - took 0.000, 0.264, 0.002 ms]
[completed compiling 0x37d0a210ccb9 <JSFunction (sfi = 0x2a26f9979409)> (target MAGLEV) - took 0.000, 0.014, 0.001 ms]
[completed compiling 0x37d0a210c891 <JSFunction mergeErrorState (sfi = 0x2a26f9979139)> (target MAGLEV) - took 0.000, 0.106, 0.002 ms]
[completed compiling 0x2c3072df5651 <JSFunction anyParser (sfi = 0xb22a6d77c21)> (target MAGLEV) - took 0.000, 0.496, 0.005 ms]
[marking 0x37d0a210c891 <JSFunction mergeErrorState (sfi = 0x2a26f9979139)> for optimization to TURBOFAN_JS, ConcurrencyMode::kConcurrent, reason: hot and stable]
[compiling method 0x37d0a210c891 <JSFunction mergeErrorState (sfi = 0x2a26f9979139)> (target TURBOFAN_JS), mode: ConcurrencyMode::kConcurrent]
[bailout (kind: deopt-eager, reason: wrong feedback cell): begin. deoptimizing 0x2c3072df5651 <JSFunction anyParser (sfi = 0xb22a6d77c21)>, 0x3204772a4c41 <Code MAGLEV>, opt id 356, bytecode offset 8, deopt exit 26, FP to SP delta 208, caller SP 0x00016ae014b0, pc 0x00011be47094]
[bailout (kind: deopt-eager, reason: wrong feedback cell): begin. deoptimizing 0x1c40808718e1 <JSFunction (sfi = 0x6270df32691)>, 0x3204772a2599 <Code MAGLEV>, opt id 351, bytecode offset 0, deopt exit 3, FP to SP delta 80, caller SP 0x00016ae01410, pc 0x00011be3e320]
[marking 0x1c4080860c41 <JSFunction (sfi = 0x6270df32691)> for optimization to MAGLEV, ConcurrencyMode::kConcurrent, reason: hot and stable]
[compiling method 0x1c4080860e71 <JSFunction (sfi = 0x6270df32691)> (target MAGLEV), mode: ConcurrencyMode::kConcurrent]
[marking 0x2c3072df5651 <JSFunction anyParser (sfi = 0xb22a6d77c21)> for optimization to MAGLEV, ConcurrencyMode::kConcurrent, reason: hot and stable]
[compiling method 0x2c3072df5651 <JSFunction anyParser (sfi = 0xb22a6d77c21)> (target MAGLEV), mode: ConcurrencyMode::kConcurrent]
[completed compiling 0x1c4080860e71 <JSFunction (sfi = 0x6270df32691)> (target MAGLEV) - took 0.000, 0.081, 0.020 ms]
[completed compiling 0x37d0a210c891 <JSFunction mergeErrorState (sfi = 0x2a26f9979139)> (target TURBOFAN_JS) - took 0.002, 0.787, 0.012 ms]
[completed optimizing 0x37d0a210c891 <JSFunction mergeErrorState (sfi = 0x2a26f9979139)> (target TURBOFAN_JS)]
[marking 0x37d0a210ccb9 <JSFunction (sfi = 0x2a26f9979409)> for optimization to TURBOFAN_JS, ConcurrencyMode::kConcurrent, reason: hot and stable]
[compiling method 0x37d0a210ccb9 <JSFunction (sfi = 0x2a26f9979409)> (target TURBOFAN_JS), mode: ConcurrencyMode::kConcurrent]
[completed compiling 0x2c3072df5651 <JSFunction anyParser (sfi = 0xb22a6d77c21)> (target MAGLEV) - took 0.000, 0.331, 0.004 ms]
[completed compiling 0x37d0a210ccb9 <JSFunction (sfi = 0x2a26f9979409)> (target TURBOFAN_JS) - took 0.001, 0.093, 0.003 ms]
[completed optimizing 0x37d0a210ccb9 <JSFunction (sfi = 0x2a26f9979409)> (target TURBOFAN_JS)]
[marking 0x1c4080869b39 <JSFunction stringParser (sfi = 0xb22a6d75101)> for optimization to TURBOFAN_JS, ConcurrencyMode::kConcurrent, reason: hot and stable]
[compiling method 0x1c4080869d61 <JSFunction stringParser (sfi = 0xb22a6d75101)> (target TURBOFAN_JS), mode: ConcurrencyMode::kConcurrent]
[marking 0x2c3072df5651 <JSFunction anyParser (sfi = 0xb22a6d77c21)> for optimization to TURBOFAN_JS, ConcurrencyMode::kConcurrent, reason: hot and stable]
[compiling method 0x2c3072df5651 <JSFunction anyParser (sfi = 0xb22a6d77c21)> (target TURBOFAN_JS), mode: ConcurrencyMode::kConcurrent]
[marking 0x37d0a210d529 <JSFunction unsafeSetValue (sfi = 0x258d6373b281)> for optimization to MAGLEV, ConcurrencyMode::kConcurrent, reason: hot and stable]
[completed compiling 0x2c3072df5651 <JSFunction anyParser (sfi = 0xb22a6d77c21)> (target TURBOFAN_JS) - took 0.001, 1.098, 0.010 ms]
[completed optimizing 0x2c3072df5651 <JSFunction anyParser (sfi = 0xb22a6d77c21)> (target TURBOFAN_JS)]
[compiling method 0x37d0a210d529 <JSFunction unsafeSetValue (sfi = 0x258d6373b281)> (target MAGLEV), mode: ConcurrencyMode::kConcurrent]
[completed compiling 0x37d0a210d529 <JSFunction unsafeSetValue (sfi = 0x258d6373b281)> (target MAGLEV) - took 0.000, 0.045, 0.001 ms]
[completed compiling 0x1c4080869d61 <JSFunction stringParser (sfi = 0xb22a6d75101)> (target TURBOFAN_JS) - took 0.001, 2.211, 0.015 ms]
[completed optimizing 0x1c4080869d61 <JSFunction stringParser (sfi = 0xb22a6d75101)> (target TURBOFAN_JS)]
[marking 0x37d0a210d9a9 <JSFunction ParserState (sfi = 0x258d6373b4c1)> for optimization to MAGLEV, ConcurrencyMode::kConcurrent, reason: hot and stable]
[marking 0x37d0a210d399 <JSFunction ParserState (sfi = 0x258d6373b089)> for optimization to MAGLEV, ConcurrencyMode::kConcurrent, reason: hot and stable]
[marking 0x2451b10b50f1 <JSFunction parseStateInner (sfi = 0x258d63733ab1)> for optimization to MAGLEV, ConcurrencyMode::kConcurrent, reason: hot and stable]
[marking 0x2451b10b50b9 <JSFunction parseState (sfi = 0x258d63733a69)> for optimization to MAGLEV, ConcurrencyMode::kConcurrent, reason: hot and stable]
[marking 0x18309a5007b1 <JSFunction (sfi = 0x6270df26af1)> for optimization to MAGLEV, ConcurrencyMode::kConcurrent, reason: hot and stable]
[compiling method 0x18309a5007b1 <JSFunction (sfi = 0x6270df26af1)> (target MAGLEV), mode: ConcurrencyMode::kConcurrent]
[compiling method 0x2451b10b50b9 <JSFunction parseState (sfi = 0x258d63733a69)> (target MAGLEV), mode: ConcurrencyMode::kConcurrent]
[compiling method 0x2451b10b50f1 <JSFunction parseStateInner (sfi = 0x258d63733ab1)> (target MAGLEV), mode: ConcurrencyMode::kConcurrent]
[compiling method 0x37d0a210d399 <JSFunction ParserState (sfi = 0x258d6373b089)> (target MAGLEV), mode: ConcurrencyMode::kConcurrent]
[compiling method 0x37d0a210d9a9 <JSFunction ParserState (sfi = 0x258d6373b4c1)> (target MAGLEV), mode: ConcurrencyMode::kConcurrent]
[completed compiling 0x2451b10b50b9 <JSFunction parseState (sfi = 0x258d63733a69)> (target MAGLEV) - took 0.000, 0.128, 0.003 ms]
[completed compiling 0x18309a5007b1 <JSFunction (sfi = 0x6270df26af1)> (target MAGLEV) - took 0.000, 0.155, 0.001 ms]
[completed compiling 0x2451b10b50f1 <JSFunction parseStateInner (sfi = 0x258d63733ab1)> (target MAGLEV) - took 0.000, 0.248, 0.009 ms]
[completed compiling 0x37d0a210d399 <JSFunction ParserState (sfi = 0x258d6373b089)> (target MAGLEV) - took 0.000, 0.244, 0.003 ms]
[completed compiling 0x37d0a210d9a9 <JSFunction ParserState (sfi = 0x258d6373b4c1)> (target MAGLEV) - took 0.000, 0.063, 0.002 ms]
[marking 0x3a55554d2c91 <JSFunction (sfi = 0x258d6373afb1)> for optimization to MAGLEV, ConcurrencyMode::kConcurrent, reason: hot and stable]
[compiling method 0x3a55554d2c91 <JSFunction (sfi = 0x258d6373afb1)> (target MAGLEV), mode: ConcurrencyMode::kConcurrent]
[completed compiling 0x3a55554d2c91 <JSFunction (sfi = 0x258d6373afb1)> (target MAGLEV) - took 0.000, 0.026, 0.001 ms]
[marking 0x2451b10b18d9 <JSFunction (sfi = 0xb22a6d6d401)> for optimization to MAGLEV, ConcurrencyMode::kConcurrent, reason: hot and stable]
[marking 0x2451b10b1951 <JSFunction (sfi = 0xb22a6d6d449)> for optimization to MAGLEV, ConcurrencyMode::kConcurrent, reason: hot and stable]
[compiling method 0x2451b10b18d9 <JSFunction (sfi = 0xb22a6d6d401)> (target MAGLEV), mode: ConcurrencyMode::kConcurrent]
[compiling method 0x2451b10b1951 <JSFunction (sfi = 0xb22a6d6d449)> (target MAGLEV), mode: ConcurrencyMode::kConcurrent]
[completed compiling 0x2451b10b18d9 <JSFunction (sfi = 0xb22a6d6d401)> (target MAGLEV) - took 0.000, 0.017, 0.001 ms]
[completed compiling 0x2451b10b1951 <JSFunction (sfi = 0xb22a6d6d449)> (target MAGLEV) - took 0.000, 0.015, 0.000 ms]
[marking 0x1c40808717d1 <JSFunction stringParser (sfi = 0xb22a6d750b9)> for optimization to MAGLEV, ConcurrencyMode::kConcurrent, reason: hot and stable]
[compiling method 0x1c40808717d1 <JSFunction stringParser (sfi = 0xb22a6d750b9)> (target MAGLEV), mode: ConcurrencyMode::kConcurrent]
[completed compiling 0x1c40808717d1 <JSFunction stringParser (sfi = 0xb22a6d750b9)> (target MAGLEV) - took 0.000, 0.128, 0.003 ms]
[marking 0x3a92a183beb9 <JSFunction (sfi = 0x6270df26769)> for optimization to MAGLEV, ConcurrencyMode::kConcurrent, reason: hot and stable]
[compiling method 0x3a92a183beb9 <JSFunction (sfi = 0x6270df26769)> (target MAGLEV) OSR, mode: ConcurrencyMode::kConcurrent]
[completed compiling 0x3a92a183beb9 <JSFunction (sfi = 0x6270df26769)> (target MAGLEV) OSR - took 0.000, 0.552, 0.004 ms]
[compiling method 0x3a92a183beb9 <JSFunction (sfi = 0x6270df26769)> (target TURBOFAN_JS) OSR, mode: ConcurrencyMode::kConcurrent]
[completed compiling 0x3a92a183beb9 <JSFunction (sfi = 0x6270df26769)> (target TURBOFAN_JS) OSR - took 0.004, 2.229, 0.030 ms]
[completed optimizing 0x3a92a183beb9 <JSFunction (sfi = 0x6270df26769)> (target TURBOFAN_JS) OSR]
[bailout (kind: deopt-eager, reason: prepare for on stack replacement (OSR)): begin. deoptimizing 0x3a92a183beb9 <JSFunction (sfi = 0x6270df26769)>, 0x3204772a7f79 <Code MAGLEV>, opt id 373, bytecode offset 532, deopt exit 17, FP to SP delta 224, caller SP 0x00016ae01780, pc 0x00011be84988]
[42719:0x76d40c000:0]     1683 ms: GC: {"pause":0.479,"mutator":271.624,"gc":"s","reduce_memory":false,"time_to_safepoint":0,"stack":true,"reason":"allocation failure","collector_reason":"","start_object_size":102267072,"end_object_size":69994280,"start_memory_size":119406592,"end_memory_size":117784576,"start_holes_size":5074104,"end_holes_size":5074104,"pool_local_chunks":0,"pool_shared_chunks":0,"pool_total_chunks":0,"new_space_capacity":33554432,"old_gen_allocation_limit":289808288,"global_allocation_limit":289808384,"allocation_throughput":175250,"new_space_allocation_throughput":130512,"new_space_survive_rate":7.23212,"allocated":38204960,"promoted":313416,"new_space_survived":2566304,"nodes_died_in_new":34,"nodes_copied_in_new":2,"nodes_promoted":123,"promotion_ratio":0.88324,"average_survival_ratio":48.7214,"promotion_rate":0,"during_sweeping":false,"heap.prologue":0,"heap.epilogue":0,"heap.external.prologue":0,"heap.external.epilogue":0,"heap.external_weak_global_handles":0.006,"complete.sweep_array_buffers":0,"scavenge":0.419,"scavenge.free_remembered_set":0.002,"scavenge.roots":0.041,"scavenge.weak":0,"scavenge.weak_global_handles.identify":0,"scavenge.weak_global_handles.process":0.004,"scavenge.parallel":0.306,"scavenge.pin_objects_conservative":0,"scavenge.pin_objects_precise":0,"scavenge.restore_pinned":0.001,"scavenge.sweep_array_buffers":0.002,"scavenge.resize_new_space":0,"background.scavenge.parallel":1.194,"incremental.steps_count":0,"incremental.steps_took":0,"scavenge_throughput":6.23821e+06,"quarantined_size":0,"quarantined_pages":0}
[marking dependent code 0x32047729dd29 <Code MAGLEV> (0x0b22a6d7ef39 <SharedFunctionInfo flatten>) (opt id 347) for deoptimization, reason: dependent allocation site tenuring changed]
[marking dependent code 0x32047729caa1 <Code MAGLEV> (0x0b22a6d7f1c1 <SharedFunctionInfo spanned>) (opt id 344) for deoptimization, reason: dependent allocation site tenuring changed]
[marking dependent code 0x14c69e41b459 <Code MAGLEV> (0x06270df26aa9 <SharedFunctionInfo>) (opt id 343) for deoptimization, reason: dependent allocation site tenuring changed]
[marking dependent code 0x32047729c789 <Code MAGLEV> (0x0b22a6d7ee61 <SharedFunctionInfo literal>) (opt id 342) for deoptimization, reason: dependent allocation site tenuring changed]
[marking dependent code 0x32047729b739 <Code MAGLEV> (0x258d6373aed9 <SharedFunctionInfo createParserContext>) (opt id 333) for deoptimization, reason: dependent allocation site tenuring changed]
[marking 0x0b0cb3b84551 <JSFunction stringParser (sfi = 0xb22a6d750b9)> for optimization to TURBOFAN_JS, ConcurrencyMode::kConcurrent, reason: hot and stable]
[compiling method 0x27899d9a3909 <JSFunction stringParser (sfi = 0xb22a6d750b9)> (target TURBOFAN_JS), mode: ConcurrencyMode::kConcurrent]
[completed compiling 0x27899d9a3909 <JSFunction stringParser (sfi = 0xb22a6d750b9)> (target TURBOFAN_JS) - took 0.010, 1.624, 0.027 ms]
[completed optimizing 0x27899d9a3909 <JSFunction stringParser (sfi = 0xb22a6d750b9)> (target TURBOFAN_JS)]
[marking 0x11a96a3caf39 <JSFunction unsafeSetValue (sfi = 0x258d6373b281)> for optimization to TURBOFAN_JS, ConcurrencyMode::kConcurrent, reason: hot and stable]
[compiling method 0x11a96a3caf39 <JSFunction unsafeSetValue (sfi = 0x258d6373b281)> (target TURBOFAN_JS), mode: ConcurrencyMode::kConcurrent]
[completed compiling 0x11a96a3caf39 <JSFunction unsafeSetValue (sfi = 0x258d6373b281)> (target TURBOFAN_JS) - took 0.003, 0.325, 0.009 ms]
[completed optimizing 0x11a96a3caf39 <JSFunction unsafeSetValue (sfi = 0x258d6373b281)> (target TURBOFAN_JS)]
[marking 0x11a96a3de871 <JSFunction (sfi = 0x258d6373afb1)> for optimization to TURBOFAN_JS, ConcurrencyMode::kConcurrent, reason: hot and stable]
[compiling method 0x11a96a3de871 <JSFunction (sfi = 0x258d6373afb1)> (target TURBOFAN_JS), mode: ConcurrencyMode::kConcurrent]
[completed compiling 0x11a96a3de871 <JSFunction (sfi = 0x258d6373afb1)> (target TURBOFAN_JS) - took 0.005, 0.189, 0.022 ms]
[completed optimizing 0x11a96a3de871 <JSFunction (sfi = 0x258d6373afb1)> (target TURBOFAN_JS)]
[marking 0x11a96a3de8a9 <JSFunction (sfi = 0xb22a6d6d401)> for optimization to TURBOFAN_JS, ConcurrencyMode::kConcurrent, reason: hot and stable]
[marking 0x11a96a3de8e1 <JSFunction (sfi = 0xb22a6d6d449)> for optimization to TURBOFAN_JS, ConcurrencyMode::kConcurrent, reason: hot and stable]
[compiling method 0x11a96a3de8a9 <JSFunction (sfi = 0xb22a6d6d401)> (target TURBOFAN_JS), mode: ConcurrencyMode::kConcurrent]
[compiling method 0x11a96a3de8e1 <JSFunction (sfi = 0xb22a6d6d449)> (target TURBOFAN_JS), mode: ConcurrencyMode::kConcurrent]
[completed compiling 0x11a96a3de8a9 <JSFunction (sfi = 0xb22a6d6d401)> (target TURBOFAN_JS) - took 0.004, 0.253, 0.027 ms]
[completed optimizing 0x11a96a3de8a9 <JSFunction (sfi = 0xb22a6d6d401)> (target TURBOFAN_JS)]
[completed compiling 0x11a96a3de8e1 <JSFunction (sfi = 0xb22a6d6d449)> (target TURBOFAN_JS) - took 0.012, 0.170, 0.003 ms]
[completed optimizing 0x11a96a3de8e1 <JSFunction (sfi = 0xb22a6d6d449)> (target TURBOFAN_JS)]
[bailout (kind: deopt-eager, reason: Insufficient type feedback for generic named access): begin. deoptimizing 0x11a96a3c0db1 <JSFunction (sfi = 0x6270df26769)>, 0x24fba5c16109 <Code TURBOFAN_JS>, opt id 374, bytecode offset 539, deopt exit 17, FP to SP delta 288, caller SP 0x00016ae01780, pc 0x00011bd2d4c0]
[42719:0x76d40c000:0]     2374 ms: GC: {"pause":0.593,"mutator":690.517,"gc":"s","reduce_memory":false,"time_to_safepoint":0,"stack":true,"reason":"allocation failure","collector_reason":"","start_object_size":100655816,"end_object_size":69735608,"start_memory_size":139542528,"end_memory_size":141115392,"start_holes_size":5066360,"end_holes_size":4073472,"pool_local_chunks":0,"pool_shared_chunks":0,"pool_total_chunks":0,"new_space_capacity":33554432,"old_gen_allocation_limit":289808288,"global_allocation_limit":289808384,"allocation_throughput":45945.4,"new_space_allocation_throughput":45111,"new_space_survive_rate":0.00386262,"allocated":30661536,"promoted":2565656,"new_space_survived":1296,"nodes_died_in_new":0,"nodes_copied_in_new":0,"nodes_promoted":2,"promotion_ratio":7.64672,"average_survival_ratio":44.3883,"promotion_rate":99.9747,"during_sweeping":false,"heap.prologue":0,"heap.epilogue":0.001,"heap.external.prologue":0,"heap.external.epilogue":0,"heap.external_weak_global_handles":0,"complete.sweep_array_buffers":0,"scavenge":0.575,"scavenge.free_remembered_set":0.017,"scavenge.roots":0.025,"scavenge.weak":0,"scavenge.weak_global_handles.identify":0,"scavenge.weak_global_handles.process":0,"scavenge.parallel":0.314,"scavenge.pin_objects_conservative":0,"scavenge.pin_objects_precise":0,"scavenge.restore_pinned":0.004,"scavenge.sweep_array_buffers":0.003,"scavenge.resize_new_space":0,"background.scavenge.parallel":1.463,"incremental.steps_count":0,"incremental.steps_took":0,"scavenge_throughput":6.20322e+06,"quarantined_size":0,"quarantined_pages":0}
[marking 0x322051009ca9 <JSFunction parseStateInner (sfi = 0x258d63733ab1)> for optimization to TURBOFAN_JS, ConcurrencyMode::kConcurrent, reason: hot and stable]
[compiling method 0x322051009ca9 <JSFunction parseStateInner (sfi = 0x258d63733ab1)> (target TURBOFAN_JS), mode: ConcurrencyMode::kConcurrent]
[completed compiling 0x322051009ca9 <JSFunction parseStateInner (sfi = 0x258d63733ab1)> (target TURBOFAN_JS) - took 0.004, 1.739, 0.056 ms]
[completed optimizing 0x322051009ca9 <JSFunction parseStateInner (sfi = 0x258d63733ab1)> (target TURBOFAN_JS)]
[compiling method 0x322051009ea1 <JSFunction (sfi = 0x6270df26769)> (target MAGLEV) OSR, mode: ConcurrencyMode::kConcurrent]
[completed compiling 0x322051009ea1 <JSFunction (sfi = 0x6270df26769)> (target MAGLEV) OSR - took 0.000, 0.240, 0.003 ms]
[compiling method 0x322051009ea1 <JSFunction (sfi = 0x6270df26769)> (target TURBOFAN_JS) OSR, mode: ConcurrencyMode::kConcurrent]
[completed compiling 0x322051009ea1 <JSFunction (sfi = 0x6270df26769)> (target TURBOFAN_JS) OSR - took 0.006, 1.536, 0.049 ms]
[completed optimizing 0x322051009ea1 <JSFunction (sfi = 0x6270df26769)> (target TURBOFAN_JS) OSR]
[bailout (kind: deopt-eager, reason: prepare for on stack replacement (OSR)): begin. deoptimizing 0x322051009ea1 <JSFunction (sfi = 0x6270df26769)>, 0x3204772a8909 <Code MAGLEV>, opt id 381, bytecode offset 595, deopt exit 17, FP to SP delta 224, caller SP 0x00016ae01780, pc 0x00011be850b8]
[42719:0x76d40c000:0]     3236 ms: GC: {"pause":0.608,"mutator":861.227,"gc":"s","reduce_memory":false,"time_to_safepoint":0,"stack":true,"reason":"allocation failure","collector_reason":"","start_object_size":103234600,"end_object_size":69684704,"start_memory_size":141115392,"end_memory_size":141115392,"start_holes_size":4060344,"end_holes_size":4059344,"pool_local_chunks":0,"pool_shared_chunks":0,"pool_total_chunks":0,"new_space_capacity":33554432,"old_gen_allocation_limit":289808288,"global_allocation_limit":289808384,"allocation_throughput":41886.2,"new_space_allocation_throughput":38897.5,"new_space_survive_rate":0.00443486,"allocated":33498992,"promoted":1000,"new_space_survived":1488,"nodes_died_in_new":0,"nodes_copied_in_new":0,"nodes_promoted":0,"promotion_ratio":0.00298041,"average_survival_ratio":38.3138,"promotion_rate":77.1605,"during_sweeping":false,"heap.prologue":0,"heap.epilogue":0,"heap.external.prologue":0,"heap.external.epilogue":0,"heap.external_weak_global_handles":0,"complete.sweep_array_buffers":0,"scavenge":0.563,"scavenge.free_remembered_set":0,"scavenge.roots":0.067,"scavenge.weak":0,"scavenge.weak_global_handles.identify":0,"scavenge.weak_global_handles.process":0.001,"scavenge.parallel":0,"scavenge.pin_objects_conservative":0,"scavenge.pin_objects_precise":0,"scavenge.restore_pinned":0.001,"scavenge.sweep_array_buffers":0,"scavenge.resize_new_space":0,"background.scavenge.parallel":0.028,"incremental.steps_count":0,"incremental.steps_took":0,"scavenge_throughput":5.94623e+06,"quarantined_size":0,"quarantined_pages":0}
[42719:0x76d40c000:0]     4023 ms: GC: {"pause":0.274,"mutator":786.981,"gc":"s","reduce_memory":false,"time_to_safepoint":0,"stack":true,"reason":"allocation failure","collector_reason":"","start_object_size":103235600,"end_object_size":69684704,"start_memory_size":141115392,"end_memory_size":141115392,"start_holes_size":4059344,"end_holes_size":4057856,"pool_local_chunks":0,"pool_shared_chunks":0,"pool_total_chunks":0,"new_space_capacity":33554432,"old_gen_allocation_limit":106006504,"global_allocation_limit":106006528,"allocation_throughput":42630.4,"new_space_allocation_throughput":42616.4,"new_space_survive_rate":0,"allocated":33550896,"promoted":1488,"new_space_survived":0,"nodes_died_in_new":0,"nodes_copied_in_new":0,"nodes_promoted":0,"promotion_ratio":0.00443486,"average_survival_ratio":32.783,"promotion_rate":100,"during_sweeping":false,"heap.prologue":0,"heap.epilogue":0,"heap.external.prologue":0,"heap.external.epilogue":0,"heap.external_weak_global_handles":0,"complete.sweep_array_buffers":0,"scavenge":0.26,"scavenge.free_remembered_set":0.001,"scavenge.roots":0.013,"scavenge.weak":0,"scavenge.weak_global_handles.identify":0.001,"scavenge.weak_global_handles.process":0,"scavenge.parallel":0.017,"scavenge.pin_objects_conservative":0,"scavenge.pin_objects_precise":0,"scavenge.restore_pinned":0.002,"scavenge.sweep_array_buffers":0,"scavenge.resize_new_space":0,"background.scavenge.parallel":0.031,"incremental.steps_count":0,"incremental.steps_took":0,"scavenge_throughput":5.96334e+06,"quarantined_size":0,"quarantined_pages":0}
[42719:0x76d40c000:0]     4758 ms: GC: {"pause":0.095,"mutator":734.484,"gc":"s","reduce_memory":false,"time_to_safepoint":0,"stack":true,"reason":"allocation failure","collector_reason":"","start_object_size":103237088,"end_object_size":69684704,"start_memory_size":141115392,"end_memory_size":141115392,"start_holes_size":4057856,"end_holes_size":4057856,"pool_local_chunks":0,"pool_shared_chunks":0,"pool_total_chunks":0,"new_space_capacity":33554432,"old_gen_allocation_limit":106006504,"global_allocation_limit":106006528,"allocation_throughput":45664.8,"new_space_allocation_throughput":45662.7,"new_space_survive_rate":0,"allocated":33552384,"promoted":0,"new_space_survived":0,"nodes_died_in_new":0,"nodes_copied_in_new":0,"nodes_promoted":0,"promotion_ratio":0,"average_survival_ratio":27.9963,"promotion_rate":0,"during_sweeping":false,"heap.prologue":0,"heap.epilogue":0.001,"heap.external.prologue":0,"heap.external.epilogue":0,"heap.external_weak_global_handles":0,"complete.sweep_array_buffers":0,"scavenge":0.084,"scavenge.free_remembered_set":0,"scavenge.roots":0.011,"scavenge.weak":0,"scavenge.weak_global_handles.identify":0,"scavenge.weak_global_handles.process":0,"scavenge.parallel":0,"scavenge.pin_objects_conservative":0,"scavenge.pin_objects_precise":0,"scavenge.restore_pinned":0,"scavenge.sweep_array_buffers":0,"scavenge.resize_new_space":0.001,"background.scavenge.parallel":0,"incremental.steps_count":0,"incremental.steps_took":0,"scavenge_throughput":6.04337e+06,"quarantined_size":0,"quarantined_pages":0}
[42719:0x76d40c000:0]     5505 ms: GC: {"pause":0.094,"mutator":747.137,"gc":"s","reduce_memory":false,"time_to_safepoint":0,"stack":true,"reason":"allocation failure","collector_reason":"","start_object_size":103237088,"end_object_size":69684704,"start_memory_size":141115392,"end_memory_size":141115392,"start_holes_size":4057856,"end_holes_size":4057856,"pool_local_chunks":0,"pool_shared_chunks":0,"pool_total_chunks":0,"new_space_capacity":33554432,"old_gen_allocation_limit":106006504,"global_allocation_limit":106006528,"allocation_throughput":44912.1,"new_space_allocation_throughput":44912.1,"new_space_survive_rate":0,"allocated":33552384,"promoted":0,"new_space_survived":0,"nodes_died_in_new":0,"nodes_copied_in_new":0,"nodes_promoted":0,"promotion_ratio":0,"average_survival_ratio":20.7213,"promotion_rate":0,"during_sweeping":false,"heap.prologue":0,"heap.epilogue":0.001,"heap.external.prologue":0,"heap.external.epilogue":0,"heap.external_weak_global_handles":0,"complete.sweep_array_buffers":0,"scavenge":0.084,"scavenge.free_remembered_set":0,"scavenge.roots":0.011,"scavenge.weak":0,"scavenge.weak_global_handles.identify":0,"scavenge.weak_global_handles.process":0,"scavenge.parallel":0,"scavenge.pin_objects_conservative":0,"scavenge.pin_objects_precise":0,"scavenge.restore_pinned":0.001,"scavenge.sweep_array_buffers":0,"scavenge.resize_new_space":0,"background.scavenge.parallel":0,"incremental.steps_count":0,"incremental.steps_took":0,"scavenge_throughput":5.80228e+06,"quarantined_size":0,"quarantined_pages":0}
[42719:0x76d40c000:0]     6290 ms: GC: {"pause":0.181,"mutator":785.349,"gc":"s","reduce_memory":false,"time_to_safepoint":0,"stack":true,"reason":"allocation failure","collector_reason":"","start_object_size":103237088,"end_object_size":69684704,"start_memory_size":141115392,"end_memory_size":141115392,"start_holes_size":4057856,"end_holes_size":4057856,"pool_local_chunks":0,"pool_shared_chunks":0,"pool_total_chunks":0,"new_space_capacity":33554432,"old_gen_allocation_limit":106006504,"global_allocation_limit":106006528,"allocation_throughput":42732.3,"new_space_allocation_throughput":42732.3,"new_space_survive_rate":0,"allocated":33552384,"promoted":0,"new_space_survived":0,"nodes_died_in_new":0,"nodes_copied_in_new":0,"nodes_promoted":0,"promotion_ratio":0,"average_survival_ratio":15.593,"promotion_rate":0,"during_sweeping":false,"heap.prologue":0,"heap.epilogue":0.001,"heap.external.prologue":0,"heap.external.epilogue":0,"heap.external_weak_global_handles":0,"complete.sweep_array_buffers":0,"scavenge":0.154,"scavenge.free_remembered_set":0,"scavenge.roots":0.03,"scavenge.weak":0,"scavenge.weak_global_handles.identify":0,"scavenge.weak_global_handles.process":0,"scavenge.parallel":0,"scavenge.pin_objects_conservative":0,"scavenge.pin_objects_precise":0,"scavenge.restore_pinned":0.006,"scavenge.sweep_array_buffers":0,"scavenge.resize_new_space":0,"background.scavenge.parallel":0,"incremental.steps_count":0,"incremental.steps_took":0,"scavenge_throughput":4.33418e+06,"quarantined_size":0,"quarantined_pages":0}
[42719:0x76d40c000:0]     7062 ms: GC: {"pause":0.11,"mutator":771.796,"gc":"s","reduce_memory":false,"time_to_safepoint":0,"stack":true,"reason":"allocation failure","collector_reason":"","start_object_size":103237088,"end_object_size":69684704,"start_memory_size":141115392,"end_memory_size":141115392,"start_holes_size":4057856,"end_holes_size":4057856,"pool_local_chunks":0,"pool_shared_chunks":0,"pool_total_chunks":0,"new_space_capacity":33554432,"old_gen_allocation_limit":106006504,"global_allocation_limit":106006528,"allocation_throughput":43469.5,"new_space_allocation_throughput":43469.5,"new_space_survive_rate":0,"allocated":33552384,"promoted":0,"new_space_survived":0,"nodes_died_in_new":0,"nodes_copied_in_new":0,"nodes_promoted":0,"promotion_ratio":0,"average_survival_ratio":11.005,"promotion_rate":0,"during_sweeping":false,"heap.prologue":0,"heap.epilogue":0.002,"heap.external.prologue":0,"heap.external.epilogue":0,"heap.external_weak_global_handles":0,"complete.sweep_array_buffers":0,"scavenge":0.097,"scavenge.free_remembered_set":0,"scavenge.roots":0.011,"scavenge.weak":0,"scavenge.weak_global_handles.identify":0,"scavenge.weak_global_handles.process":0,"scavenge.parallel":0,"scavenge.pin_objects_conservative":0,"scavenge.pin_objects_precise":0,"scavenge.restore_pinned":0.001,"scavenge.sweep_array_buffers":0,"scavenge.resize_new_space":0.009,"background.scavenge.parallel":0,"incremental.steps_count":0,"incremental.steps_took":0,"scavenge_throughput":3.82429e+06,"quarantined_size":0,"quarantined_pages":0}
[42719:0x76d40c000:0]     7906 ms: GC: {"pause":0.113,"mutator":843.166,"gc":"s","reduce_memory":false,"time_to_safepoint":0,"stack":true,"reason":"allocation failure","collector_reason":"","start_object_size":103237088,"end_object_size":69684704,"start_memory_size":141115392,"end_memory_size":141115392,"start_holes_size":4057856,"end_holes_size":4057856,"pool_local_chunks":0,"pool_shared_chunks":0,"pool_total_chunks":0,"new_space_capacity":33554432,"old_gen_allocation_limit":106006504,"global_allocation_limit":106006528,"allocation_throughput":39803.9,"new_space_allocation_throughput":39803.9,"new_space_survive_rate":0,"allocated":33552384,"promoted":0,"new_space_survived":0,"nodes_died_in_new":0,"nodes_copied_in_new":0,"nodes_promoted":0,"promotion_ratio":0,"average_survival_ratio":6.2952,"promotion_rate":0,"during_sweeping":false,"heap.prologue":0,"heap.epilogue":0.002,"heap.external.prologue":0,"heap.external.epilogue":0,"heap.external_weak_global_handles":0,"complete.sweep_array_buffers":0,"scavenge":0.1,"scavenge.free_remembered_set":0.001,"scavenge.roots":0.01,"scavenge.weak":0,"scavenge.weak_global_handles.identify":0,"scavenge.weak_global_handles.process":0,"scavenge.parallel":0,"scavenge.pin_objects_conservative":0,"scavenge.pin_objects_precise":0,"scavenge.restore_pinned":0.003,"scavenge.sweep_array_buffers":0,"scavenge.resize_new_space":0,"background.scavenge.parallel":0,"incremental.steps_count":0,"incremental.steps_took":0,"scavenge_throughput":3.22587e+06,"quarantined_size":0,"quarantined_pages":0}
[42719:0x76d40c000:0]     8728 ms: GC: {"pause":0.202,"mutator":822.064,"gc":"s","reduce_memory":false,"time_to_safepoint":0,"stack":true,"reason":"allocation failure","collector_reason":"","start_object_size":103237088,"end_object_size":69684704,"start_memory_size":141115392,"end_memory_size":141115392,"start_holes_size":4057856,"end_holes_size":4057856,"pool_local_chunks":0,"pool_shared_chunks":0,"pool_total_chunks":0,"new_space_capacity":33554432,"old_gen_allocation_limit":106006504,"global_allocation_limit":106006528,"allocation_throughput":40811.3,"new_space_allocation_throughput":40811.3,"new_space_survive_rate":0,"allocated":33552384,"promoted":0,"new_space_survived":0,"nodes_died_in_new":0,"nodes_copied_in_new":0,"nodes_promoted":0,"promotion_ratio":0,"average_survival_ratio":1.57778,"promotion_rate":0,"during_sweeping":false,"heap.prologue":0,"heap.epilogue":0.002,"heap.external.prologue":0,"heap.external.epilogue":0,"heap.external_weak_global_handles":0,"complete.sweep_array_buffers":0,"scavenge":0.158,"scavenge.free_remembered_set":0,"scavenge.roots":0.037,"scavenge.weak":0,"scavenge.weak_global_handles.identify":0.001,"scavenge.weak_global_handles.process":0,"scavenge.parallel":0,"scavenge.pin_objects_conservative":0,"scavenge.pin_objects_precise":0,"scavenge.restore_pinned":0.01,"scavenge.sweep_array_buffers":0,"scavenge.resize_new_space":0,"background.scavenge.parallel":0,"incremental.steps_count":0,"incremental.steps_took":0,"scavenge_throughput":1.98277e+06,"quarantined_size":0,"quarantined_pages":0}
[42719:0x76d40c000:0]     9531 ms: GC: {"pause":0.093,"mutator":803.098,"gc":"s","reduce_memory":false,"time_to_safepoint":0,"stack":true,"reason":"allocation failure","collector_reason":"","start_object_size":103237088,"end_object_size":69684704,"start_memory_size":141115392,"end_memory_size":141115392,"start_holes_size":4057856,"end_holes_size":4057856,"pool_local_chunks":0,"pool_shared_chunks":0,"pool_total_chunks":0,"new_space_capacity":33554432,"old_gen_allocation_limit":106006504,"global_allocation_limit":106006528,"allocation_throughput":41774.9,"new_space_allocation_throughput":41774.9,"new_space_survive_rate":0,"allocated":33552384,"promoted":0,"new_space_survived":0,"nodes_died_in_new":0,"nodes_copied_in_new":0,"nodes_promoted":0,"promotion_ratio":0,"average_survival_ratio":0.766243,"promotion_rate":0,"during_sweeping":false,"heap.prologue":0,"heap.epilogue":0.001,"heap.external.prologue":0,"heap.external.epilogue":0,"heap.external_weak_global_handles":0,"complete.sweep_array_buffers":0,"scavenge":0.082,"scavenge.free_remembered_set":0,"scavenge.roots":0.009,"scavenge.weak":0,"scavenge.weak_global_handles.identify":0,"scavenge.weak_global_handles.process":0,"scavenge.parallel":0,"scavenge.pin_objects_conservative":0,"scavenge.pin_objects_precise":0,"scavenge.restore_pinned":0,"scavenge.sweep_array_buffers":0,"scavenge.resize_new_space":0,"background.scavenge.parallel":0,"incremental.steps_count":0,"incremental.steps_took":0,"scavenge_throughput":1.08799e+06,"quarantined_size":0,"quarantined_pages":0}
[42719:0x76d40c000:0]    10397 ms: GC: {"pause":0.115,"mutator":866.081,"gc":"s","reduce_memory":false,"time_to_safepoint":0,"stack":true,"reason":"allocation failure","collector_reason":"","start_object_size":103237088,"end_object_size":69684704,"start_memory_size":141115392,"end_memory_size":141115392,"start_holes_size":4057856,"end_holes_size":4057856,"pool_local_chunks":0,"pool_shared_chunks":0,"pool_total_chunks":0,"new_space_capacity":33554432,"old_gen_allocation_limit":106006504,"global_allocation_limit":106006528,"allocation_throughput":38747.9,"new_space_allocation_throughput":38747.9,"new_space_survive_rate":0,"allocated":33552384,"promoted":0,"new_space_survived":0,"nodes_died_in_new":0,"nodes_copied_in_new":0,"nodes_promoted":0,"promotion_ratio":0,"average_survival_ratio":0.00118501,"promotion_rate":0,"during_sweeping":false,"heap.prologue":0,"heap.epilogue":0.001,"heap.external.prologue":0,"heap.external.epilogue":0,"heap.external_weak_global_handles":0,"complete.sweep_array_buffers":0,"scavenge":0.1,"scavenge.free_remembered_set":0,"scavenge.roots":0.009,"scavenge.weak":0,"scavenge.weak_global_handles.identify":0,"scavenge.weak_global_handles.process":0.001,"scavenge.parallel":0,"scavenge.pin_objects_conservative":0,"scavenge.pin_objects_precise":0,"scavenge.restore_pinned":0.002,"scavenge.sweep_array_buffers":0,"scavenge.resize_new_space":0,"background.scavenge.parallel":0,"incremental.steps_count":0,"incremental.steps_took":0,"scavenge_throughput":2109.28,"quarantined_size":0,"quarantined_pages":0}
[42719:0x76d40c000:0]    11237 ms: GC: {"pause":0.127,"mutator":839.329,"gc":"s","reduce_memory":false,"time_to_safepoint":0,"stack":true,"reason":"allocation failure","collector_reason":"","start_object_size":103237088,"end_object_size":69684704,"start_memory_size":141115392,"end_memory_size":141115392,"start_holes_size":4057856,"end_holes_size":4057856,"pool_local_chunks":0,"pool_shared_chunks":0,"pool_total_chunks":0,"new_space_capacity":33554432,"old_gen_allocation_limit":106006504,"global_allocation_limit":106006528,"allocation_throughput":39971.5,"new_space_allocation_throughput":39971.5,"new_space_survive_rate":0,"allocated":33552384,"promoted":0,"new_space_survived":0,"nodes_died_in_new":0,"nodes_copied_in_new":0,"nodes_promoted":0,"promotion_ratio":0,"average_survival_ratio":0.000443486,"promotion_rate":0,"during_sweeping":false,"heap.prologue":0,"heap.epilogue":0.002,"heap.external.prologue":0,"heap.external.epilogue":0,"heap.external_weak_global_handles":0,"complete.sweep_array_buffers":0,"scavenge":0.098,"scavenge.free_remembered_set":0,"scavenge.roots":0.014,"scavenge.weak":0,"scavenge.weak_global_handles.identify":0.001,"scavenge.weak_global_handles.process":0,"scavenge.parallel":0,"scavenge.pin_objects_conservative":0,"scavenge.pin_objects_precise":0,"scavenge.restore_pinned":0.001,"scavenge.sweep_array_buffers":0,"scavenge.resize_new_space":0,"background.scavenge.parallel":0,"incremental.steps_count":0,"incremental.steps_took":0,"scavenge_throughput":1059.83,"quarantined_size":0,"quarantined_pages":0}
[42719:0x76d40c000:0]    12215 ms: GC: {"pause":0.116,"mutator":978.183,"gc":"s","reduce_memory":false,"time_to_safepoint":0,"stack":true,"reason":"allocation failure","collector_reason":"","start_object_size":103237088,"end_object_size":69684704,"start_memory_size":141115392,"end_memory_size":141115392,"start_holes_size":4057856,"end_holes_size":4057856,"pool_local_chunks":0,"pool_shared_chunks":0,"pool_total_chunks":0,"new_space_capacity":33554432,"old_gen_allocation_limit":106006504,"global_allocation_limit":106006528,"allocation_throughput":34307.1,"new_space_allocation_throughput":34307.1,"new_space_survive_rate":0,"allocated":33552384,"promoted":0,"new_space_survived":0,"nodes_died_in_new":0,"nodes_copied_in_new":0,"nodes_promoted":0,"promotion_ratio":0,"average_survival_ratio":0,"promotion_rate":0,"during_sweeping":false,"heap.prologue":0,"heap.epilogue":0.001,"heap.external.prologue":0,"heap.external.epilogue":0,"heap.external_weak_global_handles":0,"complete.sweep_array_buffers":0,"scavenge":0.105,"scavenge.free_remembered_set":0.001,"scavenge.roots":0.009,"scavenge.weak":0,"scavenge.weak_global_handles.identify":0,"scavenge.weak_global_handles.process":0,"scavenge.parallel":0,"scavenge.pin_objects_conservative":0,"scavenge.pin_objects_precise":0,"scavenge.restore_pinned":0,"scavenge.sweep_array_buffers":0,"scavenge.resize_new_space":0,"background.scavenge.parallel":0,"incremental.steps_count":0,"incremental.steps_took":0,"scavenge_throughput":1,"quarantined_size":0,"quarantined_pages":0}
[42719:0x76d40c000:0]    12215 ms: Memory pool: Removed pages: 0, removed large pages: 0
, removed zone reservations: 0
[42719:0x76d40c000:0]    13214 ms: GC: {"pause":0.113,"mutator":999.162,"gc":"s","reduce_memory":false,"time_to_safepoint":0,"stack":true,"reason":"allocation failure","collector_reason":"","start_object_size":103237088,"end_object_size":69684704,"start_memory_size":141115392,"end_memory_size":141115392,"start_holes_size":4057856,"end_holes_size":4057856,"pool_local_chunks":0,"pool_shared_chunks":0,"pool_total_chunks":0,"new_space_capacity":33554432,"old_gen_allocation_limit":106006504,"global_allocation_limit":106006528,"allocation_throughput":33581.2,"new_space_allocation_throughput":33581.2,"new_space_survive_rate":0,"allocated":33552384,"promoted":0,"new_space_survived":0,"nodes_died_in_new":0,"nodes_copied_in_new":0,"nodes_promoted":0,"promotion_ratio":0,"average_survival_ratio":0,"promotion_rate":0,"during_sweeping":false,"heap.prologue":0,"heap.epilogue":0.001,"heap.external.prologue":0,"heap.external.epilogue":0,"heap.external_weak_global_handles":0,"complete.sweep_array_buffers":0,"scavenge":0.1,"scavenge.free_remembered_set":0,"scavenge.roots":0.012,"scavenge.weak":0,"scavenge.weak_global_handles.identify":0,"scavenge.weak_global_handles.process":0.001,"scavenge.parallel":0,"scavenge.pin_objects_conservative":0,"scavenge.pin_objects_precise":0,"scavenge.restore_pinned":0.001,"scavenge.sweep_array_buffers":0,"scavenge.resize_new_space":0.001,"background.scavenge.parallel":0,"incremental.steps_count":0,"incremental.steps_took":0,"scavenge_throughput":1,"quarantined_size":0,"quarantined_pages":0}
[42719:0x76d40c000:0]    14270 ms: GC: {"pause":0.13,"mutator":1055.23,"gc":"s","reduce_memory":false,"time_to_safepoint":0,"stack":true,"reason":"allocation failure","collector_reason":"","start_object_size":103237088,"end_object_size":69684704,"start_memory_size":141115392,"end_memory_size":141115392,"start_holes_size":4057856,"end_holes_size":4057856,"pool_local_chunks":0,"pool_shared_chunks":0,"pool_total_chunks":0,"new_space_capacity":33554432,"old_gen_allocation_limit":106006504,"global_allocation_limit":106006528,"allocation_throughput":31797.3,"new_space_allocation_throughput":31797.3,"new_space_survive_rate":0,"allocated":33552384,"promoted":0,"new_space_survived":0,"nodes_died_in_new":0,"nodes_copied_in_new":0,"nodes_promoted":0,"promotion_ratio":0,"average_survival_ratio":0,"promotion_rate":0,"during_sweeping":false,"heap.prologue":0,"heap.epilogue":0.001,"heap.external.prologue":0,"heap.external.epilogue":0,"heap.external_weak_global_handles":0,"complete.sweep_array_buffers":0,"scavenge":0.118,"scavenge.free_remembered_set":0,"scavenge.roots":0.011,"scavenge.weak":0,"scavenge.weak_global_handles.identify":0.001,"scavenge.weak_global_handles.process":0,"scavenge.parallel":0,"scavenge.pin_objects_conservative":0,"scavenge.pin_objects_precise":0,"scavenge.restore_pinned":0.004,"scavenge.sweep_array_buffers":0,"scavenge.resize_new_space":0.001,"background.scavenge.parallel":0,"incremental.steps_count":0,"incremental.steps_took":0,"scavenge_throughput":1,"quarantined_size":0,"quarantined_pages":0}
[42719:0x76d40c000:0]    15324 ms: GC: {"pause":0.105,"mutator":1054.11,"gc":"s","reduce_memory":false,"time_to_safepoint":0,"stack":true,"reason":"allocation failure","collector_reason":"","start_object_size":103237088,"end_object_size":69684704,"start_memory_size":141115392,"end_memory_size":141115392,"start_holes_size":4057856,"end_holes_size":4057856,"pool_local_chunks":0,"pool_shared_chunks":0,"pool_total_chunks":0,"new_space_capacity":33554432,"old_gen_allocation_limit":106006504,"global_allocation_limit":106006528,"allocation_throughput":31830,"new_space_allocation_throughput":31830,"new_space_survive_rate":0,"allocated":33552384,"promoted":0,"new_space_survived":0,"nodes_died_in_new":0,"nodes_copied_in_new":0,"nodes_promoted":0,"promotion_ratio":0,"average_survival_ratio":0,"promotion_rate":0,"during_sweeping":false,"heap.prologue":0,"heap.epilogue":0.001,"heap.external.prologue":0,"heap.external.epilogue":0,"heap.external_weak_global_handles":0,"complete.sweep_array_buffers":0,"scavenge":0.094,"scavenge.free_remembered_set":0,"scavenge.roots":0.011,"scavenge.weak":0,"scavenge.weak_global_handles.identify":0,"scavenge.weak_global_handles.process":0,"scavenge.parallel":0,"scavenge.pin_objects_conservative":0,"scavenge.pin_objects_precise":0,"scavenge.restore_pinned":0.001,"scavenge.sweep_array_buffers":0,"scavenge.resize_new_space":0,"background.scavenge.parallel":0,"incremental.steps_count":0,"incremental.steps_took":0,"scavenge_throughput":1,"quarantined_size":0,"quarantined_pages":0}
[42719:0x76d40c000:0]    16306 ms: GC: {"pause":0.146,"mutator":981.989,"gc":"s","reduce_memory":false,"time_to_safepoint":0,"stack":true,"reason":"allocation failure","collector_reason":"","start_object_size":103237088,"end_object_size":69684704,"start_memory_size":141115392,"end_memory_size":141115392,"start_holes_size":4057856,"end_holes_size":4057856,"pool_local_chunks":0,"pool_shared_chunks":0,"pool_total_chunks":0,"new_space_capacity":33554432,"old_gen_allocation_limit":106006504,"global_allocation_limit":106006528,"allocation_throughput":34165.2,"new_space_allocation_throughput":34165.2,"new_space_survive_rate":0,"allocated":33552384,"promoted":0,"new_space_survived":0,"nodes_died_in_new":0,"nodes_copied_in_new":0,"nodes_promoted":0,"promotion_ratio":0,"average_survival_ratio":0,"promotion_rate":0,"during_sweeping":false,"heap.prologue":0,"heap.epilogue":0.002,"heap.external.prologue":0,"heap.external.epilogue":0,"heap.external_weak_global_handles":0,"complete.sweep_array_buffers":0,"scavenge":0.134,"scavenge.free_remembered_set":0,"scavenge.roots":0.022,"scavenge.weak":0,"scavenge.weak_global_handles.identify":0,"scavenge.weak_global_handles.process":0,"scavenge.parallel":0,"scavenge.pin_objects_conservative":0,"scavenge.pin_objects_precise":0,"scavenge.restore_pinned":0.015,"scavenge.sweep_array_buffers":0,"scavenge.resize_new_space":0.001,"background.scavenge.parallel":0,"incremental.steps_count":0,"incremental.steps_took":0,"scavenge_throughput":1,"quarantined_size":0,"quarantined_pages":0}
[42719:0x76d40c000:0]    17348 ms: GC: {"pause":0.183,"mutator":1041.72,"gc":"s","reduce_memory":false,"time_to_safepoint":0,"stack":true,"reason":"allocation failure","collector_reason":"","start_object_size":103237088,"end_object_size":69684704,"start_memory_size":141115392,"end_memory_size":141115392,"start_holes_size":4057856,"end_holes_size":4057856,"pool_local_chunks":0,"pool_shared_chunks":0,"pool_total_chunks":0,"new_space_capacity":33554432,"old_gen_allocation_limit":106006504,"global_allocation_limit":106006528,"allocation_throughput":32210.1,"new_space_allocation_throughput":32210.1,"new_space_survive_rate":0,"allocated":33552384,"promoted":0,"new_space_survived":0,"nodes_died_in_new":0,"nodes_copied_in_new":0,"nodes_promoted":0,"promotion_ratio":0,"average_survival_ratio":0,"promotion_rate":0,"during_sweeping":false,"heap.prologue":0,"heap.epilogue":0.002,"heap.external.prologue":0,"heap.external.epilogue":0,"heap.external_weak_global_handles":0,"complete.sweep_array_buffers":0,"scavenge":0.171,"scavenge.free_remembered_set":0,"scavenge.roots":0.022,"scavenge.weak":0,"scavenge.weak_global_handles.identify":0.001,"scavenge.weak_global_handles.process":0,"scavenge.parallel":0,"scavenge.pin_objects_conservative":0,"scavenge.pin_objects_precise":0,"scavenge.restore_pinned":0.01,"scavenge.sweep_array_buffers":0,"scavenge.resize_new_space":0,"background.scavenge.parallel":0,"incremental.steps_count":0,"incremental.steps_took":0,"scavenge_throughput":1,"quarantined_size":0,"quarantined_pages":0}
[42719:0x76d40c000:0]    18352 ms: GC: {"pause":0.101,"mutator":1003.67,"gc":"s","reduce_memory":false,"time_to_safepoint":0,"stack":true,"reason":"allocation failure","collector_reason":"","start_object_size":103237088,"end_object_size":69684704,"start_memory_size":141115392,"end_memory_size":141115392,"start_holes_size":4057856,"end_holes_size":4057856,"pool_local_chunks":0,"pool_shared_chunks":0,"pool_total_chunks":0,"new_space_capacity":33554432,"old_gen_allocation_limit":106006504,"global_allocation_limit":106006528,"allocation_throughput":33428.6,"new_space_allocation_throughput":33428.6,"new_space_survive_rate":0,"allocated":33552384,"promoted":0,"new_space_survived":0,"nodes_died_in_new":0,"nodes_copied_in_new":0,"nodes_promoted":0,"promotion_ratio":0,"average_survival_ratio":0,"promotion_rate":0,"during_sweeping":false,"heap.prologue":0,"heap.epilogue":0.002,"heap.external.prologue":0,"heap.external.epilogue":0,"heap.external_weak_global_handles":0,"complete.sweep_array_buffers":0,"scavenge":0.09,"scavenge.free_remembered_set":0,"scavenge.roots":0.011,"scavenge.weak":0,"scavenge.weak_global_handles.identify":0,"scavenge.weak_global_handles.process":0,"scavenge.parallel":0,"scavenge.pin_objects_conservative":0,"scavenge.pin_objects_precise":0,"scavenge.restore_pinned":0.001,"scavenge.sweep_array_buffers":0,"scavenge.resize_new_space":0,"background.scavenge.parallel":0,"incremental.steps_count":0,"incremental.steps_took":0,"scavenge_throughput":1,"quarantined_size":0,"quarantined_pages":0}
[42719:0x76d40c000:0]    19414 ms: GC: {"pause":0.102,"mutator":1062.63,"gc":"s","reduce_memory":false,"time_to_safepoint":0,"stack":true,"reason":"allocation failure","collector_reason":"","start_object_size":103237088,"end_object_size":69684704,"start_memory_size":141115392,"end_memory_size":141115392,"start_holes_size":4057856,"end_holes_size":4057856,"pool_local_chunks":0,"pool_shared_chunks":0,"pool_total_chunks":0,"new_space_capacity":33554432,"old_gen_allocation_limit":106006504,"global_allocation_limit":106006528,"allocation_throughput":31575.9,"new_space_allocation_throughput":31575.9,"new_space_survive_rate":0,"allocated":33552384,"promoted":0,"new_space_survived":0,"nodes_died_in_new":0,"nodes_copied_in_new":0,"nodes_promoted":0,"promotion_ratio":0,"average_survival_ratio":0,"promotion_rate":0,"during_sweeping":false,"heap.prologue":0,"heap.epilogue":0.002,"heap.external.prologue":0,"heap.external.epilogue":0,"heap.external_weak_global_handles":0,"complete.sweep_array_buffers":0,"scavenge":0.09,"scavenge.free_remembered_set":0,"scavenge.roots":0.011,"scavenge.weak":0,"scavenge.weak_global_handles.identify":0,"scavenge.weak_global_handles.process":0,"scavenge.parallel":0,"scavenge.pin_objects_conservative":0,"scavenge.pin_objects_precise":0,"scavenge.restore_pinned":0.001,"scavenge.sweep_array_buffers":0,"scavenge.resize_new_space":0,"background.scavenge.parallel":0,"incremental.steps_count":0,"incremental.steps_took":0,"scavenge_throughput":1,"quarantined_size":0,"quarantined_pages":0}
[42719:0x76d40c000:0]    20463 ms: GC: {"pause":0.122,"mutator":1048.13,"gc":"s","reduce_memory":false,"time_to_safepoint":0,"stack":true,"reason":"allocation failure","collector_reason":"","start_object_size":103237088,"end_object_size":69684704,"start_memory_size":141115392,"end_memory_size":141115392,"start_holes_size":4057856,"end_holes_size":4057856,"pool_local_chunks":0,"pool_shared_chunks":0,"pool_total_chunks":0,"new_space_capacity":33554432,"old_gen_allocation_limit":106006504,"global_allocation_limit":106006528,"allocation_throughput":32011.3,"new_space_allocation_throughput":32011.3,"new_space_survive_rate":0,"allocated":33552384,"promoted":0,"new_space_survived":0,"nodes_died_in_new":0,"nodes_copied_in_new":0,"nodes_promoted":0,"promotion_ratio":0,"average_survival_ratio":0,"promotion_rate":0,"during_sweeping":false,"heap.prologue":0,"heap.epilogue":0.002,"heap.external.prologue":0,"heap.external.epilogue":0,"heap.external_weak_global_handles":0,"complete.sweep_array_buffers":0,"scavenge":0.109,"scavenge.free_remembered_set":0,"scavenge.roots":0.009,"scavenge.weak":0,"scavenge.weak_global_handles.identify":0.001,"scavenge.weak_global_handles.process":0,"scavenge.parallel":0,"scavenge.pin_objects_conservative":0,"scavenge.pin_objects_precise":0,"scavenge.restore_pinned":0.003,"scavenge.sweep_array_buffers":0,"scavenge.resize_new_space":0.001,"background.scavenge.parallel":0,"incremental.steps_count":0,"incremental.steps_took":0,"scavenge_throughput":1,"quarantined_size":0,"quarantined_pages":0}
[42719:0x76d40c000:0]    21521 ms: GC: {"pause":0.106,"mutator":1058.21,"gc":"s","reduce_memory":false,"time_to_safepoint":0,"stack":true,"reason":"allocation failure","collector_reason":"","start_object_size":103237088,"end_object_size":69684704,"start_memory_size":141115392,"end_memory_size":141115392,"start_holes_size":4057856,"end_holes_size":4057856,"pool_local_chunks":0,"pool_shared_chunks":0,"pool_total_chunks":0,"new_space_capacity":33554432,"old_gen_allocation_limit":106006504,"global_allocation_limit":106006528,"allocation_throughput":31706.7,"new_space_allocation_throughput":31706.7,"new_space_survive_rate":0,"allocated":33552384,"promoted":0,"new_space_survived":0,"nodes_died_in_new":0,"nodes_copied_in_new":0,"nodes_promoted":0,"promotion_ratio":0,"average_survival_ratio":0,"promotion_rate":0,"during_sweeping":false,"heap.prologue":0,"heap.epilogue":0.001,"heap.external.prologue":0,"heap.external.epilogue":0,"heap.external_weak_global_handles":0,"complete.sweep_array_buffers":0,"scavenge":0.094,"scavenge.free_remembered_set":0,"scavenge.roots":0.012,"scavenge.weak":0,"scavenge.weak_global_handles.identify":0.001,"scavenge.weak_global_handles.process":0,"scavenge.parallel":0,"scavenge.pin_objects_conservative":0,"scavenge.pin_objects_precise":0,"scavenge.restore_pinned":0.001,"scavenge.sweep_array_buffers":0,"scavenge.resize_new_space":0,"background.scavenge.parallel":0,"incremental.steps_count":0,"incremental.steps_took":0,"scavenge_throughput":1,"quarantined_size":0,"quarantined_pages":0}
[42719:0x76d40c000:0]    22578 ms: GC: {"pause":0.123,"mutator":1057.24,"gc":"s","reduce_memory":false,"time_to_safepoint":0,"stack":true,"reason":"allocation failure","collector_reason":"","start_object_size":103237088,"end_object_size":69684704,"start_memory_size":141115392,"end_memory_size":141115392,"start_holes_size":4057856,"end_holes_size":4057856,"pool_local_chunks":0,"pool_shared_chunks":0,"pool_total_chunks":0,"new_space_capacity":33554432,"old_gen_allocation_limit":106006504,"global_allocation_limit":106006528,"allocation_throughput":31735.8,"new_space_allocation_throughput":31735.8,"new_space_survive_rate":0,"allocated":33552384,"promoted":0,"new_space_survived":0,"nodes_died_in_new":0,"nodes_copied_in_new":0,"nodes_promoted":0,"promotion_ratio":0,"average_survival_ratio":0,"promotion_rate":0,"during_sweeping":false,"heap.prologue":0,"heap.epilogue":0.002,"heap.external.prologue":0,"heap.external.epilogue":0,"heap.external_weak_global_handles":0,"complete.sweep_array_buffers":0,"scavenge":0.109,"scavenge.free_remembered_set":0,"scavenge.roots":0.013,"scavenge.weak":0,"scavenge.weak_global_handles.identify":0,"scavenge.weak_global_handles.process":0,"scavenge.parallel":0,"scavenge.pin_objects_conservative":0,"scavenge.pin_objects_precise":0,"scavenge.restore_pinned":0.002,"scavenge.sweep_array_buffers":0,"scavenge.resize_new_space":0.001,"background.scavenge.parallel":0,"incremental.steps_count":0,"incremental.steps_took":0,"scavenge_throughput":1,"quarantined_size":0,"quarantined_pages":0}
[42719:0x76d40c000:0]    23585 ms: GC: {"pause":0.102,"mutator":1006.34,"gc":"s","reduce_memory":false,"time_to_safepoint":0,"stack":true,"reason":"allocation failure","collector_reason":"","start_object_size":103237088,"end_object_size":69684704,"start_memory_size":141115392,"end_memory_size":141115392,"start_holes_size":4057856,"end_holes_size":4057856,"pool_local_chunks":0,"pool_shared_chunks":0,"pool_total_chunks":0,"new_space_capacity":33554432,"old_gen_allocation_limit":106006504,"global_allocation_limit":106006528,"allocation_throughput":33339.3,"new_space_allocation_throughput":33339.3,"new_space_survive_rate":0,"allocated":33552384,"promoted":0,"new_space_survived":0,"nodes_died_in_new":0,"nodes_copied_in_new":0,"nodes_promoted":0,"promotion_ratio":0,"average_survival_ratio":0,"promotion_rate":0,"during_sweeping":false,"heap.prologue":0,"heap.epilogue":0.001,"heap.external.prologue":0,"heap.external.epilogue":0,"heap.external_weak_global_handles":0,"complete.sweep_array_buffers":0,"scavenge":0.09,"scavenge.free_remembered_set":0,"scavenge.roots":0.012,"scavenge.weak":0,"scavenge.weak_global_handles.identify":0,"scavenge.weak_global_handles.process":0.001,"scavenge.parallel":0,"scavenge.pin_objects_conservative":0,"scavenge.pin_objects_precise":0,"scavenge.restore_pinned":0.001,"scavenge.sweep_array_buffers":0,"scavenge.resize_new_space":0,"background.scavenge.parallel":0,"incremental.steps_count":0,"incremental.steps_took":0,"scavenge_throughput":1,"quarantined_size":0,"quarantined_pages":0}
[42719:0x76d40c000:0]    24629 ms: GC: {"pause":0.115,"mutator":1044.01,"gc":"s","reduce_memory":false,"time_to_safepoint":0,"stack":true,"reason":"allocation failure","collector_reason":"","start_object_size":103237088,"end_object_size":69684704,"start_memory_size":141115392,"end_memory_size":141115392,"start_holes_size":4057856,"end_holes_size":4057856,"pool_local_chunks":0,"pool_shared_chunks":0,"pool_total_chunks":0,"new_space_capacity":33554432,"old_gen_allocation_limit":106006504,"global_allocation_limit":106006528,"allocation_throughput":32138.9,"new_space_allocation_throughput":32138.9,"new_space_survive_rate":0,"allocated":33552384,"promoted":0,"new_space_survived":0,"nodes_died_in_new":0,"nodes_copied_in_new":0,"nodes_promoted":0,"promotion_ratio":0,"average_survival_ratio":0,"promotion_rate":0,"during_sweeping":false,"heap.prologue":0,"heap.epilogue":0,"heap.external.prologue":0,"heap.external.epilogue":0,"heap.external_weak_global_handles":0,"complete.sweep_array_buffers":0,"scavenge":0.103,"scavenge.free_remembered_set":0,"scavenge.roots":0.012,"scavenge.weak":0,"scavenge.weak_global_handles.identify":0,"scavenge.weak_global_handles.process":0.001,"scavenge.parallel":0,"scavenge.pin_objects_conservative":0,"scavenge.pin_objects_precise":0,"scavenge.restore_pinned":0.001,"scavenge.sweep_array_buffers":0,"scavenge.resize_new_space":0,"background.scavenge.parallel":0,"incremental.steps_count":0,"incremental.steps_took":0,"scavenge_throughput":1,"quarantined_size":0,"quarantined_pages":0}
[42719:0x76d40c000:0]    24629 ms: Memory pool: Removed pages: 0, removed large pages: 0
, removed zone reservations: 0
[42719:0x76d40c000:0]    25608 ms: GC: {"pause":0.137,"mutator":979.227,"gc":"s","reduce_memory":false,"time_to_safepoint":0,"stack":true,"reason":"allocation failure","collector_reason":"","start_object_size":103237088,"end_object_size":69684704,"start_memory_size":141115392,"end_memory_size":141115392,"start_holes_size":4057856,"end_holes_size":4057856,"pool_local_chunks":0,"pool_shared_chunks":0,"pool_total_chunks":0,"new_space_capacity":33554432,"old_gen_allocation_limit":106006504,"global_allocation_limit":106006528,"allocation_throughput":34261.7,"new_space_allocation_throughput":34261.7,"new_space_survive_rate":0,"allocated":33552384,"promoted":0,"new_space_survived":0,"nodes_died_in_new":0,"nodes_copied_in_new":0,"nodes_promoted":0,"promotion_ratio":0,"average_survival_ratio":0,"promotion_rate":0,"during_sweeping":false,"heap.prologue":0,"heap.epilogue":0.002,"heap.external.prologue":0,"heap.external.epilogue":0,"heap.external_weak_global_handles":0,"complete.sweep_array_buffers":0,"scavenge":0.12,"scavenge.free_remembered_set":0,"scavenge.roots":0.012,"scavenge.weak":0,"scavenge.weak_global_handles.identify":0,"scavenge.weak_global_handles.process":0,"scavenge.parallel":0,"scavenge.pin_objects_conservative":0,"scavenge.pin_objects_precise":0,"scavenge.restore_pinned":0.01,"scavenge.sweep_array_buffers":0,"scavenge.resize_new_space":0.001,"background.scavenge.parallel":0,"incremental.steps_count":0,"incremental.steps_took":0,"scavenge_throughput":1,"quarantined_size":0,"quarantined_pages":0}
[42719:0x76d40c000:0]    26659 ms: GC: {"pause":0.106,"mutator":1050.55,"gc":"s","reduce_memory":false,"time_to_safepoint":0,"stack":true,"reason":"allocation failure","collector_reason":"","start_object_size":103237088,"end_object_size":69684704,"start_memory_size":141115392,"end_memory_size":141115392,"start_holes_size":4057856,"end_holes_size":4057856,"pool_local_chunks":0,"pool_shared_chunks":0,"pool_total_chunks":0,"new_space_capacity":33554432,"old_gen_allocation_limit":106006504,"global_allocation_limit":106006528,"allocation_throughput":31939.5,"new_space_allocation_throughput":31939.5,"new_space_survive_rate":0,"allocated":33552384,"promoted":0,"new_space_survived":0,"nodes_died_in_new":0,"nodes_copied_in_new":0,"nodes_promoted":0,"promotion_ratio":0,"average_survival_ratio":0,"promotion_rate":0,"during_sweeping":false,"heap.prologue":0,"heap.epilogue":0.002,"heap.external.prologue":0,"heap.external.epilogue":0,"heap.external_weak_global_handles":0,"complete.sweep_array_buffers":0,"scavenge":0.093,"scavenge.free_remembered_set":0,"scavenge.roots":0.011,"scavenge.weak":0,"scavenge.weak_global_handles.identify":0,"scavenge.weak_global_handles.process":0,"scavenge.parallel":0,"scavenge.pin_objects_conservative":0,"scavenge.pin_objects_precise":0,"scavenge.restore_pinned":0.001,"scavenge.sweep_array_buffers":0,"scavenge.resize_new_space":0,"background.scavenge.parallel":0,"incremental.steps_count":0,"incremental.steps_took":0,"scavenge_throughput":1,"quarantined_size":0,"quarantined_pages":0}
[42719:0x76d40c000:0]    30375 ms: GC: {"pause":0.104,"mutator":3716.06,"gc":"s","reduce_memory":false,"time_to_safepoint":0,"stack":true,"reason":"allocation failure","collector_reason":"","start_object_size":103237088,"end_object_size":69684704,"start_memory_size":141115392,"end_memory_size":141115392,"start_holes_size":4057856,"end_holes_size":4057856,"pool_local_chunks":0,"pool_shared_chunks":0,"pool_total_chunks":0,"new_space_capacity":33554432,"old_gen_allocation_limit":106006504,"global_allocation_limit":106006528,"allocation_throughput":9029.01,"new_space_allocation_throughput":9029.01,"new_space_survive_rate":0,"allocated":33552384,"promoted":0,"new_space_survived":0,"nodes_died_in_new":0,"nodes_copied_in_new":0,"nodes_promoted":0,"promotion_ratio":0,"average_survival_ratio":0,"promotion_rate":0,"during_sweeping":false,"heap.prologue":0,"heap.epilogue":0.001,"heap.external.prologue":0,"heap.external.epilogue":0,"heap.external_weak_global_handles":0,"complete.sweep_array_buffers":0,"scavenge":0.094,"scavenge.free_remembered_set":0,"scavenge.roots":0.009,"scavenge.weak":0,"scavenge.weak_global_handles.identify":0.001,"scavenge.weak_global_handles.process":0,"scavenge.parallel":0,"scavenge.pin_objects_conservative":0,"scavenge.pin_objects_precise":0,"scavenge.restore_pinned":0,"scavenge.sweep_array_buffers":0,"scavenge.resize_new_space":0,"background.scavenge.parallel":0,"incremental.steps_count":0,"incremental.steps_took":0,"scavenge_throughput":1,"quarantined_size":0,"quarantined_pages":0}
[42719:0x76d40c000:0]    31480 ms: GC: {"pause":0.096,"mutator":1105.18,"gc":"s","reduce_memory":false,"time_to_safepoint":0,"stack":true,"reason":"allocation failure","collector_reason":"","start_object_size":103237088,"end_object_size":69684704,"start_memory_size":141115392,"end_memory_size":141115392,"start_holes_size":4057856,"end_holes_size":4057856,"pool_local_chunks":0,"pool_shared_chunks":0,"pool_total_chunks":0,"new_space_capacity":33554432,"old_gen_allocation_limit":106006504,"global_allocation_limit":106006528,"allocation_throughput":30349,"new_space_allocation_throughput":30349,"new_space_survive_rate":0,"allocated":33552384,"promoted":0,"new_space_survived":0,"nodes_died_in_new":0,"nodes_copied_in_new":0,"nodes_promoted":0,"promotion_ratio":0,"average_survival_ratio":0,"promotion_rate":0,"during_sweeping":false,"heap.prologue":0,"heap.epilogue":0.001,"heap.external.prologue":0,"heap.external.epilogue":0,"heap.external_weak_global_handles":0,"complete.sweep_array_buffers":0,"scavenge":0.085,"scavenge.free_remembered_set":0,"scavenge.roots":0.012,"scavenge.weak":0,"scavenge.weak_global_handles.identify":0,"scavenge.weak_global_handles.process":0,"scavenge.parallel":0,"scavenge.pin_objects_conservative":0,"scavenge.pin_objects_precise":0,"scavenge.restore_pinned":0.001,"scavenge.sweep_array_buffers":0,"scavenge.resize_new_space":0,"background.scavenge.parallel":0,"incremental.steps_count":0,"incremental.steps_took":0,"scavenge_throughput":1,"quarantined_size":0,"quarantined_pages":0}
[42719:0x76d40c000:0]    32550 ms: GC: {"pause":0.096,"mutator":1069.17,"gc":"s","reduce_memory":false,"time_to_safepoint":0,"stack":true,"reason":"allocation failure","collector_reason":"","start_object_size":103237088,"end_object_size":69684704,"start_memory_size":141115392,"end_memory_size":141115392,"start_holes_size":4057856,"end_holes_size":4057856,"pool_local_chunks":0,"pool_shared_chunks":0,"pool_total_chunks":0,"new_space_capacity":33554432,"old_gen_allocation_limit":106006504,"global_allocation_limit":106006528,"allocation_throughput":31381.1,"new_space_allocation_throughput":31381.1,"new_space_survive_rate":0,"allocated":33552384,"promoted":0,"new_space_survived":0,"nodes_died_in_new":0,"nodes_copied_in_new":0,"nodes_promoted":0,"promotion_ratio":0,"average_survival_ratio":0,"promotion_rate":0,"during_sweeping":false,"heap.prologue":0,"heap.epilogue":0.001,"heap.external.prologue":0,"heap.external.epilogue":0,"heap.external_weak_global_handles":0,"complete.sweep_array_buffers":0,"scavenge":0.086,"scavenge.free_remembered_set":0,"scavenge.roots":0.011,"scavenge.weak":0,"scavenge.weak_global_handles.identify":0.001,"scavenge.weak_global_handles.process":0,"scavenge.parallel":0,"scavenge.pin_objects_conservative":0,"scavenge.pin_objects_precise":0,"scavenge.restore_pinned":0.001,"scavenge.sweep_array_buffers":0,"scavenge.resize_new_space":0,"background.scavenge.parallel":0,"incremental.steps_count":0,"incremental.steps_took":0,"scavenge_throughput":1,"quarantined_size":0,"quarantined_pages":0}
[42719:0x76d40c000:0]    33593 ms: GC: {"pause":0.104,"mutator":1043.46,"gc":"s","reduce_memory":false,"time_to_safepoint":0,"stack":true,"reason":"allocation failure","collector_reason":"","start_object_size":103237088,"end_object_size":69684704,"start_memory_size":141115392,"end_memory_size":141115392,"start_holes_size":4057856,"end_holes_size":4057856,"pool_local_chunks":0,"pool_shared_chunks":0,"pool_total_chunks":0,"new_space_capacity":33554432,"old_gen_allocation_limit":106006504,"global_allocation_limit":106006528,"allocation_throughput":32154.2,"new_space_allocation_throughput":32154.2,"new_space_survive_rate":0,"allocated":33552384,"promoted":0,"new_space_survived":0,"nodes_died_in_new":0,"nodes_copied_in_new":0,"nodes_promoted":0,"promotion_ratio":0,"average_survival_ratio":0,"promotion_rate":0,"during_sweeping":false,"heap.prologue":0,"heap.epilogue":0.001,"heap.external.prologue":0,"heap.external.epilogue":0,"heap.external_weak_global_handles":0,"complete.sweep_array_buffers":0,"scavenge":0.093,"scavenge.free_remembered_set":0,"scavenge.roots":0.012,"scavenge.weak":0,"scavenge.weak_global_handles.identify":0,"scavenge.weak_global_handles.process":0,"scavenge.parallel":0,"scavenge.pin_objects_conservative":0,"scavenge.pin_objects_precise":0,"scavenge.restore_pinned":0.001,"scavenge.sweep_array_buffers":0,"scavenge.resize_new_space":0,"background.scavenge.parallel":0,"incremental.steps_count":0,"incremental.steps_took":0,"scavenge_throughput":1,"quarantined_size":0,"quarantined_pages":0}
[42719:0x76d40c000:0]    34635 ms: GC: {"pause":0.119,"mutator":1041.63,"gc":"s","reduce_memory":false,"time_to_safepoint":0,"stack":true,"reason":"allocation failure","collector_reason":"","start_object_size":103237088,"end_object_size":69684704,"start_memory_size":141115392,"end_memory_size":141115392,"start_holes_size":4057856,"end_holes_size":4057856,"pool_local_chunks":0,"pool_shared_chunks":0,"pool_total_chunks":0,"new_space_capacity":33554432,"old_gen_allocation_limit":106006504,"global_allocation_limit":106006528,"allocation_throughput":32211.3,"new_space_allocation_throughput":32211.3,"new_space_survive_rate":0,"allocated":33552384,"promoted":0,"new_space_survived":0,"nodes_died_in_new":0,"nodes_copied_in_new":0,"nodes_promoted":0,"promotion_ratio":0,"average_survival_ratio":0,"promotion_rate":0,"during_sweeping":false,"heap.prologue":0,"heap.epilogue":0.001,"heap.external.prologue":0,"heap.external.epilogue":0,"heap.external_weak_global_handles":0,"complete.sweep_array_buffers":0,"scavenge":0.103,"scavenge.free_remembered_set":0,"scavenge.roots":0.016,"scavenge.weak":0,"scavenge.weak_global_handles.identify":0,"scavenge.weak_global_handles.process":0,"scavenge.parallel":0,"scavenge.pin_objects_conservative":0,"scavenge.pin_objects_precise":0,"scavenge.restore_pinned":0.001,"scavenge.sweep_array_buffers":0,"scavenge.resize_new_space":0,"background.scavenge.parallel":0,"incremental.steps_count":0,"incremental.steps_took":0,"scavenge_throughput":1,"quarantined_size":0,"quarantined_pages":0}
[42719:0x76d40c000:0]    35662 ms: GC: {"pause":0.109,"mutator":1027.07,"gc":"s","reduce_memory":false,"time_to_safepoint":0,"stack":true,"reason":"allocation failure","collector_reason":"","start_object_size":103237088,"end_object_size":69684704,"start_memory_size":141115392,"end_memory_size":141115392,"start_holes_size":4057856,"end_holes_size":4057856,"pool_local_chunks":0,"pool_shared_chunks":0,"pool_total_chunks":0,"new_space_capacity":33554432,"old_gen_allocation_limit":106006504,"global_allocation_limit":106006528,"allocation_throughput":32667.8,"new_space_allocation_throughput":32667.8,"new_space_survive_rate":0,"allocated":33552384,"promoted":0,"new_space_survived":0,"nodes_died_in_new":0,"nodes_copied_in_new":0,"nodes_promoted":0,"promotion_ratio":0,"average_survival_ratio":0,"promotion_rate":0,"during_sweeping":false,"heap.prologue":0,"heap.epilogue":0.001,"heap.external.prologue":0,"heap.external.epilogue":0,"heap.external_weak_global_handles":0,"complete.sweep_array_buffers":0,"scavenge":0.093,"scavenge.free_remembered_set":0,"scavenge.roots":0.012,"scavenge.weak":0,"scavenge.weak_global_handles.identify":0,"scavenge.weak_global_handles.process":0,"scavenge.parallel":0,"scavenge.pin_objects_conservative":0,"scavenge.pin_objects_precise":0,"scavenge.restore_pinned":0.001,"scavenge.sweep_array_buffers":0,"scavenge.resize_new_space":0,"background.scavenge.parallel":0,"incremental.steps_count":0,"incremental.steps_took":0,"scavenge_throughput":1,"quarantined_size":0,"quarantined_pages":0}
[bailout (kind: deopt-eager, reason: Insufficient type feedback for generic named access): begin. deoptimizing 0x322051009ea1 <JSFunction (sfi = 0x6270df26769)>, 0x24fba5c18401 <Code TURBOFAN_JS>, opt id 382, bytecode offset 606, deopt exit 0, FP to SP delta 288, caller SP 0x00016ae01780, pc 0x00011bd2f1ec]
{"mode":"closure","elapsedMs":33478.832625,"final":{"suggestions":[],"secondarySpans":[],"diagnostics":[],"liveDepth":0,"maxDepth":0,"src":"text-box","value":{"value":"text-box","span":{"start":0,"end":8}},"offset":8,"isError":false,"furthest":0}}
