[marking 0x077f1c752e11 <JSFunction getNewKey (sfi = 0x12dd06d86ba9)> for optimization to MAGLEV, ConcurrencyMode::kConcurrent, reason: hot and stable]
[compiling method 0x077f1c752e11 <JSFunction getNewKey (sfi = 0x12dd06d86ba9)> (target MAGLEV), mode: ConcurrencyMode::kConcurrent]
[completed compiling 0x077f1c752e11 <JSFunction getNewKey (sfi = 0x12dd06d86ba9)> (target MAGLEV) - took 0.003, 0.745, 0.005 ms]
[45331:0x881c0c000:0]       76 ms: Memory pool: Removed pages: 0, removed large pages: 0
, removed zone reservations: 0
[45331:0x881c0c000:0]       76 ms: GC: {"pause":3.457,"mutator":51.304,"gc":"s","reduce_memory":false,"time_to_safepoint":0,"stack":true,"reason":"allocation failure","collector_reason":"","start_object_size":1499568,"end_object_size":786936,"start_memory_size":2621440,"end_memory_size":3145728,"start_holes_size":1121696,"end_holes_size":1121696,"pool_local_chunks":0,"pool_shared_chunks":0,"pool_total_chunks":0,"new_space_capacity":1048576,"old_gen_allocation_limit":143131168,"global_allocation_limit":286262336,"allocation_throughput":8746.96,"new_space_allocation_throughput":6115.96,"new_space_survive_rate":26.6603,"allocated":1499568,"promoted":0,"new_space_survived":279536,"nodes_died_in_new":0,"nodes_copied_in_new":18,"nodes_promoted":0,"promotion_ratio":0,"average_survival_ratio":26.6603,"promotion_rate":0,"during_sweeping":false,"heap.prologue":0,"heap.epilogue":0.117,"heap.external.prologue":0,"heap.external.epilogue":0,"heap.external_weak_global_handles":0,"complete.sweep_array_buffers":0,"scavenge":3.324,"scavenge.free_remembered_set":0.049,"scavenge.roots":2.854,"scavenge.weak":0,"scavenge.weak_global_handles.identify":0.001,"scavenge.weak_global_handles.process":0.001,"scavenge.parallel":0.19,"scavenge.pin_objects_conservative":0,"scavenge.pin_objects_precise":0,"scavenge.restore_pinned":0,"scavenge.sweep_array_buffers":0.004,"scavenge.resize_new_space":0.001,"background.scavenge.parallel":0.796,"incremental.steps_count":0,"incremental.steps_took":0,"scavenge_throughput":80860.9,"quarantined_size":0,"quarantined_pages":0}
[45331:0x881c0c000:0]       91 ms: GC: {"pause":0.341,"mutator":14.99,"gc":"s","reduce_memory":false,"time_to_safepoint":0,"stack":true,"reason":"allocation failure","collector_reason":"","start_object_size":1918472,"end_object_size":1579160,"start_memory_size":4194304,"end_memory_size":4456448,"start_holes_size":1227032,"end_holes_size":1248224,"pool_local_chunks":0,"pool_shared_chunks":0,"pool_total_chunks":0,"new_space_capacity":1048576,"old_gen_allocation_limit":65929952,"global_allocation_limit":131859905,"allocation_throughput":15323.8,"new_space_allocation_throughput":10197.6,"new_space_survive_rate":42.4861,"allocated":1131536,"promoted":240936,"new_space_survived":445472,"nodes_died_in_new":0,"nodes_copied_in_new":6,"nodes_promoted":20,"promotion_ratio":22.9789,"average_survival_ratio":46.0626,"promotion_rate":86.1914,"during_sweeping":false,"heap.prologue":0,"heap.epilogue":0,"heap.external.prologue":0,"heap.external.epilogue":0,"heap.external_weak_global_handles":0,"complete.sweep_array_buffers":0,"scavenge":0.316,"scavenge.free_remembered_set":0.002,"scavenge.roots":0.025,"scavenge.weak":0,"scavenge.weak_global_handles.identify":0,"scavenge.weak_global_handles.process":0.001,"scavenge.parallel":0,"scavenge.pin_objects_conservative":0,"scavenge.pin_objects_precise":0,"scavenge.restore_pinned":0,"scavenge.sweep_array_buffers":0.004,"scavenge.resize_new_space":0.001,"background.scavenge.parallel":0.379,"incremental.steps_count":0,"incremental.steps_took":0,"scavenge_throughput":254330,"quarantined_size":0,"quarantined_pages":0}
[marking 0x18df583f1059 <JSFunction (sfi = 0x33c1a015fb19)> for optimization to MAGLEV, ConcurrencyMode::kConcurrent, reason: hot and stable]
[compiling method 0x18df583f1059 <JSFunction (sfi = 0x33c1a015fb19)> (target MAGLEV), mode: ConcurrencyMode::kConcurrent]
[completed compiling 0x18df583f1059 <JSFunction (sfi = 0x33c1a015fb19)> (target MAGLEV) - took 0.001, 0.123, 0.001 ms]
[45331:0x881c0c000:0]      120 ms: GC: {"pause":0.882,"mutator":28.03,"gc":"s","reduce_memory":false,"time_to_safepoint":0,"stack":true,"reason":"allocation failure","collector_reason":"","start_object_size":3164160,"end_object_size":2910040,"start_memory_size":5128192,"end_memory_size":5914624,"start_holes_size":898816,"end_holes_size":1242856,"pool_local_chunks":0,"pool_shared_chunks":0,"pool_total_chunks":0,"new_space_capacity":2097152,"old_gen_allocation_limit":36119013,"global_allocation_limit":72238027,"allocation_throughput":24120.6,"new_space_allocation_throughput":12052.2,"new_space_survive_rate":30.0388,"allocated":1585000,"promoted":442344,"new_space_survived":314960,"nodes_died_in_new":0,"nodes_copied_in_new":18,"nodes_promoted":11,"promotion_ratio":42.1878,"average_survival_ratio":54.7839,"promotion_rate":99.2978,"during_sweeping":false,"heap.prologue":0,"heap.epilogue":0.001,"heap.external.prologue":0,"heap.external.epilogue":0,"heap.external_weak_global_handles":0,"complete.sweep_array_buffers":0,"scavenge":0.865,"scavenge.free_remembered_set":0.002,"scavenge.roots":0.021,"scavenge.weak":0,"scavenge.weak_global_handles.identify":0,"scavenge.weak_global_handles.process":0.001,"scavenge.parallel":0,"scavenge.pin_objects_conservative":0,"scavenge.pin_objects_precise":0,"scavenge.restore_pinned":0.001,"scavenge.sweep_array_buffers":0.003,"scavenge.resize_new_space":0.001,"background.scavenge.parallel":1.282,"incremental.steps_count":0,"incremental.steps_took":0,"scavenge_throughput":368215,"quarantined_size":0,"quarantined_pages":0}
[marking 0x39c9a6f57ae1 <JSFunction next (sfi = 0x12dd06d897c1)> for optimization to MAGLEV, ConcurrencyMode::kConcurrent, reason: hot and stable]
[compiling method 0x39c9a6f57ae1 <JSFunction next (sfi = 0x12dd06d897c1)> (target MAGLEV), mode: ConcurrencyMode::kConcurrent]
[completed compiling 0x39c9a6f57ae1 <JSFunction next (sfi = 0x12dd06d897c1)> (target MAGLEV) - took 0.003, 0.165, 0.004 ms]
[bailout (kind: deopt-eager, reason: wrong map): begin. deoptimizing 0x39c9a6f56629 <JSFunction next (sfi = 0x12dd06d897c1)>, 0x0dabe0781f11 <Code MAGLEV>, opt id 2, bytecode offset 3, deopt exit 0, FP to SP delta 32, caller SP 0x00016f02da58, pc 0x0001178c53b4]
[marking 0x26da368c8b39 <JSFunction isPosixPathSeparator (sfi = 0xe7c13d39219)> for optimization to MAGLEV, ConcurrencyMode::kConcurrent, reason: hot and stable]
[compiling method 0x26da368c8b39 <JSFunction isPosixPathSeparator (sfi = 0xe7c13d39219)> (target MAGLEV), mode: ConcurrencyMode::kConcurrent]
[completed compiling 0x26da368c8b39 <JSFunction isPosixPathSeparator (sfi = 0xe7c13d39219)> (target MAGLEV) - took 0.001, 0.419, 0.002 ms]
[marking 0x26da368c8c19 <JSFunction normalizeString (sfi = 0xe7c13d392f1)> for optimization to MAGLEV, ConcurrencyMode::kConcurrent, reason: hot and stable]
[compiling method 0x26da368c8c19 <JSFunction normalizeString (sfi = 0xe7c13d392f1)> (target MAGLEV), mode: ConcurrencyMode::kConcurrent]
[completed compiling 0x26da368c8c19 <JSFunction normalizeString (sfi = 0xe7c13d392f1)> (target MAGLEV) - took 0.000, 0.710, 0.002 ms]
[marking 0x171805efa351 <JSFunction getPathFromURLPosix (sfi = 0x29923b6066b1)> for optimization to MAGLEV, ConcurrencyMode::kConcurrent, reason: hot and stable]
[compiling method 0x171805efa351 <JSFunction getPathFromURLPosix (sfi = 0x29923b6066b1)> (target MAGLEV), mode: ConcurrencyMode::kConcurrent]
[completed compiling 0x171805efa351 <JSFunction getPathFromURLPosix (sfi = 0x29923b6066b1)> (target MAGLEV) - took 0.002, 0.220, 0.018 ms]
[marking 0x33c1a017cee9 <JSFunction requireBuiltin (sfi = 0x12dd06d9e749)> for optimization to MAGLEV, ConcurrencyMode::kConcurrent, reason: hot and stable]
[compiling method 0x33c1a017cee9 <JSFunction requireBuiltin (sfi = 0x12dd06d9e749)> (target MAGLEV), mode: ConcurrencyMode::kConcurrent]
[completed compiling 0x33c1a017cee9 <JSFunction requireBuiltin (sfi = 0x12dd06d9e749)> (target MAGLEV) - took 0.000, 0.431, 0.034 ms]
[45331:0x881c0c000:0]      364 ms: GC: {"pause":2.519,"mutator":241.271,"gc":"s","reduce_memory":false,"time_to_safepoint":0,"stack":true,"reason":"allocation failure","collector_reason":"","start_object_size":8422312,"end_object_size":7465680,"start_memory_size":10321920,"end_memory_size":11108352,"start_holes_size":816336,"end_holes_size":1297744,"pool_local_chunks":0,"pool_shared_chunks":0,"pool_total_chunks":0,"new_space_capacity":2097152,"old_gen_allocation_limit":19753460,"global_allocation_limit":39506922,"allocation_throughput":24004.3,"new_space_allocation_throughput":8137.54,"new_space_survive_rate":33.4729,"allocated":5512272,"promoted":474504,"new_space_survived":758680,"nodes_died_in_new":0,"nodes_copied_in_new":37,"nodes_promoted":26,"promotion_ratio":20.9351,"average_survival_ratio":54.6899,"promotion_rate":150.655,"during_sweeping":false,"heap.prologue":0,"heap.epilogue":0,"heap.external.prologue":0,"heap.external.epilogue":0,"heap.external_weak_global_handles":0,"complete.sweep_array_buffers":0,"scavenge":2.501,"scavenge.free_remembered_set":0.006,"scavenge.roots":2.036,"scavenge.weak":0,"scavenge.weak_global_handles.identify":0,"scavenge.weak_global_handles.process":0.001,"scavenge.parallel":0.118,"scavenge.pin_objects_conservative":0,"scavenge.pin_objects_precise":0,"scavenge.restore_pinned":0.002,"scavenge.sweep_array_buffers":0.005,"scavenge.resize_new_space":0.001,"background.scavenge.parallel":4.126,"incremental.steps_count":0,"incremental.steps_took":0,"scavenge_throughput":410673,"quarantined_size":0,"quarantined_pages":0}
[marking 0x39c9a6f584a9 <JSFunction getOwn (sfi = 0x12dd06d9e8f9)> for optimization to MAGLEV, ConcurrencyMode::kConcurrent, reason: hot and stable]
[compiling method 0x39c9a6f584a9 <JSFunction getOwn (sfi = 0x12dd06d9e8f9)> (target MAGLEV), mode: ConcurrencyMode::kConcurrent]
[completed compiling 0x39c9a6f584a9 <JSFunction getOwn (sfi = 0x12dd06d9e8f9)> (target MAGLEV) - took 0.000, 0.241, 0.004 ms]
[marking 0x39c9a6f55fa1 <JSFunction syncExports (sfi = 0x12dd06d9ede1)> for optimization to MAGLEV, ConcurrencyMode::kConcurrent, reason: hot and stable]
[compiling method 0x39c9a6f55fa1 <JSFunction syncExports (sfi = 0x12dd06d9ede1)> (target MAGLEV), mode: ConcurrencyMode::kConcurrent]
[completed compiling 0x39c9a6f55fa1 <JSFunction syncExports (sfi = 0x12dd06d9ede1)> (target MAGLEV) - took 0.001, 0.425, 0.019 ms]
[45331:0x881c0c000:0]      424 ms: GC: {"pause":2.413,"mutator":57.007,"gc":"s","reduce_memory":false,"time_to_safepoint":0,"stack":true,"reason":"allocation failure","collector_reason":"","start_object_size":9705000,"end_object_size":9057240,"start_memory_size":12943360,"end_memory_size":13729792,"start_holes_size":1106416,"end_holes_size":1163504,"pool_local_chunks":0,"pool_shared_chunks":0,"pool_total_chunks":0,"new_space_capacity":4194304,"old_gen_allocation_limit":16726000,"global_allocation_limit":22473297,"allocation_throughput":31707.6,"new_space_allocation_throughput":12705,"new_space_survive_rate":30.8849,"allocated":2239320,"promoted":729296,"new_space_survived":647664,"nodes_died_in_new":0,"nodes_copied_in_new":24,"nodes_promoted":40,"promotion_ratio":34.7777,"average_survival_ratio":56.8845,"promotion_rate":96.127,"during_sweeping":false,"heap.prologue":0,"heap.epilogue":0.001,"heap.external.prologue":0,"heap.external.epilogue":0,"heap.external_weak_global_handles":0,"complete.sweep_array_buffers":0,"scavenge":2.399,"scavenge.free_remembered_set":0.015,"scavenge.roots":0.045,"scavenge.weak":0,"scavenge.weak_global_handles.identify":0,"scavenge.weak_global_handles.process":0.003,"scavenge.parallel":0,"scavenge.pin_objects_conservative":0,"scavenge.pin_objects_precise":0,"scavenge.restore_pinned":0.001,"scavenge.sweep_array_buffers":0.006,"scavenge.resize_new_space":0.001,"background.scavenge.parallel":4.619,"incremental.steps_count":0,"incremental.steps_took":0,"scavenge_throughput":450831,"quarantined_size":0,"quarantined_pages":0}
[marking 0x2d12b14863a1 <JSFunction (sfi = 0x33c1a0170bd9)> for optimization to MAGLEV, ConcurrencyMode::kConcurrent, reason: hot and stable]
[compiling method 0x2d12b14863a1 <JSFunction (sfi = 0x33c1a0170bd9)> (target MAGLEV), mode: ConcurrencyMode::kConcurrent]
[completed compiling 0x2d12b14863a1 <JSFunction (sfi = 0x33c1a0170bd9)> (target MAGLEV) - took 0.001, 0.305, 0.001 ms]
[bailout (kind: deopt-eager, reason: wrong map): begin. deoptimizing 0x33c1a017cee9 <JSFunction requireBuiltin (sfi = 0x12dd06d9e749)>, 0x05226dd04061 <Code MAGLEV>, opt id 6, bytecode offset 4, deopt exit 0, FP to SP delta 32, caller SP 0x00016f029a10, pc 0x0001178e5b6c]
[marking 0x03677fc757d9 <JSFunction _TstNode (sfi = 0x3b3d191abca9)> for optimization to MAGLEV, ConcurrencyMode::kConcurrent, reason: hot and stable]
[compiling method 0x03677fc757d9 <JSFunction _TstNode (sfi = 0x3b3d191abca9)> (target MAGLEV), mode: ConcurrencyMode::kConcurrent]
[marking 0x03677fc755e9 <JSFunction _TstNode (sfi = 0x3b3d191abbd1)> for optimization to MAGLEV, ConcurrencyMode::kConcurrent, reason: hot and stable]
[compiling method 0x03677fc755e9 <JSFunction _TstNode (sfi = 0x3b3d191abbd1)> (target MAGLEV), mode: ConcurrencyMode::kConcurrent]
[marking 0x03677fc75629 <JSFunction add (sfi = 0x3b3d191abc19)> for optimization to MAGLEV, ConcurrencyMode::kConcurrent, reason: hot and stable]
[compiling method 0x03677fc75629 <JSFunction add (sfi = 0x3b3d191abc19)> (target MAGLEV), mode: ConcurrencyMode::kConcurrent]
[completed compiling 0x03677fc757d9 <JSFunction _TstNode (sfi = 0x3b3d191abca9)> (target MAGLEV) - took 0.000, 0.103, 0.003 ms]
[completed compiling 0x03677fc755e9 <JSFunction _TstNode (sfi = 0x3b3d191abbd1)> (target MAGLEV) - took 0.001, 0.445, 0.006 ms]
[completed compiling 0x03677fc75629 <JSFunction add (sfi = 0x3b3d191abc19)> (target MAGLEV) - took 0.000, 0.578, 0.002 ms]
[bailout (kind: deopt-lazy, reason: (unknown)): begin. deoptimizing 0x33c1a017cee9 <JSFunction requireBuiltin (sfi = 0x12dd06d9e749)>, 0x05226dd04061 <Code MAGLEV>, opt id 6, bytecode offset 72, deopt exit 4, FP to SP delta 32, caller SP 0x00016f02a1a0, pc 0x0001178e5b7c]
[marking 0x2d12b1480361 <JSFunction #ensureSearchParamsUpdated (sfi = 0x29923b607149)> for optimization to MAGLEV, ConcurrencyMode::kConcurrent, reason: hot and stable]
[compiling method 0x2d12b1480361 <JSFunction #ensureSearchParamsUpdated (sfi = 0x29923b607149)> (target MAGLEV), mode: ConcurrencyMode::kConcurrent]
[completed compiling 0x2d12b1480361 <JSFunction #ensureSearchParamsUpdated (sfi = 0x29923b607149)> (target MAGLEV) - took 0.001, 0.157, 0.009 ms]
[marking 0x2d12b14804b9 <JSFunction get protocol (sfi = 0x29923b607441)> for optimization to MAGLEV, ConcurrencyMode::kConcurrent, reason: hot and stable]
[compiling method 0x2d12b14804b9 <JSFunction get protocol (sfi = 0x29923b607441)> (target MAGLEV), mode: ConcurrencyMode::kConcurrent]
[completed compiling 0x2d12b14804b9 <JSFunction get protocol (sfi = 0x29923b607441)> (target MAGLEV) - took 0.000, 0.122, 0.004 ms]
[marking 0x29923b633bf9 <JSFunction assert (sfi = 0x12dd06dba089)> for optimization to MAGLEV, ConcurrencyMode::kConcurrent, reason: hot and stable]
[compiling method 0x29923b633bf9 <JSFunction assert (sfi = 0x12dd06dba089)> (target MAGLEV), mode: ConcurrencyMode::kConcurrent]
[completed compiling 0x29923b633bf9 <JSFunction assert (sfi = 0x12dd06dba089)> (target MAGLEV) - took 0.000, 0.156, 0.003 ms]
[marking 0x2d12b1480481 <JSFunction get href (sfi = 0x29923b607311)> for optimization to MAGLEV, ConcurrencyMode::kConcurrent, reason: hot and stable]
[compiling method 0x2d12b1480481 <JSFunction get href (sfi = 0x29923b607311)> (target MAGLEV), mode: ConcurrencyMode::kConcurrent]
[marking 0x2d12b1480449 <JSFunction #updateContext (sfi = 0x29923b607191)> for optimization to MAGLEV, ConcurrencyMode::kConcurrent, reason: hot and stable]
[compiling method 0x2d12b1480449 <JSFunction #updateContext (sfi = 0x29923b607191)> (target MAGLEV), mode: ConcurrencyMode::kConcurrent]
[completed compiling 0x2d12b1480481 <JSFunction get href (sfi = 0x29923b607311)> (target MAGLEV) - took 0.000, 0.277, 0.004 ms]
[completed compiling 0x2d12b1480449 <JSFunction #updateContext (sfi = 0x29923b607191)> (target MAGLEV) - took 0.000, 0.290, 0.009 ms]
[marking 0x2d12b1480399 <JSFunction URLContext (sfi = 0x29923b606a29)> for optimization to MAGLEV, ConcurrencyMode::kConcurrent, reason: hot and stable]
[marking 0x2d12b1480181 <JSFunction URLContext (sfi = 0x29923b6068a9)> for optimization to MAGLEV, ConcurrencyMode::kConcurrent, reason: hot and stable]
[marking 0x2d12b14803d1 <JSFunction URL (sfi = 0x29923b607c39)> for optimization to MAGLEV, ConcurrencyMode::kConcurrent, reason: hot and stable]
[marking 0x2d12b1480409 <JSFunction markTransferMode (sfi = 0xe7c13d14a89)> for optimization to MAGLEV, ConcurrencyMode::kConcurrent, reason: hot and stable]
[compiling method 0x2d12b14803d1 <JSFunction URL (sfi = 0x29923b607c39)> (target MAGLEV), mode: ConcurrencyMode::kConcurrent]
[compiling method 0x2d12b1480181 <JSFunction URLContext (sfi = 0x29923b6068a9)> (target MAGLEV), mode: ConcurrencyMode::kConcurrent]
[compiling method 0x2d12b1480399 <JSFunction URLContext (sfi = 0x29923b606a29)> (target MAGLEV), mode: ConcurrencyMode::kConcurrent]
[compiling method 0x2d12b1480409 <JSFunction markTransferMode (sfi = 0xe7c13d14a89)> (target MAGLEV), mode: ConcurrencyMode::kConcurrent]
[marking 0x2d12b1480129 <JSFunction URL (sfi = 0x29923b6071d9)> for optimization to MAGLEV, ConcurrencyMode::kConcurrent, reason: hot and stable]
[compiling method 0x2d12b1480129 <JSFunction URL (sfi = 0x29923b6071d9)> (target MAGLEV), mode: ConcurrencyMode::kConcurrent]
[completed compiling 0x2d12b14803d1 <JSFunction URL (sfi = 0x29923b607c39)> (target MAGLEV) - took 0.000, 0.266, 0.008 ms]
[completed compiling 0x2d12b1480399 <JSFunction URLContext (sfi = 0x29923b606a29)> (target MAGLEV) - took 0.000, 0.047, 0.002 ms]
[completed compiling 0x2d12b1480409 <JSFunction markTransferMode (sfi = 0xe7c13d14a89)> (target MAGLEV) - took 0.000, 0.078, 0.001 ms]
[completed compiling 0x2d12b1480181 <JSFunction URLContext (sfi = 0x29923b6068a9)> (target MAGLEV) - took 0.000, 0.467, 0.002 ms]
[completed compiling 0x2d12b1480129 <JSFunction URL (sfi = 0x29923b6071d9)> (target MAGLEV) - took 0.000, 0.473, 0.005 ms]
[marking 0x2d12b1480b79 <JSFunction noop (sfi = 0x1e1132432a81)> for optimization to MAGLEV, ConcurrencyMode::kConcurrent, reason: hot and stable]
[compiling method 0x2d12b1480b79 <JSFunction noop (sfi = 0x1e1132432a81)> (target MAGLEV), mode: ConcurrencyMode::kConcurrent]
[completed compiling 0x2d12b1480b79 <JSFunction noop (sfi = 0x1e1132432a81)> (target MAGLEV) - took 0.001, 0.278, 0.001 ms]
[marking 0x2d12b1480271 <JSFunction isFileType (sfi = 0x29923b62fb91)> for optimization to MAGLEV, ConcurrencyMode::kConcurrent, reason: hot and stable]
[compiling method 0x2d12b1480271 <JSFunction isFileType (sfi = 0x29923b62fb91)> (target MAGLEV), mode: ConcurrencyMode::kConcurrent]
[completed compiling 0x2d12b1480271 <JSFunction isFileType (sfi = 0x29923b62fb91)> (target MAGLEV) - took 0.001, 0.162, 0.006 ms]
[marking 0x2d12b1480091 <JSFunction wrappedFn (sfi = 0x33c1a0140759)> for optimization to MAGLEV, ConcurrencyMode::kConcurrent, reason: hot and stable]
[compiling method 0x0b54a0006b09 <JSFunction wrappedFn (sfi = 0x33c1a0140759)> (target MAGLEV), mode: ConcurrencyMode::kConcurrent]
[completed compiling 0x0b54a0006b09 <JSFunction wrappedFn (sfi = 0x33c1a0140759)> (target MAGLEV) - took 0.001, 0.236, 0.004 ms]
[marking 0x3853ed494cb1 <JSFunction Module._nodeModulePaths (sfi = 0x3853ed488411)> for optimization to MAGLEV, ConcurrencyMode::kConcurrent, reason: hot and stable]
[compiling method 0x3853ed494cb1 <JSFunction Module._nodeModulePaths (sfi = 0x3853ed488411)> (target MAGLEV), mode: ConcurrencyMode::kConcurrent]
[completed compiling 0x3853ed494cb1 <JSFunction Module._nodeModulePaths (sfi = 0x3853ed488411)> (target MAGLEV) - took 0.000, 0.511, 0.009 ms]
[45331:0x881c0c000:0]      643 ms: GC: {"pause":3.223,"mutator":215.913,"gc":"s","reduce_memory":false,"time_to_safepoint":0,"stack":true,"reason":"allocation failure","collector_reason":"","start_object_size":15139800,"end_object_size":13158792,"start_memory_size":18743296,"end_memory_size":19791872,"start_holes_size":1456544,"end_holes_size":1867080,"pool_local_chunks":0,"pool_shared_chunks":0,"pool_total_chunks":0,"new_space_capacity":4194304,"old_gen_allocation_limit":16726000,"global_allocation_limit":20101520,"allocation_throughput":31584.3,"new_space_allocation_throughput":15332.2,"new_space_survive_rate":35.6564,"allocated":6082560,"promoted":637976,"new_space_survived":1495448,"nodes_died_in_new":0,"nodes_copied_in_new":45,"nodes_promoted":68,"promotion_ratio":15.2115,"average_survival_ratio":55.8817,"promotion_rate":98.5042,"during_sweeping":false,"heap.prologue":0,"heap.epilogue":0.002,"heap.external.prologue":0,"heap.external.epilogue":0,"heap.external_weak_global_handles":0,"complete.sweep_array_buffers":0,"scavenge":3.203,"scavenge.free_remembered_set":0.01,"scavenge.roots":0.042,"scavenge.weak":0,"scavenge.weak_global_handles.identify":0,"scavenge.weak_global_handles.process":0.002,"scavenge.parallel":2.954,"scavenge.pin_objects_conservative":0,"scavenge.pin_objects_precise":0,"scavenge.restore_pinned":0.002,"scavenge.sweep_array_buffers":0.007,"scavenge.resize_new_space":0,"background.scavenge.parallel":8.763,"incremental.steps_count":0,"incremental.steps_took":0,"scavenge_throughput":503842,"quarantined_size":0,"quarantined_pages":0}
[marking 0x2ae07e7aa179 <JSFunction __copyProps (sfi = 0x278ffb8ec391)> for optimization to MAGLEV, ConcurrencyMode::kConcurrent, reason: hot and stable]
[marking 0x30058ed95301 <JSFunction get hasSubscribers (sfi = 0xe7c13d1e179)> for optimization to MAGLEV, ConcurrencyMode::kConcurrent, reason: hot and stable]
[compiling method 0x2ae07e7aa179 <JSFunction __copyProps (sfi = 0x278ffb8ec391)> (target MAGLEV), mode: ConcurrencyMode::kConcurrent]
[compiling method 0x30058ed95301 <JSFunction get hasSubscribers (sfi = 0xe7c13d1e179)> (target MAGLEV), mode: ConcurrencyMode::kConcurrent]
[completed compiling 0x30058ed95301 <JSFunction get hasSubscribers (sfi = 0xe7c13d1e179)> (target MAGLEV) - took 0.000, 0.031, 0.001 ms]
[completed compiling 0x2ae07e7aa179 <JSFunction __copyProps (sfi = 0x278ffb8ec391)> (target MAGLEV) - took 0.001, 0.868, 0.007 ms]
[marking 0x2d12b14800d1 <JSFunction normalizeString (sfi = 0xe7c13d392f1)> for optimization to TURBOFAN_JS, ConcurrencyMode::kConcurrent, reason: hot and stable]
[compiling method 0x2d12b14800d1 <JSFunction normalizeString (sfi = 0xe7c13d392f1)> (target TURBOFAN_JS), mode: ConcurrencyMode::kConcurrent]
[completed compiling 0x2d12b14800d1 <JSFunction normalizeString (sfi = 0xe7c13d392f1)> (target TURBOFAN_JS) - took 3.802, 21.630, 0.031 ms]
[completed optimizing 0x2d12b14800d1 <JSFunction normalizeString (sfi = 0xe7c13d392f1)> (target TURBOFAN_JS)]
[marking 0x0b54a0006de1 <JSFunction nextPart (sfi = 0x29923b631ce1)> for optimization to MAGLEV, ConcurrencyMode::kConcurrent, reason: hot and stable]
[compiling method 0x0b54a0006de1 <JSFunction nextPart (sfi = 0x29923b631ce1)> (target MAGLEV), mode: ConcurrencyMode::kConcurrent]
[completed compiling 0x0b54a0006de1 <JSFunction nextPart (sfi = 0x29923b631ce1)> (target MAGLEV) - took 0.000, 0.079, 0.001 ms]
[45331:0x881c0c000:0]      733 ms: GC: {"pause":1.859,"mutator":88.618,"gc":"mc","reduce_memory":false,"time_to_safepoint":0,"stack":false,"reason":"finalize incremental marking via task","collector_reason":"GC in old space requested","start_object_size":15014096,"end_object_size":11697200,"start_memory_size":20578304,"end_memory_size":20430848,"start_holes_size":826536,"end_holes_size":635160,"pool_local_chunks":2,"pool_shared_chunks":0,"pool_total_chunks":2,"new_space_capacity":4194304,"old_gen_allocation_limit":16726000,"global_allocation_limit":20101520,"allocation_throughput":30000.8,"new_space_allocation_throughput":15063.7,"new_space_survive_rate":0,"allocated":1855304,"promoted":1781840,"new_space_survived":0,"nodes_died_in_new":58,"nodes_copied_in_new":0,"nodes_promoted":0,"promotion_ratio":61.8272,"average_survival_ratio":56.7311,"promotion_rate":119.151,"heap.prologue":0.001,"heap.embedder_tracing_epilogue":0.009,"heap.epilogue":0,"heap.external.prologue":0,"heap.external.epilogue":0,"heap.external.weak_global_handles":0.001,"clear":0.234,"clear.external_string_table":0.006,"clear.string_forwarding_table":0.002,"clear.weak_global_handles":0.03,"clear.dependent_code":0,"clear.maps":0.049,"clear.slots_buffer":0,"clear.weak_collections":0.004,"clear.weak_lists":0.01,"clear.weak_references_trivial":0.065,"clear.weak_references_non_trivial":0.061,"clear.js_weak_references":0.004,"clear.join_filter_job":0,"clear.join_job":0.164,"weakness_handling":0,"complete.sweep_array_buffers":0,"complete.sweeping":0,"epilogue":0,"evacuate":1.405,"evacuate.pin_pages":0,"evacuate.candidates":0,"evacuate.clean_up":0.002,"evacuate.copy":0.654,"evacuate.prologue":0.004,"evacuate.epilogue":0.006,"evacuate.rebalance":0.001,"evacuate.update_pointers":0.738,"evacuate.update_pointers.to_new_roots":0.523,"evacuate.update_pointers.slots.main":0.176,"evacuate.update_pointers.weak":0.001,"finish":0.044,"finish.sweep_array_buffers":0.006,"mark":0.115,"mark.finish_incremental":0.002,"mark.roots":0.025,"mark.full_closure_parallel":0.085,"mark.full_closure":0,"mark.ephemeron.marking":0.001,"mark.ephemeron.linear":0,"mark.embedder_prologue":0.019,"mark.embedder_tracing":0.002,"prologue":0.005,"sweep":0.138,"sweep.code":0.001,"sweep.map":0,"sweep.new":0,"sweep.new_lo":0.001,"sweep.old":0.006,"sweep.start_jobs":0.005,"is_incremental":true,"incremental":2.898,"incremental.finalize.external.prologue":0,"incremental.finalize.external.epilogue":0,"incremental.layout_change":0,"incremental.sweep_array_buffers":0.076,"incremental.sweeping":0,"incremental.embedder_tracing":0.133,"incremental_wrapper_tracing_longest_step":0.115,"incremental_longest_step":0.407,"incremental_steps_count":50,"incremental_marking_throughput":610215,"incremental_walltime_duration":5.186,"background.mark":12.99,"background.sweep":0.22,"background.evacuate.copy":1.289,"background.evacuate.update_pointers":0.383,"conservative_stack_scanning":0,"compaction_speed":955298}
[bailout (kind: deopt-eager, reason: Insufficient type feedback for binary operation): begin. deoptimizing 0x2d12b1480409 <JSFunction markTransferMode (sfi = 0xe7c13d14a89)>, 0x2c62140031a9 <Code MAGLEV>, opt id 21, bytecode offset 69, deopt exit 1, FP to SP delta 32, caller SP 0x00016f025590, pc 0x0001178ec0b0]
[marking 0x2d12b1480881 <JSFunction get hasSearch (sfi = 0x29923b606979)> for optimization to MAGLEV, ConcurrencyMode::kConcurrent, reason: hot and stable]
[marking 0x2d12b14808b9 <JSFunction get hasHash (sfi = 0x29923b6069e1)> for optimization to MAGLEV, ConcurrencyMode::kConcurrent, reason: hot and stable]
[compiling method 0x2d12b1480881 <JSFunction get hasSearch (sfi = 0x29923b606979)> (target MAGLEV), mode: ConcurrencyMode::kConcurrent]
[compiling method 0x2d12b14808b9 <JSFunction get hasHash (sfi = 0x29923b6069e1)> (target MAGLEV), mode: ConcurrencyMode::kConcurrent]
[completed compiling 0x2d12b1480881 <JSFunction get hasSearch (sfi = 0x29923b606979)> (target MAGLEV) - took 0.000, 0.195, 0.023 ms]
[completed compiling 0x2d12b14808b9 <JSFunction get hasHash (sfi = 0x29923b6069e1)> (target MAGLEV) - took 0.000, 0.149, 0.006 ms]
[marking 0x2d12b1480329 <JSFunction get pathname (sfi = 0x29923b607901)> for optimization to MAGLEV, ConcurrencyMode::kConcurrent, reason: hot and stable]
[compiling method 0x2d12b1480329 <JSFunction get pathname (sfi = 0x29923b607901)> (target MAGLEV), mode: ConcurrencyMode::kConcurrent]
[completed compiling 0x2d12b1480329 <JSFunction get pathname (sfi = 0x29923b607901)> (target MAGLEV) - took 0.000, 0.265, 0.013 ms]
[marking 0x2d12b1480931 <JSFunction getPathFromURLPosix (sfi = 0x29923b6066b1)> for optimization to TURBOFAN_JS, ConcurrencyMode::kConcurrent, reason: hot and stable]
[compiling method 0x2d12b1480931 <JSFunction getPathFromURLPosix (sfi = 0x29923b6066b1)> (target TURBOFAN_JS), mode: ConcurrencyMode::kConcurrent]
[completed compiling 0x2d12b1480931 <JSFunction getPathFromURLPosix (sfi = 0x29923b6066b1)> (target TURBOFAN_JS) - took 0.008, 3.496, 0.159 ms]
[completed optimizing 0x2d12b1480931 <JSFunction getPathFromURLPosix (sfi = 0x29923b6066b1)> (target TURBOFAN_JS)]
[bailout (kind: deopt-eager, reason: Insufficient type feedback for compare operation): begin. deoptimizing 0x2d12b14800d1 <JSFunction normalizeString (sfi = 0xe7c13d392f1)>, 0x1ad0663f7379 <Code TURBOFAN_JS>, opt id 29, bytecode offset 266, deopt exit 8, FP to SP delta 96, caller SP 0x00016f0230f8, pc 0x00011793505c]
[marking 0x2d12b14800d1 <JSFunction normalizeString (sfi = 0xe7c13d392f1)> for optimization to MAGLEV, ConcurrencyMode::kConcurrent, reason: hot and stable]
[compiling method 0x2d12b14800d1 <JSFunction normalizeString (sfi = 0xe7c13d392f1)> (target MAGLEV), mode: ConcurrencyMode::kConcurrent]
[marking 0x2d12b1480239 <JSFunction resolve (sfi = 0xe7c13d39771)> for optimization to MAGLEV, ConcurrencyMode::kConcurrent, reason: hot and stable]
[compiling method 0x2d12b1480239 <JSFunction resolve (sfi = 0xe7c13d39771)> (target MAGLEV), mode: ConcurrencyMode::kConcurrent]
[completed compiling 0x2d12b14800d1 <JSFunction normalizeString (sfi = 0xe7c13d392f1)> (target MAGLEV) - took 0.000, 0.793, 0.003 ms]
[completed compiling 0x2d12b1480239 <JSFunction resolve (sfi = 0xe7c13d39771)> (target MAGLEV) - took 0.000, 1.421, 0.004 ms]
[marking 0x2d12b14808f1 <JSFunction isURL (sfi = 0x29923b6063b9)> for optimization to MAGLEV, ConcurrencyMode::kConcurrent, reason: hot and stable]
[compiling method 0x2d12b14808f1 <JSFunction isURL (sfi = 0x29923b6063b9)> (target MAGLEV), mode: ConcurrencyMode::kConcurrent]
[completed compiling 0x2d12b14808f1 <JSFunction isURL (sfi = 0x29923b6063b9)> (target MAGLEV) - took 0.000, 0.231, 0.012 ms]
[marking 0x2d12b1481d29 <JSFunction realpathSync (sfi = 0x29923b631729)> for optimization to MAGLEV, ConcurrencyMode::kConcurrent, reason: hot and stable]
[marking 0x1eecf2fe41e9 <JSFunction decodeBase64 (sfi = 0xa0d73c5a699)> for optimization to MAGLEV, ConcurrencyMode::kConcurrent, reason: hot and stable]
[compiling method 0x1eecf2fe41e9 <JSFunction decodeBase64 (sfi = 0xa0d73c5a699)> (target MAGLEV) OSR, mode: ConcurrencyMode::kConcurrent]
[completed compiling 0x1eecf2fe41e9 <JSFunction decodeBase64 (sfi = 0xa0d73c5a699)> (target MAGLEV) OSR - took 0.000, 0.493, 0.008 ms]
[compiling method 0x1eecf2fe41e9 <JSFunction decodeBase64 (sfi = 0xa0d73c5a699)> (target TURBOFAN_JS) OSR, mode: ConcurrencyMode::kConcurrent]
[compiling method 0x2d12b1481d29 <JSFunction realpathSync (sfi = 0x29923b631729)> (target MAGLEV), mode: ConcurrencyMode::kConcurrent]
[completed compiling 0x2d12b1481d29 <JSFunction realpathSync (sfi = 0x29923b631729)> (target MAGLEV) - took 0.000, 0.703, 0.148 ms]
[completed compiling 0x1eecf2fe41e9 <JSFunction decodeBase64 (sfi = 0xa0d73c5a699)> (target TURBOFAN_JS) OSR - took 0.004, 2.812, 0.050 ms]
[completed optimizing 0x1eecf2fe41e9 <JSFunction decodeBase64 (sfi = 0xa0d73c5a699)> (target TURBOFAN_JS) OSR]
[marking 0x2d12b1480609 <JSFunction dirname (sfi = 0xe7c13d39921)> for optimization to MAGLEV, ConcurrencyMode::kConcurrent, reason: hot and stable]
[compiling method 0x2d12b1480609 <JSFunction dirname (sfi = 0xe7c13d39921)> (target MAGLEV), mode: ConcurrencyMode::kConcurrent]
[completed compiling 0x2d12b1480609 <JSFunction dirname (sfi = 0xe7c13d39921)> (target MAGLEV) - took 0.001, 0.415, 0.002 ms]
[bailout (kind: deopt-eager, reason: Insufficient type feedback for binary operation): begin. deoptimizing 0x2d12b14800d1 <JSFunction normalizeString (sfi = 0xe7c13d392f1)>, 0x05226dd241f1 <Code MAGLEV>, opt id 35, bytecode offset 95, deopt exit 26, FP to SP delta 128, caller SP 0x00016f0230f8, pc 0x00011794b154]
[marking 0x2d12b14800d1 <JSFunction normalizeString (sfi = 0xe7c13d392f1)> for optimization to MAGLEV, ConcurrencyMode::kConcurrent, reason: hot and stable]
[compiling method 0x2d12b14800d1 <JSFunction normalizeString (sfi = 0xe7c13d392f1)> (target MAGLEV), mode: ConcurrencyMode::kConcurrent]
[completed compiling 0x2d12b14800d1 <JSFunction normalizeString (sfi = 0xe7c13d392f1)> (target MAGLEV) - took 0.000, 0.353, 0.041 ms]
[45331:0x881c0c000:0]     1546 ms: GC: {"pause":0.596,"mutator":812.19,"gc":"s","reduce_memory":false,"time_to_safepoint":0,"stack":true,"reason":"allocation failure","collector_reason":"","start_object_size":25106344,"end_object_size":22975248,"start_memory_size":27607040,"end_memory_size":28131328,"start_holes_size":796544,"end_holes_size":796544,"pool_local_chunks":0,"pool_shared_chunks":0,"pool_total_chunks":0,"new_space_capacity":8388608,"old_gen_allocation_limit":51009216,"global_allocation_limit":51009312,"allocation_throughput":17119.2,"new_space_allocation_throughput":5199.39,"new_space_survive_rate":31.2589,"allocated":13409144,"promoted":1324592,"new_space_survived":1725064,"nodes_died_in_new":1,"nodes_copied_in_new":29,"nodes_promoted":35,"promotion_ratio":24.0021,"average_survival_ratio":56.5473,"promotion_rate":0,"during_sweeping":false,"heap.prologue":0,"heap.epilogue":0,"heap.external.prologue":0,"heap.external.epilogue":0,"heap.external_weak_global_handles":0.003,"complete.sweep_array_buffers":0,"scavenge":0.534,"scavenge.free_remembered_set":0.004,"scavenge.roots":0.039,"scavenge.weak":0,"scavenge.weak_global_handles.identify":0,"scavenge.weak_global_handles.process":0.003,"scavenge.parallel":0.178,"scavenge.pin_objects_conservative":0,"scavenge.pin_objects_precise":0,"scavenge.restore_pinned":0.001,"scavenge.sweep_array_buffers":0.015,"scavenge.resize_new_space":0.001,"background.scavenge.parallel":1.066,"incremental.steps_count":0,"incremental.steps_took":0,"scavenge_throughput":708545,"quarantined_size":0,"quarantined_pages":0}
[marking 0x0d8c3933e319 <JSFunction (sfi = 0xe7c13d3a2d1)> for optimization to MAGLEV, ConcurrencyMode::kConcurrent, reason: hot and stable]
[compiling method 0x0d8c3933e269 <JSFunction (sfi = 0xe7c13d3a2d1)> (target MAGLEV), mode: ConcurrencyMode::kConcurrent]
[completed compiling 0x0d8c3933e269 <JSFunction (sfi = 0xe7c13d3a2d1)> (target MAGLEV) - took 0.000, 0.114, 0.004 ms]
[marking 0x2d12b1480011 <JSFunction getCLIOptionsFromBinding (sfi = 0x1e113240e2b1)> for optimization to MAGLEV, ConcurrencyMode::kConcurrent, reason: hot and stable]
[compiling method 0x2d12b1480011 <JSFunction getCLIOptionsFromBinding (sfi = 0x1e113240e2b1)> (target MAGLEV), mode: ConcurrencyMode::kConcurrent]
[completed compiling 0x2d12b1480011 <JSFunction getCLIOptionsFromBinding (sfi = 0x1e113240e2b1)> (target MAGLEV) - took 0.000, 0.225, 0.023 ms]
[marking 0x39c9a6f6c771 <JSFunction canBeRequiredWithoutScheme (sfi = 0x12dd06d9ebc9)> for optimization to MAGLEV, ConcurrencyMode::kConcurrent, reason: hot and stable]
[compiling method 0x39c9a6f6c771 <JSFunction canBeRequiredWithoutScheme (sfi = 0x12dd06d9ebc9)> (target MAGLEV), mode: ConcurrencyMode::kConcurrent]
[completed compiling 0x39c9a6f6c771 <JSFunction canBeRequiredWithoutScheme (sfi = 0x12dd06d9ebc9)> (target MAGLEV) - took 0.001, 0.191, 0.006 ms]
[marking 0x2d12b14805d1 <JSFunction toNamespacedPath (sfi = 0xe7c13d398d9)> for optimization to MAGLEV, ConcurrencyMode::kConcurrent, reason: hot and stable]
[compiling method 0x2d12b14805d1 <JSFunction toNamespacedPath (sfi = 0xe7c13d398d9)> (target MAGLEV), mode: ConcurrencyMode::kConcurrent]
[completed compiling 0x2d12b14805d1 <JSFunction toNamespacedPath (sfi = 0xe7c13d398d9)> (target MAGLEV) - took 0.001, 0.251, 0.003 ms]
[marking 0x19f0f3842ca1 <JSFunction ensureTimerFlagsAreUpdated (sfi = 0x3853ed494049)> for optimization to MAGLEV, ConcurrencyMode::kConcurrent, reason: hot and stable]
[compiling method 0x19f0f3842ca1 <JSFunction ensureTimerFlagsAreUpdated (sfi = 0x3853ed494049)> (target MAGLEV), mode: ConcurrencyMode::kConcurrent]
[completed compiling 0x19f0f3842ca1 <JSFunction ensureTimerFlagsAreUpdated (sfi = 0x3853ed494049)> (target MAGLEV) - took 0.000, 0.248, 0.005 ms]
[marking 0x2d12b14800d1 <JSFunction normalizeString (sfi = 0xe7c13d392f1)> for optimization to TURBOFAN_JS, ConcurrencyMode::kConcurrent, reason: hot and stable]
[compiling method 0x2d12b14800d1 <JSFunction normalizeString (sfi = 0xe7c13d392f1)> (target TURBOFAN_JS), mode: ConcurrencyMode::kConcurrent]
[completed compiling 0x2d12b14800d1 <JSFunction normalizeString (sfi = 0xe7c13d392f1)> (target TURBOFAN_JS) - took 0.005, 3.674, 0.038 ms]
[completed optimizing 0x2d12b14800d1 <JSFunction normalizeString (sfi = 0xe7c13d392f1)> (target TURBOFAN_JS)]
[marking 0x0d8c3933e371 <JSFunction stat (sfi = 0x3853ed487421)> for optimization to MAGLEV, ConcurrencyMode::kConcurrent, reason: hot and stable]
[compiling method 0x0d8c3933e371 <JSFunction stat (sfi = 0x3853ed487421)> (target MAGLEV), mode: ConcurrencyMode::kConcurrent]
[completed compiling 0x0d8c3933e371 <JSFunction stat (sfi = 0x3853ed487421)> (target MAGLEV) - took 0.000, 0.383, 0.005 ms]
[marking 0x2d12b1480051 <JSFunction getOptionValue (sfi = 0x1e113240e499)> for optimization to MAGLEV, ConcurrencyMode::kConcurrent, reason: hot and stable]
[compiling method 0x2d12b1480051 <JSFunction getOptionValue (sfi = 0x1e113240e499)> (target MAGLEV), mode: ConcurrencyMode::kConcurrent]
[completed compiling 0x2d12b1480051 <JSFunction getOptionValue (sfi = 0x1e113240e499)> (target MAGLEV) - took 0.001, 0.182, 0.001 ms]
[marking 0x2d12b1480bb1 <JSFunction isUint8Array (sfi = 0x1e1132414291)> for optimization to MAGLEV, ConcurrencyMode::kConcurrent, reason: hot and stable]
[compiling method 0x2d12b1480bb1 <JSFunction isUint8Array (sfi = 0x1e1132414291)> (target MAGLEV), mode: ConcurrencyMode::kConcurrent]
[completed compiling 0x2d12b1480bb1 <JSFunction isUint8Array (sfi = 0x1e1132414291)> (target MAGLEV) - took 0.000, 0.125, 0.032 ms]
[marking 0x0d8c3933e3f1 <JSFunction reportModuleToWatchMode (sfi = 0x3853ed4874b1)> for optimization to MAGLEV, ConcurrencyMode::kConcurrent, reason: hot and stable]
[compiling method 0x0d8c3933e3f1 <JSFunction reportModuleToWatchMode (sfi = 0x3853ed4874b1)> (target MAGLEV), mode: ConcurrencyMode::kConcurrent]
[completed compiling 0x0d8c3933e3f1 <JSFunction reportModuleToWatchMode (sfi = 0x3853ed4874b1)> (target MAGLEV) - took 0.001, 0.211, 0.005 ms]
[marking 0x39c9a6f6c7a9 <JSFunction normalizeRequirableId (sfi = 0x12dd06d9ec11)> for optimization to MAGLEV, ConcurrencyMode::kConcurrent, reason: hot and stable]
[compiling method 0x39c9a6f6c7a9 <JSFunction normalizeRequirableId (sfi = 0x12dd06d9ec11)> (target MAGLEV), mode: ConcurrencyMode::kConcurrent]
[completed compiling 0x39c9a6f6c7a9 <JSFunction normalizeRequirableId (sfi = 0x12dd06d9ec11)> (target MAGLEV) - took 0.001, 0.303, 0.008 ms]
[marking 0x2d12b148ca31 <JSFunction toString (sfi = 0x29923b6072b1)> for optimization to MAGLEV, ConcurrencyMode::kConcurrent, reason: hot and stable]
[compiling method 0x2d12b148ca31 <JSFunction toString (sfi = 0x29923b6072b1)> (target MAGLEV), mode: ConcurrencyMode::kConcurrent]
[completed compiling 0x2d12b148ca31 <JSFunction toString (sfi = 0x29923b6072b1)> (target MAGLEV) - took 0.000, 0.134, 0.010 ms]
[marking 0x19f0f3851419 <JSFunction (sfi = 0x2c2c04ddd71)> for optimization to MAGLEV, ConcurrencyMode::kConcurrent, reason: hot and stable]
[compiling method 0x19f0f3851419 <JSFunction (sfi = 0x2c2c04ddd71)> (target MAGLEV), mode: ConcurrencyMode::kConcurrent]
[completed compiling 0x19f0f3851419 <JSFunction (sfi = 0x2c2c04ddd71)> (target MAGLEV) - took 0.001, 0.149, 0.149 ms]
[marking 0x2d12b1480641 <JSFunction basename (sfi = 0xe7c13d39969)> for optimization to MAGLEV, ConcurrencyMode::kConcurrent, reason: hot and stable]
[marking 0x0d8c39337049 <JSFunction Module.require (sfi = 0x3853ed489059)> for optimization to MAGLEV, ConcurrencyMode::kConcurrent, reason: hot and stable]
[compiling method 0x0d8c39337049 <JSFunction Module.require (sfi = 0x3853ed489059)> (target MAGLEV), mode: ConcurrencyMode::kConcurrent]
[compiling method 0x2d12b1480641 <JSFunction basename (sfi = 0xe7c13d39969)> (target MAGLEV), mode: ConcurrencyMode::kConcurrent]
[completed compiling 0x0d8c39337049 <JSFunction Module.require (sfi = 0x3853ed489059)> (target MAGLEV) - took 0.000, 0.221, 0.002 ms]
[completed compiling 0x2d12b1480641 <JSFunction basename (sfi = 0xe7c13d39969)> (target MAGLEV) - took 0.001, 0.543, 0.003 ms]
[marking 0x217c93c6add1 <JSFunction __export (sfi = 0x28fe6e739219)> for optimization to MAGLEV, ConcurrencyMode::kConcurrent, reason: hot and stable]
[compiling method 0x217c93c6add1 <JSFunction __export (sfi = 0x28fe6e739219)> (target MAGLEV) OSR, mode: ConcurrencyMode::kConcurrent]
[completed compiling 0x217c93c6add1 <JSFunction __export (sfi = 0x28fe6e739219)> (target MAGLEV) OSR - took 0.001, 0.326, 0.008 ms]
[compiling method 0x217c93c6add1 <JSFunction __export (sfi = 0x28fe6e739219)> (target TURBOFAN_JS) OSR, mode: ConcurrencyMode::kConcurrent]
[completed compiling 0x217c93c6add1 <JSFunction __export (sfi = 0x28fe6e739219)> (target TURBOFAN_JS) OSR - took 0.064, 0.999, 0.023 ms]
[completed optimizing 0x217c93c6add1 <JSFunction __export (sfi = 0x28fe6e739219)> (target TURBOFAN_JS) OSR]
[bailout (kind: deopt-eager, reason: prepare for on stack replacement (OSR)): begin. deoptimizing 0x217c93c6add1 <JSFunction __export (sfi = 0x28fe6e739219)>, 0x03b6ec2c2569 <Code MAGLEV>, opt id 58, bytecode offset 56, deopt exit 9, FP to SP delta 144, caller SP 0x00016f023798, pc 0x0001179867b8]
[marking 0x1b9535d6bf59 <JSFunction diag (sfi = 0x3648c7199799)> for optimization to MAGLEV, ConcurrencyMode::kConcurrent, reason: hot and stable]
[compiling method 0x1b9535d6bf59 <JSFunction diag (sfi = 0x3648c7199799)> (target MAGLEV), mode: ConcurrencyMode::kConcurrent]
[completed compiling 0x1b9535d6bf59 <JSFunction diag (sfi = 0x3648c7199799)> (target MAGLEV) - took 0.000, 0.200, 0.011 ms]
[45331:0x881c0c000:0]     2255 ms: GC: {"pause":2.18,"mutator":706.655,"gc":"mc","reduce_memory":false,"time_to_safepoint":0,"stack":true,"reason":"finalize incremental marking via stack guard","collector_reason":"GC in old space requested","start_object_size":31276448,"end_object_size":25527312,"start_memory_size":36962304,"end_memory_size":38535168,"start_holes_size":840200,"end_holes_size":1059320,"pool_local_chunks":0,"pool_shared_chunks":0,"pool_total_chunks":0,"new_space_capacity":8388608,"old_gen_allocation_limit":51009216,"global_allocation_limit":51009312,"allocation_throughput":13044.2,"new_space_allocation_throughput":8778.04,"new_space_survive_rate":0,"allocated":8301200,"promoted":4146488,"new_space_survived":0,"nodes_died_in_new":29,"nodes_copied_in_new":0,"nodes_promoted":0,"promotion_ratio":47.5806,"average_survival_ratio":55.551,"promotion_rate":240.367,"heap.prologue":0.001,"heap.embedder_tracing_epilogue":0.006,"heap.epilogue":0.001,"heap.external.prologue":0,"heap.external.epilogue":0,"heap.external.weak_global_handles":0,"clear":0.352,"clear.external_string_table":0.005,"clear.string_forwarding_table":0,"clear.weak_global_handles":0.017,"clear.dependent_code":0,"clear.maps":0.035,"clear.slots_buffer":0,"clear.weak_collections":0.003,"clear.weak_lists":0.011,"clear.weak_references_trivial":0.076,"clear.weak_references_non_trivial":0.017,"clear.js_weak_references":0.002,"clear.join_filter_job":0,"clear.join_job":0.318,"weakness_handling":0,"complete.sweep_array_buffers":0,"complete.sweeping":0,"epilogue":0,"evacuate":1.512,"evacuate.pin_pages":0,"evacuate.candidates":0,"evacuate.clean_up":0.002,"evacuate.copy":0.579,"evacuate.prologue":0.005,"evacuate.epilogue":0.068,"evacuate.rebalance":0.001,"evacuate.update_pointers":0.856,"evacuate.update_pointers.to_new_roots":0.628,"evacuate.update_pointers.slots.main":0.136,"evacuate.update_pointers.weak":0.003,"finish":0.017,"finish.sweep_array_buffers":0.005,"mark":0.246,"mark.finish_incremental":0.001,"mark.roots":0.047,"mark.full_closure_parallel":0.124,"mark.full_closure":0,"mark.ephemeron.marking":0.106,"mark.ephemeron.linear":0,"mark.embedder_prologue":0.052,"mark.embedder_tracing":0.002,"prologue":0.006,"sweep":0.167,"sweep.code":0.001,"sweep.map":0,"sweep.new":0,"sweep.new_lo":0,"sweep.old":0.009,"sweep.start_jobs":0.005,"is_incremental":true,"incremental":0.168,"incremental.finalize.external.prologue":0,"incremental.finalize.external.epilogue":0,"incremental.layout_change":0,"incremental.sweep_array_buffers":0.131,"incremental.sweeping":0,"incremental.embedder_tracing":0.013,"incremental_wrapper_tracing_longest_step":0.004,"incremental_longest_step":0.083,"incremental_steps_count":4,"incremental_marking_throughput":1.33373e+06,"incremental_walltime_duration":41.631,"background.mark":14.762,"background.sweep":0.391,"background.evacuate.copy":1.768,"background.evacuate.update_pointers":0.221,"conservative_stack_scanning":0,"compaction_speed":1.83349e+06}
[marking 0x03677fc6e3a9 <JSFunction (sfi = 0x255911695ca9)> for optimization to MAGLEV, ConcurrencyMode::kConcurrent, reason: hot and stable]
[compiling method 0x03677fc6e3a9 <JSFunction (sfi = 0x255911695ca9)> (target MAGLEV), mode: ConcurrencyMode::kConcurrent]
[marking 0x1b9535d68459 <JSFunction mapDefined (sfi = 0x3648c7195149)> for optimization to MAGLEV, ConcurrencyMode::kConcurrent, reason: hot and stable]
[compiling method 0x1b9535d68459 <JSFunction mapDefined (sfi = 0x3648c7195149)> (target MAGLEV) OSR, mode: ConcurrencyMode::kConcurrent]
[completed compiling 0x03677fc6e3a9 <JSFunction (sfi = 0x255911695ca9)> (target MAGLEV) - took 0.000, 0.125, 0.004 ms]
[completed compiling 0x1b9535d68459 <JSFunction mapDefined (sfi = 0x3648c7195149)> (target MAGLEV) OSR - took 0.000, 0.214, 0.008 ms]
[compiling method 0x1b9535d68459 <JSFunction mapDefined (sfi = 0x3648c7195149)> (target TURBOFAN_JS) OSR, mode: ConcurrencyMode::kConcurrent]
[marking 0x1b9535d69459 <JSFunction multiMapAdd (sfi = 0x3648c7196349)> for optimization to MAGLEV, ConcurrencyMode::kConcurrent, reason: hot and stable]
[compiling method 0x1b9535d69459 <JSFunction multiMapAdd (sfi = 0x3648c7196349)> (target MAGLEV), mode: ConcurrencyMode::kConcurrent]
[completed compiling 0x1b9535d69459 <JSFunction multiMapAdd (sfi = 0x3648c7196349)> (target MAGLEV) - took 0.001, 0.261, 0.007 ms]
[completed compiling 0x1b9535d68459 <JSFunction mapDefined (sfi = 0x3648c7195149)> (target TURBOFAN_JS) OSR - took 0.004, 1.136, 0.022 ms]
[completed optimizing 0x1b9535d68459 <JSFunction mapDefined (sfi = 0x3648c7195149)> (target TURBOFAN_JS) OSR]
[marking 0x2c2d8e118d89 <JSFunction __export (sfi = 0x28fe6e739219)> for optimization to MAGLEV, ConcurrencyMode::kConcurrent, reason: hot and stable]
[compiling method 0x2c2d8e118d89 <JSFunction __export (sfi = 0x28fe6e739219)> (target MAGLEV), mode: ConcurrencyMode::kConcurrent]
[completed compiling 0x2c2d8e118d89 <JSFunction __export (sfi = 0x28fe6e739219)> (target MAGLEV) - took 0.000, 0.215, 0.008 ms]
[marking 0x0e7c13d14351 <JSFunction (sfi = 0xc5c9fc56609)> for optimization to MAGLEV, ConcurrencyMode::kConcurrent, reason: hot and stable]
[compiling method 0x0e7c13d14351 <JSFunction (sfi = 0xc5c9fc56609)> (target MAGLEV) OSR, mode: ConcurrencyMode::kConcurrent]
[completed compiling 0x0e7c13d14351 <JSFunction (sfi = 0xc5c9fc56609)> (target MAGLEV) OSR - took 0.001, 0.377, 0.006 ms]
[marking 0x283a66d9a731 <JSFunction ge (sfi = 0x1d913bc62291)> for optimization to MAGLEV, ConcurrencyMode::kConcurrent, reason: hot and stable]
[compiling method 0x283a66d9a731 <JSFunction ge (sfi = 0x1d913bc62291)> (target MAGLEV), mode: ConcurrencyMode::kConcurrent]
[completed compiling 0x283a66d9a731 <JSFunction ge (sfi = 0x1d913bc62291)> (target MAGLEV) - took 0.000, 0.153, 0.001 ms]
[compiling method 0x10a5367cc981 <JSFunction (sfi = 0xc5c9fc56609)> (target MAGLEV), mode: ConcurrencyMode::kConcurrent]
[completed compiling 0x10a5367cc981 <JSFunction (sfi = 0xc5c9fc56609)> (target MAGLEV) - took 0.000, 0.482, 0.021 ms]
[marking 0x02fcf83b03d1 <JSFunction __export (sfi = 0x35c09f0f9361)> for optimization to MAGLEV, ConcurrencyMode::kConcurrent, reason: hot and stable]
[compiling method 0x02fcf83b03d1 <JSFunction __export (sfi = 0x35c09f0f9361)> (target MAGLEV) OSR, mode: ConcurrencyMode::kConcurrent]
[completed compiling 0x02fcf83b03d1 <JSFunction __export (sfi = 0x35c09f0f9361)> (target MAGLEV) OSR - took 0.000, 0.206, 0.005 ms]
[compiling method 0x02fcf83b03d1 <JSFunction __export (sfi = 0x35c09f0f9361)> (target TURBOFAN_JS) OSR, mode: ConcurrencyMode::kConcurrent]
[completed compiling 0x02fcf83b03d1 <JSFunction __export (sfi = 0x35c09f0f9361)> (target TURBOFAN_JS) OSR - took 0.002, 0.765, 0.010 ms]
[completed optimizing 0x02fcf83b03d1 <JSFunction __export (sfi = 0x35c09f0f9361)> (target TURBOFAN_JS) OSR]
[marking 0x009ca2d314f1 <JSFunction diag (sfi = 0x14ac07ad9791)> for optimization to MAGLEV, ConcurrencyMode::kConcurrent, reason: hot and stable]
[compiling method 0x009ca2d314f1 <JSFunction diag (sfi = 0x14ac07ad9791)> (target MAGLEV), mode: ConcurrencyMode::kConcurrent]
[completed compiling 0x009ca2d314f1 <JSFunction diag (sfi = 0x14ac07ad9791)> (target MAGLEV) - took 0.000, 0.148, 0.007 ms]
[marking 0x38f036b56631 <JSFunction (sfi = 0x3fcba7ba4ec9)> for optimization to MAGLEV, ConcurrencyMode::kConcurrent, reason: hot and stable]
[compiling method 0x38f036b56631 <JSFunction (sfi = 0x3fcba7ba4ec9)> (target MAGLEV), mode: ConcurrencyMode::kConcurrent]
[marking 0x009ca2d2d9f1 <JSFunction mapDefined (sfi = 0x14ac07ad5141)> for optimization to MAGLEV, ConcurrencyMode::kConcurrent, reason: hot and stable]
[compiling method 0x009ca2d2d9f1 <JSFunction mapDefined (sfi = 0x14ac07ad5141)> (target MAGLEV) OSR, mode: ConcurrencyMode::kConcurrent]
[completed compiling 0x38f036b56631 <JSFunction (sfi = 0x3fcba7ba4ec9)> (target MAGLEV) - took 0.000, 0.509, 0.006 ms]
[completed compiling 0x009ca2d2d9f1 <JSFunction mapDefined (sfi = 0x14ac07ad5141)> (target MAGLEV) OSR - took 0.000, 0.479, 0.003 ms]
[compiling method 0x009ca2d2d9f1 <JSFunction mapDefined (sfi = 0x14ac07ad5141)> (target TURBOFAN_JS) OSR, mode: ConcurrencyMode::kConcurrent]
[marking 0x009ca2d2e9f1 <JSFunction multiMapAdd (sfi = 0x14ac07ad6341)> for optimization to MAGLEV, ConcurrencyMode::kConcurrent, reason: hot and stable]
[compiling method 0x009ca2d2e9f1 <JSFunction multiMapAdd (sfi = 0x14ac07ad6341)> (target MAGLEV), mode: ConcurrencyMode::kConcurrent]
[completed compiling 0x009ca2d2e9f1 <JSFunction multiMapAdd (sfi = 0x14ac07ad6341)> (target MAGLEV) - took 0.000, 0.149, 0.006 ms]
[completed compiling 0x009ca2d2d9f1 <JSFunction mapDefined (sfi = 0x14ac07ad5141)> (target TURBOFAN_JS) OSR - took 0.004, 1.062, 0.027 ms]
[completed optimizing 0x009ca2d2d9f1 <JSFunction mapDefined (sfi = 0x14ac07ad5141)> (target TURBOFAN_JS) OSR]
[marking 0x02fcf83b03d1 <JSFunction __export (sfi = 0x35c09f0f9361)> for optimization to MAGLEV, ConcurrencyMode::kConcurrent, reason: hot and stable]
[compiling method 0x02fcf83b03d1 <JSFunction __export (sfi = 0x35c09f0f9361)> (target MAGLEV), mode: ConcurrencyMode::kConcurrent]
[completed compiling 0x02fcf83b03d1 <JSFunction __export (sfi = 0x35c09f0f9361)> (target MAGLEV) - took 0.001, 0.288, 0.005 ms]
[marking 0x009ca2d044c1 <JSFunction (sfi = 0x3bc9f1bd719)> for optimization to MAGLEV, ConcurrencyMode::kConcurrent, reason: hot and stable]
[compiling method 0x009ca2d044c1 <JSFunction (sfi = 0x3bc9f1bd719)> (target MAGLEV), mode: ConcurrencyMode::kConcurrent]
[45331:0x881c0c000:0]     2848 ms: GC: {"pause":0.647,"mutator":592.152,"gc":"s","reduce_memory":false,"time_to_safepoint":0,"stack":true,"reason":"allocation failure","collector_reason":"","start_object_size":50037376,"end_object_size":45615208,"start_memory_size":57884672,"end_memory_size":57884672,"start_holes_size":1330152,"end_holes_size":1330152,"pool_local_chunks":0,"pool_shared_chunks":0,"pool_total_chunks":0,"new_space_capacity":16777216,"old_gen_allocation_limit":42313208,"global_allocation_limit":42313232,"allocation_throughput":32753.6,"new_space_allocation_throughput":14076.5,"new_space_survive_rate":20.8007,"allocated":24510064,"promoted":9065592,"new_space_survived":3630488,"nodes_died_in_new":0,"nodes_copied_in_new":0,"nodes_promoted":0,"promotion_ratio":51.9408,"average_survival_ratio":57.2701,"promotion_rate":0,"during_sweeping":true,"heap.prologue":0,"heap.epilogue":0,"heap.external.prologue":0,"heap.external.epilogue":0,"heap.external_weak_global_handles":0,"complete.sweep_array_buffers":0,"scavenge":0.612,"scavenge.free_remembered_set":0.003,"scavenge.roots":0.054,"scavenge.weak":0,"scavenge.weak_global_handles.identify":0.001,"scavenge.weak_global_handles.process":0,"scavenge.parallel":0.47,"scavenge.pin_objects_conservative":0,"scavenge.pin_objects_precise":0,"scavenge.restore_pinned":0.002,"scavenge.sweep_array_buffers":0,"scavenge.resize_new_space":0,"background.scavenge.parallel":1.582,"incremental.steps_count":0,"incremental.steps_took":0,"scavenge_throughput":1.57782e+06,"quarantined_size":0,"quarantined_pages":0}
[marking dependent code 0x1164f4a83159 <Code MAGLEV> (0x14ac07ad6341 <SharedFunctionInfo multiMapAdd>) (opt id 75) for deoptimization, reason: dependent allocation site tenuring changed]
[marking dependent code 0x1164f4a80a21 <Code MAGLEV> (0x14ac07ad9791 <SharedFunctionInfo diag>) (opt id 71) for deoptimization, reason: dependent allocation site tenuring changed]
[marking dependent code 0x03b6ec2c5601 <Code MAGLEV> (0x3648c7196349 <SharedFunctionInfo multiMapAdd>) (opt id 64) for deoptimization, reason: dependent allocation site tenuring changed]
[marking 0x077f1c7421b1 <JSFunction __importStar (sfi = 0x778dcb824e1)> for optimization to MAGLEV, ConcurrencyMode::kConcurrent, reason: hot and stable]
[compiling method 0x077f1c7421b1 <JSFunction __importStar (sfi = 0x778dcb824e1)> (target MAGLEV) OSR, mode: ConcurrencyMode::kConcurrent]
[completed compiling 0x077f1c742109 <JSFunction (sfi = 0x3bc9f1bd719)> (target MAGLEV) - took 0.000, 0.995, 0.006 ms]
[completed compiling 0x077f1c7421b1 <JSFunction __importStar (sfi = 0x778dcb824e1)> (target MAGLEV) OSR - took 0.000, 0.162, 0.001 ms]
[compiling method 0x077f1c7421b1 <JSFunction __importStar (sfi = 0x778dcb824e1)> (target TURBOFAN_JS) OSR, mode: ConcurrencyMode::kConcurrent]
[completed compiling 0x077f1c7421b1 <JSFunction __importStar (sfi = 0x778dcb824e1)> (target TURBOFAN_JS) OSR - took 0.001, 1.250, 0.043 ms]
[completed optimizing 0x077f1c7421b1 <JSFunction __importStar (sfi = 0x778dcb824e1)> (target TURBOFAN_JS) OSR]
[45331:0x881c0c000:0]     2893 ms: GC: {"pause":2.335,"mutator":636.234,"gc":"mc","reduce_memory":false,"time_to_safepoint":0,"stack":true,"reason":"finalize incremental marking via stack guard","collector_reason":"GC in old space requested","start_object_size":47247360,"end_object_size":44948872,"start_memory_size":58146816,"end_memory_size":58408960,"start_holes_size":800392,"end_holes_size":647656,"pool_local_chunks":0,"pool_shared_chunks":0,"pool_total_chunks":0,"new_space_capacity":16777216,"old_gen_allocation_limit":42313208,"global_allocation_limit":42313232,"allocation_throughput":88266.9,"new_space_allocation_throughput":18494.7,"new_space_survive_rate":0,"allocated":21720048,"promoted":4121216,"new_space_survived":0,"nodes_died_in_new":0,"nodes_copied_in_new":0,"nodes_promoted":0,"promotion_ratio":77.5312,"average_survival_ratio":62.3571,"promotion_rate":113.517,"heap.prologue":0,"heap.embedder_tracing_epilogue":0.004,"heap.epilogue":0.001,"heap.external.prologue":0,"heap.external.epilogue":0,"heap.external.weak_global_handles":0,"clear":0.372,"clear.external_string_table":0.005,"clear.string_forwarding_table":0,"clear.weak_global_handles":0.028,"clear.dependent_code":0,"clear.maps":0.066,"clear.slots_buffer":0,"clear.weak_collections":0.006,"clear.weak_lists":0.019,"clear.weak_references_trivial":0.18,"clear.weak_references_non_trivial":0.021,"clear.js_weak_references":0.006,"clear.join_filter_job":0,"clear.join_job":0.32,"weakness_handling":0,"complete.sweep_array_buffers":0,"complete.sweeping":0,"epilogue":0.001,"evacuate":1.583,"evacuate.pin_pages":0,"evacuate.candidates":0,"evacuate.clean_up":0.003,"evacuate.copy":0.556,"evacuate.prologue":0.006,"evacuate.epilogue":0.051,"evacuate.rebalance":0.001,"evacuate.update_pointers":0.966,"evacuate.update_pointers.to_new_roots":0.782,"evacuate.update_pointers.slots.main":0.123,"evacuate.update_pointers.weak":0.001,"finish":0.013,"finish.sweep_array_buffers":0.004,"mark":0.299,"mark.finish_incremental":0.003,"mark.roots":0.071,"mark.full_closure_parallel":0.12,"mark.full_closure":0,"mark.ephemeron.marking":0.101,"mark.ephemeron.linear":0,"mark.embedder_prologue":0.005,"mark.embedder_tracing":0.006,"prologue":0.018,"sweep":0.096,"sweep.code":0,"sweep.map":0,"sweep.new":0,"sweep.new_lo":0,"sweep.old":0.017,"sweep.start_jobs":0.004,"is_incremental":true,"incremental":0.188,"incremental.finalize.external.prologue":0,"incremental.finalize.external.epilogue":0,"incremental.layout_change":0,"incremental.sweep_array_buffers":0.094,"incremental.sweeping":0,"incremental.embedder_tracing":0.011,"incremental_wrapper_tracing_longest_step":0.003,"incremental_longest_step":0.086,"incremental_steps_count":5,"incremental_marking_throughput":1.64161e+06,"incremental_walltime_duration":23.493,"background.mark":29.957,"background.sweep":0.211,"background.evacuate.copy":1.491,"background.evacuate.update_pointers":0.146,"conservative_stack_scanning":0.001,"compaction_speed":2.05884e+06}
[marking 0x0b54a0013719 <JSFunction requiresJSONParse (sfi = 0x3853ed492ed1)> for optimization to MAGLEV, ConcurrencyMode::kConcurrent, reason: hot and stable]
[compiling method 0x0b54a0013719 <JSFunction requiresJSONParse (sfi = 0x3853ed492ed1)> (target MAGLEV), mode: ConcurrencyMode::kConcurrent]
[completed compiling 0x0b54a0013719 <JSFunction requiresJSONParse (sfi = 0x3853ed492ed1)> (target MAGLEV) - took 0.000, 0.119, 0.002 ms]
[marking 0x30058ed954b9 <JSFunction get hasSubscribers (sfi = 0xe7c13d1e2c1)> for optimization to MAGLEV, ConcurrencyMode::kConcurrent, reason: hot and stable]
[compiling method 0x30058ed954b9 <JSFunction get hasSubscribers (sfi = 0xe7c13d1e2c1)> (target MAGLEV), mode: ConcurrencyMode::kConcurrent]
[completed compiling 0x30058ed954b9 <JSFunction get hasSubscribers (sfi = 0xe7c13d1e2c1)> (target MAGLEV) - took 0.000, 0.218, 0.007 ms]
[marking 0x3afd65f8ae69 <JSFunction assertEncoding (sfi = 0x2c2c04dd099)> for optimization to MAGLEV, ConcurrencyMode::kConcurrent, reason: hot and stable]
[compiling method 0x3afd65f8ae69 <JSFunction assertEncoding (sfi = 0x2c2c04dd099)> (target MAGLEV), mode: ConcurrencyMode::kConcurrent]
[completed compiling 0x3afd65f8ae69 <JSFunction assertEncoding (sfi = 0x2c2c04dd099)> (target MAGLEV) - took 0.001, 0.171, 0.006 ms]
[marking 0x0d8c3933e5e9 <JSFunction tryExtensions (sfi = 0x3853ed4876f1)> for optimization to MAGLEV, ConcurrencyMode::kConcurrent, reason: hot and stable]
[compiling method 0x0d8c3933e5e9 <JSFunction tryExtensions (sfi = 0x3853ed4876f1)> (target MAGLEV), mode: ConcurrencyMode::kConcurrent]
[completed compiling 0x0d8c3933e5e9 <JSFunction tryExtensions (sfi = 0x3853ed4876f1)> (target MAGLEV) - took 0.001, 0.307, 0.004 ms]
[marking 0x0d8c3933e7e9 <JSFunction wrapResolveFilename (sfi = 0x3853ed4878e9)> for optimization to MAGLEV, ConcurrencyMode::kConcurrent, reason: hot and stable]
[compiling method 0x0d8c3933e7e9 <JSFunction wrapResolveFilename (sfi = 0x3853ed4878e9)> (target MAGLEV), mode: ConcurrencyMode::kConcurrent]
[completed compiling 0x0d8c3933e7e9 <JSFunction wrapResolveFilename (sfi = 0x3853ed4878e9)> (target MAGLEV) - took 0.000, 0.265, 0.008 ms]
[marking 0x30e07a440a59 <JSFunction get (sfi = 0x1e113243a6b1)> for optimization to MAGLEV, ConcurrencyMode::kConcurrent, reason: hot and stable]
[compiling method 0x30e07a440a59 <JSFunction get (sfi = 0x1e113243a6b1)> (target MAGLEV), mode: ConcurrencyMode::kConcurrent]
[completed compiling 0x30e07a440a59 <JSFunction get (sfi = 0x1e113243a6b1)> (target MAGLEV) - took 0.000, 0.299, 0.004 ms]
[marking 0x0d8c3931e0f9 <JSFunction wrapModuleLoad (sfi = 0x3853ed4873d9)> for optimization to MAGLEV, ConcurrencyMode::kConcurrent, reason: hot and stable]
[compiling method 0x0d8c3931e0f9 <JSFunction wrapModuleLoad (sfi = 0x3853ed4873d9)> (target MAGLEV), mode: ConcurrencyMode::kConcurrent]
[marking 0x288209e72ee9 <JSFunction require (sfi = 0x1da7917e171)> for optimization to MAGLEV, ConcurrencyMode::kConcurrent, reason: hot and stable]
[compiling method 0x3cbbdeefca91 <JSFunction require (sfi = 0x1da7917e171)> (target MAGLEV), mode: ConcurrencyMode::kConcurrent]
[completed compiling 0x3cbbdeefca91 <JSFunction require (sfi = 0x1da7917e171)> (target MAGLEV) - took 0.000, 0.055, 0.003 ms]
[completed compiling 0x0d8c3931e0f9 <JSFunction wrapModuleLoad (sfi = 0x3853ed4873d9)> (target MAGLEV) - took 0.000, 0.333, 0.003 ms]
[marking 0x0d8c3933e3b1 <JSFunction updateChildren (sfi = 0x3853ed487469)> for optimization to MAGLEV, ConcurrencyMode::kConcurrent, reason: hot and stable]
[compiling method 0x0d8c3933e3b1 <JSFunction updateChildren (sfi = 0x3853ed487469)> (target MAGLEV), mode: ConcurrencyMode::kConcurrent]
[completed compiling 0x0d8c3933e3b1 <JSFunction updateChildren (sfi = 0x3853ed487469)> (target MAGLEV) - took 0.002, 0.114, 0.004 ms]
[marking 0x0d8c3933e071 <JSFunction getCjsConditions (sfi = 0x2c2c04efe19)> for optimization to MAGLEV, ConcurrencyMode::kConcurrent, reason: hot and stable]
[compiling method 0x0d8c3933e071 <JSFunction getCjsConditions (sfi = 0x2c2c04efe19)> (target MAGLEV), mode: ConcurrencyMode::kConcurrent]
[completed compiling 0x0d8c3933e071 <JSFunction getCjsConditions (sfi = 0x2c2c04efe19)> (target MAGLEV) - took 0.001, 0.163, 0.002 ms]
[marking 0x0d8c3933e829 <JSFunction defaultResolveImplForCJSLoading (sfi = 0x3853ed487931)> for optimization to MAGLEV, ConcurrencyMode::kConcurrent, reason: hot and stable]
[compiling method 0x0d8c3933e829 <JSFunction defaultResolveImplForCJSLoading (sfi = 0x3853ed487931)> (target MAGLEV), mode: ConcurrencyMode::kConcurrent]
[completed compiling 0x0d8c3933e829 <JSFunction defaultResolveImplForCJSLoading (sfi = 0x3853ed487931)> (target MAGLEV) - took 0.000, 0.162, 0.008 ms]
[marking 0x0b54a0006da1 <JSFunction splitRoot (sfi = 0x29923b631c51)> for optimization to MAGLEV, ConcurrencyMode::kConcurrent, reason: hot and stable]
[compiling method 0x0b54a0006da1 <JSFunction splitRoot (sfi = 0x29923b631c51)> (target MAGLEV), mode: ConcurrencyMode::kConcurrent]
[completed compiling 0x0b54a0006da1 <JSFunction splitRoot (sfi = 0x29923b631c51)> (target MAGLEV) - took 0.000, 0.154, 0.003 ms]
[marking 0x2f8a7003e851 <JSFunction setOwnProperty (sfi = 0x33c1a0177171)> for optimization to MAGLEV, ConcurrencyMode::kConcurrent, reason: hot and stable]
[compiling method 0x2f8a7003e851 <JSFunction setOwnProperty (sfi = 0x33c1a0177171)> (target MAGLEV), mode: ConcurrencyMode::kConcurrent]
[completed compiling 0x2f8a7003e851 <JSFunction setOwnProperty (sfi = 0x33c1a0177171)> (target MAGLEV) - took 0.001, 0.246, 0.004 ms]
[marking 0x3853ed494c29 <JSFunction Module._findPath (sfi = 0x3853ed488301)> for optimization to MAGLEV, ConcurrencyMode::kConcurrent, reason: hot and stable]
[compiling method 0x3853ed494c29 <JSFunction Module._findPath (sfi = 0x3853ed488301)> (target MAGLEV), mode: ConcurrencyMode::kConcurrent]
[completed compiling 0x3853ed494c29 <JSFunction Module._findPath (sfi = 0x3853ed488301)> (target MAGLEV) - took 0.000, 0.508, 0.016 ms]
[marking 0x3853ed494cb1 <JSFunction Module._nodeModulePaths (sfi = 0x3853ed488411)> for optimization to TURBOFAN_JS, ConcurrencyMode::kConcurrent, reason: hot and stable]
[marking 0x3853ed494d39 <JSFunction Module._resolveLookupPaths (sfi = 0x3853ed488499)> for optimization to MAGLEV, ConcurrencyMode::kConcurrent, reason: hot and stable]
[compiling method 0x3853ed494cb1 <JSFunction Module._nodeModulePaths (sfi = 0x3853ed488411)> (target TURBOFAN_JS), mode: ConcurrencyMode::kConcurrent]
[compiling method 0x3853ed494d39 <JSFunction Module._resolveLookupPaths (sfi = 0x3853ed488499)> (target MAGLEV), mode: ConcurrencyMode::kConcurrent]
[completed compiling 0x3853ed494d39 <JSFunction Module._resolveLookupPaths (sfi = 0x3853ed488499)> (target MAGLEV) - took 0.000, 0.342, 0.010 ms]
[completed compiling 0x3853ed494cb1 <JSFunction Module._nodeModulePaths (sfi = 0x3853ed488411)> (target TURBOFAN_JS) - took 0.004, 3.631, 0.030 ms]
[completed optimizing 0x3853ed494cb1 <JSFunction Module._nodeModulePaths (sfi = 0x3853ed488411)> (target TURBOFAN_JS)]
[marking 0x0b54a0013d99 <JSFunction deserializePackageJSON (sfi = 0x3853ed492c69)> for optimization to MAGLEV, ConcurrencyMode::kConcurrent, reason: hot and stable]
[compiling method 0x0b54a0013d99 <JSFunction deserializePackageJSON (sfi = 0x3853ed492c69)> (target MAGLEV), mode: ConcurrencyMode::kConcurrent]
[completed compiling 0x0b54a0013d99 <JSFunction deserializePackageJSON (sfi = 0x3853ed492c69)> (target MAGLEV) - took 0.000, 0.516, 0.011 ms]
[marking 0x39c9a6f49889 <JSFunction SafeMap (sfi = 0x12dd06d86fe1)> for optimization to MAGLEV, ConcurrencyMode::kConcurrent, reason: hot and stable]
[compiling method 0x39c9a6f49889 <JSFunction SafeMap (sfi = 0x12dd06d86fe1)> (target MAGLEV), mode: ConcurrencyMode::kConcurrent]
[completed compiling 0x39c9a6f49889 <JSFunction SafeMap (sfi = 0x12dd06d86fe1)> (target MAGLEV) - took 0.000, 0.101, 0.004 ms]
[marking 0x3853ed494e49 <JSFunction Module._resolveFilename (sfi = 0x3853ed488631)> for optimization to MAGLEV, ConcurrencyMode::kConcurrent, reason: hot and stable]
[compiling method 0x3853ed494e49 <JSFunction Module._resolveFilename (sfi = 0x3853ed488631)> (target MAGLEV), mode: ConcurrencyMode::kConcurrent]
[completed compiling 0x3853ed494e49 <JSFunction Module._resolveFilename (sfi = 0x3853ed488631)> (target MAGLEV) - took 0.001, 0.597, 0.016 ms]
[marking 0x33c1a017ce71 <JSFunction SafeSet (sfi = 0x12dd06d87071)> for optimization to MAGLEV, ConcurrencyMode::kConcurrent, reason: hot and stable]
[compiling method 0x33c1a017ce71 <JSFunction SafeSet (sfi = 0x12dd06d87071)> (target MAGLEV), mode: ConcurrencyMode::kConcurrent]
[completed compiling 0x33c1a017ce71 <JSFunction SafeSet (sfi = 0x12dd06d87071)> (target MAGLEV) - took 0.001, 0.072, 0.009 ms]
[marking 0x19f0f38512c9 <JSFunction (sfi = 0x2c2c04dddb9)> for optimization to MAGLEV, ConcurrencyMode::kConcurrent, reason: hot and stable]
[compiling method 0x19f0f38512c9 <JSFunction (sfi = 0x2c2c04dddb9)> (target MAGLEV), mode: ConcurrencyMode::kConcurrent]
[completed compiling 0x19f0f38512c9 <JSFunction (sfi = 0x2c2c04dddb9)> (target MAGLEV) - took 0.000, 0.267, 0.004 ms]
[marking 0x0d8c3933e169 <JSFunction toRealPath (sfi = 0x2c2c04efd89)> for optimization to MAGLEV, ConcurrencyMode::kConcurrent, reason: hot and stable]
[compiling method 0x0d8c3933e169 <JSFunction toRealPath (sfi = 0x2c2c04efd89)> (target MAGLEV), mode: ConcurrencyMode::kConcurrent]
[completed compiling 0x0d8c3933e169 <JSFunction toRealPath (sfi = 0x2c2c04efd89)> (target MAGLEV) - took 0.000, 0.153, 0.004 ms]
[marking 0x0b54a0006789 <JSFunction getOptions (sfi = 0x2c2c04dd201)> for optimization to MAGLEV, ConcurrencyMode::kConcurrent, reason: hot and stable]
[compiling method 0x0b54a0006789 <JSFunction getOptions (sfi = 0x2c2c04dd201)> (target MAGLEV), mode: ConcurrencyMode::kConcurrent]
[completed compiling 0x0b54a0006789 <JSFunction getOptions (sfi = 0x2c2c04dd201)> (target MAGLEV) - took 0.001, 0.257, 0.012 ms]
[marking 0x2f8a7003df51 <JSFunction isInt32 (sfi = 0x33c1a0170999)> for optimization to MAGLEV, ConcurrencyMode::kConcurrent, reason: hot and stable]
[compiling method 0x2f8a7003df51 <JSFunction isInt32 (sfi = 0x33c1a0170999)> (target MAGLEV), mode: ConcurrencyMode::kConcurrent]
[completed compiling 0x2f8a7003df51 <JSFunction isInt32 (sfi = 0x33c1a0170999)> (target MAGLEV) - took 0.000, 0.106, 0.001 ms]
[marking 0x3afd65fa4a99 <JSFunction getNearestParentPackageJSON (sfi = 0x3853ed492d21)> for optimization to MAGLEV, ConcurrencyMode::kConcurrent, reason: hot and stable]
[compiling method 0x3afd65fa4a99 <JSFunction getNearestParentPackageJSON (sfi = 0x3853ed492d21)> (target MAGLEV), mode: ConcurrencyMode::kConcurrent]
[completed compiling 0x3afd65fa4a99 <JSFunction getNearestParentPackageJSON (sfi = 0x3853ed492d21)> (target MAGLEV) - took 0.000, 0.226, 0.010 ms]
[marking 0x0d8c3933eb29 <JSFunction isRelative (sfi = 0x3853ed487df1)> for optimization to MAGLEV, ConcurrencyMode::kConcurrent, reason: hot and stable]
[compiling method 0x0d8c3933eb29 <JSFunction isRelative (sfi = 0x3853ed487df1)> (target MAGLEV), mode: ConcurrencyMode::kConcurrent]
[completed compiling 0x0d8c3933eb29 <JSFunction isRelative (sfi = 0x3853ed487df1)> (target MAGLEV) - took 0.000, 0.203, 0.002 ms]
[marking 0x2d12b14804f1 <JSFunction normalize (sfi = 0xe7c13d397b9)> for optimization to MAGLEV, ConcurrencyMode::kConcurrent, reason: hot and stable]
[compiling method 0x2d12b14804f1 <JSFunction normalize (sfi = 0xe7c13d397b9)> (target MAGLEV), mode: ConcurrencyMode::kConcurrent]
[completed compiling 0x2d12b14804f1 <JSFunction normalize (sfi = 0xe7c13d397b9)> (target MAGLEV) - took 0.000, 0.395, 0.003 ms]
[marking 0x0d8c39318e69 <JSFunction lazyModule (sfi = 0x2c2c04eff81)> for optimization to MAGLEV, ConcurrencyMode::kConcurrent, reason: hot and stable]
[compiling method 0x0d8c39318e69 <JSFunction lazyModule (sfi = 0x2c2c04eff81)> (target MAGLEV), mode: ConcurrencyMode::kConcurrent]
[completed compiling 0x0d8c39318e69 <JSFunction lazyModule (sfi = 0x2c2c04eff81)> (target MAGLEV) - took 0.001, 0.091, 0.001 ms]
[marking 0x0d8c3933e131 <JSFunction setHasStartedUserCJSExecution (sfi = 0x2c2c04f0429)> for optimization to MAGLEV, ConcurrencyMode::kConcurrent, reason: hot and stable]
[compiling method 0x0d8c3933e131 <JSFunction setHasStartedUserCJSExecution (sfi = 0x2c2c04f0429)> (target MAGLEV), mode: ConcurrencyMode::kConcurrent]
[completed compiling 0x0d8c3933e131 <JSFunction setHasStartedUserCJSExecution (sfi = 0x2c2c04f0429)> (target MAGLEV) - took 0.000, 0.123, 0.002 ms]
[bailout (kind: deopt-eager, reason: Insufficient type feedback for compare operation): begin. deoptimizing 0x3853ed494c29 <JSFunction Module._findPath (sfi = 0x3853ed488301)>, 0x03616e649881 <Code MAGLEV>, opt id 93, bytecode offset 191, deopt exit 16, FP to SP delta 144, caller SP 0x00016f021018, pc 0x000117952e04]
[marking 0x3853ed494dc1 <JSFunction Module._load (sfi = 0x3853ed4885b1)> for optimization to MAGLEV, ConcurrencyMode::kConcurrent, reason: hot and stable]
[compiling method 0x3853ed494dc1 <JSFunction Module._load (sfi = 0x3853ed4885b1)> (target MAGLEV), mode: ConcurrencyMode::kConcurrent]
[completed compiling 0x3853ed494dc1 <JSFunction Module._load (sfi = 0x3853ed4885b1)> (target MAGLEV) - took 0.000, 0.672, 0.129 ms]
[marking 0x2d12b1480529 <JSFunction isAbsolute (sfi = 0xe7c13d39801)> for optimization to MAGLEV, ConcurrencyMode::kConcurrent, reason: hot and stable]
[compiling method 0x2d12b1480529 <JSFunction isAbsolute (sfi = 0xe7c13d39801)> (target MAGLEV), mode: ConcurrencyMode::kConcurrent]
[completed compiling 0x2d12b1480529 <JSFunction isAbsolute (sfi = 0xe7c13d39801)> (target MAGLEV) - took 0.000, 0.196, 0.003 ms]
[marking 0x0b54a00158d9 <JSFunction Module (sfi = 0x3853ed487541)> for optimization to MAGLEV, ConcurrencyMode::kConcurrent, reason: hot and stable]
[compiling method 0x0b54a00158d9 <JSFunction Module (sfi = 0x3853ed487541)> (target MAGLEV), mode: ConcurrencyMode::kConcurrent]
[completed compiling 0x0b54a00158d9 <JSFunction Module (sfi = 0x3853ed487541)> (target MAGLEV) - took 0.000, 0.294, 0.007 ms]
[marking 0x2d12b1480ce9 <JSFunction getSourceMapsSupport (sfi = 0x29923b6256c9)> for optimization to MAGLEV, ConcurrencyMode::kConcurrent, reason: hot and stable]
[compiling method 0x2d12b1480ce9 <JSFunction getSourceMapsSupport (sfi = 0x29923b6256c9)> (target MAGLEV), mode: ConcurrencyMode::kConcurrent]
[completed compiling 0x2d12b1480ce9 <JSFunction getSourceMapsSupport (sfi = 0x29923b6256c9)> (target MAGLEV) - took 0.000, 0.064, 0.001 ms]
[marking 0x216814efb7a9 <JSFunction isLineTerminatorJSON (sfi = 0x216814efb451)> for optimization to MAGLEV, ConcurrencyMode::kConcurrent, reason: hot and stable]
[compiling method 0x216814efb7a9 <JSFunction isLineTerminatorJSON (sfi = 0x216814efb451)> (target MAGLEV), mode: ConcurrencyMode::kConcurrent]
[marking 0x2dafebee1b79 <JSFunction parseString (sfi = 0x216814efc601)> for optimization to MAGLEV, ConcurrencyMode::kConcurrent, reason: hot and stable]
[compiling method 0x2dafebee1b79 <JSFunction parseString (sfi = 0x216814efc601)> (target MAGLEV), mode: ConcurrencyMode::kConcurrent]
[completed compiling 0x216814efb7a9 <JSFunction isLineTerminatorJSON (sfi = 0x216814efb451)> (target MAGLEV) - took 0.000, 0.107, 0.001 ms]
[marking 0x216814efb699 <JSFunction isWhiteSpaceJSON (sfi = 0x216814efb3c1)> for optimization to MAGLEV, ConcurrencyMode::kConcurrent, reason: hot and stable]
[compiling method 0x216814efb699 <JSFunction isWhiteSpaceJSON (sfi = 0x216814efb3c1)> (target MAGLEV), mode: ConcurrencyMode::kConcurrent]
[completed compiling 0x216814efb699 <JSFunction isWhiteSpaceJSON (sfi = 0x216814efb3c1)> (target MAGLEV) - took 0.000, 0.040, 0.001 ms]
[marking 0x2dafebee1bd9 <JSFunction tokenStart (sfi = 0x216814efc649)> for optimization to MAGLEV, ConcurrencyMode::kConcurrent, reason: hot and stable]
[marking 0x2dafebee1c19 <JSFunction tokenEnd (sfi = 0x216814efc691)> for optimization to MAGLEV, ConcurrencyMode::kConcurrent, reason: hot and stable]
[compiling method 0x2dafebee1bd9 <JSFunction tokenStart (sfi = 0x216814efc649)> (target MAGLEV), mode: ConcurrencyMode::kConcurrent]
[compiling method 0x2dafebee1c19 <JSFunction tokenEnd (sfi = 0x216814efc691)> (target MAGLEV), mode: ConcurrencyMode::kConcurrent]
[completed compiling 0x2dafebee1b79 <JSFunction parseString (sfi = 0x216814efc601)> (target MAGLEV) - took 0.001, 0.468, 0.003 ms]
[completed compiling 0x2dafebee1c19 <JSFunction tokenEnd (sfi = 0x216814efc691)> (target MAGLEV) - took 0.000, 0.026, 0.001 ms]
[completed compiling 0x2dafebee1bd9 <JSFunction tokenStart (sfi = 0x216814efc649)> (target MAGLEV) - took 0.000, 0.093, 0.000 ms]
[marking 0x2dafebee19b9 <JSFunction skipWhiteSpace (sfi = 0x216814efc409)> for optimization to MAGLEV, ConcurrencyMode::kConcurrent, reason: hot and stable]
[compiling method 0x2dafebee19b9 <JSFunction skipWhiteSpace (sfi = 0x216814efc409)> (target MAGLEV), mode: ConcurrencyMode::kConcurrent]
[completed compiling 0x2dafebee19b9 <JSFunction skipWhiteSpace (sfi = 0x216814efc409)> (target MAGLEV) - took 0.000, 0.500, 0.004 ms]
[marking 0x03b7b8d94b59 <JSFunction shouldUseRule (sfi = 0x1ccdd60c8351)> for optimization to MAGLEV, ConcurrencyMode::kConcurrent, reason: hot and stable]
[compiling method 0x03b7b8d94b59 <JSFunction shouldUseRule (sfi = 0x1ccdd60c8351)> (target MAGLEV), mode: ConcurrencyMode::kConcurrent]
[marking 0x1cc4bc9ae2f9 <JSFunction addCodeArg (sfi = 0x37394aa1e49)> for optimization to MAGLEV, ConcurrencyMode::kConcurrent, reason: hot and stable]
[compiling method 0x1cc4bc9ae2f9 <JSFunction addCodeArg (sfi = 0x37394aa1e49)> (target MAGLEV), mode: ConcurrencyMode::kConcurrent]
[completed compiling 0x03b7b8d94b59 <JSFunction shouldUseRule (sfi = 0x1ccdd60c8351)> (target MAGLEV) - took 0.001, 0.135, 0.003 ms]
[marking 0x20305f79bc99 <JSFunction (sfi = 0xa0d73c7b3f1)> for optimization to MAGLEV, ConcurrencyMode::kConcurrent, reason: hot and stable]
[compiling method 0x20305f79bc99 <JSFunction (sfi = 0xa0d73c7b3f1)> (target MAGLEV), mode: ConcurrencyMode::kConcurrent]
[completed compiling 0x1cc4bc9ae2f9 <JSFunction addCodeArg (sfi = 0x37394aa1e49)> (target MAGLEV) - took 0.000, 0.190, 0.021 ms]
[completed compiling 0x20305f79bc99 <JSFunction (sfi = 0xa0d73c7b3f1)> (target MAGLEV) - took 0.001, 0.083, 0.003 ms]
[marking 0x1cc4bc9ae279 <JSFunction _ (sfi = 0x1969d17262c1)> for optimization to MAGLEV, ConcurrencyMode::kConcurrent, reason: hot and stable]
[compiling method 0x1cc4bc9ae279 <JSFunction _ (sfi = 0x1969d17262c1)> (target MAGLEV), mode: ConcurrencyMode::kConcurrent]
[completed compiling 0x1cc4bc9ae279 <JSFunction _ (sfi = 0x1969d17262c1)> (target MAGLEV) - took 0.001, 0.437, 0.008 ms]
[marking dependent code 0x1d7466082911 <Code MAGLEV> (0x1969d17262c1 <SharedFunctionInfo _>) (opt id 122) for deoptimization, reason: dependent prototype chain changed]
[marking dependent code 0x1d7466080701 <Code MAGLEV> (0x037394aa1e49 <SharedFunctionInfo addCodeArg>) (opt id 120) for deoptimization, reason: dependent prototype chain changed]
[marking 0x1cc4bc9ae2f9 <JSFunction addCodeArg (sfi = 0x37394aa1e49)> for optimization to MAGLEV, ConcurrencyMode::kConcurrent, reason: hot and stable]
[marking 0x1cc4bc9ae279 <JSFunction _ (sfi = 0x1969d17262c1)> for optimization to MAGLEV, ConcurrencyMode::kConcurrent, reason: hot and stable]
[compiling method 0x1cc4bc9ae2f9 <JSFunction addCodeArg (sfi = 0x37394aa1e49)> (target MAGLEV), mode: ConcurrencyMode::kConcurrent]
[compiling method 0x1cc4bc9ae279 <JSFunction _ (sfi = 0x1969d17262c1)> (target MAGLEV), mode: ConcurrencyMode::kConcurrent]
[completed compiling 0x1cc4bc9ae2f9 <JSFunction addCodeArg (sfi = 0x37394aa1e49)> (target MAGLEV) - took 0.000, 0.144, 0.005 ms]
[completed compiling 0x1cc4bc9ae279 <JSFunction _ (sfi = 0x1969d17262c1)> (target MAGLEV) - took 0.000, 0.449, 0.005 ms]
[marking 0x15f63377f861 <JSFunction (sfi = 0xb54a001a3e1)> for optimization to MAGLEV, ConcurrencyMode::kConcurrent, reason: hot and stable]
[compiling method 0x15f63377f861 <JSFunction (sfi = 0xb54a001a3e1)> (target MAGLEV), mode: ConcurrencyMode::kConcurrent]
[completed compiling 0x15f63377f861 <JSFunction (sfi = 0xb54a001a3e1)> (target MAGLEV) - took 0.000, 0.074, 0.001 ms]
[marking 0x1cc4bc9aeb21 <JSFunction _Code (sfi = 0x3853ed482cf9)> for optimization to MAGLEV, ConcurrencyMode::kConcurrent, reason: hot and stable]
[compiling method 0x1cc4bc9aeb21 <JSFunction _Code (sfi = 0x3853ed482cf9)> (target MAGLEV), mode: ConcurrencyMode::kConcurrent]
[completed compiling 0x1cc4bc9aeb21 <JSFunction _Code (sfi = 0x3853ed482cf9)> (target MAGLEV) - took 0.000, 0.108, 0.004 ms]
[marking 0x1cc4bc9ba069 <JSFunction get _currNode (sfi = 0x3c11ae10c439)> for optimization to MAGLEV, ConcurrencyMode::kConcurrent, reason: hot and stable]
[compiling method 0x1cc4bc9ba069 <JSFunction get _currNode (sfi = 0x3c11ae10c439)> (target MAGLEV), mode: ConcurrencyMode::kConcurrent]
[completed compiling 0x1cc4bc9ba069 <JSFunction get _currNode (sfi = 0x3c11ae10c439)> (target MAGLEV) - took 0.000, 0.077, 0.002 ms]
[marking 0x1cc4bc9ae479 <JSFunction safeStringify (sfi = 0x30058edabca9)> for optimization to MAGLEV, ConcurrencyMode::kConcurrent, reason: hot and stable]
[compiling method 0x1cc4bc9ae479 <JSFunction safeStringify (sfi = 0x30058edabca9)> (target MAGLEV), mode: ConcurrencyMode::kConcurrent]
[completed compiling 0x1cc4bc9ae479 <JSFunction safeStringify (sfi = 0x30058edabca9)> (target MAGLEV) - took 0.000, 0.335, 0.004 ms]
[marking 0x1cc4bc9b51a1 <JSFunction get (sfi = 0x20345ba96bf1)> for optimization to MAGLEV, ConcurrencyMode::kConcurrent, reason: hot and stable]
[compiling method 0x1cc4bc9b51a1 <JSFunction get (sfi = 0x20345ba96bf1)> (target MAGLEV), mode: ConcurrencyMode::kConcurrent]
[completed compiling 0x1cc4bc9b51a1 <JSFunction get (sfi = 0x20345ba96bf1)> (target MAGLEV) - took 0.000, 0.151, 0.001 ms]
[marking 0x1cc4bc9ae339 <JSFunction optimize (sfi = 0x37394aa1e91)> for optimization to MAGLEV, ConcurrencyMode::kConcurrent, reason: hot and stable]
[compiling method 0x1cc4bc9ae339 <JSFunction optimize (sfi = 0x37394aa1e91)> (target MAGLEV), mode: ConcurrencyMode::kConcurrent]
[completed compiling 0x1cc4bc9ae339 <JSFunction optimize (sfi = 0x37394aa1e91)> (target MAGLEV) - took 0.000, 0.296, 0.002 ms]
[marking 0x1cc4bc9b7339 <JSFunction optimizeNodes (sfi = 0x20345ba97d09)> for optimization to MAGLEV, ConcurrencyMode::kConcurrent, reason: hot and stable]
[compiling method 0x1cc4bc9b7339 <JSFunction optimizeNodes (sfi = 0x20345ba97d09)> (target MAGLEV), mode: ConcurrencyMode::kConcurrent]
[marking 0x1cc4bc9b6089 <JSFunction optimizeNodes (sfi = 0x20345ba97539)> for optimization to MAGLEV, ConcurrencyMode::kConcurrent, reason: hot and stable]
[compiling method 0x1cc4bc9b6089 <JSFunction optimizeNodes (sfi = 0x20345ba97539)> (target MAGLEV), mode: ConcurrencyMode::kConcurrent]
[completed compiling 0x1cc4bc9b6089 <JSFunction optimizeNodes (sfi = 0x20345ba97539)> (target MAGLEV) - took 0.000, 0.036, 0.001 ms]
[completed compiling 0x1cc4bc9b7339 <JSFunction optimizeNodes (sfi = 0x20345ba97d09)> (target MAGLEV) - took 0.000, 0.296, 0.004 ms]
[marking 0x19d07d841e09 <JSFunction (sfi = 0xb54a000d8c1)> for optimization to MAGLEV, ConcurrencyMode::kConcurrent, reason: hot and stable]
[compiling method 0x19d07d841e09 <JSFunction (sfi = 0xb54a000d8c1)> (target MAGLEV), mode: ConcurrencyMode::kConcurrent]
[marking 0x1cc4bc9a98d9 <JSFunction addNames (sfi = 0x20345ba96941)> for optimization to MAGLEV, ConcurrencyMode::kConcurrent, reason: hot and stable]
[compiling method 0x1cc4bc9a98d9 <JSFunction addNames (sfi = 0x20345ba96941)> (target MAGLEV), mode: ConcurrencyMode::kConcurrent]
[completed compiling 0x19d07d841e09 <JSFunction (sfi = 0xb54a000d8c1)> (target MAGLEV) - took 0.000, 0.253, 0.004 ms]
[completed compiling 0x1cc4bc9a98d9 <JSFunction addNames (sfi = 0x20345ba96941)> (target MAGLEV) - took 0.000, 0.113, 0.001 ms]
[marking 0x1e9525f87339 <JSFunction (sfi = 0xb54a0011239)> for optimization to MAGLEV, ConcurrencyMode::kConcurrent, reason: hot and stable]
[compiling method 0x1e9525f87339 <JSFunction (sfi = 0xb54a0011239)> (target MAGLEV), mode: ConcurrencyMode::kConcurrent]
[completed compiling 0x1e9525f87339 <JSFunction (sfi = 0xb54a0011239)> (target MAGLEV) - took 0.000, 0.104, 0.002 ms]
[marking 0x1cc4bc9aec09 <JSFunction get names (sfi = 0x3853ed482771)> for optimization to MAGLEV, ConcurrencyMode::kConcurrent, reason: hot and stable]
[compiling method 0x1cc4bc9aec09 <JSFunction get names (sfi = 0x3853ed482771)> (target MAGLEV), mode: ConcurrencyMode::kConcurrent]
[marking 0x31daef12cb59 <JSFunction (sfi = 0x10a5367e6e39)> for optimization to MAGLEV, ConcurrencyMode::kConcurrent, reason: hot and stable]
[compiling method 0x31daef12cb59 <JSFunction (sfi = 0x10a5367e6e39)> (target MAGLEV), mode: ConcurrencyMode::kConcurrent]
[completed compiling 0x1cc4bc9aec09 <JSFunction get names (sfi = 0x3853ed482771)> (target MAGLEV) - took 0.000, 0.324, 0.007 ms]
[completed compiling 0x31daef12cb59 <JSFunction (sfi = 0x10a5367e6e39)> (target MAGLEV) - took 0.000, 0.206, 0.003 ms]
[marking 0x1cc4bc9b7371 <JSFunction optimizeNames (sfi = 0x20345ba97d51)> for optimization to MAGLEV, ConcurrencyMode::kConcurrent, reason: hot and stable]
[compiling method 0x1cc4bc9b7371 <JSFunction optimizeNames (sfi = 0x20345ba97d51)> (target MAGLEV), mode: ConcurrencyMode::kConcurrent]
[marking 0x06d4bd5c4a19 <JSFunction (sfi = 0x10a5367e6d19)> for optimization to MAGLEV, ConcurrencyMode::kConcurrent, reason: hot and stable]
[compiling method 0x06d4bd5c4a19 <JSFunction (sfi = 0x10a5367e6d19)> (target MAGLEV), mode: ConcurrencyMode::kConcurrent]
[marking 0x06d4bd5cc941 <JSFunction canOptimize (sfi = 0x10a5367e6cd1)> for optimization to MAGLEV, ConcurrencyMode::kConcurrent, reason: hot and stable]
[compiling method 0x06d4bd5cc9f9 <JSFunction canOptimize (sfi = 0x10a5367e6cd1)> (target MAGLEV), mode: ConcurrencyMode::kConcurrent]
[marking 0x1cc4bc9ae881 <JSFunction toString (sfi = 0x3853ed483319)> for optimization to MAGLEV, ConcurrencyMode::kConcurrent, reason: hot and stable]
[compiling method 0x1cc4bc9ae881 <JSFunction toString (sfi = 0x3853ed483319)> (target MAGLEV), mode: ConcurrencyMode::kConcurrent]
[completed compiling 0x1cc4bc9b7371 <JSFunction optimizeNames (sfi = 0x20345ba97d51)> (target MAGLEV) - took 0.000, 0.298, 0.003 ms]
[completed compiling 0x06d4bd5cc9f9 <JSFunction canOptimize (sfi = 0x10a5367e6cd1)> (target MAGLEV) - took 0.000, 0.088, 0.007 ms]
[completed compiling 0x1cc4bc9ae881 <JSFunction toString (sfi = 0x3853ed483319)> (target MAGLEV) - took 0.000, 0.022, 0.003 ms]
[completed compiling 0x06d4bd5c4a19 <JSFunction (sfi = 0x10a5367e6d19)> (target MAGLEV) - took 0.000, 0.298, 0.002 ms]
[marking 0x06d4bd5fed71 <JSFunction (sfi = 0x344c2365f7f1)> for optimization to MAGLEV, ConcurrencyMode::kConcurrent, reason: hot and stable]
[compiling method 0x06d4bd5fed71 <JSFunction (sfi = 0x344c2365f7f1)> (target MAGLEV), mode: ConcurrencyMode::kConcurrent]
[completed compiling 0x06d4bd5fed71 <JSFunction (sfi = 0x344c2365f7f1)> (target MAGLEV) - took 0.000, 0.084, 0.000 ms]
[marking 0x1cc4bc9aebd1 <JSFunction get str (sfi = 0x3853ed482709)> for optimization to MAGLEV, ConcurrencyMode::kConcurrent, reason: hot and stable]
[marking 0x1cc4bc9aeb61 <JSFunction toString (sfi = 0x3853ed482d41)> for optimization to MAGLEV, ConcurrencyMode::kConcurrent, reason: hot and stable]
[compiling method 0x1cc4bc9aeb61 <JSFunction toString (sfi = 0x3853ed482d41)> (target MAGLEV), mode: ConcurrencyMode::kConcurrent]
[compiling method 0x1cc4bc9aebd1 <JSFunction get str (sfi = 0x3853ed482709)> (target MAGLEV), mode: ConcurrencyMode::kConcurrent]
[completed compiling 0x1cc4bc9aeb61 <JSFunction toString (sfi = 0x3853ed482d41)> (target MAGLEV) - took 0.000, 0.045, 0.001 ms]
[completed compiling 0x1cc4bc9aebd1 <JSFunction get str (sfi = 0x3853ed482709)> (target MAGLEV) - took 0.000, 0.193, 0.003 ms]
[marking 0x1cc4bc9ae3f9 <JSFunction interpolate (sfi = 0x30058edabc19)> for optimization to MAGLEV, ConcurrencyMode::kConcurrent, reason: hot and stable]
[compiling method 0x1cc4bc9ae3f9 <JSFunction interpolate (sfi = 0x30058edabc19)> (target MAGLEV), mode: ConcurrencyMode::kConcurrent]
[completed compiling 0x1cc4bc9ae3f9 <JSFunction interpolate (sfi = 0x30058edabc19)> (target MAGLEV) - took 0.000, 0.164, 0.003 ms]
[marking 0x1573855a2611 <JSFunction (sfi = 0xa0d73c5cbc9)> for optimization to MAGLEV, ConcurrencyMode::kConcurrent, reason: hot and stable]
[compiling method 0x1573855a87e1 <JSFunction (sfi = 0xa0d73c5cbc9)> (target MAGLEV), mode: ConcurrencyMode::kConcurrent]
[completed compiling 0x1573855a87e1 <JSFunction (sfi = 0xa0d73c5cbc9)> (target MAGLEV) - took 0.002, 0.558, 0.008 ms]
[marking 0x1cc4bc9b9f51 <JSFunction _leafNode (sfi = 0x3c11ae10c291)> for optimization to MAGLEV, ConcurrencyMode::kConcurrent, reason: hot and stable]
[compiling method 0x1cc4bc9b9f51 <JSFunction _leafNode (sfi = 0x3c11ae10c291)> (target MAGLEV), mode: ConcurrencyMode::kConcurrent]
[marking 0x1cc4bc9ae2b9 <JSFunction str (sfi = 0x37394aa1e01)> for optimization to MAGLEV, ConcurrencyMode::kConcurrent, reason: hot and stable]
[completed compiling 0x1cc4bc9b9f51 <JSFunction _leafNode (sfi = 0x3c11ae10c291)> (target MAGLEV) - took 0.000, 0.088, 0.003 ms]
[45331:0x881c0c000:0]     3408 ms: GC: {"pause":1.306,"mutator":513.155,"gc":"s","reduce_memory":false,"time_to_safepoint":0,"stack":true,"reason":"allocation failure","collector_reason":"","start_object_size":67691304,"end_object_size":56571512,"start_memory_size":71827456,"end_memory_size":74711040,"start_holes_size":985000,"end_holes_size":985000,"pool_local_chunks":0,"pool_shared_chunks":0,"pool_total_chunks":0,"new_space_capacity":16777216,"old_gen_allocation_limit":196580544,"global_allocation_limit":196580640,"allocation_throughput":52341.8,"new_space_allocation_throughput":32287,"new_space_survive_rate":30.0551,"allocated":22742432,"promoted":545288,"new_space_survived":5205992,"nodes_died_in_new":0,"nodes_copied_in_new":0,"nodes_promoted":0,"promotion_ratio":3.14805,"average_survival_ratio":59.131,"promotion_rate":0,"during_sweeping":true,"heap.prologue":0,"heap.epilogue":0.001,"heap.external.prologue":0,"heap.external.epilogue":0,"heap.external_weak_global_handles":0,"complete.sweep_array_buffers":0,"scavenge":1.291,"scavenge.free_remembered_set":0.005,"scavenge.roots":0.053,"scavenge.weak":0,"scavenge.weak_global_handles.identify":0,"scavenge.weak_global_handles.process":0,"scavenge.parallel":1.172,"scavenge.pin_objects_conservative":0,"scavenge.pin_objects_precise":0,"scavenge.restore_pinned":0.005,"scavenge.sweep_array_buffers":0.004,"scavenge.resize_new_space":0,"background.scavenge.parallel":3.467,"incremental.steps_count":0,"incremental.steps_took":0,"scavenge_throughput":1.81772e+06,"quarantined_size":0,"quarantined_pages":0}
[marking 0x0e7c13d0d131 <JSFunction isEncoding (sfi = 0x39c9a6f778c9)> for optimization to MAGLEV, ConcurrencyMode::kConcurrent, reason: hot and stable]
[compiling method 0x0e7c13d0d131 <JSFunction isEncoding (sfi = 0x39c9a6f778c9)> (target MAGLEV), mode: ConcurrencyMode::kConcurrent]
[completed compiling 0x0e7c13d0d131 <JSFunction isEncoding (sfi = 0x39c9a6f778c9)> (target MAGLEV) - took 0.000, 0.118, 0.003 ms]
[marking 0x0d8c3933e0f1 <JSFunction makeRequireFunction (sfi = 0x2c2c04effc9)> for optimization to MAGLEV, ConcurrencyMode::kConcurrent, reason: hot and stable]
[compiling method 0x0d8c3933e0f1 <JSFunction makeRequireFunction (sfi = 0x2c2c04effc9)> (target MAGLEV), mode: ConcurrencyMode::kConcurrent]
[completed compiling 0x0d8c3933e0f1 <JSFunction makeRequireFunction (sfi = 0x2c2c04effc9)> (target MAGLEV) - took 0.000, 0.255, 0.008 ms]
[marking 0x0d8c39337009 <JSFunction Module.load (sfi = 0x3853ed488fd9)> for optimization to MAGLEV, ConcurrencyMode::kConcurrent, reason: hot and stable]
[compiling method 0x0d8c39337009 <JSFunction Module.load (sfi = 0x3853ed488fd9)> (target MAGLEV), mode: ConcurrencyMode::kConcurrent]
[marking 0x0d8c3931e139 <JSFunction findLongestRegisteredExtension (sfi = 0x3853ed487739)> for optimization to MAGLEV, ConcurrencyMode::kConcurrent, reason: hot and stable]
[completed compiling 0x0d8c39337009 <JSFunction Module.load (sfi = 0x3853ed488fd9)> (target MAGLEV) - took 0.000, 0.298, 0.011 ms]
[compiling method 0x0d8c3931e139 <JSFunction findLongestRegisteredExtension (sfi = 0x3853ed487739)> (target MAGLEV), mode: ConcurrencyMode::kConcurrent]
[completed compiling 0x0d8c3931e139 <JSFunction findLongestRegisteredExtension (sfi = 0x3853ed487739)> (target MAGLEV) - took 0.001, 0.267, 0.007 ms]
[marking 0x0d8c3933ea29 <JSFunction wrapSafe (sfi = 0x3853ed487c41)> for optimization to MAGLEV, ConcurrencyMode::kConcurrent, reason: hot and stable]
[compiling method 0x0d8c3933ea29 <JSFunction wrapSafe (sfi = 0x3853ed487c41)> (target MAGLEV), mode: ConcurrencyMode::kConcurrent]
[completed compiling 0x0d8c3933ea29 <JSFunction wrapSafe (sfi = 0x3853ed487c41)> (target MAGLEV) - took 0.001, 0.330, 0.013 ms]
[marking 0x3853ed494ed1 <JSFunction Module._compile (sfi = 0x3853ed4886b9)> for optimization to MAGLEV, ConcurrencyMode::kConcurrent, reason: hot and stable]
[marking 0x3853ed494f11 <JSFunction Module._extensions..js (sfi = 0x3853ed488741)> for optimization to MAGLEV, ConcurrencyMode::kConcurrent, reason: hot and stable]
[compiling method 0x3853ed494f11 <JSFunction Module._extensions..js (sfi = 0x3853ed488741)> (target MAGLEV), mode: ConcurrencyMode::kConcurrent]
[compiling method 0x3853ed494ed1 <JSFunction Module._compile (sfi = 0x3853ed4886b9)> (target MAGLEV), mode: ConcurrencyMode::kConcurrent]
[completed compiling 0x3853ed494f11 <JSFunction Module._extensions..js (sfi = 0x3853ed488741)> (target MAGLEV) - took 0.001, 0.309, 0.008 ms]
[completed compiling 0x3853ed494ed1 <JSFunction Module._compile (sfi = 0x3853ed4886b9)> (target MAGLEV) - took 0.000, 0.505, 0.010 ms]
[marking 0x3551fb9bb0b1 <JSFunction (sfi = 0x238b4b944b49)> for optimization to MAGLEV, ConcurrencyMode::kConcurrent, reason: hot and stable]
[compiling method 0x3551fb9bb0b1 <JSFunction (sfi = 0x238b4b944b49)> (target MAGLEV), mode: ConcurrencyMode::kConcurrent]
[completed compiling 0x3551fb9bb0b1 <JSFunction (sfi = 0x238b4b944b49)> (target MAGLEV) - took 0.000, 0.358, 0.006 ms]
[marking 0x3551fb9bb221 <JSFunction __importStar (sfi = 0x238b4b945461)> for optimization to MAGLEV, ConcurrencyMode::kConcurrent, reason: hot and stable]
[compiling method 0x3551fb9bb221 <JSFunction __importStar (sfi = 0x238b4b945461)> (target MAGLEV) OSR, mode: ConcurrencyMode::kConcurrent]
[completed compiling 0x3551fb9bb221 <JSFunction __importStar (sfi = 0x238b4b945461)> (target MAGLEV) OSR - took 0.000, 0.172, 0.016 ms]
[compiling method 0x3551fb9bb221 <JSFunction __importStar (sfi = 0x238b4b945461)> (target TURBOFAN_JS) OSR, mode: ConcurrencyMode::kConcurrent]
[compiling method 0x3551fb9bb221 <JSFunction __importStar (sfi = 0x238b4b945461)> (target MAGLEV), mode: ConcurrencyMode::kConcurrent]
[bailout (kind: deopt-eager, reason: Insufficient type feedback for generic named access): begin. deoptimizing 0x3551fb9bb0b1 <JSFunction (sfi = 0x238b4b944b49)>, 0x1d746608df71 <Code MAGLEV>, opt id 155, bytecode offset 65, deopt exit 1, FP to SP delta 64, caller SP 0x00016f022a28, pc 0x0001179365f8]
[completed compiling 0x3551fb9bb221 <JSFunction __importStar (sfi = 0x238b4b945461)> (target TURBOFAN_JS) OSR - took 0.002, 1.266, 0.026 ms]
[completed optimizing 0x3551fb9bb221 <JSFunction __importStar (sfi = 0x238b4b945461)> (target TURBOFAN_JS) OSR]
[completed compiling 0x3551fb9bb221 <JSFunction __importStar (sfi = 0x238b4b945461)> (target MAGLEV) - took 0.000, 0.228, 0.002 ms]
[marking 0x3ec2ee4de459 <JSFunction (sfi = 0x238b4b969041)> for optimization to MAGLEV, ConcurrencyMode::kConcurrent, reason: hot and stable]
[compiling method 0x3ec2ee4de459 <JSFunction (sfi = 0x238b4b969041)> (target MAGLEV), mode: ConcurrencyMode::kConcurrent]
[marking 0x3ec2ee4de5c9 <JSFunction __importStar (sfi = 0x238b4b969ff1)> for optimization to MAGLEV, ConcurrencyMode::kConcurrent, reason: hot and stable]
[compiling method 0x3ec2ee4de5c9 <JSFunction __importStar (sfi = 0x238b4b969ff1)> (target MAGLEV) OSR, mode: ConcurrencyMode::kConcurrent]
[completed compiling 0x3ec2ee4de459 <JSFunction (sfi = 0x238b4b969041)> (target MAGLEV) - took 0.000, 0.252, 0.006 ms]
[completed compiling 0x3ec2ee4de5c9 <JSFunction __importStar (sfi = 0x238b4b969ff1)> (target MAGLEV) OSR - took 0.000, 0.116, 0.017 ms]
[compiling method 0x3ec2ee4de5c9 <JSFunction __importStar (sfi = 0x238b4b969ff1)> (target TURBOFAN_JS) OSR, mode: ConcurrencyMode::kConcurrent]
[bailout (kind: deopt-eager, reason: Insufficient type feedback for call): begin. deoptimizing 0x3ec2ee4de5c9 <JSFunction __importStar (sfi = 0x238b4b969ff1)>, 0x1d746608f8b1 <Code MAGLEV>, opt id 160, bytecode offset 90, deopt exit 11, FP to SP delta 112, caller SP 0x00016f022630, pc 0x000117b00b80]
[completed compiling 0x3ec2ee4de5c9 <JSFunction __importStar (sfi = 0x238b4b969ff1)> (target TURBOFAN_JS) OSR - took 0.003, 1.897, 0.130 ms]
[completed optimizing 0x3ec2ee4de5c9 <JSFunction __importStar (sfi = 0x238b4b969ff1)> (target TURBOFAN_JS) OSR]
[marking 0x1ad948e1c501 <JSFunction (sfi = 0x3d71c0c40e41)> for optimization to MAGLEV, ConcurrencyMode::kConcurrent, reason: hot and stable]
[compiling method 0x1ad948e1c501 <JSFunction (sfi = 0x3d71c0c40e41)> (target MAGLEV), mode: ConcurrencyMode::kConcurrent]
[marking 0x1ad948e1c671 <JSFunction __importStar (sfi = 0x3d71c0c41871)> for optimization to MAGLEV, ConcurrencyMode::kConcurrent, reason: hot and stable]
[completed compiling 0x1ad948e1c501 <JSFunction (sfi = 0x3d71c0c40e41)> (target MAGLEV) - took 0.001, 0.188, 0.004 ms]
[compiling method 0x1ad948e1c671 <JSFunction __importStar (sfi = 0x3d71c0c41871)> (target MAGLEV) OSR, mode: ConcurrencyMode::kConcurrent]
[completed compiling 0x1ad948e1c671 <JSFunction __importStar (sfi = 0x3d71c0c41871)> (target MAGLEV) OSR - took 0.000, 0.160, 0.006 ms]
[compiling method 0x1ad948e1c671 <JSFunction __importStar (sfi = 0x3d71c0c41871)> (target TURBOFAN_JS) OSR, mode: ConcurrencyMode::kConcurrent]
[bailout (kind: deopt-eager, reason: Insufficient type feedback for call): begin. deoptimizing 0x1ad948e1c671 <JSFunction __importStar (sfi = 0x3d71c0c41871)>, 0x1d7466090411 <Code MAGLEV>, opt id 163, bytecode offset 90, deopt exit 11, FP to SP delta 112, caller SP 0x00016f022220, pc 0x000117b40580]
[completed compiling 0x1ad948e1c671 <JSFunction __importStar (sfi = 0x3d71c0c41871)> (target TURBOFAN_JS) OSR - took 0.002, 2.031, 0.025 ms]
[completed optimizing 0x1ad948e1c671 <JSFunction __importStar (sfi = 0x3d71c0c41871)> (target TURBOFAN_JS) OSR]
[marking 0x189a4f5f7eb1 <JSFunction (sfi = 0x3d71c0c562b9)> for optimization to MAGLEV, ConcurrencyMode::kConcurrent, reason: hot and stable]
[compiling method 0x189a4f5f7eb1 <JSFunction (sfi = 0x3d71c0c562b9)> (target MAGLEV), mode: ConcurrencyMode::kConcurrent]
[marking 0x189a4f5f8021 <JSFunction __importStar (sfi = 0x3d71c0c56be9)> for optimization to MAGLEV, ConcurrencyMode::kConcurrent, reason: hot and stable]
[compiling method 0x189a4f5f8021 <JSFunction __importStar (sfi = 0x3d71c0c56be9)> (target MAGLEV) OSR, mode: ConcurrencyMode::kConcurrent]
[completed compiling 0x189a4f5f7eb1 <JSFunction (sfi = 0x3d71c0c562b9)> (target MAGLEV) - took 0.000, 0.275, 0.006 ms]
[completed compiling 0x189a4f5f8021 <JSFunction __importStar (sfi = 0x3d71c0c56be9)> (target MAGLEV) OSR - took 0.000, 0.191, 0.001 ms]
[compiling method 0x189a4f5f8021 <JSFunction __importStar (sfi = 0x3d71c0c56be9)> (target TURBOFAN_JS) OSR, mode: ConcurrencyMode::kConcurrent]
[bailout (kind: deopt-eager, reason: Insufficient type feedback for call): begin. deoptimizing 0x189a4f5f8021 <JSFunction __importStar (sfi = 0x3d71c0c56be9)>, 0x1d7466090e99 <Code MAGLEV>, opt id 166, bytecode offset 90, deopt exit 11, FP to SP delta 112, caller SP 0x00016f022210, pc 0x000117b02b20]
[completed compiling 0x189a4f5f8021 <JSFunction __importStar (sfi = 0x3d71c0c56be9)> (target TURBOFAN_JS) OSR - took 0.002, 1.509, 0.019 ms]
[completed optimizing 0x189a4f5f8021 <JSFunction __importStar (sfi = 0x3d71c0c56be9)> (target TURBOFAN_JS) OSR]
[marking 0x30930a6b6df9 <JSFunction (sfi = 0x3d71c0c65bd9)> for optimization to MAGLEV, ConcurrencyMode::kConcurrent, reason: hot and stable]
[compiling method 0x30930a6b6df9 <JSFunction (sfi = 0x3d71c0c65bd9)> (target MAGLEV), mode: ConcurrencyMode::kConcurrent]
[marking 0x30930a6b6f69 <JSFunction __importStar (sfi = 0x3d71c0c66399)> for optimization to MAGLEV, ConcurrencyMode::kConcurrent, reason: hot and stable]
[completed compiling 0x30930a6b6df9 <JSFunction (sfi = 0x3d71c0c65bd9)> (target MAGLEV) - took 0.000, 0.245, 0.004 ms]
[compiling method 0x30930a6b6f69 <JSFunction __importStar (sfi = 0x3d71c0c66399)> (target MAGLEV) OSR, mode: ConcurrencyMode::kConcurrent]
[completed compiling 0x30930a6b6f69 <JSFunction __importStar (sfi = 0x3d71c0c66399)> (target MAGLEV) OSR - took 0.000, 0.286, 0.002 ms]
[marking 0x0558498f0541 <JSFunction (sfi = 0x3d71c0c75e19)> for optimization to MAGLEV, ConcurrencyMode::kConcurrent, reason: hot and stable]
[compiling method 0x0558498f0541 <JSFunction (sfi = 0x3d71c0c75e19)> (target MAGLEV), mode: ConcurrencyMode::kConcurrent]
[marking 0x0558498f06b1 <JSFunction __importStar (sfi = 0x3d71c0c770e9)> for optimization to MAGLEV, ConcurrencyMode::kConcurrent, reason: hot and stable]
[completed compiling 0x0558498f0541 <JSFunction (sfi = 0x3d71c0c75e19)> (target MAGLEV) - took 0.000, 0.239, 0.007 ms]
[compiling method 0x0558498f06b1 <JSFunction __importStar (sfi = 0x3d71c0c770e9)> (target MAGLEV) OSR, mode: ConcurrencyMode::kConcurrent]
[completed compiling 0x0558498f06b1 <JSFunction __importStar (sfi = 0x3d71c0c770e9)> (target MAGLEV) OSR - took 0.000, 0.490, 0.003 ms]
[compiling method 0x0558498f06b1 <JSFunction __importStar (sfi = 0x3d71c0c770e9)> (target TURBOFAN_JS) OSR, mode: ConcurrencyMode::kConcurrent]
[bailout (kind: deopt-eager, reason: Insufficient type feedback for call): begin. deoptimizing 0x0558498f06b1 <JSFunction __importStar (sfi = 0x3d71c0c770e9)>, 0x27dd75a010c1 <Code MAGLEV>, opt id 171, bytecode offset 90, deopt exit 11, FP to SP delta 112, caller SP 0x00016f0219c0, pc 0x000117b05780]
[completed compiling 0x0558498f06b1 <JSFunction __importStar (sfi = 0x3d71c0c770e9)> (target TURBOFAN_JS) OSR - took 0.004, 1.752, 0.034 ms]
[completed optimizing 0x0558498f06b1 <JSFunction __importStar (sfi = 0x3d71c0c770e9)> (target TURBOFAN_JS) OSR]
[marking 0x0ac46fdb89b9 <JSFunction (sfi = 0x950f09434c1)> for optimization to MAGLEV, ConcurrencyMode::kConcurrent, reason: hot and stable]
[compiling method 0x0ac46fdb89b9 <JSFunction (sfi = 0x950f09434c1)> (target MAGLEV), mode: ConcurrencyMode::kConcurrent]
[marking 0x0ac46fdb8b29 <JSFunction __importStar (sfi = 0x950f0943da9)> for optimization to MAGLEV, ConcurrencyMode::kConcurrent, reason: hot and stable]
[completed compiling 0x0ac46fdb89b9 <JSFunction (sfi = 0x950f09434c1)> (target MAGLEV) - took 0.001, 0.174, 0.005 ms]
[compiling method 0x0ac46fdb8b29 <JSFunction __importStar (sfi = 0x950f0943da9)> (target MAGLEV) OSR, mode: ConcurrencyMode::kConcurrent]
[completed compiling 0x0ac46fdb8b29 <JSFunction __importStar (sfi = 0x950f0943da9)> (target MAGLEV) OSR - took 0.000, 0.145, 0.002 ms]
[compiling method 0x0ac46fdb8b29 <JSFunction __importStar (sfi = 0x950f0943da9)> (target TURBOFAN_JS) OSR, mode: ConcurrencyMode::kConcurrent]
[bailout (kind: deopt-eager, reason: Insufficient type feedback for call): begin. deoptimizing 0x0ac46fdb8b29 <JSFunction __importStar (sfi = 0x950f0943da9)>, 0x27dd75a01a89 <Code MAGLEV>, opt id 174, bytecode offset 90, deopt exit 11, FP to SP delta 112, caller SP 0x00016f021df0, pc 0x000117b06360]
[completed compiling 0x0ac46fdb8b29 <JSFunction __importStar (sfi = 0x950f0943da9)> (target TURBOFAN_JS) OSR - took 0.004, 2.221, 0.019 ms]
[completed optimizing 0x0ac46fdb8b29 <JSFunction __importStar (sfi = 0x950f0943da9)> (target TURBOFAN_JS) OSR]
[marking 0x1ea545f38bf9 <JSFunction (sfi = 0x950f0953f81)> for optimization to MAGLEV, ConcurrencyMode::kConcurrent, reason: hot and stable]
[compiling method 0x1ea545f38bf9 <JSFunction (sfi = 0x950f0953f81)> (target MAGLEV), mode: ConcurrencyMode::kConcurrent]
[marking 0x1ea545f38d69 <JSFunction __importStar (sfi = 0x950f0954781)> for optimization to MAGLEV, ConcurrencyMode::kConcurrent, reason: hot and stable]
[completed compiling 0x1ea545f38bf9 <JSFunction (sfi = 0x950f0953f81)> (target MAGLEV) - took 0.000, 0.201, 0.004 ms]
[compiling method 0x1ea545f38d69 <JSFunction __importStar (sfi = 0x950f0954781)> (target MAGLEV) OSR, mode: ConcurrencyMode::kConcurrent]
[completed compiling 0x1ea545f38d69 <JSFunction __importStar (sfi = 0x950f0954781)> (target MAGLEV) OSR - took 0.000, 0.344, 0.002 ms]
[marking 0x0d8c3933e5a9 <JSFunction tryFile (sfi = 0x3853ed4876a9)> for optimization to MAGLEV, ConcurrencyMode::kConcurrent, reason: hot and stable]
[45331:0x881c0c000:0]     3521 ms: GC: {"pause":1.668,"mutator":626.223,"gc":"s","reduce_memory":false,"time_to_safepoint":0,"stack":true,"reason":"allocation failure","collector_reason":"","start_object_size":69036928,"end_object_size":61642152,"start_memory_size":87556096,"end_memory_size":93061120,"start_holes_size":1474240,"end_holes_size":1893648,"pool_local_chunks":0,"pool_shared_chunks":0,"pool_total_chunks":0,"new_space_capacity":33554432,"old_gen_allocation_limit":196580544,"global_allocation_limit":196580640,"allocation_throughput":86885.6,"new_space_allocation_throughput":68521.6,"new_space_survive_rate":23.1204,"allocated":24088056,"promoted":5085280,"new_space_survived":3878720,"nodes_died_in_new":0,"nodes_copied_in_new":0,"nodes_promoted":0,"promotion_ratio":30.3125,"average_survival_ratio":57.2516,"promotion_rate":97.6813,"during_sweeping":true,"heap.prologue":0,"heap.epilogue":0.001,"heap.external.prologue":0,"heap.external.epilogue":0,"heap.external_weak_global_handles":0,"complete.sweep_array_buffers":0,"scavenge":1.639,"scavenge.free_remembered_set":0.059,"scavenge.roots":0.076,"scavenge.weak":0,"scavenge.weak_global_handles.identify":0,"scavenge.weak_global_handles.process":0,"scavenge.parallel":0.958,"scavenge.pin_objects_conservative":0,"scavenge.pin_objects_precise":0,"scavenge.restore_pinned":0.004,"scavenge.sweep_array_buffers":0.004,"scavenge.resize_new_space":0.001,"background.scavenge.parallel":4.447,"incremental.steps_count":0,"incremental.steps_took":0,"scavenge_throughput":2.1656e+06,"quarantined_size":0,"quarantined_pages":0}
[marking 0x007000039a71 <JSFunction (sfi = 0x950f0964f01)> for optimization to MAGLEV, ConcurrencyMode::kConcurrent, reason: hot and stable]
[compiling method 0x007000039a71 <JSFunction (sfi = 0x950f0964f01)> (target MAGLEV), mode: ConcurrencyMode::kConcurrent]
[marking 0x171805ec30d9 <JSFunction __importStar (sfi = 0x950f0965ae1)> for optimization to MAGLEV, ConcurrencyMode::kConcurrent, reason: hot and stable]
[compiling method 0x171805ec30d9 <JSFunction __importStar (sfi = 0x950f0965ae1)> (target MAGLEV) OSR, mode: ConcurrencyMode::kConcurrent]
[completed compiling 0x007000039a71 <JSFunction (sfi = 0x950f0964f01)> (target MAGLEV) - took 0.000, 0.193, 0.004 ms]
[completed compiling 0x171805ec30d9 <JSFunction __importStar (sfi = 0x950f0965ae1)> (target MAGLEV) OSR - took 0.000, 0.191, 0.000 ms]
[compiling method 0x171805ec30d9 <JSFunction __importStar (sfi = 0x950f0965ae1)> (target TURBOFAN_JS) OSR, mode: ConcurrencyMode::kConcurrent]
[bailout (kind: deopt-eager, reason: Insufficient type feedback for call): begin. deoptimizing 0x171805ec30d9 <JSFunction __importStar (sfi = 0x950f0965ae1)>, 0x12f3052b06b1 <Code MAGLEV>, opt id 179, bytecode offset 90, deopt exit 11, FP to SP delta 112, caller SP 0x00016f021db0, pc 0x0001179b48a0]
[compiling method 0x0d8c3933e5a9 <JSFunction tryFile (sfi = 0x3853ed4876a9)> (target MAGLEV), mode: ConcurrencyMode::kConcurrent]
[completed compiling 0x0d8c3933e5a9 <JSFunction tryFile (sfi = 0x3853ed4876a9)> (target MAGLEV) - took 0.000, 0.103, 0.002 ms]
[completed compiling 0x171805ec30d9 <JSFunction __importStar (sfi = 0x950f0965ae1)> (target TURBOFAN_JS) OSR - took 0.002, 2.074, 0.026 ms]
[completed optimizing 0x171805ec30d9 <JSFunction __importStar (sfi = 0x950f0965ae1)> (target TURBOFAN_JS) OSR]
[marking 0x11be31f826f9 <JSFunction (sfi = 0x950f09766d9)> for optimization to MAGLEV, ConcurrencyMode::kConcurrent, reason: hot and stable]
[compiling method 0x11be31f826f9 <JSFunction (sfi = 0x950f09766d9)> (target MAGLEV), mode: ConcurrencyMode::kConcurrent]
[marking 0x11be31f82869 <JSFunction __importStar (sfi = 0x950f0976b61)> for optimization to MAGLEV, ConcurrencyMode::kConcurrent, reason: hot and stable]
[completed compiling 0x11be31f826f9 <JSFunction (sfi = 0x950f09766d9)> (target MAGLEV) - took 0.000, 0.226, 0.006 ms]
[compiling method 0x11be31f82869 <JSFunction __importStar (sfi = 0x950f0976b61)> (target MAGLEV) OSR, mode: ConcurrencyMode::kConcurrent]
[completed compiling 0x11be31f82869 <JSFunction __importStar (sfi = 0x950f0976b61)> (target MAGLEV) OSR - took 0.000, 0.225, 0.004 ms]
[marking 0x3b03d397a169 <JSFunction (sfi = 0x3a33e0066ea9)> for optimization to MAGLEV, ConcurrencyMode::kConcurrent, reason: hot and stable]
[compiling method 0x3b03d397a169 <JSFunction (sfi = 0x3a33e0066ea9)> (target MAGLEV), mode: ConcurrencyMode::kConcurrent]
[marking 0x3b03d397a2d9 <JSFunction __importStar (sfi = 0x3a33e00672d9)> for optimization to MAGLEV, ConcurrencyMode::kConcurrent, reason: hot and stable]
[compiling method 0x3b03d397a2d9 <JSFunction __importStar (sfi = 0x3a33e00672d9)> (target MAGLEV) OSR, mode: ConcurrencyMode::kConcurrent]
[completed compiling 0x3b03d397a169 <JSFunction (sfi = 0x3a33e0066ea9)> (target MAGLEV) - took 0.001, 0.179, 0.003 ms]
[completed compiling 0x3b03d397a2d9 <JSFunction __importStar (sfi = 0x3a33e00672d9)> (target MAGLEV) OSR - took 0.000, 0.231, 0.002 ms]
[compiling method 0x3b03d397a2d9 <JSFunction __importStar (sfi = 0x3a33e00672d9)> (target TURBOFAN_JS) OSR, mode: ConcurrencyMode::kConcurrent]
[bailout (kind: deopt-eager, reason: Insufficient type feedback for call): begin. deoptimizing 0x3b03d397a2d9 <JSFunction __importStar (sfi = 0x3a33e00672d9)>, 0x1d7466093b01 <Code MAGLEV>, opt id 185, bytecode offset 90, deopt exit 11, FP to SP delta 112, caller SP 0x00016f022280, pc 0x000117b44c60]
[completed compiling 0x3b03d397a2d9 <JSFunction __importStar (sfi = 0x3a33e00672d9)> (target TURBOFAN_JS) OSR - took 0.003, 1.819, 0.055 ms]
[completed optimizing 0x3b03d397a2d9 <JSFunction __importStar (sfi = 0x3a33e00672d9)> (target TURBOFAN_JS) OSR]
[marking 0x0f2de10831c9 <JSFunction (sfi = 0x3a33e0078e41)> for optimization to MAGLEV, ConcurrencyMode::kConcurrent, reason: hot and stable]
[compiling method 0x0f2de10831c9 <JSFunction (sfi = 0x3a33e0078e41)> (target MAGLEV), mode: ConcurrencyMode::kConcurrent]
[marking 0x0f2de1083339 <JSFunction __importStar (sfi = 0x3a33e00795e9)> for optimization to MAGLEV, ConcurrencyMode::kConcurrent, reason: hot and stable]
[completed compiling 0x0f2de10831c9 <JSFunction (sfi = 0x3a33e0078e41)> (target MAGLEV) - took 0.001, 0.153, 0.005 ms]
[compiling method 0x0f2de1083339 <JSFunction __importStar (sfi = 0x3a33e00795e9)> (target MAGLEV) OSR, mode: ConcurrencyMode::kConcurrent]
[completed compiling 0x0f2de1083339 <JSFunction __importStar (sfi = 0x3a33e00795e9)> (target MAGLEV) OSR - took 0.000, 0.159, 0.002 ms]
[bailout (kind: deopt-eager, reason: Insufficient type feedback for call): begin. deoptimizing 0x0f2de1083339 <JSFunction __importStar (sfi = 0x3a33e00795e9)>, 0x1d7466094661 <Code MAGLEV>, opt id 188, bytecode offset 90, deopt exit 11, FP to SP delta 112, caller SP 0x00016f022250, pc 0x000117b45f20]
[marking 0x0875ea5463d1 <JSFunction (sfi = 0x1190f7ab8e41)> for optimization to MAGLEV, ConcurrencyMode::kConcurrent, reason: hot and stable]
[compiling method 0x0875ea5463d1 <JSFunction (sfi = 0x1190f7ab8e41)> (target MAGLEV), mode: ConcurrencyMode::kConcurrent]
[marking 0x0875ea546541 <JSFunction __importStar (sfi = 0x1190f7ab9421)> for optimization to MAGLEV, ConcurrencyMode::kConcurrent, reason: hot and stable]
[compiling method 0x0875ea546541 <JSFunction __importStar (sfi = 0x1190f7ab9421)> (target MAGLEV) OSR, mode: ConcurrencyMode::kConcurrent]
[completed compiling 0x0875ea5463d1 <JSFunction (sfi = 0x1190f7ab8e41)> (target MAGLEV) - took 0.000, 0.330, 0.005 ms]
[completed compiling 0x0875ea546541 <JSFunction __importStar (sfi = 0x1190f7ab9421)> (target MAGLEV) OSR - took 0.000, 0.147, 0.001 ms]
[compiling method 0x0875ea546541 <JSFunction __importStar (sfi = 0x1190f7ab9421)> (target TURBOFAN_JS) OSR, mode: ConcurrencyMode::kConcurrent]
[bailout (kind: deopt-eager, reason: Insufficient type feedback for call): begin. deoptimizing 0x0875ea546541 <JSFunction __importStar (sfi = 0x1190f7ab9421)>, 0x1d7466095029 <Code MAGLEV>, opt id 190, bytecode offset 90, deopt exit 11, FP to SP delta 112, caller SP 0x00016f0226f0, pc 0x000117b46b00]
[marking 0x3c36be0268a9 <JSFunction (sfi = 0x239ba4e335c1)> for optimization to MAGLEV, ConcurrencyMode::kConcurrent, reason: hot and stable]
[compiling method 0x3c36be0268a9 <JSFunction (sfi = 0x239ba4e335c1)> (target MAGLEV), mode: ConcurrencyMode::kConcurrent]
[completed compiling 0x0875ea546541 <JSFunction __importStar (sfi = 0x1190f7ab9421)> (target TURBOFAN_JS) OSR - took 0.003, 2.284, 0.017 ms]
[completed optimizing 0x0875ea546541 <JSFunction __importStar (sfi = 0x1190f7ab9421)> (target TURBOFAN_JS) OSR]
[completed compiling 0x3c36be0268a9 <JSFunction (sfi = 0x239ba4e335c1)> (target MAGLEV) - took 0.000, 0.175, 0.003 ms]
[marking 0x3c36be026a19 <JSFunction __importStar (sfi = 0x239ba4e33c41)> for optimization to MAGLEV, ConcurrencyMode::kConcurrent, reason: hot and stable]
[compiling method 0x3c36be026a19 <JSFunction __importStar (sfi = 0x239ba4e33c41)> (target MAGLEV) OSR, mode: ConcurrencyMode::kConcurrent]
[completed compiling 0x3c36be026a19 <JSFunction __importStar (sfi = 0x239ba4e33c41)> (target MAGLEV) OSR - took 0.000, 0.180, 0.002 ms]
[compiling method 0x3c36be026a19 <JSFunction __importStar (sfi = 0x239ba4e33c41)> (target TURBOFAN_JS) OSR, mode: ConcurrencyMode::kConcurrent]
[bailout (kind: deopt-eager, reason: Insufficient type feedback for call): begin. deoptimizing 0x3c36be026a19 <JSFunction __importStar (sfi = 0x239ba4e33c41)>, 0x1d7466095d21 <Code MAGLEV>, opt id 193, bytecode offset 90, deopt exit 11, FP to SP delta 112, caller SP 0x00016f022300, pc 0x000117b484a0]
[completed compiling 0x3c36be026a19 <JSFunction __importStar (sfi = 0x239ba4e33c41)> (target TURBOFAN_JS) OSR - took 0.003, 1.794, 0.019 ms]
[completed optimizing 0x3c36be026a19 <JSFunction __importStar (sfi = 0x239ba4e33c41)> (target TURBOFAN_JS) OSR]
[marking 0x2dafebee7791 <JSFunction (sfi = 0xf056ebd0349)> for optimization to MAGLEV, ConcurrencyMode::kConcurrent, reason: hot and stable]
[compiling method 0x2dafebee7791 <JSFunction (sfi = 0xf056ebd0349)> (target MAGLEV), mode: ConcurrencyMode::kConcurrent]
[marking 0x2dafebee7901 <JSFunction __importStar (sfi = 0xf056ebd1211)> for optimization to MAGLEV, ConcurrencyMode::kConcurrent, reason: hot and stable]
[compiling method 0x2dafebee7901 <JSFunction __importStar (sfi = 0xf056ebd1211)> (target MAGLEV) OSR, mode: ConcurrencyMode::kConcurrent]
[completed compiling 0x2dafebee7791 <JSFunction (sfi = 0xf056ebd0349)> (target MAGLEV) - took 0.000, 0.160, 0.003 ms]
[completed compiling 0x2dafebee7901 <JSFunction __importStar (sfi = 0xf056ebd1211)> (target MAGLEV) OSR - took 0.000, 0.187, 0.001 ms]
[compiling method 0x2dafebee7901 <JSFunction __importStar (sfi = 0xf056ebd1211)> (target TURBOFAN_JS) OSR, mode: ConcurrencyMode::kConcurrent]
[completed compiling 0x2dafebee7901 <JSFunction __importStar (sfi = 0xf056ebd1211)> (target TURBOFAN_JS) OSR - took 0.003, 1.443, 0.113 ms]
[completed optimizing 0x2dafebee7901 <JSFunction __importStar (sfi = 0xf056ebd1211)> (target TURBOFAN_JS) OSR]
[marking 0x027c6cb31fe9 <JSFunction (sfi = 0xf056ebe04a1)> for optimization to MAGLEV, ConcurrencyMode::kConcurrent, reason: hot and stable]
[compiling method 0x027c6cb31fe9 <JSFunction (sfi = 0xf056ebe04a1)> (target MAGLEV), mode: ConcurrencyMode::kConcurrent]
[marking 0x027c6cb32159 <JSFunction __importStar (sfi = 0xf056ebe0b79)> for optimization to MAGLEV, ConcurrencyMode::kConcurrent, reason: hot and stable]
[compiling method 0x027c6cb32159 <JSFunction __importStar (sfi = 0xf056ebe0b79)> (target MAGLEV) OSR, mode: ConcurrencyMode::kConcurrent]
[completed compiling 0x027c6cb31fe9 <JSFunction (sfi = 0xf056ebe04a1)> (target MAGLEV) - took 0.000, 0.170, 0.004 ms]
[completed compiling 0x027c6cb32159 <JSFunction __importStar (sfi = 0xf056ebe0b79)> (target MAGLEV) OSR - took 0.000, 0.112, 0.001 ms]
[compiling method 0x027c6cb32159 <JSFunction __importStar (sfi = 0xf056ebe0b79)> (target TURBOFAN_JS) OSR, mode: ConcurrencyMode::kConcurrent]
[bailout (kind: deopt-eager, reason: Insufficient type feedback for call): begin. deoptimizing 0x027c6cb32159 <JSFunction __importStar (sfi = 0xf056ebe0b79)>, 0x1d7466096c61 <Code MAGLEV>, opt id 199, bytecode offset 90, deopt exit 11, FP to SP delta 112, caller SP 0x00016f022240, pc 0x000117b49ea0]
[completed compiling 0x027c6cb32159 <JSFunction __importStar (sfi = 0xf056ebe0b79)> (target TURBOFAN_JS) OSR - took 0.002, 1.942, 0.108 ms]
[completed optimizing 0x027c6cb32159 <JSFunction __importStar (sfi = 0xf056ebe0b79)> (target TURBOFAN_JS) OSR]
[marking 0x19d07d86e6b9 <JSFunction (sfi = 0xf056ebefc69)> for optimization to MAGLEV, ConcurrencyMode::kConcurrent, reason: hot and stable]
[compiling method 0x19d07d86e6b9 <JSFunction (sfi = 0xf056ebefc69)> (target MAGLEV), mode: ConcurrencyMode::kConcurrent]
[marking 0x19d07d86e829 <JSFunction __importStar (sfi = 0xf056ebf0471)> for optimization to MAGLEV, ConcurrencyMode::kConcurrent, reason: hot and stable]
[compiling method 0x19d07d86e829 <JSFunction __importStar (sfi = 0xf056ebf0471)> (target MAGLEV) OSR, mode: ConcurrencyMode::kConcurrent]
[completed compiling 0x19d07d86e6b9 <JSFunction (sfi = 0xf056ebefc69)> (target MAGLEV) - took 0.000, 0.326, 0.004 ms]
[completed compiling 0x19d07d86e829 <JSFunction __importStar (sfi = 0xf056ebf0471)> (target MAGLEV) OSR - took 0.000, 0.245, 0.001 ms]
[compiling method 0x19d07d86e829 <JSFunction __importStar (sfi = 0xf056ebf0471)> (target TURBOFAN_JS) OSR, mode: ConcurrencyMode::kConcurrent]
[bailout (kind: deopt-eager, reason: Insufficient type feedback for call): begin. deoptimizing 0x19d07d86e829 <JSFunction __importStar (sfi = 0xf056ebf0471)>, 0x1d7466097959 <Code MAGLEV>, opt id 202, bytecode offset 90, deopt exit 11, FP to SP delta 112, caller SP 0x00016f022220, pc 0x000117b4b840]
[marking 0x133ca5dfa439 <JSFunction (sfi = 0x2fc611803e9)> for optimization to MAGLEV, ConcurrencyMode::kConcurrent, reason: hot and stable]
[compiling method 0x133ca5dfa439 <JSFunction (sfi = 0x2fc611803e9)> (target MAGLEV), mode: ConcurrencyMode::kConcurrent]
[completed compiling 0x19d07d86e829 <JSFunction __importStar (sfi = 0xf056ebf0471)> (target TURBOFAN_JS) OSR - took 0.003, 2.053, 0.023 ms]
[completed optimizing 0x19d07d86e829 <JSFunction __importStar (sfi = 0xf056ebf0471)> (target TURBOFAN_JS) OSR]
[completed compiling 0x133ca5dfa439 <JSFunction (sfi = 0x2fc611803e9)> (target MAGLEV) - took 0.000, 0.218, 0.003 ms]
[marking 0x133ca5dfa5a9 <JSFunction __importStar (sfi = 0x2fc61180b29)> for optimization to MAGLEV, ConcurrencyMode::kConcurrent, reason: hot and stable]
[compiling method 0x133ca5dfa5a9 <JSFunction __importStar (sfi = 0x2fc61180b29)> (target MAGLEV) OSR, mode: ConcurrencyMode::kConcurrent]
[completed compiling 0x133ca5dfa5a9 <JSFunction __importStar (sfi = 0x2fc61180b29)> (target MAGLEV) OSR - took 0.001, 0.146, 0.001 ms]
[compiling method 0x133ca5dfa5a9 <JSFunction __importStar (sfi = 0x2fc61180b29)> (target TURBOFAN_JS) OSR, mode: ConcurrencyMode::kConcurrent]
[bailout (kind: deopt-eager, reason: Insufficient type feedback for call): begin. deoptimizing 0x133ca5dfa5a9 <JSFunction __importStar (sfi = 0x2fc61180b29)>, 0x1d74660984b9 <Code MAGLEV>, opt id 205, bytecode offset 90, deopt exit 11, FP to SP delta 112, caller SP 0x00016f0226d0, pc 0x000117b4cb00]
[completed compiling 0x133ca5dfa5a9 <JSFunction __importStar (sfi = 0x2fc61180b29)> (target TURBOFAN_JS) OSR - took 0.002, 1.583, 0.023 ms]
[completed optimizing 0x133ca5dfa5a9 <JSFunction __importStar (sfi = 0x2fc61180b29)> (target TURBOFAN_JS) OSR]
[marking 0x32647ccb9171 <JSFunction (sfi = 0x2fc6118fcc1)> for optimization to MAGLEV, ConcurrencyMode::kConcurrent, reason: hot and stable]
[compiling method 0x32647ccb9171 <JSFunction (sfi = 0x2fc6118fcc1)> (target MAGLEV), mode: ConcurrencyMode::kConcurrent]
[marking 0x32647ccb92e1 <JSFunction __importStar (sfi = 0x2fc61190279)> for optimization to MAGLEV, ConcurrencyMode::kConcurrent, reason: hot and stable]
[compiling method 0x32647ccb92e1 <JSFunction __importStar (sfi = 0x2fc61190279)> (target MAGLEV) OSR, mode: ConcurrencyMode::kConcurrent]
[completed compiling 0x32647ccb92e1 <JSFunction __importStar (sfi = 0x2fc61190279)> (target MAGLEV) OSR - took 0.000, 0.160, 0.001 ms]
[compiling method 0x32647ccb92e1 <JSFunction __importStar (sfi = 0x2fc61190279)> (target TURBOFAN_JS) OSR, mode: ConcurrencyMode::kConcurrent]
[completed compiling 0x32647ccb9171 <JSFunction (sfi = 0x2fc6118fcc1)> (target MAGLEV) - took 0.000, 0.426, 0.004 ms]
[marking 0x3efecebfd4e9 <JSFunction (sfi = 0x2fc6119fe69)> for optimization to MAGLEV, ConcurrencyMode::kConcurrent, reason: hot and stable]
[compiling method 0x3efecebfd4e9 <JSFunction (sfi = 0x2fc6119fe69)> (target MAGLEV), mode: ConcurrencyMode::kConcurrent]
[marking 0x3efecebfd659 <JSFunction __importStar (sfi = 0x2fc611a05b1)> for optimization to MAGLEV, ConcurrencyMode::kConcurrent, reason: hot and stable]
[compiling method 0x3efecebfd659 <JSFunction __importStar (sfi = 0x2fc611a05b1)> (target MAGLEV) OSR, mode: ConcurrencyMode::kConcurrent]
[completed compiling 0x32647ccb92e1 <JSFunction __importStar (sfi = 0x2fc61190279)> (target TURBOFAN_JS) OSR - took 0.002, 1.549, 0.016 ms]
[completed optimizing 0x32647ccb92e1 <JSFunction __importStar (sfi = 0x2fc61190279)> (target TURBOFAN_JS) OSR]
[completed compiling 0x3efecebfd4e9 <JSFunction (sfi = 0x2fc6119fe69)> (target MAGLEV) - took 0.000, 0.300, 0.002 ms]
[completed compiling 0x3efecebfd659 <JSFunction __importStar (sfi = 0x2fc611a05b1)> (target MAGLEV) OSR - took 0.000, 0.118, 0.001 ms]
[compiling method 0x3efecebfd659 <JSFunction __importStar (sfi = 0x2fc611a05b1)> (target TURBOFAN_JS) OSR, mode: ConcurrencyMode::kConcurrent]
[bailout (kind: deopt-eager, reason: Insufficient type feedback for call): begin. deoptimizing 0x3efecebfd659 <JSFunction __importStar (sfi = 0x2fc611a05b1)>, 0x1d7466099a79 <Code MAGLEV>, opt id 211, bytecode offset 90, deopt exit 11, FP to SP delta 112, caller SP 0x00016f0226c0, pc 0x000117b4ebc0]
[completed compiling 0x3efecebfd659 <JSFunction __importStar (sfi = 0x2fc611a05b1)> (target TURBOFAN_JS) OSR - took 0.001, 2.063, 0.024 ms]
[completed optimizing 0x3efecebfd659 <JSFunction __importStar (sfi = 0x2fc611a05b1)> (target TURBOFAN_JS) OSR]
[marking 0x0db9f8386269 <JSFunction (sfi = 0x2fc611b0881)> for optimization to MAGLEV, ConcurrencyMode::kConcurrent, reason: hot and stable]
[compiling method 0x0db9f8386269 <JSFunction (sfi = 0x2fc611b0881)> (target MAGLEV), mode: ConcurrencyMode::kConcurrent]
[marking 0x0db9f83863d9 <JSFunction __importStar (sfi = 0x2fc611b1559)> for optimization to MAGLEV, ConcurrencyMode::kConcurrent, reason: hot and stable]
[compiling method 0x0db9f83863d9 <JSFunction __importStar (sfi = 0x2fc611b1559)> (target MAGLEV) OSR, mode: ConcurrencyMode::kConcurrent]
[completed compiling 0x0db9f8386269 <JSFunction (sfi = 0x2fc611b0881)> (target MAGLEV) - took 0.000, 0.272, 0.004 ms]
[completed compiling 0x0db9f83863d9 <JSFunction __importStar (sfi = 0x2fc611b1559)> (target MAGLEV) OSR - took 0.000, 0.128, 0.001 ms]
[compiling method 0x0db9f83863d9 <JSFunction __importStar (sfi = 0x2fc611b1559)> (target TURBOFAN_JS) OSR, mode: ConcurrencyMode::kConcurrent]
[bailout (kind: deopt-eager, reason: Insufficient type feedback for call): begin. deoptimizing 0x0db9f83863d9 <JSFunction __importStar (sfi = 0x2fc611b1559)>, 0x1d746609a6b1 <Code MAGLEV>, opt id 214, bytecode offset 90, deopt exit 11, FP to SP delta 112, caller SP 0x00016f022650, pc 0x000117b50200]
[completed compiling 0x0db9f83863d9 <JSFunction __importStar (sfi = 0x2fc611b1559)> (target TURBOFAN_JS) OSR - took 0.002, 1.970, 0.027 ms]
[completed optimizing 0x0db9f83863d9 <JSFunction __importStar (sfi = 0x2fc611b1559)> (target TURBOFAN_JS) OSR]
[compiling method 0x3834e3d33691 <JSFunction skipWhiteSpace (sfi = 0x216814efc409)> (target MAGLEV), mode: ConcurrencyMode::kConcurrent]
[compiling method 0x3834e3d338b1 <JSFunction tokenStart (sfi = 0x216814efc649)> (target MAGLEV), mode: ConcurrencyMode::kConcurrent]
[compiling method 0x3834e3d338f1 <JSFunction tokenEnd (sfi = 0x216814efc691)> (target MAGLEV), mode: ConcurrencyMode::kConcurrent]
[completed compiling 0x3834e3d338b1 <JSFunction tokenStart (sfi = 0x216814efc649)> (target MAGLEV) - took 0.000, 0.049, 0.001 ms]
[completed compiling 0x3834e3d338f1 <JSFunction tokenEnd (sfi = 0x216814efc691)> (target MAGLEV) - took 0.001, 0.011, 0.000 ms]
[compiling method 0x3834e3d33851 <JSFunction parseString (sfi = 0x216814efc601)> (target MAGLEV), mode: ConcurrencyMode::kConcurrent]
[completed compiling 0x3834e3d33691 <JSFunction skipWhiteSpace (sfi = 0x216814efc409)> (target MAGLEV) - took 0.001, 0.289, 0.002 ms]
[bailout (kind: deopt-eager, reason: wrong call target): begin. deoptimizing 0x3834e3d33691 <JSFunction skipWhiteSpace (sfi = 0x216814efc409)>, 0x27dd75a036e9 <Code MAGLEV>, opt id 218, bytecode offset 58, deopt exit 9, FP to SP delta 48, caller SP 0x00016f023068, pc 0x000117b52098]
[marking 0x216814efb721 <JSFunction isLineTerminator (sfi = 0x216814efb409)> for optimization to MAGLEV, ConcurrencyMode::kConcurrent, reason: hot and stable]
[compiling method 0x216814efb721 <JSFunction isLineTerminator (sfi = 0x216814efb409)> (target MAGLEV), mode: ConcurrencyMode::kConcurrent]
[completed compiling 0x3834e3d33851 <JSFunction parseString (sfi = 0x216814efc601)> (target MAGLEV) - took 0.001, 0.477, 0.005 ms]
[completed compiling 0x216814efb721 <JSFunction isLineTerminator (sfi = 0x216814efb409)> (target MAGLEV) - took 0.000, 0.092, 0.000 ms]
[marking 0x216814efb611 <JSFunction isWhiteSpace (sfi = 0x216814efb379)> for optimization to MAGLEV, ConcurrencyMode::kConcurrent, reason: hot and stable]
[compiling method 0x216814efb611 <JSFunction isWhiteSpace (sfi = 0x216814efb379)> (target MAGLEV), mode: ConcurrencyMode::kConcurrent]
[completed compiling 0x216814efb611 <JSFunction isWhiteSpace (sfi = 0x216814efb379)> (target MAGLEV) - took 0.001, 0.097, 0.002 ms]
[marking 0x2d12b1480bf1 <JSFunction fileURLToPath (sfi = 0x29923b606741)> for optimization to MAGLEV, ConcurrencyMode::kConcurrent, reason: hot and stable]
[compiling method 0x2d12b1480bf1 <JSFunction fileURLToPath (sfi = 0x29923b606741)> (target MAGLEV), mode: ConcurrencyMode::kConcurrent]
[completed compiling 0x2d12b1480bf1 <JSFunction fileURLToPath (sfi = 0x29923b606741)> (target MAGLEV) - took 0.000, 0.185, 0.003 ms]
[marking 0x22792a76ea21 <JSFunction tryStatSync (sfi = 0x2162cdda8ad9)> for optimization to MAGLEV, ConcurrencyMode::kConcurrent, reason: hot and stable]
[compiling method 0x22792a76ea21 <JSFunction tryStatSync (sfi = 0x2162cdda8ad9)> (target MAGLEV), mode: ConcurrencyMode::kConcurrent]
[completed compiling 0x22792a76ea21 <JSFunction tryStatSync (sfi = 0x2162cdda8ad9)> (target MAGLEV) - took 0.001, 0.216, 0.007 ms]
[marking 0x2d12b148d251 <JSFunction isBuildingSnapshot (sfi = 0xe7c13d06b69)> for optimization to MAGLEV, ConcurrencyMode::kConcurrent, reason: hot and stable]
[compiling method 0x2d12b148d251 <JSFunction isBuildingSnapshot (sfi = 0xe7c13d06b69)> (target MAGLEV), mode: ConcurrencyMode::kConcurrent]
[completed compiling 0x2d12b148d251 <JSFunction isBuildingSnapshot (sfi = 0xe7c13d06b69)> (target MAGLEV) - took 0.000, 0.153, 0.003 ms]
[marking 0x22792a76e761 <JSFunction isErrorStackTraceLimitWritable (sfi = 0x2162cdda86a1)> for optimization to MAGLEV, ConcurrencyMode::kConcurrent, reason: hot and stable]
[compiling method 0x22792a76e761 <JSFunction isErrorStackTraceLimitWritable (sfi = 0x2162cdda86a1)> (target MAGLEV), mode: ConcurrencyMode::kConcurrent]
[completed compiling 0x22792a76e761 <JSFunction isErrorStackTraceLimitWritable (sfi = 0x2162cdda86a1)> (target MAGLEV) - took 0.000, 0.162, 0.006 ms]
[bailout (kind: deopt-eager, reason: Insufficient type feedback for call): begin. deoptimizing 0x2d12b1480239 <JSFunction resolve (sfi = 0xe7c13d39771)>, 0x15aa1ccc0cd9 <Code MAGLEV>, opt id 36, bytecode offset 216, deopt exit 15, FP to SP delta 128, caller SP 0x00016f0252e8, pc 0x0001179d2658]
[marking dependent code 0x1d7466086b91 <Code MAGLEV> (0x30058edabca9 <SharedFunctionInfo safeStringify>) (opt id 128) for deoptimization, reason: dependent prototype chain changed]
[marking dependent code 0x2c62140029d9 <Code MAGLEV> (0x29923b607191 <SharedFunctionInfo #updateContext>) (opt id 17) for deoptimization, reason: dependent prototype chain changed]
[marking 0x1969d1702711 <JSFunction addUneditedChunk (sfi = 0xb2e426ecc69)> for optimization to MAGLEV, ConcurrencyMode::kConcurrent, reason: hot and stable]
[marking 0x1969d1705d41 <JSFunction write (sfi = 0xb2e426eb4f9)> for optimization to MAGLEV, ConcurrencyMode::kConcurrent, reason: hot and stable]
[compiling method 0x1969d1705d41 <JSFunction write (sfi = 0xb2e426eb4f9)> (target MAGLEV), mode: ConcurrencyMode::kConcurrent]
[marking 0x2ae07e7b2689 <JSFunction encodeInteger (sfi = 0xb2e426dc779)> for optimization to MAGLEV, ConcurrencyMode::kConcurrent, reason: hot and stable]
[compiling method 0x2ae07e7b2689 <JSFunction encodeInteger (sfi = 0xb2e426dc779)> (target MAGLEV), mode: ConcurrencyMode::kConcurrent]
[completed compiling 0x1969d1705d41 <JSFunction write (sfi = 0xb2e426eb4f9)> (target MAGLEV) - took 0.000, 0.245, 0.003 ms]
[completed compiling 0x2ae07e7b2689 <JSFunction encodeInteger (sfi = 0xb2e426dc779)> (target MAGLEV) - took 0.000, 0.258, 0.003 ms]
[marking 0x2d12b1480449 <JSFunction #updateContext (sfi = 0x29923b607191)> for optimization to MAGLEV, ConcurrencyMode::kConcurrent, reason: hot and stable]
[compiling method 0x2d12b1480449 <JSFunction #updateContext (sfi = 0x29923b607191)> (target MAGLEV), mode: ConcurrencyMode::kConcurrent]
[completed compiling 0x2d12b1480449 <JSFunction #updateContext (sfi = 0x29923b607191)> (target MAGLEV) - took 0.000, 0.220, 0.005 ms]
[marking 0x2ae07e7b9509 <JSFunction B (sfi = 0xb2e426e2431)> for optimization to MAGLEV, ConcurrencyMode::kConcurrent, reason: hot and stable]
[compiling method 0x2ae07e7b9509 <JSFunction B (sfi = 0xb2e426e2431)> (target MAGLEV) OSR, mode: ConcurrencyMode::kConcurrent]
[completed compiling 0x2ae07e7b9509 <JSFunction B (sfi = 0xb2e426e2431)> (target MAGLEV) OSR - took 0.000, 0.147, 0.004 ms]
[marking 0x3bb6ac9294d9 <JSFunction visit (sfi = 0xb2e426effa1)> for optimization to MAGLEV, ConcurrencyMode::kConcurrent, reason: hot and stable]
[compiling method 0x3bb6ac9294d9 <JSFunction visit (sfi = 0xb2e426effa1)> (target MAGLEV), mode: ConcurrencyMode::kConcurrent]
[marking 0x17a816387839 <JSFunction (sfi = 0x12c7b800b589)> for optimization to MAGLEV, ConcurrencyMode::kConcurrent, reason: hot and stable]
[compiling method 0x17a816387839 <JSFunction (sfi = 0x12c7b800b589)> (target MAGLEV), mode: ConcurrencyMode::kConcurrent]
[completed compiling 0x17a816387839 <JSFunction (sfi = 0x12c7b800b589)> (target MAGLEV) - took 0.000, 0.126, 0.004 ms]
[completed compiling 0x3bb6ac9294d9 <JSFunction visit (sfi = 0xb2e426effa1)> (target MAGLEV) - took 0.001, 0.377, 0.006 ms]
[marking 0x1969d1702711 <JSFunction addUneditedChunk (sfi = 0xb2e426ecc69)> for optimization to MAGLEV, ConcurrencyMode::kConcurrent, reason: hot and stable]
[compiling method 0x1969d1702711 <JSFunction addUneditedChunk (sfi = 0xb2e426ecc69)> (target MAGLEV), mode: ConcurrencyMode::kConcurrent]
[completed compiling 0x1969d1702711 <JSFunction addUneditedChunk (sfi = 0xb2e426ecc69)> (target MAGLEV) - took 0.000, 1.048, 0.024 ms]
[marking 0x1969d1705c99 <JSFunction next (sfi = 0xb2e426eb5d1)> for optimization to MAGLEV, ConcurrencyMode::kConcurrent, reason: hot and stable]
[compiling method 0x1969d1705c99 <JSFunction next (sfi = 0xb2e426eb5d1)> (target MAGLEV), mode: ConcurrencyMode::kConcurrent]
[marking 0x2ae07e7b2649 <JSFunction decodeInteger (sfi = 0xb2e426dc731)> for optimization to MAGLEV, ConcurrencyMode::kConcurrent, reason: hot and stable]
[compiling method 0x2ae07e7b2649 <JSFunction decodeInteger (sfi = 0xb2e426dc731)> (target MAGLEV), mode: ConcurrencyMode::kConcurrent]
[marking 0x2ae07e7b26c9 <JSFunction hasMoreVlq (sfi = 0xb2e426dc7c1)> for optimization to MAGLEV, ConcurrencyMode::kConcurrent, reason: hot and stable]
[compiling method 0x2ae07e7b26c9 <JSFunction hasMoreVlq (sfi = 0xb2e426dc7c1)> (target MAGLEV), mode: ConcurrencyMode::kConcurrent]
[completed compiling 0x1969d1705c99 <JSFunction next (sfi = 0xb2e426eb5d1)> (target MAGLEV) - took 0.000, 0.203, 0.007 ms]
[completed compiling 0x2ae07e7b2649 <JSFunction decodeInteger (sfi = 0xb2e426dc731)> (target MAGLEV) - took 0.000, 0.360, 0.004 ms]
[completed compiling 0x2ae07e7b26c9 <JSFunction hasMoreVlq (sfi = 0xb2e426dc7c1)> (target MAGLEV) - took 0.000, 0.058, 0.002 ms]
[marking 0x2ae07e7b2ea1 <JSFunction binarySearch (sfi = 0xb2e426dcec9)> for optimization to MAGLEV, ConcurrencyMode::kConcurrent, reason: hot and stable]
[compiling method 0x2ae07e7b2ea1 <JSFunction binarySearch (sfi = 0xb2e426dcec9)> (target MAGLEV), mode: ConcurrencyMode::kConcurrent]
[marking 0x2ae07e7b3321 <JSFunction cast (sfi = 0xb2e426dd349)> for optimization to MAGLEV, ConcurrencyMode::kConcurrent, reason: hot and stable]
[compiling method 0x2ae07e7b3321 <JSFunction cast (sfi = 0xb2e426dd349)> (target MAGLEV), mode: ConcurrencyMode::kConcurrent]
[marking 0x2ae07e7b3061 <JSFunction cast$1 (sfi = 0xb2e426dd079)> for optimization to MAGLEV, ConcurrencyMode::kConcurrent, reason: hot and stable]
[compiling method 0x2ae07e7b3061 <JSFunction cast$1 (sfi = 0xb2e426dd079)> (target MAGLEV), mode: ConcurrencyMode::kConcurrent]
[completed compiling 0x2ae07e7b3321 <JSFunction cast (sfi = 0xb2e426dd349)> (target MAGLEV) - took 0.000, 0.038, 0.001 ms]
[completed compiling 0x2ae07e7b3061 <JSFunction cast$1 (sfi = 0xb2e426dd079)> (target MAGLEV) - took 0.000, 0.023, 0.000 ms]
[marking 0x2ae07e7b3619 <JSFunction assert$2 (sfi = 0xb2e426dd619)> for optimization to MAGLEV, ConcurrencyMode::kConcurrent, reason: hot and stable]
[marking 0x2ae07e7b3461 <JSFunction cast2 (sfi = 0xb2e426dd469)> for optimization to MAGLEV, ConcurrencyMode::kConcurrent, reason: hot and stable]
[compiling method 0x2ae07e7b3461 <JSFunction cast2 (sfi = 0xb2e426dd469)> (target MAGLEV), mode: ConcurrencyMode::kConcurrent]
[completed compiling 0x2ae07e7b2ea1 <JSFunction binarySearch (sfi = 0xb2e426dcec9)> (target MAGLEV) - took 0.000, 0.384, 0.001 ms]
[compiling method 0x2ae07e7b3619 <JSFunction assert$2 (sfi = 0xb2e426dd619)> (target MAGLEV), mode: ConcurrencyMode::kConcurrent]
[completed compiling 0x2ae07e7b3461 <JSFunction cast2 (sfi = 0xb2e426dd469)> (target MAGLEV) - took 0.000, 0.099, 0.000 ms]
[completed compiling 0x2ae07e7b3619 <JSFunction assert$2 (sfi = 0xb2e426dd619)> (target MAGLEV) - took 0.000, 0.013, 0.000 ms]
[marking 0x2ae07e7b3361 <JSFunction get$2 (sfi = 0xb2e426dd391)> for optimization to MAGLEV, ConcurrencyMode::kConcurrent, reason: hot and stable]
[compiling method 0x2ae07e7b3361 <JSFunction get$2 (sfi = 0xb2e426dd391)> (target MAGLEV), mode: ConcurrencyMode::kConcurrent]
[marking 0x2ae07e7b34a1 <JSFunction maybeAddSegment (sfi = 0xb2e426eb781)> for optimization to MAGLEV, ConcurrencyMode::kConcurrent, reason: hot and stable]
[completed compiling 0x2ae07e7b3361 <JSFunction get$2 (sfi = 0xb2e426dd391)> (target MAGLEV) - took 0.000, 0.092, 0.003 ms]
[compiling method 0x2ae07e7b34a1 <JSFunction maybeAddSegment (sfi = 0xb2e426eb781)> (target MAGLEV), mode: ConcurrencyMode::kConcurrent]
[completed compiling 0x2ae07e7b34a1 <JSFunction maybeAddSegment (sfi = 0xb2e426eb781)> (target MAGLEV) - took 0.000, 0.027, 0.001 ms]
[marking 0x2ae07e7b3659 <JSFunction getIndex (sfi = 0xb2e426dd661)> for optimization to MAGLEV, ConcurrencyMode::kConcurrent, reason: hot and stable]
[compiling method 0x2ae07e7b3659 <JSFunction getIndex (sfi = 0xb2e426dd661)> (target MAGLEV), mode: ConcurrencyMode::kConcurrent]
[marking 0x2ae07e7b30e1 <JSFunction decodedMappings (sfi = 0xb2e426dd109)> for optimization to MAGLEV, ConcurrencyMode::kConcurrent, reason: hot and stable]
[marking 0x2ae07e7b3841 <JSFunction SegmentObject (sfi = 0xb2e426dd811)> for optimization to MAGLEV, ConcurrencyMode::kConcurrent, reason: hot and stable]
[compiling method 0x2ae07e7b30e1 <JSFunction decodedMappings (sfi = 0xb2e426dd109)> (target MAGLEV), mode: ConcurrencyMode::kConcurrent]
[marking 0x2ae07e7b2fa1 <JSFunction memoizedBinarySearch (sfi = 0xb2e426dcfe9)> for optimization to MAGLEV, ConcurrencyMode::kConcurrent, reason: hot and stable]
[marking 0x2ae07e7b32a1 <JSFunction traceSegmentInternal (sfi = 0xb2e426dd301)> for optimization to MAGLEV, ConcurrencyMode::kConcurrent, reason: hot and stable]
[marking 0x2ae07e7b3121 <JSFunction traceSegment (sfi = 0xb2e426dd151)> for optimization to MAGLEV, ConcurrencyMode::kConcurrent, reason: hot and stable]
[completed compiling 0x2ae07e7b30e1 <JSFunction decodedMappings (sfi = 0xb2e426dd109)> (target MAGLEV) - took 0.000, 0.048, 0.028 ms]
[completed compiling 0x2ae07e7b3659 <JSFunction getIndex (sfi = 0xb2e426dd661)> (target MAGLEV) - took 0.000, 0.102, 0.003 ms]
[compiling method 0x2ae07e7b3841 <JSFunction SegmentObject (sfi = 0xb2e426dd811)> (target MAGLEV), mode: ConcurrencyMode::kConcurrent]
[marking 0x2ae07e7b3699 <JSFunction getColumnIndex (sfi = 0xb2e426dd6a9)> for optimization to MAGLEV, ConcurrencyMode::kConcurrent, reason: hot and stable]
[marking 0x2ae07e7b34d9 <JSFunction setSourceContent (sfi = 0xb2e426dd4b1)> for optimization to MAGLEV, ConcurrencyMode::kConcurrent, reason: hot and stable]
[compiling method 0x2ae07e7b3121 <JSFunction traceSegment (sfi = 0xb2e426dd151)> (target MAGLEV), mode: ConcurrencyMode::kConcurrent]
[completed compiling 0x2ae07e7b3841 <JSFunction SegmentObject (sfi = 0xb2e426dd811)> (target MAGLEV) - took 0.000, 0.087, 0.004 ms]
[compiling method 0x2ae07e7b32a1 <JSFunction traceSegmentInternal (sfi = 0xb2e426dd301)> (target MAGLEV), mode: ConcurrencyMode::kConcurrent]
[compiling method 0x2ae07e7b2fa1 <JSFunction memoizedBinarySearch (sfi = 0xb2e426dcfe9)> (target MAGLEV), mode: ConcurrencyMode::kConcurrent]
[compiling method 0x2ae07e7b3699 <JSFunction getColumnIndex (sfi = 0xb2e426dd6a9)> (target MAGLEV), mode: ConcurrencyMode::kConcurrent]
[compiling method 0x2ae07e7b34d9 <JSFunction setSourceContent (sfi = 0xb2e426dd4b1)> (target MAGLEV), mode: ConcurrencyMode::kConcurrent]
[completed compiling 0x2ae07e7b32a1 <JSFunction traceSegmentInternal (sfi = 0xb2e426dd301)> (target MAGLEV) - took 0.000, 0.069, 0.002 ms]
[marking 0x2ae07e7b3981 <JSFunction originalPositionFor$1 (sfi = 0xb2e426dd979)> for optimization to MAGLEV, ConcurrencyMode::kConcurrent, reason: hot and stable]
[completed compiling 0x2ae07e7b3121 <JSFunction traceSegment (sfi = 0xb2e426dd151)> (target MAGLEV) - took 0.000, 0.197, 0.002 ms]
[completed compiling 0x2ae07e7b3699 <JSFunction getColumnIndex (sfi = 0xb2e426dd6a9)> (target MAGLEV) - took 0.000, 0.066, 0.001 ms]
[compiling method 0x2ae07e7b3981 <JSFunction originalPositionFor$1 (sfi = 0xb2e426dd979)> (target MAGLEV), mode: ConcurrencyMode::kConcurrent]
[completed compiling 0x2ae07e7b2fa1 <JSFunction memoizedBinarySearch (sfi = 0xb2e426dcfe9)> (target MAGLEV) - took 0.000, 0.233, 0.002 ms]
[completed compiling 0x2ae07e7b34d9 <JSFunction setSourceContent (sfi = 0xb2e426dd4b1)> (target MAGLEV) - took 0.000, 0.152, 0.003 ms]
[completed compiling 0x2ae07e7b3981 <JSFunction originalPositionFor$1 (sfi = 0xb2e426dd979)> (target MAGLEV) - took 0.000, 0.094, 0.002 ms]
[compiling method 0x2ae07e7b9509 <JSFunction B (sfi = 0xb2e426e2431)> (target MAGLEV), mode: ConcurrencyMode::kConcurrent]
[completed compiling 0x2ae07e7b9509 <JSFunction B (sfi = 0xb2e426e2431)> (target MAGLEV) - took 0.000, 0.117, 0.004 ms]
[bailout (kind: deopt-eager, reason: Insufficient type feedback for call): begin. deoptimizing 0x2ae07e7b30e1 <JSFunction decodedMappings (sfi = 0xb2e426dd109)>, 0x10c5af6831b9 <Code MAGLEV>, opt id 243, bytecode offset 8, deopt exit 2, FP to SP delta 32, caller SP 0x00016f025290, pc 0x000117bd5904]
[bailout (kind: deopt-eager, reason: wrong map): begin. deoptimizing 0x2ae07e7b3659 <JSFunction getIndex (sfi = 0xb2e426dd661)>, 0x10c5af6836f1 <Code MAGLEV>, opt id 244, bytecode offset 0, deopt exit 0, FP to SP delta 48, caller SP 0x00016f0250f8, pc 0x000117bd5f2c]
[marking dependent code 0x10c5af687211 <Code MAGLEV> (0x0b2e426e2431 <SharedFunctionInfo B>) (opt id 252) for deoptimization, reason: dependent property cell changed]
[marking dependent code 0x10c5af680a81 <Code MAGLEV> (0x0b2e426dc731 <SharedFunctionInfo decodeInteger>) (opt id 234) for deoptimization, reason: dependent property cell changed]
[marking dependent code 0x38a68fb054c9 <Code MAGLEV> (0x0b2e426e2431 <SharedFunctionInfo B>) (opt id 229) for deoptimization, reason: dependent property cell changed]
[marking dependent code 0x38a68fb029b9 <Code MAGLEV> (0x0b2e426eb4f9 <SharedFunctionInfo write>) (opt id 226) for deoptimization, reason: dependent property cell changed]
[marking dependent code 0x27dd75a07371 <Code MAGLEV> (0x2162cdda86a1 <SharedFunctionInfo isErrorStackTraceLimitWritable>) (opt id 225) for deoptimization, reason: dependent property cell changed]
[marking dependent code 0x27dd75a06e51 <Code MAGLEV> (0x0e7c13d06b69 <SharedFunctionInfo isBuildingSnapshot>) (opt id 224) for deoptimization, reason: dependent property cell changed]
[marking dependent code 0x03616e647101 <Code MAGLEV> (0x3853ed4873d9 <SharedFunctionInfo wrapModuleLoad>) (opt id 87) for deoptimization, reason: dependent property cell changed]
[marking dependent code 0x03616e67fd49 <Code MAGLEV> (0x3853ed494049 <SharedFunctionInfo ensureTimerFlagsAreUpdated>) (opt id 47) for deoptimization, reason: dependent property cell changed]
[marking dependent code 0x38a68fb03a71 <Code MAGLEV> (0x29923b607191 <SharedFunctionInfo #updateContext>) (opt id 228) for deoptimization, reason: dependent property cell changed]
[marking dependent code 0x15aa1ccc31f9 <Code MAGLEV> (0x29923b631729 <SharedFunctionInfo realpathSync>) (opt id 40) for deoptimization, reason: dependent property cell changed]
[marking dependent code 0x38a68fb03259 <Code MAGLEV> (0x0b2e426dc779 <SharedFunctionInfo encodeInteger>) (opt id 227) for deoptimization, reason: dependent property cell changed]
[marking dependent code 0x2c6214004349 <Code MAGLEV> (0x29923b62fb91 <SharedFunctionInfo isFileType>) (opt id 24) for deoptimization, reason: dependent property cell changed]
[marking 0x2ae07e7b9509 <JSFunction B (sfi = 0xb2e426e2431)> for optimization to MAGLEV, ConcurrencyMode::kConcurrent, reason: hot and stable]
[compiling method 0x2ae07e7b9509 <JSFunction B (sfi = 0xb2e426e2431)> (target MAGLEV) OSR, mode: ConcurrencyMode::kConcurrent]
[completed compiling 0x2ae07e7b9509 <JSFunction B (sfi = 0xb2e426e2431)> (target MAGLEV) OSR - took 0.000, 0.216, 0.005 ms]
[compiling method 0x2ae07e7b9509 <JSFunction B (sfi = 0xb2e426e2431)> (target TURBOFAN_JS) OSR, mode: ConcurrencyMode::kConcurrent]
[completed compiling 0x2ae07e7b9509 <JSFunction B (sfi = 0xb2e426e2431)> (target TURBOFAN_JS) OSR - took 0.002, 1.484, 0.010 ms]
[completed optimizing 0x2ae07e7b9509 <JSFunction B (sfi = 0xb2e426e2431)> (target TURBOFAN_JS) OSR]
[marking 0x01da791726f1 <JSFunction convertNode (sfi = 0xc5c9fc67991)> for optimization to MAGLEV, ConcurrencyMode::kConcurrent, reason: hot and stable]
[compiling method 0x01da791726f1 <JSFunction convertNode (sfi = 0xc5c9fc67991)> (target MAGLEV), mode: ConcurrencyMode::kConcurrent]
[completed compiling 0x01da791726f1 <JSFunction convertNode (sfi = 0xc5c9fc67991)> (target MAGLEV) - took 0.001, 0.119, 0.003 ms]
[marking 0x2d12b148cf31 <JSFunction toString (sfi = 0x39c9a6f78f61)> for optimization to MAGLEV, ConcurrencyMode::kConcurrent, reason: hot and stable]
[compiling method 0x2d12b148cf31 <JSFunction toString (sfi = 0x39c9a6f78f61)> (target MAGLEV), mode: ConcurrencyMode::kConcurrent]
[marking 0x0a0f4351ab71 <JSFunction convertString (sfi = 0x12c7b8006521)> for optimization to MAGLEV, ConcurrencyMode::kConcurrent, reason: hot and stable]
[compiling method 0x0a0f4351ab71 <JSFunction convertString (sfi = 0x12c7b8006521)> (target MAGLEV), mode: ConcurrencyMode::kConcurrent]
[marking 0x1969d1722501 <JSFunction identifier (sfi = 0xc5c9fc68851)> for optimization to MAGLEV, ConcurrencyMode::kConcurrent, reason: hot and stable]
[compiling method 0x1969d1722501 <JSFunction identifier (sfi = 0xc5c9fc68851)> (target MAGLEV), mode: ConcurrencyMode::kConcurrent]
[completed compiling 0x2d12b148cf31 <JSFunction toString (sfi = 0x39c9a6f78f61)> (target MAGLEV) - took 0.000, 0.175, 0.005 ms]
[completed compiling 0x0a0f4351ab71 <JSFunction convertString (sfi = 0x12c7b8006521)> (target MAGLEV) - took 0.000, 0.161, 0.002 ms]
[marking 0x2ae07e7af139 <JSFunction convertNodeList (sfi = 0xc5c9fc67d11)> for optimization to MAGLEV, ConcurrencyMode::kConcurrent, reason: hot and stable]
[compiling method 0x2ae07e7af139 <JSFunction convertNodeList (sfi = 0xc5c9fc67d11)> (target MAGLEV), mode: ConcurrencyMode::kConcurrent]
[completed compiling 0x1969d1722501 <JSFunction identifier (sfi = 0xc5c9fc68851)> (target MAGLEV) - took 0.000, 0.186, 0.004 ms]
[completed compiling 0x2ae07e7af139 <JSFunction convertNodeList (sfi = 0xc5c9fc67d11)> (target MAGLEV) - took 0.000, 0.346, 0.003 ms]
[marking 0x2ae07e7bb481 <JSFunction isNode (sfi = 0xb2e426e35e9)> for optimization to MAGLEV, ConcurrencyMode::kConcurrent, reason: hot and stable]
[compiling method 0x2ae07e7bb481 <JSFunction isNode (sfi = 0xb2e426e35e9)> (target MAGLEV), mode: ConcurrencyMode::kConcurrent]
[marking 0x03e99f47bc89 <JSFunction leave (sfi = 0x12c7b8009e41)> for optimization to MAGLEV, ConcurrencyMode::kConcurrent, reason: hot and stable]
[compiling method 0x03e99f47bc89 <JSFunction leave (sfi = 0x12c7b8009e41)> (target MAGLEV), mode: ConcurrencyMode::kConcurrent]
[completed compiling 0x2ae07e7bb481 <JSFunction isNode (sfi = 0xb2e426e35e9)> (target MAGLEV) - took 0.000, 0.156, 0.002 ms]
[completed compiling 0x03e99f47bc89 <JSFunction leave (sfi = 0x12c7b8009e41)> (target MAGLEV) - took 0.001, 0.190, 0.006 ms]
[marking 0x2ae07e7bb7a1 <JSFunction isFunction$1 (sfi = 0xb2e426e38d9)> for optimization to MAGLEV, ConcurrencyMode::kConcurrent, reason: hot and stable]
[compiling method 0x2ae07e7bb7a1 <JSFunction isFunction$1 (sfi = 0xb2e426e38d9)> (target MAGLEV), mode: ConcurrencyMode::kConcurrent]
[completed compiling 0x2ae07e7bb7a1 <JSFunction isFunction$1 (sfi = 0xb2e426e38d9)> (target MAGLEV) - took 0.000, 0.084, 0.002 ms]
[marking 0x03e99f47bc51 <JSFunction enter (sfi = 0x12c7b8009df9)> for optimization to MAGLEV, ConcurrencyMode::kConcurrent, reason: hot and stable]
[compiling method 0x03e99f47bc51 <JSFunction enter (sfi = 0x12c7b8009df9)> (target MAGLEV), mode: ConcurrencyMode::kConcurrent]
[marking 0x03e99f47ba89 <JSFunction isInScope (sfi = 0x12c7b8009d21)> for optimization to MAGLEV, ConcurrencyMode::kConcurrent, reason: hot and stable]
[compiling method 0x03e99f47ba89 <JSFunction isInScope (sfi = 0x12c7b8009d21)> (target MAGLEV), mode: ConcurrencyMode::kConcurrent]
[completed compiling 0x03e99f47ba89 <JSFunction isInScope (sfi = 0x12c7b8009d21)> (target MAGLEV) - took 0.000, 0.097, 0.003 ms]
[completed compiling 0x03e99f47bc51 <JSFunction enter (sfi = 0x12c7b8009df9)> (target MAGLEV) - took 0.000, 0.767, 0.012 ms]
[bailout (kind: deopt-eager, reason: wrong map): begin. deoptimizing 0x03e99f47bc51 <JSFunction enter (sfi = 0x12c7b8009df9)>, 0x10c5af691b01 <Code MAGLEV>, opt id 264, bytecode offset 571, deopt exit 36, FP to SP delta 96, caller SP 0x00016f024ea8, pc 0x000117c03874]
[marking 0x2ae07e7bb731 <JSFunction isStaticPropertyKey (sfi = 0xb2e426f00c1)> for optimization to MAGLEV, ConcurrencyMode::kConcurrent, reason: hot and stable]
[compiling method 0x2ae07e7bb731 <JSFunction isStaticPropertyKey (sfi = 0xb2e426f00c1)> (target MAGLEV), mode: ConcurrencyMode::kConcurrent]
[completed compiling 0x2ae07e7bb731 <JSFunction isStaticPropertyKey (sfi = 0xb2e426f00c1)> (target MAGLEV) - took 0.001, 0.088, 0.005 ms]
[marking 0x2ae07e7bb6f9 <JSFunction isStaticProperty (sfi = 0xb2e426f0079)> for optimization to MAGLEV, ConcurrencyMode::kConcurrent, reason: hot and stable]
[compiling method 0x2ae07e7bb6f9 <JSFunction isStaticProperty (sfi = 0xb2e426f0079)> (target MAGLEV), mode: ConcurrencyMode::kConcurrent]
[completed compiling 0x2ae07e7bb6f9 <JSFunction isStaticProperty (sfi = 0xb2e426f0079)> (target MAGLEV) - took 0.000, 0.097, 0.002 ms]
[marking 0x1969d17057a1 <JSFunction contains (sfi = 0xb2e426ec7e9)> for optimization to MAGLEV, ConcurrencyMode::kConcurrent, reason: hot and stable]
[compiling method 0x1969d17057a1 <JSFunction contains (sfi = 0xb2e426ec7e9)> (target MAGLEV), mode: ConcurrencyMode::kConcurrent]
[completed compiling 0x1969d17057a1 <JSFunction contains (sfi = 0xb2e426ec7e9)> (target MAGLEV) - took 0.000, 0.087, 0.002 ms]
[marking 0x126c5156abe9 <JSFunction locate (sfi = 0x12c7b800df71)> for optimization to MAGLEV, ConcurrencyMode::kConcurrent, reason: hot and stable]
[compiling method 0x126c5156abe9 <JSFunction locate (sfi = 0x12c7b800df71)> (target MAGLEV), mode: ConcurrencyMode::kConcurrent]
[completed compiling 0x126c5156abe9 <JSFunction locate (sfi = 0x12c7b800df71)> (target MAGLEV) - took 0.000, 0.415, 0.005 ms]
[bailout (kind: deopt-eager, reason: wrong map): begin. deoptimizing 0x1969d1702711 <JSFunction addUneditedChunk (sfi = 0xb2e426ecc69)>, 0x38a68fb09961 <Code MAGLEV>, opt id 232, bytecode offset 13, deopt exit 55, FP to SP delta 96, caller SP 0x00016f0252e0, pc 0x000117bcfbb8]
[marking 0x1969d1702711 <JSFunction addUneditedChunk (sfi = 0xb2e426ecc69)> for optimization to MAGLEV, ConcurrencyMode::kConcurrent, reason: hot and stable]
[compiling method 0x1969d1702711 <JSFunction addUneditedChunk (sfi = 0xb2e426ecc69)> (target MAGLEV) OSR, mode: ConcurrencyMode::kConcurrent]
[compiling method 0x1969d1702711 <JSFunction addUneditedChunk (sfi = 0xb2e426ecc69)> (target MAGLEV), mode: ConcurrencyMode::kConcurrent]
[marking 0x1969d1705d41 <JSFunction write (sfi = 0xb2e426eb4f9)> for optimization to MAGLEV, ConcurrencyMode::kConcurrent, reason: hot and stable]
[compiling method 0x1969d1705d41 <JSFunction write (sfi = 0xb2e426eb4f9)> (target MAGLEV), mode: ConcurrencyMode::kConcurrent]
[completed compiling 0x1969d1702711 <JSFunction addUneditedChunk (sfi = 0xb2e426ecc69)> (target MAGLEV) - took 0.001, 0.480, 0.006 ms]
[marking 0x2ae07e7b2689 <JSFunction encodeInteger (sfi = 0xb2e426dc779)> for optimization to MAGLEV, ConcurrencyMode::kConcurrent, reason: hot and stable]
[compiling method 0x2ae07e7b2689 <JSFunction encodeInteger (sfi = 0xb2e426dc779)> (target MAGLEV), mode: ConcurrencyMode::kConcurrent]
[completed compiling 0x1969d1702711 <JSFunction addUneditedChunk (sfi = 0xb2e426ecc69)> (target MAGLEV) OSR - took 0.000, 0.738, 0.006 ms]
[completed compiling 0x1969d1705d41 <JSFunction write (sfi = 0xb2e426eb4f9)> (target MAGLEV) - took 0.001, 0.168, 0.002 ms]
[marking 0x2ae07e7b28b9 <JSFunction encode$1 (sfi = 0xb2e426dc8e1)> for optimization to MAGLEV, ConcurrencyMode::kConcurrent, reason: hot and stable]
[completed compiling 0x2ae07e7b2689 <JSFunction encodeInteger (sfi = 0xb2e426dc779)> (target MAGLEV) - took 0.000, 0.186, 0.003 ms]
[compiling method 0x2ae07e7b28b9 <JSFunction encode$1 (sfi = 0xb2e426dc8e1)> (target MAGLEV) OSR, mode: ConcurrencyMode::kConcurrent]
[bailout (kind: deopt-eager, reason: Insufficient type feedback for generic named access): begin. deoptimizing 0x2ae07e7b2689 <JSFunction encodeInteger (sfi = 0xb2e426dc779)>, 0x10c5af6963f1 <Code MAGLEV>, opt id 272, bytecode offset 32, deopt exit 23, FP to SP delta 48, caller SP 0x00016f0252b0, pc 0x000117c08ae0]
[completed compiling 0x2ae07e7b28b9 <JSFunction encode$1 (sfi = 0xb2e426dc8e1)> (target MAGLEV) OSR - took 0.000, 0.344, 0.004 ms]
[marking 0x2ae07e7b2689 <JSFunction encodeInteger (sfi = 0xb2e426dc779)> for optimization to MAGLEV, ConcurrencyMode::kConcurrent, reason: hot and stable]
[compiling method 0x2ae07e7b2689 <JSFunction encodeInteger (sfi = 0xb2e426dc779)> (target MAGLEV), mode: ConcurrencyMode::kConcurrent]
[compiling method 0x2ae07e7b28b9 <JSFunction encode$1 (sfi = 0xb2e426dc8e1)> (target TURBOFAN_JS) OSR, mode: ConcurrencyMode::kConcurrent]
[marking 0x1969d1705d41 <JSFunction write (sfi = 0xb2e426eb4f9)> for optimization to TURBOFAN_JS, ConcurrencyMode::kConcurrent, reason: hot and stable]
[compiling method 0x1969d1705d41 <JSFunction write (sfi = 0xb2e426eb4f9)> (target TURBOFAN_JS), mode: ConcurrencyMode::kConcurrent]
[completed compiling 0x2ae07e7b2689 <JSFunction encodeInteger (sfi = 0xb2e426dc779)> (target MAGLEV) - took 0.000, 0.479, 0.004 ms]
[marking 0x2ae07e7b2649 <JSFunction decodeInteger (sfi = 0xb2e426dc731)> for optimization to MAGLEV, ConcurrencyMode::kConcurrent, reason: hot and stable]
[compiling method 0x2ae07e7b2649 <JSFunction decodeInteger (sfi = 0xb2e426dc731)> (target MAGLEV), mode: ConcurrencyMode::kConcurrent]
[marking 0x2ae07e7b27f9 <JSFunction decode (sfi = 0xb2e426dc809)> for optimization to MAGLEV, ConcurrencyMode::kConcurrent, reason: hot and stable]
[compiling method 0x2ae07e7b27f9 <JSFunction decode (sfi = 0xb2e426dc809)> (target MAGLEV) OSR, mode: ConcurrencyMode::kConcurrent]
[completed compiling 0x1969d1705d41 <JSFunction write (sfi = 0xb2e426eb4f9)> (target TURBOFAN_JS) - took 0.002, 0.843, 0.012 ms]
[completed optimizing 0x1969d1705d41 <JSFunction write (sfi = 0xb2e426eb4f9)> (target TURBOFAN_JS)]
[completed compiling 0x2ae07e7b2649 <JSFunction decodeInteger (sfi = 0xb2e426dc731)> (target MAGLEV) - took 0.000, 0.286, 0.003 ms]
[marking 0x2ae07e7b2649 <JSFunction decodeInteger (sfi = 0xb2e426dc731)> for optimization to TURBOFAN_JS, ConcurrencyMode::kConcurrent, reason: hot and stable]
[compiling method 0x2ae07e7b2649 <JSFunction decodeInteger (sfi = 0xb2e426dc731)> (target TURBOFAN_JS), mode: ConcurrencyMode::kConcurrent]
[completed compiling 0x2ae07e7b27f9 <JSFunction decode (sfi = 0xb2e426dc809)> (target MAGLEV) OSR - took 0.000, 0.823, 0.007 ms]
[compiling method 0x2ae07e7b27f9 <JSFunction decode (sfi = 0xb2e426dc809)> (target TURBOFAN_JS) OSR, mode: ConcurrencyMode::kConcurrent]
[marking 0x2ae07e7b26c9 <JSFunction hasMoreVlq (sfi = 0xb2e426dc7c1)> for optimization to TURBOFAN_JS, ConcurrencyMode::kConcurrent, reason: hot and stable]
[compiling method 0x2ae07e7b26c9 <JSFunction hasMoreVlq (sfi = 0xb2e426dc7c1)> (target TURBOFAN_JS), mode: ConcurrencyMode::kConcurrent]
[compiling method 0x2ae07e7b27f9 <JSFunction decode (sfi = 0xb2e426dc809)> (target MAGLEV), mode: ConcurrencyMode::kConcurrent]
[marking 0x2ae07e7b3799 <JSFunction skipSource (sfi = 0xb2e426dd7c9)> for optimization to MAGLEV, ConcurrencyMode::kConcurrent, reason: hot and stable]
[compiling method 0x2ae07e7b3799 <JSFunction skipSource (sfi = 0xb2e426dd7c9)> (target MAGLEV), mode: ConcurrencyMode::kConcurrent]
[marking 0x2ae07e7b3941 <JSFunction traceMappings (sfi = 0xb2e426dd931)> for optimization to MAGLEV, ConcurrencyMode::kConcurrent, reason: hot and stable]
[marking 0x2ae07e7b35d9 <JSFunction addSegmentInternal (sfi = 0xb2e426dd5d1)> for optimization to MAGLEV, ConcurrencyMode::kConcurrent, reason: hot and stable]
[compiling method 0x2ae07e7b35d9 <JSFunction addSegmentInternal (sfi = 0xb2e426dd5d1)> (target MAGLEV), mode: ConcurrencyMode::kConcurrent]
[compiling method 0x2ae07e7b3941 <JSFunction traceMappings (sfi = 0xb2e426dd931)> (target MAGLEV) OSR, mode: ConcurrencyMode::kConcurrent]
[marking 0x2ae07e7b36d9 <JSFunction insert (sfi = 0xb2e426dd6f1)> for optimization to MAGLEV, ConcurrencyMode::kConcurrent, reason: hot and stable]
[completed compiling 0x2ae07e7b26c9 <JSFunction hasMoreVlq (sfi = 0xb2e426dc7c1)> (target TURBOFAN_JS) - took 0.002, 0.916, 0.020 ms]
[completed optimizing 0x2ae07e7b26c9 <JSFunction hasMoreVlq (sfi = 0xb2e426dc7c1)> (target TURBOFAN_JS)]
[completed compiling 0x2ae07e7b2649 <JSFunction decodeInteger (sfi = 0xb2e426dc731)> (target TURBOFAN_JS) - took 0.003, 1.819, 0.021 ms]
[completed optimizing 0x2ae07e7b2649 <JSFunction decodeInteger (sfi = 0xb2e426dc731)> (target TURBOFAN_JS)]
[completed compiling 0x2ae07e7b3799 <JSFunction skipSource (sfi = 0xb2e426dd7c9)> (target MAGLEV) - took 0.000, 0.145, 0.000 ms]
[compiling method 0x2ae07e7b36d9 <JSFunction insert (sfi = 0xb2e426dd6f1)> (target MAGLEV), mode: ConcurrencyMode::kConcurrent]
[marking 0x2ae07e7b2f21 <JSFunction lowerBound (sfi = 0xb2e426dcf59)> for optimization to MAGLEV, ConcurrencyMode::kConcurrent, reason: hot and stable]
[compiling method 0x2ae07e7b2f21 <JSFunction lowerBound (sfi = 0xb2e426dcf59)> (target MAGLEV), mode: ConcurrencyMode::kConcurrent]
[marking 0x2ae07e7b3659 <JSFunction getIndex (sfi = 0xb2e426dd661)> for optimization to MAGLEV, ConcurrencyMode::kConcurrent, reason: hot and stable]
[compiling method 0x2ae07e7b3659 <JSFunction getIndex (sfi = 0xb2e426dd661)> (target MAGLEV), mode: ConcurrencyMode::kConcurrent]
[marking 0x2ae07e7b30e1 <JSFunction decodedMappings (sfi = 0xb2e426dd109)> for optimization to MAGLEV, ConcurrencyMode::kConcurrent, reason: hot and stable]
[compiling method 0x2ae07e7b30e1 <JSFunction decodedMappings (sfi = 0xb2e426dd109)> (target MAGLEV), mode: ConcurrencyMode::kConcurrent]
[marking 0x2ae07e7b33a1 <JSFunction put (sfi = 0xb2e426dd3d9)> for optimization to MAGLEV, ConcurrencyMode::kConcurrent, reason: hot and stable]
[compiling method 0x2ae07e7b33a1 <JSFunction put (sfi = 0xb2e426dd3d9)> (target MAGLEV), mode: ConcurrencyMode::kConcurrent]
[completed compiling 0x2ae07e7b35d9 <JSFunction addSegmentInternal (sfi = 0xb2e426dd5d1)> (target MAGLEV) - took 0.000, 0.531, 0.020 ms]
[completed compiling 0x2ae07e7b3941 <JSFunction traceMappings (sfi = 0xb2e426dd931)> (target MAGLEV) OSR - took 0.002, 0.357, 0.002 ms]
[completed compiling 0x2ae07e7b27f9 <JSFunction decode (sfi = 0xb2e426dc809)> (target MAGLEV) - took 0.000, 1.090, 0.005 ms]
[completed compiling 0x2ae07e7b36d9 <JSFunction insert (sfi = 0xb2e426dd6f1)> (target MAGLEV) - took 0.000, 0.077, 0.001 ms]
[completed compiling 0x2ae07e7b2f21 <JSFunction lowerBound (sfi = 0xb2e426dcf59)> (target MAGLEV) - took 0.000, 0.092, 0.001 ms]
[completed compiling 0x2ae07e7b30e1 <JSFunction decodedMappings (sfi = 0xb2e426dd109)> (target MAGLEV) - took 0.000, 0.109, 0.002 ms]
[completed compiling 0x2ae07e7b3659 <JSFunction getIndex (sfi = 0xb2e426dd661)> (target MAGLEV) - took 0.000, 0.179, 0.001 ms]
[completed compiling 0x2ae07e7b33a1 <JSFunction put (sfi = 0xb2e426dd3d9)> (target MAGLEV) - took 0.000, 0.067, 0.024 ms]
[compiling method 0x2ae07e7b3941 <JSFunction traceMappings (sfi = 0xb2e426dd931)> (target TURBOFAN_JS) OSR, mode: ConcurrencyMode::kConcurrent]
[bailout (kind: deopt-eager, reason: not a Smi): begin. deoptimizing 0x2ae07e7b33a1 <JSFunction put (sfi = 0xb2e426dd3d9)>, 0x38a68fb0f551 <Code MAGLEV>, opt id 290, bytecode offset 22, deopt exit 7, FP to SP delta 48, caller SP 0x00016f0251a8, pc 0x000117c43390]
[compiling method 0x2ae07e7b28b9 <JSFunction encode$1 (sfi = 0xb2e426dc8e1)> (target MAGLEV), mode: ConcurrencyMode::kConcurrent]
[marking 0x2ae07e7b2689 <JSFunction encodeInteger (sfi = 0xb2e426dc779)> for optimization to TURBOFAN_JS, ConcurrencyMode::kConcurrent, reason: hot and stable]
[compiling method 0x2ae07e7b2689 <JSFunction encodeInteger (sfi = 0xb2e426dc779)> (target TURBOFAN_JS), mode: ConcurrencyMode::kConcurrent]
[completed compiling 0x2ae07e7b28b9 <JSFunction encode$1 (sfi = 0xb2e426dc8e1)> (target MAGLEV) - took 0.000, 0.734, 0.007 ms]
[marking 0x2d12b1480449 <JSFunction #updateContext (sfi = 0x29923b607191)> for optimization to MAGLEV, ConcurrencyMode::kConcurrent, reason: hot and stable]
[compiling method 0x2d12b1480449 <JSFunction #updateContext (sfi = 0x29923b607191)> (target MAGLEV), mode: ConcurrencyMode::kConcurrent]
[completed compiling 0x2ae07e7b28b9 <JSFunction encode$1 (sfi = 0xb2e426dc8e1)> (target TURBOFAN_JS) OSR - took 0.002, 7.743, 0.041 ms]
[completed optimizing 0x2ae07e7b28b9 <JSFunction encode$1 (sfi = 0xb2e426dc8e1)> (target TURBOFAN_JS) OSR]
[completed compiling 0x2d12b1480449 <JSFunction #updateContext (sfi = 0x29923b607191)> (target MAGLEV) - took 0.001, 0.333, 0.020 ms]
[completed compiling 0x2ae07e7b2689 <JSFunction encodeInteger (sfi = 0xb2e426dc779)> (target TURBOFAN_JS) - took 0.003, 1.288, 0.020 ms]
[completed optimizing 0x2ae07e7b2689 <JSFunction encodeInteger (sfi = 0xb2e426dc779)> (target TURBOFAN_JS)]
[marking 0x01da79179cb1 <JSFunction normalizeString (sfi = 0x1da79158ab9)> for optimization to MAGLEV, ConcurrencyMode::kConcurrent, reason: hot and stable]
[compiling method 0x01da79179cb1 <JSFunction normalizeString (sfi = 0x1da79158ab9)> (target MAGLEV), mode: ConcurrencyMode::kConcurrent]
[45331:0x881c0c000:0]     3711 ms: GC: {"pause":3.368,"mutator":814.706,"gc":"s","reduce_memory":false,"time_to_safepoint":0,"stack":true,"reason":"allocation failure","collector_reason":"","start_object_size":91547248,"end_object_size":71881560,"start_memory_size":110084096,"end_memory_size":114278400,"start_holes_size":1226392,"end_holes_size":1648480,"pool_local_chunks":0,"pool_shared_chunks":0,"pool_total_chunks":0,"new_space_capacity":33554432,"old_gen_allocation_limit":196580544,"global_allocation_limit":196580640,"allocation_throughput":158575,"new_space_allocation_throughput":119280,"new_space_survive_rate":20.1922,"allocated":46598376,"promoted":4085376,"new_space_survived":6152664,"nodes_died_in_new":11,"nodes_copied_in_new":5,"nodes_promoted":52,"promotion_ratio":13.4077,"average_survival_ratio":55.1708,"promotion_rate":105.328,"during_sweeping":false,"heap.prologue":0,"heap.epilogue":0.016,"heap.external.prologue":0,"heap.external.epilogue":0,"heap.external_weak_global_handles":0.008,"complete.sweep_array_buffers":0,"scavenge":3.309,"scavenge.free_remembered_set":0.02,"scavenge.roots":0.018,"scavenge.weak":0,"scavenge.weak_global_handles.identify":0,"scavenge.weak_global_handles.process":0.004,"scavenge.parallel":2.857,"scavenge.pin_objects_conservative":0,"scavenge.pin_objects_precise":0,"scavenge.restore_pinned":0.018,"scavenge.sweep_array_buffers":0.003,"scavenge.resize_new_space":0,"background.scavenge.parallel":3.087,"incremental.steps_count":0,"incremental.steps_took":0,"scavenge_throughput":2.76404e+06,"quarantined_size":0,"quarantined_pages":0}
[completed compiling 0x01da79179cb1 <JSFunction normalizeString (sfi = 0x1da79158ab9)> (target MAGLEV) - took 0.001, 3.759, 0.006 ms]
[completed compiling 0x2ae07e7b3941 <JSFunction traceMappings (sfi = 0xb2e426dd931)> (target TURBOFAN_JS) OSR - took 0.003, 9.051, 0.054 ms]
[completed optimizing 0x2ae07e7b3941 <JSFunction traceMappings (sfi = 0xb2e426dd931)> (target TURBOFAN_JS) OSR]
[completed compiling 0x2ae07e7b27f9 <JSFunction decode (sfi = 0xb2e426dc809)> (target TURBOFAN_JS) OSR - took 0.003, 12.075, 0.045 ms]
[completed optimizing 0x2ae07e7b27f9 <JSFunction decode (sfi = 0xb2e426dc809)> (target TURBOFAN_JS) OSR]
[compiling method 0x2ae07e7b9509 <JSFunction B (sfi = 0xb2e426e2431)> (target MAGLEV), mode: ConcurrencyMode::kConcurrent]
[completed compiling 0x2ae07e7b9509 <JSFunction B (sfi = 0xb2e426e2431)> (target MAGLEV) - took 0.000, 0.144, 0.001 ms]
[marking 0x2ae07e7bb641 <JSFunction isNodeInPattern (sfi = 0xb2e426f0031)> for optimization to MAGLEV, ConcurrencyMode::kConcurrent, reason: hot and stable]
[compiling method 0x2ae07e7bb641 <JSFunction isNodeInPattern (sfi = 0xb2e426f0031)> (target MAGLEV), mode: ConcurrencyMode::kConcurrent]
[completed compiling 0x2ae07e7bb641 <JSFunction isNodeInPattern (sfi = 0xb2e426f0031)> (target MAGLEV) - took 0.000, 0.080, 0.003 ms]
[bailout (kind: deopt-eager, reason: wrong map): begin. deoptimizing 0x1969d1702711 <JSFunction addUneditedChunk (sfi = 0xb2e426ecc69)>, 0x10c5af693e81 <Code MAGLEV>, opt id 269, bytecode offset 13, deopt exit 55, FP to SP delta 96, caller SP 0x00016f0252e0, pc 0x000117c06258]
[marking 0x1969d1702711 <JSFunction addUneditedChunk (sfi = 0xb2e426ecc69)> for optimization to MAGLEV, ConcurrencyMode::kConcurrent, reason: hot and stable]
[compiling method 0x1969d1702711 <JSFunction addUneditedChunk (sfi = 0xb2e426ecc69)> (target MAGLEV) OSR, mode: ConcurrencyMode::kConcurrent]
[compiling method 0x1969d1702711 <JSFunction addUneditedChunk (sfi = 0xb2e426ecc69)> (target MAGLEV), mode: ConcurrencyMode::kConcurrent]
[compiling method 0x2ae07e7b3941 <JSFunction traceMappings (sfi = 0xb2e426dd931)> (target MAGLEV), mode: ConcurrencyMode::kConcurrent]
[bailout (kind: deopt-eager, reason: not a Smi): begin. deoptimizing 0x2ae07e7b35d9 <JSFunction addSegmentInternal (sfi = 0xb2e426dd5d1)>, 0x10c5af69db21 <Code MAGLEV>, opt id 283, bytecode offset 22, deopt exit 30, FP to SP delta 128, caller SP 0x00016f0251d0, pc 0x000117c0edec]
[marking 0x2ae07e7b35d9 <JSFunction addSegmentInternal (sfi = 0xb2e426dd5d1)> for optimization to MAGLEV, ConcurrencyMode::kConcurrent, reason: hot and stable]
[compiling method 0x2ae07e7b35d9 <JSFunction addSegmentInternal (sfi = 0xb2e426dd5d1)> (target MAGLEV), mode: ConcurrencyMode::kConcurrent]
[completed compiling 0x1969d1702711 <JSFunction addUneditedChunk (sfi = 0xb2e426ecc69)> (target MAGLEV) - took 0.000, 0.605, 0.006 ms]
[completed compiling 0x1969d1702711 <JSFunction addUneditedChunk (sfi = 0xb2e426ecc69)> (target MAGLEV) OSR - took 0.000, 0.753, 0.003 ms]
[completed compiling 0x2ae07e7b3941 <JSFunction traceMappings (sfi = 0xb2e426dd931)> (target MAGLEV) - took 0.000, 0.646, 0.010 ms]
[completed compiling 0x2ae07e7b35d9 <JSFunction addSegmentInternal (sfi = 0xb2e426dd5d1)> (target MAGLEV) - took 0.000, 0.713, 0.005 ms]
[marking 0x1969d1722cc1 <JSFunction memberExpression (sfi = 0xc5c9fc69109)> for optimization to MAGLEV, ConcurrencyMode::kConcurrent, reason: hot and stable]
[compiling method 0x1969d1722cc1 <JSFunction memberExpression (sfi = 0xc5c9fc69109)> (target MAGLEV), mode: ConcurrencyMode::kConcurrent]
[completed compiling 0x1969d1722cc1 <JSFunction memberExpression (sfi = 0xc5c9fc69109)> (target MAGLEV) - took 0.000, 0.260, 0.007 ms]
[marking 0x28138835fd61 <JSFunction enter (sfi = 0x12c7b8009df9)> for optimization to MAGLEV, ConcurrencyMode::kConcurrent, reason: hot and stable]
[compiling method 0x28138835fd61 <JSFunction enter (sfi = 0x12c7b8009df9)> (target MAGLEV), mode: ConcurrencyMode::kConcurrent]
[marking 0x2ae07e7bb6b9 <JSFunction isRefIdentifier (sfi = 0xb2e426e3891)> for optimization to MAGLEV, ConcurrencyMode::kConcurrent, reason: hot and stable]
[compiling method 0x2ae07e7bb6b9 <JSFunction isRefIdentifier (sfi = 0xb2e426e3891)> (target MAGLEV), mode: ConcurrencyMode::kConcurrent]
[completed compiling 0x2ae07e7bb6b9 <JSFunction isRefIdentifier (sfi = 0xb2e426e3891)> (target MAGLEV) - took 0.000, 0.264, 0.006 ms]
[marking 0x08e2208de269 <JSFunction _split (sfi = 0xb2e426ed491)> for optimization to MAGLEV, ConcurrencyMode::kConcurrent, reason: hot and stable]
[compiling method 0x08e2208de269 <JSFunction _split (sfi = 0xb2e426ed491)> (target MAGLEV), mode: ConcurrencyMode::kConcurrent]
[marking 0x3e4479fd8e81 <JSFunction (sfi = 0x12c7b800b589)> for optimization to TURBOFAN_JS, ConcurrencyMode::kConcurrent, reason: hot and stable]
[compiling method 0x3e4479fd8e81 <JSFunction (sfi = 0x12c7b800b589)> (target TURBOFAN_JS), mode: ConcurrencyMode::kConcurrent]
[completed compiling 0x28138835fd61 <JSFunction enter (sfi = 0x12c7b8009df9)> (target MAGLEV) - took 0.000, 0.584, 0.008 ms]
[marking 0x2ae07e7b69e1 <JSFunction getLocator (sfi = 0xb2e426dff51)> for optimization to MAGLEV, ConcurrencyMode::kConcurrent, reason: hot and stable]
[compiling method 0x2ae07e7b69e1 <JSFunction getLocator (sfi = 0xb2e426dff51)> (target MAGLEV) OSR, mode: ConcurrencyMode::kConcurrent]
[completed compiling 0x08e2208de269 <JSFunction _split (sfi = 0xb2e426ed491)> (target MAGLEV) - took 0.000, 0.201, 0.004 ms]
[completed compiling 0x3e4479fd8e81 <JSFunction (sfi = 0x12c7b800b589)> (target TURBOFAN_JS) - took 0.002, 0.391, 0.012 ms]
[completed optimizing 0x3e4479fd8e81 <JSFunction (sfi = 0x12c7b800b589)> (target TURBOFAN_JS)]
[completed compiling 0x2ae07e7b69e1 <JSFunction getLocator (sfi = 0xb2e426dff51)> (target MAGLEV) OSR - took 0.000, 0.452, 0.003 ms]
[marking 0x2ae07e7b3981 <JSFunction originalPositionFor$1 (sfi = 0xb2e426dd979)> for optimization to TURBOFAN_JS, ConcurrencyMode::kConcurrent, reason: hot and stable]
[compiling method 0x2ae07e7b3981 <JSFunction originalPositionFor$1 (sfi = 0xb2e426dd979)> (target TURBOFAN_JS), mode: ConcurrencyMode::kConcurrent]
[completed compiling 0x2ae07e7b3981 <JSFunction originalPositionFor$1 (sfi = 0xb2e426dd979)> (target TURBOFAN_JS) - took 0.004, 2.988, 0.035 ms]
[completed optimizing 0x2ae07e7b3981 <JSFunction originalPositionFor$1 (sfi = 0xb2e426dd979)> (target TURBOFAN_JS)]
[compiling method 0x2ae07e7b69e1 <JSFunction getLocator (sfi = 0xb2e426dff51)> (target MAGLEV), mode: ConcurrencyMode::kConcurrent]
[completed compiling 0x2ae07e7b69e1 <JSFunction getLocator (sfi = 0xb2e426dff51)> (target MAGLEV) - took 0.000, 0.518, 0.006 ms]
[marking 0x2ae07e7bb819 <JSFunction isBlock (sfi = 0xb2e426e3921)> for optimization to MAGLEV, ConcurrencyMode::kConcurrent, reason: hot and stable]
[compiling method 0x2ae07e7bb819 <JSFunction isBlock (sfi = 0xb2e426e3921)> (target MAGLEV), mode: ConcurrencyMode::kConcurrent]
[completed compiling 0x2ae07e7bb819 <JSFunction isBlock (sfi = 0xb2e426e3921)> (target MAGLEV) - took 0.000, 0.127, 0.004 ms]
[marking 0x2ae07e7b6869 <JSFunction Chunk (sfi = 0xb2e426ec6c9)> for optimization to MAGLEV, ConcurrencyMode::kConcurrent, reason: hot and stable]
[compiling method 0x2ae07e7b6869 <JSFunction Chunk (sfi = 0xb2e426ec6c9)> (target MAGLEV), mode: ConcurrencyMode::kConcurrent]
[marking 0x1969d1705961 <JSFunction toString (sfi = 0xb2e426eca29)> for optimization to MAGLEV, ConcurrencyMode::kConcurrent, reason: hot and stable]
[compiling method 0x1969d1705961 <JSFunction toString (sfi = 0xb2e426eca29)> (target MAGLEV), mode: ConcurrencyMode::kConcurrent]
[completed compiling 0x2ae07e7b6869 <JSFunction Chunk (sfi = 0xb2e426ec6c9)> (target MAGLEV) - took 0.000, 0.140, 0.008 ms]
[completed compiling 0x1969d1705961 <JSFunction toString (sfi = 0xb2e426eca29)> (target MAGLEV) - took 0.000, 0.079, 0.001 ms]
[marking 0x30e07a44a0b1 <JSFunction getEncodingOps (sfi = 0x39c9a6f772e1)> for optimization to MAGLEV, ConcurrencyMode::kConcurrent, reason: hot and stable]
[compiling method 0x30e07a44a0b1 <JSFunction getEncodingOps (sfi = 0x39c9a6f772e1)> (target MAGLEV), mode: ConcurrencyMode::kConcurrent]
[completed compiling 0x30e07a44a0b1 <JSFunction getEncodingOps (sfi = 0x39c9a6f772e1)> (target MAGLEV) - took 0.001, 0.169, 0.004 ms]
[marking 0x08e2208de231 <JSFunction _splitChunk (sfi = 0xb2e426ed4d9)> for optimization to MAGLEV, ConcurrencyMode::kConcurrent, reason: hot and stable]
[compiling method 0x08e2208de231 <JSFunction _splitChunk (sfi = 0xb2e426ed4d9)> (target MAGLEV), mode: ConcurrencyMode::kConcurrent]
[marking 0x3bb6ac9294d9 <JSFunction visit (sfi = 0xb2e426effa1)> for optimization to TURBOFAN_JS, ConcurrencyMode::kConcurrent, reason: hot and stable]
[completed compiling 0x08e2208de231 <JSFunction _splitChunk (sfi = 0xb2e426ed4d9)> (target MAGLEV) - took 0.000, 0.146, 0.007 ms]
[compiling method 0x3bb6ac9294d9 <JSFunction visit (sfi = 0xb2e426effa1)> (target TURBOFAN_JS), mode: ConcurrencyMode::kConcurrent]
[marking 0x1969d1705929 <JSFunction split (sfi = 0xb2e426ec9e1)> for optimization to MAGLEV, ConcurrencyMode::kConcurrent, reason: hot and stable]
[compiling method 0x1969d1705929 <JSFunction split (sfi = 0xb2e426ec9e1)> (target MAGLEV), mode: ConcurrencyMode::kConcurrent]
[completed compiling 0x1969d1705929 <JSFunction split (sfi = 0xb2e426ec9e1)> (target MAGLEV) - took 0.000, 0.209, 0.005 ms]
[marking 0x1969d1702749 <JSFunction advance (sfi = 0xb2e426eccb1)> for optimization to MAGLEV, ConcurrencyMode::kConcurrent, reason: hot and stable]
[compiling method 0x1969d1702749 <JSFunction advance (sfi = 0xb2e426eccb1)> (target MAGLEV), mode: ConcurrencyMode::kConcurrent]
[completed compiling 0x1969d1702749 <JSFunction advance (sfi = 0xb2e426eccb1)> (target MAGLEV) - took 0.000, 0.221, 0.005 ms]
[marking 0x2ae07e7b34d9 <JSFunction setSourceContent (sfi = 0xb2e426dd4b1)> for optimization to TURBOFAN_JS, ConcurrencyMode::kConcurrent, reason: hot and stable]
[compiling method 0x2ae07e7b34d9 <JSFunction setSourceContent (sfi = 0xb2e426dd4b1)> (target TURBOFAN_JS), mode: ConcurrencyMode::kConcurrent]
[completed compiling 0x2ae07e7b34d9 <JSFunction setSourceContent (sfi = 0xb2e426dd4b1)> (target TURBOFAN_JS) - took 0.002, 0.706, 0.018 ms]
[completed optimizing 0x2ae07e7b34d9 <JSFunction setSourceContent (sfi = 0xb2e426dd4b1)> (target TURBOFAN_JS)]
[completed compiling 0x3bb6ac9294d9 <JSFunction visit (sfi = 0xb2e426effa1)> (target TURBOFAN_JS) - took 0.003, 3.086, 0.030 ms]
[completed optimizing 0x3bb6ac9294d9 <JSFunction visit (sfi = 0xb2e426effa1)> (target TURBOFAN_JS)]
[marking 0x1ff88d8c92c9 <JSFunction (sfi = 0x12c7b800d9a9)> for optimization to MAGLEV, ConcurrencyMode::kConcurrent, reason: hot and stable]
[compiling method 0x1ff88d8c92c9 <JSFunction (sfi = 0x12c7b800d9a9)> (target MAGLEV), mode: ConcurrencyMode::kConcurrent]
[marking 0x1969d1702711 <JSFunction addUneditedChunk (sfi = 0xb2e426ecc69)> for optimization to TURBOFAN_JS, ConcurrencyMode::kConcurrent, reason: hot and stable]
[compiling method 0x1969d1702711 <JSFunction addUneditedChunk (sfi = 0xb2e426ecc69)> (target TURBOFAN_JS), mode: ConcurrencyMode::kConcurrent]
[completed compiling 0x1ff88d8c92c9 <JSFunction (sfi = 0x12c7b800d9a9)> (target MAGLEV) - took 0.001, 0.391, 0.011 ms]
[completed compiling 0x1969d1702711 <JSFunction addUneditedChunk (sfi = 0xb2e426ecc69)> (target TURBOFAN_JS) - took 0.004, 2.393, 0.072 ms]
[completed optimizing 0x1969d1702711 <JSFunction addUneditedChunk (sfi = 0xb2e426ecc69)> (target TURBOFAN_JS)]
[marking 0x33c762c1acd1 <JSFunction setScope (sfi = 0x12c7b8009db1)> for optimization to MAGLEV, ConcurrencyMode::kConcurrent, reason: hot and stable]
[compiling method 0x33c762c1acd1 <JSFunction setScope (sfi = 0x12c7b8009db1)> (target MAGLEV), mode: ConcurrencyMode::kConcurrent]
[completed compiling 0x33c762c1acd1 <JSFunction setScope (sfi = 0x12c7b8009db1)> (target MAGLEV) - took 0.001, 0.146, 0.007 ms]
[marking 0x3bb6ac917aa1 <JSFunction _write (sfi = 0x2d12b149f011)> for optimization to MAGLEV, ConcurrencyMode::kConcurrent, reason: hot and stable]
[compiling method 0x3bb6ac917aa1 <JSFunction _write (sfi = 0x2d12b149f011)> (target MAGLEV), mode: ConcurrencyMode::kConcurrent]
[completed compiling 0x3bb6ac917aa1 <JSFunction _write (sfi = 0x2d12b149f011)> (target MAGLEV) - took 0.001, 0.178, 0.007 ms]
[marking 0x1969d1721f41 <JSFunction callExpression (sfi = 0xc5c9fc681d9)> for optimization to MAGLEV, ConcurrencyMode::kConcurrent, reason: hot and stable]
[compiling method 0x1969d1721f41 <JSFunction callExpression (sfi = 0xc5c9fc681d9)> (target MAGLEV), mode: ConcurrencyMode::kConcurrent]
[marking dependent code 0x10c5af691d99 <Code MAGLEV> (0x0b2e426f00c1 <SharedFunctionInfo isStaticPropertyKey>) (opt id 265) for deoptimization, reason: dependent field type changed]
[marking 0x2ae07e7bb731 <JSFunction isStaticPropertyKey (sfi = 0xb2e426f00c1)> for optimization to MAGLEV, ConcurrencyMode::kConcurrent, reason: hot and stable]
[compiling method 0x2ae07e7bb731 <JSFunction isStaticPropertyKey (sfi = 0xb2e426f00c1)> (target MAGLEV), mode: ConcurrencyMode::kConcurrent]
[completed compiling 0x2ae07e7bb731 <JSFunction isStaticPropertyKey (sfi = 0xb2e426f00c1)> (target MAGLEV) - took 0.000, 0.329, 0.022 ms]
[completed compiling 0x1969d1721f41 <JSFunction callExpression (sfi = 0xc5c9fc681d9)> (target MAGLEV) - took 0.000, 0.769, 0.008 ms]
[marking 0x2ae07e7b9509 <JSFunction B (sfi = 0xb2e426e2431)> for optimization to TURBOFAN_JS, ConcurrencyMode::kConcurrent, reason: hot and stable]
[compiling method 0x2ae07e7b9509 <JSFunction B (sfi = 0xb2e426e2431)> (target TURBOFAN_JS), mode: ConcurrencyMode::kConcurrent]
[completed compiling 0x2ae07e7b9509 <JSFunction B (sfi = 0xb2e426e2431)> (target TURBOFAN_JS) - took 0.003, 0.973, 0.016 ms]
[completed optimizing 0x2ae07e7b9509 <JSFunction B (sfi = 0xb2e426e2431)> (target TURBOFAN_JS)]
[marking 0x326075deec21 <JSFunction onStatements (sfi = 0x12c7b8004791)> for optimization to MAGLEV, ConcurrencyMode::kConcurrent, reason: hot and stable]
[compiling method 0x326075deec21 <JSFunction onStatements (sfi = 0x12c7b8004791)> (target MAGLEV), mode: ConcurrencyMode::kConcurrent]
[completed compiling 0x326075deec21 <JSFunction onStatements (sfi = 0x12c7b8004791)> (target MAGLEV) - took 0.001, 0.371, 0.005 ms]
[marking 0x313cbc547331 <JSFunction (sfi = 0x12c7b802ab31)> for optimization to MAGLEV, ConcurrencyMode::kConcurrent, reason: hot and stable]
[compiling method 0x313cbc547331 <JSFunction (sfi = 0x12c7b802ab31)> (target MAGLEV), mode: ConcurrencyMode::kConcurrent]
[marking 0x1568655f3eb1 <JSFunction Parser (sfi = 0xa474798ea99)> for optimization to MAGLEV, ConcurrencyMode::kConcurrent, reason: hot and stable]
[completed compiling 0x313cbc547331 <JSFunction (sfi = 0x12c7b802ab31)> (target MAGLEV) - took 0.000, 0.079, 0.002 ms]
[compiling method 0x1568655f3eb1 <JSFunction Parser (sfi = 0xa474798ea99)> (target MAGLEV), mode: ConcurrencyMode::kConcurrent]
[marking 0x1568655f34d9 <JSFunction Parser (sfi = 0xa474798e349)> for optimization to MAGLEV, ConcurrencyMode::kConcurrent, reason: hot and stable]
[compiling method 0x1568655f34d9 <JSFunction Parser (sfi = 0xa474798e349)> (target MAGLEV), mode: ConcurrencyMode::kConcurrent]
[marking 0x083310d17a31 <JSFunction (sfi = 0xa474798e301)> for optimization to MAGLEV, ConcurrencyMode::kConcurrent, reason: hot and stable]
[completed compiling 0x1568655f3eb1 <JSFunction Parser (sfi = 0xa474798ea99)> (target MAGLEV) - took 0.000, 0.067, 0.004 ms]
[compiling method 0x083310d17a31 <JSFunction (sfi = 0xa474798e301)> (target MAGLEV), mode: ConcurrencyMode::kConcurrent]
[completed compiling 0x1568655f34d9 <JSFunction Parser (sfi = 0xa474798e349)> (target MAGLEV) - took 0.000, 0.135, 0.002 ms]
[completed compiling 0x083310d17a31 <JSFunction (sfi = 0xa474798e301)> (target MAGLEV) - took 0.000, 0.050, 0.000 ms]
[marking 0x1a0776e495c1 <JSFunction createParserContext (sfi = 0x22dfc4136619)> for optimization to MAGLEV, ConcurrencyMode::kConcurrent, reason: hot and stable]
[compiling method 0x1a0776e495c1 <JSFunction createParserContext (sfi = 0x22dfc4136619)> (target MAGLEV), mode: ConcurrencyMode::kConcurrent]
[marking 0x36705d5e30a9 <JSFunction makeParser (sfi = 0xb94adb4049)> for optimization to MAGLEV, ConcurrencyMode::kConcurrent, reason: hot and stable]
[completed compiling 0x1a0776e495c1 <JSFunction createParserContext (sfi = 0x22dfc4136619)> (target MAGLEV) - took 0.000, 0.067, 0.008 ms]
[compiling method 0x36705d5e30a9 <JSFunction makeParser (sfi = 0xb94adb4049)> (target MAGLEV), mode: ConcurrencyMode::kConcurrent]
[marking 0x1e1a456efcb9 <JSFunction spanned (sfi = 0x12c7b802aaa1)> for optimization to MAGLEV, ConcurrencyMode::kConcurrent, reason: hot and stable]
[marking 0x313cbc548be1 <JSFunction (sfi = 0x12c7b802ab79)> for optimization to MAGLEV, ConcurrencyMode::kConcurrent, reason: hot and stable]
[compiling method 0x313cbc548be1 <JSFunction (sfi = 0x12c7b802ab79)> (target MAGLEV), mode: ConcurrencyMode::kConcurrent]
[compiling method 0x1e1a456efcb9 <JSFunction spanned (sfi = 0x12c7b802aaa1)> (target MAGLEV), mode: ConcurrencyMode::kConcurrent]
[marking 0x1a0776e498e1 <JSFunction (sfi = 0x22dfc4136781)> for optimization to MAGLEV, ConcurrencyMode::kConcurrent, reason: hot and stable]
[completed compiling 0x36705d5e30a9 <JSFunction makeParser (sfi = 0xb94adb4049)> (target MAGLEV) - took 0.000, 0.191, 0.004 ms]
[completed compiling 0x1e1a456efcb9 <JSFunction spanned (sfi = 0x12c7b802aaa1)> (target MAGLEV) - took 0.000, 0.062, 0.001 ms]
[completed compiling 0x313cbc548be1 <JSFunction (sfi = 0x12c7b802ab79)> (target MAGLEV) - took 0.000, 0.167, 0.001 ms]
[compiling method 0x1a0776e498e1 <JSFunction (sfi = 0x22dfc4136781)> (target MAGLEV), mode: ConcurrencyMode::kConcurrent]
[marking 0x083310d16ed9 <JSFunction (sfi = 0x12c7b8036eb9)> for optimization to MAGLEV, ConcurrencyMode::kConcurrent, reason: hot and stable]
[compiling method 0x083310d16ed9 <JSFunction (sfi = 0x12c7b8036eb9)> (target MAGLEV), mode: ConcurrencyMode::kConcurrent]
[marking 0x083310d16a79 <JSFunction (sfi = 0x12c7b8036919)> for optimization to MAGLEV, ConcurrencyMode::kConcurrent, reason: hot and stable]
[compiling method 0x083310d16a79 <JSFunction (sfi = 0x12c7b8036919)> (target MAGLEV), mode: ConcurrencyMode::kConcurrent]
[marking 0x36705d5e35c9 <JSFunction (sfi = 0xb94adb43f1)> for optimization to MAGLEV, ConcurrencyMode::kConcurrent, reason: hot and stable]
[completed compiling 0x1a0776e498e1 <JSFunction (sfi = 0x22dfc4136781)> (target MAGLEV) - took 0.000, 0.042, 0.001 ms]
[completed compiling 0x083310d16a79 <JSFunction (sfi = 0x12c7b8036919)> (target MAGLEV) - took 0.000, 0.023, 0.000 ms]
[completed compiling 0x083310d16ed9 <JSFunction (sfi = 0x12c7b8036eb9)> (target MAGLEV) - took 0.000, 0.057, 0.000 ms]
[compiling method 0x36705d5e35c9 <JSFunction (sfi = 0xb94adb43f1)> (target MAGLEV), mode: ConcurrencyMode::kConcurrent]
[completed compiling 0x36705d5e35c9 <JSFunction (sfi = 0xb94adb43f1)> (target MAGLEV) - took 0.001, 0.060, 0.000 ms]
[marking 0x3458e95b95e1 <JSFunction Grammar (sfi = 0x2f5d428fcb11)> for optimization to MAGLEV, ConcurrencyMode::kConcurrent, reason: hot and stable]
[compiling method 0x3458e95b95e1 <JSFunction Grammar (sfi = 0x2f5d428fcb11)> (target MAGLEV), mode: ConcurrencyMode::kConcurrent]
[completed compiling 0x3458e95b95e1 <JSFunction Grammar (sfi = 0x2f5d428fcb11)> (target MAGLEV) - took 0.000, 0.046, 0.003 ms]
[marking 0x3458e95b6101 <JSFunction literal (sfi = 0x2f5d428fc889)> for optimization to MAGLEV, ConcurrencyMode::kConcurrent, reason: hot and stable]
[marking 0x3458e95b9691 <JSFunction spanned (sfi = 0x2f5d428fcbe9)> for optimization to MAGLEV, ConcurrencyMode::kConcurrent, reason: hot and stable]
[marking 0x0ca90eff33b1 <JSFunction (sfi = 0x12c7b802abc1)> for optimization to MAGLEV, ConcurrencyMode::kConcurrent, reason: hot and stable]
[compiling method 0x0ca90eff33b1 <JSFunction (sfi = 0x12c7b802abc1)> (target MAGLEV), mode: ConcurrencyMode::kConcurrent]
[compiling method 0x3458e95b6101 <JSFunction literal (sfi = 0x2f5d428fc889)> (target MAGLEV), mode: ConcurrencyMode::kConcurrent]
[compiling method 0x3458e95b9691 <JSFunction spanned (sfi = 0x2f5d428fcbe9)> (target MAGLEV), mode: ConcurrencyMode::kConcurrent]
[marking 0x3458e95b62b9 <JSFunction (sfi = 0x2f5d428fca39)> for optimization to MAGLEV, ConcurrencyMode::kConcurrent, reason: hot and stable]
[compiling method 0x3458e95b62b9 <JSFunction (sfi = 0x2f5d428fca39)> (target MAGLEV), mode: ConcurrencyMode::kConcurrent]
[completed compiling 0x3458e95b6101 <JSFunction literal (sfi = 0x2f5d428fc889)> (target MAGLEV) - took 0.000, 0.055, 0.002 ms]
[completed compiling 0x3458e95b9691 <JSFunction spanned (sfi = 0x2f5d428fcbe9)> (target MAGLEV) - took 0.000, 0.048, 0.002 ms]
[completed compiling 0x3458e95b62b9 <JSFunction (sfi = 0x2f5d428fca39)> (target MAGLEV) - took 0.000, 0.011, 0.000 ms]
[marking 0x186c53cd7591 <JSFunction (sfi = 0xb94adbd809)> for optimization to MAGLEV, ConcurrencyMode::kConcurrent, reason: hot and stable]
[compiling method 0x186c53cd7591 <JSFunction (sfi = 0xb94adbd809)> (target MAGLEV), mode: ConcurrencyMode::kConcurrent]
[completed compiling 0x186c53cd7591 <JSFunction (sfi = 0xb94adbd809)> (target MAGLEV) - took 0.000, 0.027, 0.001 ms]
[completed compiling 0x0ca90eff33b1 <JSFunction (sfi = 0x12c7b802abc1)> (target MAGLEV) - took 0.000, 0.300, 0.003 ms]
[marking 0x3458e95b61c1 <JSFunction flatten (sfi = 0x2f5d428fc961)> for optimization to MAGLEV, ConcurrencyMode::kConcurrent, reason: hot and stable]
[compiling method 0x3458e95b61c1 <JSFunction flatten (sfi = 0x2f5d428fc961)> (target MAGLEV), mode: ConcurrencyMode::kConcurrent]
[completed compiling 0x3458e95b61c1 <JSFunction flatten (sfi = 0x2f5d428fc961)> (target MAGLEV) - took 0.000, 0.681, 0.008 ms]
[marking 0x3458e95b6181 <JSFunction compile (sfi = 0x2f5d428fc919)> for optimization to MAGLEV, ConcurrencyMode::kConcurrent, reason: hot and stable]
[compiling method 0x3458e95b6181 <JSFunction compile (sfi = 0x2f5d428fc919)> (target MAGLEV) OSR, mode: ConcurrencyMode::kConcurrent]
[completed compiling 0x3458e95b6181 <JSFunction compile (sfi = 0x2f5d428fc919)> (target MAGLEV) OSR - took 0.000, 0.715, 0.014 ms]
[compiling method 0x3458e95b6181 <JSFunction compile (sfi = 0x2f5d428fc919)> (target MAGLEV) OSR, mode: ConcurrencyMode::kConcurrent]
[marking 0x0bc697670679 <JSFunction (sfi = 0xb94adbdb99)> for optimization to MAGLEV, ConcurrencyMode::kConcurrent, reason: hot and stable]
[compiling method 0x0bc697670679 <JSFunction (sfi = 0xb94adbdb99)> (target MAGLEV), mode: ConcurrencyMode::kConcurrent]
[completed compiling 0x3458e95b6181 <JSFunction compile (sfi = 0x2f5d428fc919)> (target MAGLEV) OSR - took 0.000, 0.815, 0.005 ms]
[completed compiling 0x0bc697670679 <JSFunction (sfi = 0xb94adbdb99)> (target MAGLEV) - took 0.000, 0.186, 0.002 ms]
[marking 0x0bc69767d739 <JSFunction parser (sfi = 0xb94adbdbe1)> for optimization to MAGLEV, ConcurrencyMode::kConcurrent, reason: hot and stable]
[compiling method 0x0bc69767d739 <JSFunction parser (sfi = 0xb94adbdbe1)> (target MAGLEV), mode: ConcurrencyMode::kConcurrent]
[marking 0x186c53cd8ff1 <JSFunction transform (sfi = 0xb94adbdfb9)> for optimization to MAGLEV, ConcurrencyMode::kConcurrent, reason: hot and stable]
[marking 0x177198c49599 <JSFunction isDiagnosticsEnabled (sfi = 0x2a37db2751d9)> for optimization to MAGLEV, ConcurrencyMode::kConcurrent, reason: hot and stable]
[compiling method 0x186c53cd8ff1 <JSFunction transform (sfi = 0xb94adbdfb9)> (target MAGLEV), mode: ConcurrencyMode::kConcurrent]
[compiling method 0x177198c49599 <JSFunction isDiagnosticsEnabled (sfi = 0x2a37db2751d9)> (target MAGLEV), mode: ConcurrencyMode::kConcurrent]
[completed compiling 0x0bc69767d739 <JSFunction parser (sfi = 0xb94adbdbe1)> (target MAGLEV) - took 0.000, 0.437, 0.006 ms]
[completed compiling 0x186c53cd8ff1 <JSFunction transform (sfi = 0xb94adbdfb9)> (target MAGLEV) - took 0.000, 0.015, 0.001 ms]
[completed compiling 0x177198c49599 <JSFunction isDiagnosticsEnabled (sfi = 0x2a37db2751d9)> (target MAGLEV) - took 0.000, 0.014, 0.000 ms]
[marking 0x177198c4a6f1 <JSFunction ParserState (sfi = 0x22dfc4136c01)> for optimization to MAGLEV, ConcurrencyMode::kConcurrent, reason: hot and stable]
[marking 0x177198c4a0e1 <JSFunction ParserState (sfi = 0x22dfc41367c9)> for optimization to MAGLEV, ConcurrencyMode::kConcurrent, reason: hot and stable]
[marking 0x0bc69767d771 <JSFunction parseState (sfi = 0xb94adbdc29)> for optimization to MAGLEV, ConcurrencyMode::kConcurrent, reason: hot and stable]
[marking 0x0bc69767dcd1 <JSFunction parse (sfi = 0x12c7b802ac51)> for optimization to MAGLEV, ConcurrencyMode::kConcurrent, reason: hot and stable]
[compiling method 0x0bc69767dcd1 <JSFunction parse (sfi = 0x12c7b802ac51)> (target MAGLEV), mode: ConcurrencyMode::kConcurrent]
[compiling method 0x0bc69767d771 <JSFunction parseState (sfi = 0xb94adbdc29)> (target MAGLEV), mode: ConcurrencyMode::kConcurrent]
[compiling method 0x177198c4a0e1 <JSFunction ParserState (sfi = 0x22dfc41367c9)> (target MAGLEV), mode: ConcurrencyMode::kConcurrent]
[compiling method 0x177198c4a6f1 <JSFunction ParserState (sfi = 0x22dfc4136c01)> (target MAGLEV), mode: ConcurrencyMode::kConcurrent]
[marking 0x1a0776e496f1 <JSFunction (sfi = 0x22dfc41366f1)> for optimization to MAGLEV, ConcurrencyMode::kConcurrent, reason: hot and stable]
[compiling method 0x1a0776e496f1 <JSFunction (sfi = 0x22dfc41366f1)> (target MAGLEV), mode: ConcurrencyMode::kConcurrent]
[marking 0x177198c49889 <JSFunction (sfi = 0x2a37db2754a9)> for optimization to MAGLEV, ConcurrencyMode::kConcurrent, reason: hot and stable]
[completed compiling 0x0bc69767dcd1 <JSFunction parse (sfi = 0x12c7b802ac51)> (target MAGLEV) - took 0.000, 0.223, 0.008 ms]
[completed compiling 0x0bc69767d771 <JSFunction parseState (sfi = 0xb94adbdc29)> (target MAGLEV) - took 0.000, 0.162, 0.061 ms]
[completed compiling 0x177198c4a6f1 <JSFunction ParserState (sfi = 0x22dfc4136c01)> (target MAGLEV) - took 0.000, 0.051, 0.003 ms]
[completed compiling 0x1a0776e496f1 <JSFunction (sfi = 0x22dfc41366f1)> (target MAGLEV) - took 0.000, 0.015, 0.000 ms]
[completed compiling 0x177198c4a0e1 <JSFunction ParserState (sfi = 0x22dfc41367c9)> (target MAGLEV) - took 0.000, 0.099, 0.009 ms]
[compiling method 0x177198c49889 <JSFunction (sfi = 0x2a37db2754a9)> (target MAGLEV), mode: ConcurrencyMode::kConcurrent]
[completed compiling 0x177198c49889 <JSFunction (sfi = 0x2a37db2754a9)> (target MAGLEV) - took 0.000, 0.032, 0.002 ms]
[marking 0x3458e95b6201 <JSFunction mergeLabels (sfi = 0x2f5d428fc9a9)> for optimization to MAGLEV, ConcurrencyMode::kConcurrent, reason: hot and stable]
[compiling method 0x3458e95b6201 <JSFunction mergeLabels (sfi = 0x2f5d428fc9a9)> (target MAGLEV), mode: ConcurrencyMode::kConcurrent]
[completed compiling 0x3458e95b6201 <JSFunction mergeLabels (sfi = 0x2f5d428fc9a9)> (target MAGLEV) - took 0.000, 0.152, 0.004 ms]
[marking 0x0bc69767d739 <JSFunction parser (sfi = 0xb94adbdbe1)> for optimization to TURBOFAN_JS, ConcurrencyMode::kConcurrent, reason: hot and stable]
[compiling method 0x0bc69767d739 <JSFunction parser (sfi = 0xb94adbdbe1)> (target TURBOFAN_JS), mode: ConcurrencyMode::kConcurrent]
[marking 0x1e1a456ef901 <JSFunction (sfi = 0x12c7b802a881)> for optimization to MAGLEV, ConcurrencyMode::kConcurrent, reason: hot and stable]
[compiling method 0x1e1a456ef901 <JSFunction (sfi = 0x12c7b802a881)> (target MAGLEV) OSR, mode: ConcurrencyMode::kConcurrent]
[completed compiling 0x0bc69767d739 <JSFunction parser (sfi = 0xb94adbdbe1)> (target TURBOFAN_JS) - took 0.003, 2.291, 0.034 ms]
[completed optimizing 0x0bc69767d739 <JSFunction parser (sfi = 0xb94adbdbe1)> (target TURBOFAN_JS)]
[completed compiling 0x1e1a456ef901 <JSFunction (sfi = 0x12c7b802a881)> (target MAGLEV) OSR - took 0.000, 0.310, 0.004 ms]
[compiling method 0x1e1a456ef901 <JSFunction (sfi = 0x12c7b802a881)> (target TURBOFAN_JS) OSR, mode: ConcurrencyMode::kConcurrent]
[45331:0x881c0c000:0]     3817 ms: GC: {"pause":1.947,"mutator":103.47,"gc":"s","reduce_memory":false,"time_to_safepoint":0,"stack":true,"reason":"allocation failure","collector_reason":"","start_object_size":101521360,"end_object_size":74457048,"start_memory_size":133726208,"end_memory_size":138395648,"start_holes_size":1509152,"end_holes_size":2057976,"pool_local_chunks":0,"pool_shared_chunks":0,"pool_total_chunks":0,"new_space_capacity":33554432,"old_gen_allocation_limit":196580544,"global_allocation_limit":196580640,"allocation_throughput":236215,"new_space_allocation_throughput":190952,"new_space_survive_rate":6.11445,"allocated":29639800,"promoted":5742248,"new_space_survived":2150536,"nodes_died_in_new":25,"nodes_copied_in_new":2,"nodes_promoted":83,"promotion_ratio":16.3265,"average_survival_ratio":50.8486,"promotion_rate":93.3295,"during_sweeping":false,"heap.prologue":0,"heap.epilogue":0.001,"heap.external.prologue":0,"heap.external.epilogue":0,"heap.external_weak_global_handles":0.004,"complete.sweep_array_buffers":0,"scavenge":1.888,"scavenge.free_remembered_set":0.027,"scavenge.roots":0.108,"scavenge.weak":0,"scavenge.weak_global_handles.identify":0,"scavenge.weak_global_handles.process":0.007,"scavenge.parallel":1.494,"scavenge.pin_objects_conservative":0,"scavenge.pin_objects_precise":0,"scavenge.restore_pinned":0.012,"scavenge.sweep_array_buffers":0.005,"scavenge.resize_new_space":0.001,"background.scavenge.parallel":3.996,"incremental.steps_count":0,"incremental.steps_took":0,"scavenge_throughput":2.91307e+06,"quarantined_size":0,"quarantined_pages":0}
[marking dependent code 0x042e5e61e711 <Code MAGLEV> (0x2f5d428fc961 <SharedFunctionInfo flatten>) (opt id 345) for deoptimization, reason: dependent allocation site tenuring changed]
[marking dependent code 0x042e5e61d7b1 <Code MAGLEV> (0x12c7b802abc1 <SharedFunctionInfo>) (opt id 344) for deoptimization, reason: dependent allocation site tenuring changed]
[marking dependent code 0x10c5af6a4731 <Code MAGLEV> (0x2f5d428fcbe9 <SharedFunctionInfo spanned>) (opt id 341) for deoptimization, reason: dependent allocation site tenuring changed]
[marking dependent code 0x10c5af6a4419 <Code MAGLEV> (0x2f5d428fc889 <SharedFunctionInfo literal>) (opt id 340) for deoptimization, reason: dependent allocation site tenuring changed]
[marking dependent code 0x042e5e61bcc1 <Code MAGLEV> (0x22dfc4136619 <SharedFunctionInfo createParserContext>) (opt id 331) for deoptimization, reason: dependent allocation site tenuring changed]
[completed compiling 0x2a37db27d189 <JSFunction (sfi = 0x12c7b802a881)> (target TURBOFAN_JS) OSR - took 0.003, 4.655, 0.026 ms]
[completed optimizing 0x2a37db27d189 <JSFunction (sfi = 0x12c7b802a881)> (target TURBOFAN_JS) OSR]
[bailout (kind: deopt-eager, reason: prepare for on stack replacement (OSR)): begin. deoptimizing 0x2a37db27d189 <JSFunction (sfi = 0x12c7b802a881)>, 0x042e5e626411 <Code MAGLEV>, opt id 360, bytecode offset 532, deopt exit 19, FP to SP delta 224, caller SP 0x00016f025780, pc 0x000117c37690]
[marking 0x171805ef6fc1 <JSFunction (sfi = 0x22dfc41366f1)> for optimization to TURBOFAN_JS, ConcurrencyMode::kConcurrent, reason: hot and stable]
[compiling method 0x171805ef6fc1 <JSFunction (sfi = 0x22dfc41366f1)> (target TURBOFAN_JS), mode: ConcurrencyMode::kConcurrent]
[completed compiling 0x171805ef6fc1 <JSFunction (sfi = 0x22dfc41366f1)> (target TURBOFAN_JS) - took 0.004, 0.258, 0.031 ms]
[completed optimizing 0x171805ef6fc1 <JSFunction (sfi = 0x22dfc41366f1)> (target TURBOFAN_JS)]
[marking 0x171805efe7e1 <JSFunction (sfi = 0x2a37db2754a9)> for optimization to TURBOFAN_JS, ConcurrencyMode::kConcurrent, reason: hot and stable]
[compiling method 0x171805efe7e1 <JSFunction (sfi = 0x2a37db2754a9)> (target TURBOFAN_JS), mode: ConcurrencyMode::kConcurrent]
[completed compiling 0x171805efe7e1 <JSFunction (sfi = 0x2a37db2754a9)> (target TURBOFAN_JS) - took 0.002, 0.192, 0.008 ms]
[completed optimizing 0x171805efe7e1 <JSFunction (sfi = 0x2a37db2754a9)> (target TURBOFAN_JS)]
[bailout (kind: deopt-eager, reason: Insufficient type feedback for generic named access): begin. deoptimizing 0x2a37db27d189 <JSFunction (sfi = 0x12c7b802a881)>, 0x38a68fb25531 <Code TURBOFAN_JS>, opt id 361, bytecode offset 539, deopt exit 20, FP to SP delta 272, caller SP 0x00016f025780, pc 0x000117c37ecc]
[45331:0x881c0c000:0]     3829 ms: GC: {"pause":0.696,"mutator":11.265,"gc":"s","reduce_memory":false,"time_to_safepoint":0,"stack":true,"reason":"allocation failure","collector_reason":"","start_object_size":105651200,"end_object_size":74346200,"start_memory_size":141541376,"end_memory_size":143638528,"start_holes_size":2051384,"end_holes_size":1999616,"pool_local_chunks":0,"pool_shared_chunks":0,"pool_total_chunks":0,"new_space_capacity":33554432,"old_gen_allocation_limit":196580544,"global_allocation_limit":196580640,"allocation_throughput":464744,"new_space_allocation_throughput":384551,"new_space_survive_rate":0.00538859,"allocated":31194152,"promoted":2148792,"new_space_survived":1808,"nodes_died_in_new":0,"nodes_copied_in_new":0,"nodes_promoted":2,"promotion_ratio":6.40429,"average_survival_ratio":46.4028,"promotion_rate":99.9189,"during_sweeping":false,"heap.prologue":0,"heap.epilogue":0.001,"heap.external.prologue":0,"heap.external.epilogue":0,"heap.external_weak_global_handles":0,"complete.sweep_array_buffers":0,"scavenge":0.674,"scavenge.free_remembered_set":0.018,"scavenge.roots":0.019,"scavenge.weak":0,"scavenge.weak_global_handles.identify":0,"scavenge.weak_global_handles.process":0,"scavenge.parallel":0.47,"scavenge.pin_objects_conservative":0,"scavenge.pin_objects_precise":0,"scavenge.restore_pinned":0.008,"scavenge.sweep_array_buffers":0.004,"scavenge.resize_new_space":0,"background.scavenge.parallel":1.313,"incremental.steps_count":0,"incremental.steps_took":0,"scavenge_throughput":3.01833e+06,"quarantined_size":0,"quarantined_pages":0}
[marking 0x238b030b0979 <JSFunction ParserState (sfi = 0x22dfc4136c01)> for optimization to TURBOFAN_JS, ConcurrencyMode::kConcurrent, reason: hot and stable]
[compiling method 0x238b030b0979 <JSFunction ParserState (sfi = 0x22dfc4136c01)> (target TURBOFAN_JS), mode: ConcurrencyMode::kConcurrent]
[marking 0x2a37db27d619 <JSFunction parse (sfi = 0x12c7b802ac51)> for optimization to TURBOFAN_JS, ConcurrencyMode::kConcurrent, reason: hot and stable]
[compiling method 0x2a37db27d619 <JSFunction parse (sfi = 0x12c7b802ac51)> (target TURBOFAN_JS), mode: ConcurrencyMode::kConcurrent]
[compiling method 0x2a37db27d189 <JSFunction (sfi = 0x12c7b802a881)> (target MAGLEV) OSR, mode: ConcurrencyMode::kConcurrent]
[completed compiling 0x238b030b0979 <JSFunction ParserState (sfi = 0x22dfc4136c01)> (target TURBOFAN_JS) - took 0.004, 0.418, 0.017 ms]
[completed optimizing 0x238b030b0979 <JSFunction ParserState (sfi = 0x22dfc4136c01)> (target TURBOFAN_JS)]
[completed compiling 0x2a37db27d189 <JSFunction (sfi = 0x12c7b802a881)> (target MAGLEV) OSR - took 0.000, 0.337, 0.004 ms]
[compiling method 0x2a37db27d189 <JSFunction (sfi = 0x12c7b802a881)> (target TURBOFAN_JS) OSR, mode: ConcurrencyMode::kConcurrent]
[completed compiling 0x2a37db27d619 <JSFunction parse (sfi = 0x12c7b802ac51)> (target TURBOFAN_JS) - took 0.002, 0.717, 0.021 ms]
[completed optimizing 0x2a37db27d619 <JSFunction parse (sfi = 0x12c7b802ac51)> (target TURBOFAN_JS)]
[marking 0x238b030b0a69 <JSFunction parseState (sfi = 0xb94adbdc29)> for optimization to TURBOFAN_JS, ConcurrencyMode::kConcurrent, reason: hot and stable]
[compiling method 0x238b030b0a69 <JSFunction parseState (sfi = 0xb94adbdc29)> (target TURBOFAN_JS), mode: ConcurrencyMode::kConcurrent]
[completed compiling 0x238b030b0a69 <JSFunction parseState (sfi = 0xb94adbdc29)> (target TURBOFAN_JS) - took 0.004, 0.678, 0.027 ms]
[completed optimizing 0x238b030b0a69 <JSFunction parseState (sfi = 0xb94adbdc29)> (target TURBOFAN_JS)]
[completed compiling 0x2a37db27d189 <JSFunction (sfi = 0x12c7b802a881)> (target TURBOFAN_JS) OSR - took 0.001, 2.565, 0.021 ms]
[completed optimizing 0x2a37db27d189 <JSFunction (sfi = 0x12c7b802a881)> (target TURBOFAN_JS) OSR]
[bailout (kind: deopt-eager, reason: prepare for on stack replacement (OSR)): begin. deoptimizing 0x2a37db27d189 <JSFunction (sfi = 0x12c7b802a881)>, 0x042e5e626e29 <Code MAGLEV>, opt id 366, bytecode offset 595, deopt exit 19, FP to SP delta 224, caller SP 0x00016f025780, pc 0x000117c4ffa0]
[45331:0x881c0c000:0]     3840 ms: GC: {"pause":0.158,"mutator":11.152,"gc":"s","reduce_memory":false,"time_to_safepoint":0,"stack":true,"reason":"allocation failure","collector_reason":"","start_object_size":107814808,"end_object_size":74297424,"start_memory_size":143638528,"end_memory_size":143638528,"start_holes_size":1984800,"end_holes_size":1983576,"pool_local_chunks":0,"pool_shared_chunks":0,"pool_total_chunks":0,"new_space_capacity":33554432,"old_gen_allocation_limit":196580544,"global_allocation_limit":196580640,"allocation_throughput":667745,"new_space_allocation_throughput":579087,"new_space_survive_rate":0.012017,"allocated":33468608,"promoted":1224,"new_space_survived":4032,"nodes_died_in_new":0,"nodes_copied_in_new":0,"nodes_promoted":0,"promotion_ratio":0.00364803,"average_survival_ratio":40.2217,"promotion_rate":67.6991,"during_sweeping":false,"heap.prologue":0,"heap.epilogue":0.001,"heap.external.prologue":0,"heap.external.epilogue":0,"heap.external_weak_global_handles":0,"complete.sweep_array_buffers":0,"scavenge":0.139,"scavenge.free_remembered_set":0.001,"scavenge.roots":0.015,"scavenge.weak":0,"scavenge.weak_global_handles.identify":0,"scavenge.weak_global_handles.process":0,"scavenge.parallel":0,"scavenge.pin_objects_conservative":0,"scavenge.pin_objects_precise":0,"scavenge.restore_pinned":0.01,"scavenge.sweep_array_buffers":0,"scavenge.resize_new_space":0,"background.scavenge.parallel":0.022,"incremental.steps_count":0,"incremental.steps_took":0,"scavenge_throughput":3.38647e+06,"quarantined_size":0,"quarantined_pages":0}
[45331:0x881c0c000:0]     3849 ms: GC: {"pause":0.167,"mutator":9.069,"gc":"s","reduce_memory":false,"time_to_safepoint":0,"stack":true,"reason":"allocation failure","collector_reason":"","start_object_size":107816032,"end_object_size":74267680,"start_memory_size":143638528,"end_memory_size":143638528,"start_holes_size":1983576,"end_holes_size":1979544,"pool_local_chunks":0,"pool_shared_chunks":0,"pool_total_chunks":0,"new_space_capacity":33554432,"old_gen_allocation_limit":196580544,"global_allocation_limit":196580640,"allocation_throughput":852246,"new_space_allocation_throughput":768982,"new_space_survive_rate":0,"allocated":33518608,"promoted":4032,"new_space_survived":0,"nodes_died_in_new":0,"nodes_copied_in_new":0,"nodes_promoted":0,"promotion_ratio":0.012017,"average_survival_ratio":34.6968,"promotion_rate":100,"during_sweeping":false,"heap.prologue":0,"heap.epilogue":0,"heap.external.prologue":0,"heap.external.epilogue":0,"heap.external_weak_global_handles":0,"complete.sweep_array_buffers":0,"scavenge":0.155,"scavenge.free_remembered_set":0.001,"scavenge.roots":0.012,"scavenge.weak":0,"scavenge.weak_global_handles.identify":0,"scavenge.weak_global_handles.process":0,"scavenge.parallel":0.009,"scavenge.pin_objects_conservative":0,"scavenge.pin_objects_precise":0,"scavenge.restore_pinned":0.001,"scavenge.sweep_array_buffers":0,"scavenge.resize_new_space":0.001,"background.scavenge.parallel":0.015,"incremental.steps_count":0,"incremental.steps_took":0,"scavenge_throughput":3.83893e+06,"quarantined_size":0,"quarantined_pages":0}
[45331:0x881c0c000:0]     3859 ms: GC: {"pause":0.121,"mutator":9.253,"gc":"s","reduce_memory":false,"time_to_safepoint":0,"stack":true,"reason":"allocation failure","collector_reason":"","start_object_size":107820064,"end_object_size":74267680,"start_memory_size":143638528,"end_memory_size":143638528,"start_holes_size":1979544,"end_holes_size":1979544,"pool_local_chunks":0,"pool_shared_chunks":0,"pool_total_chunks":0,"new_space_capacity":33554432,"old_gen_allocation_limit":196580544,"global_allocation_limit":196580640,"allocation_throughput":1.02459e+06,"new_space_allocation_throughput":946471,"new_space_survive_rate":0,"allocated":33552384,"promoted":0,"new_space_survived":0,"nodes_died_in_new":0,"nodes_copied_in_new":0,"nodes_promoted":0,"promotion_ratio":0,"average_survival_ratio":29.9387,"promotion_rate":0,"during_sweeping":false,"heap.prologue":0,"heap.epilogue":0.001,"heap.external.prologue":0,"heap.external.epilogue":0,"heap.external_weak_global_handles":0,"complete.sweep_array_buffers":0,"scavenge":0.107,"scavenge.free_remembered_set":0.001,"scavenge.roots":0.012,"scavenge.weak":0,"scavenge.weak_global_handles.identify":0,"scavenge.weak_global_handles.process":0,"scavenge.parallel":0,"scavenge.pin_objects_conservative":0,"scavenge.pin_objects_precise":0,"scavenge.restore_pinned":0.001,"scavenge.sweep_array_buffers":0,"scavenge.resize_new_space":0,"background.scavenge.parallel":0,"incremental.steps_count":0,"incremental.steps_took":0,"scavenge_throughput":4.75471e+06,"quarantined_size":0,"quarantined_pages":0}
[45331:0x881c0c000:0]     3868 ms: GC: {"pause":0.167,"mutator":9.055,"gc":"s","reduce_memory":false,"time_to_safepoint":0,"stack":true,"reason":"allocation failure","collector_reason":"","start_object_size":107820064,"end_object_size":74267680,"start_memory_size":143638528,"end_memory_size":143638528,"start_holes_size":1979544,"end_holes_size":1979544,"pool_local_chunks":0,"pool_shared_chunks":0,"pool_total_chunks":0,"new_space_capacity":33554432,"old_gen_allocation_limit":196580544,"global_allocation_limit":196580640,"allocation_throughput":1.18766e+06,"new_space_allocation_throughput":1.1143e+06,"new_space_survive_rate":0,"allocated":33552384,"promoted":0,"new_space_survived":0,"nodes_died_in_new":0,"nodes_copied_in_new":0,"nodes_promoted":0,"promotion_ratio":0,"average_survival_ratio":22.6645,"promotion_rate":0,"during_sweeping":false,"heap.prologue":0,"heap.epilogue":0.001,"heap.external.prologue":0,"heap.external.epilogue":0,"heap.external_weak_global_handles":0,"complete.sweep_array_buffers":0,"scavenge":0.153,"scavenge.free_remembered_set":0,"scavenge.roots":0.014,"scavenge.weak":0,"scavenge.weak_global_handles.identify":0,"scavenge.weak_global_handles.process":0,"scavenge.parallel":0,"scavenge.pin_objects_conservative":0,"scavenge.pin_objects_precise":0,"scavenge.restore_pinned":0.003,"scavenge.sweep_array_buffers":0,"scavenge.resize_new_space":0,"background.scavenge.parallel":0,"incremental.steps_count":0,"incremental.steps_took":0,"scavenge_throughput":4.65613e+06,"quarantined_size":0,"quarantined_pages":0}
[45331:0x881c0c000:0]     3878 ms: GC: {"pause":0.11,"mutator":9.912,"gc":"s","reduce_memory":false,"time_to_safepoint":0,"stack":true,"reason":"allocation failure","collector_reason":"","start_object_size":107820064,"end_object_size":74267680,"start_memory_size":143638528,"end_memory_size":143638528,"start_holes_size":1979544,"end_holes_size":1979544,"pool_local_chunks":0,"pool_shared_chunks":0,"pool_total_chunks":0,"new_space_capacity":33554432,"old_gen_allocation_limit":196580544,"global_allocation_limit":196580640,"allocation_throughput":1.33355e+06,"new_space_allocation_throughput":1.26505e+06,"new_space_survive_rate":0,"allocated":33552384,"promoted":0,"new_space_survived":0,"nodes_died_in_new":0,"nodes_copied_in_new":0,"nodes_promoted":0,"promotion_ratio":0,"average_survival_ratio":14.9114,"promotion_rate":0,"during_sweeping":false,"heap.prologue":0,"heap.epilogue":0.001,"heap.external.prologue":0,"heap.external.epilogue":0,"heap.external_weak_global_handles":0,"complete.sweep_array_buffers":0,"scavenge":0.098,"scavenge.free_remembered_set":0,"scavenge.roots":0.012,"scavenge.weak":0,"scavenge.weak_global_handles.identify":0,"scavenge.weak_global_handles.process":0,"scavenge.parallel":0,"scavenge.pin_objects_conservative":0,"scavenge.pin_objects_precise":0,"scavenge.restore_pinned":0.001,"scavenge.sweep_array_buffers":0,"scavenge.resize_new_space":0,"background.scavenge.parallel":0,"incremental.steps_count":0,"incremental.steps_took":0,"scavenge_throughput":3.60589e+06,"quarantined_size":0,"quarantined_pages":0}
[45331:0x881c0c000:0]     3888 ms: GC: {"pause":0.108,"mutator":9.96,"gc":"s","reduce_memory":false,"time_to_safepoint":0,"stack":true,"reason":"allocation failure","collector_reason":"","start_object_size":107820064,"end_object_size":74267680,"start_memory_size":143638528,"end_memory_size":143638528,"start_holes_size":1979544,"end_holes_size":1979544,"pool_local_chunks":0,"pool_shared_chunks":0,"pool_total_chunks":0,"new_space_capacity":33554432,"old_gen_allocation_limit":196580544,"global_allocation_limit":196580640,"allocation_throughput":1.46929e+06,"new_space_allocation_throughput":1.40537e+06,"new_space_survive_rate":0,"allocated":33552384,"promoted":0,"new_space_survived":0,"nodes_died_in_new":0,"nodes_copied_in_new":0,"nodes_promoted":0,"promotion_ratio":0,"average_survival_ratio":11.5911,"promotion_rate":0,"during_sweeping":false,"heap.prologue":0,"heap.epilogue":0.001,"heap.external.prologue":0,"heap.external.epilogue":0,"heap.external_weak_global_handles":0,"complete.sweep_array_buffers":0,"scavenge":0.095,"scavenge.free_remembered_set":0,"scavenge.roots":0.011,"scavenge.weak":0,"scavenge.weak_global_handles.identify":0,"scavenge.weak_global_handles.process":0,"scavenge.parallel":0,"scavenge.pin_objects_conservative":0,"scavenge.pin_objects_precise":0,"scavenge.restore_pinned":0.001,"scavenge.sweep_array_buffers":0,"scavenge.resize_new_space":0,"background.scavenge.parallel":0,"incremental.steps_count":0,"incremental.steps_took":0,"scavenge_throughput":3.43769e+06,"quarantined_size":0,"quarantined_pages":0}
[45331:0x881c0c000:0]     3898 ms: GC: {"pause":0.104,"mutator":9.836,"gc":"s","reduce_memory":false,"time_to_safepoint":0,"stack":true,"reason":"allocation failure","collector_reason":"","start_object_size":107820064,"end_object_size":74267680,"start_memory_size":143638528,"end_memory_size":143638528,"start_holes_size":1979544,"end_holes_size":1979544,"pool_local_chunks":0,"pool_shared_chunks":0,"pool_total_chunks":0,"new_space_capacity":33554432,"old_gen_allocation_limit":196580544,"global_allocation_limit":196580640,"allocation_throughput":1.59725e+06,"new_space_allocation_throughput":1.53754e+06,"new_space_survive_rate":0,"allocated":33552384,"promoted":0,"new_space_survived":0,"nodes_died_in_new":0,"nodes_copied_in_new":0,"nodes_promoted":0,"promotion_ratio":0,"average_survival_ratio":6.24782,"promotion_rate":0,"during_sweeping":false,"heap.prologue":0,"heap.epilogue":0.001,"heap.external.prologue":0,"heap.external.epilogue":0,"heap.external_weak_global_handles":0,"complete.sweep_array_buffers":0,"scavenge":0.092,"scavenge.free_remembered_set":0,"scavenge.roots":0.01,"scavenge.weak":0,"scavenge.weak_global_handles.identify":0,"scavenge.weak_global_handles.process":0,"scavenge.parallel":0,"scavenge.pin_objects_conservative":0,"scavenge.pin_objects_precise":0,"scavenge.restore_pinned":0.001,"scavenge.sweep_array_buffers":0,"scavenge.resize_new_space":0,"background.scavenge.parallel":0,"incremental.steps_count":0,"incremental.steps_took":0,"scavenge_throughput":2.92121e+06,"quarantined_size":0,"quarantined_pages":0}
[45331:0x881c0c000:0]     3908 ms: GC: {"pause":0.111,"mutator":9.953,"gc":"s","reduce_memory":false,"time_to_safepoint":0,"stack":true,"reason":"allocation failure","collector_reason":"","start_object_size":107820064,"end_object_size":74267680,"start_memory_size":143638528,"end_memory_size":143638528,"start_holes_size":1979544,"end_holes_size":1979544,"pool_local_chunks":0,"pool_shared_chunks":0,"pool_total_chunks":0,"new_space_capacity":33554432,"old_gen_allocation_limit":196580544,"global_allocation_limit":196580640,"allocation_throughput":1.71548e+06,"new_space_allocation_throughput":1.65975e+06,"new_space_survive_rate":0,"allocated":33552384,"promoted":0,"new_space_survived":0,"nodes_died_in_new":0,"nodes_copied_in_new":0,"nodes_promoted":0,"promotion_ratio":0,"average_survival_ratio":2.88783,"promotion_rate":0,"during_sweeping":false,"heap.prologue":0,"heap.epilogue":0.002,"heap.external.prologue":0,"heap.external.epilogue":0,"heap.external_weak_global_handles":0,"complete.sweep_array_buffers":0,"scavenge":0.099,"scavenge.free_remembered_set":0,"scavenge.roots":0.011,"scavenge.weak":0,"scavenge.weak_global_handles.identify":0,"scavenge.weak_global_handles.process":0,"scavenge.parallel":0,"scavenge.pin_objects_conservative":0,"scavenge.pin_objects_precise":0,"scavenge.restore_pinned":0.001,"scavenge.sweep_array_buffers":0,"scavenge.resize_new_space":0,"background.scavenge.parallel":0,"incremental.steps_count":0,"incremental.steps_took":0,"scavenge_throughput":2.72504e+06,"quarantined_size":0,"quarantined_pages":0}
[45331:0x881c0c000:0]     3917 ms: GC: {"pause":0.115,"mutator":9.043,"gc":"s","reduce_memory":false,"time_to_safepoint":0,"stack":true,"reason":"allocation failure","collector_reason":"","start_object_size":107820064,"end_object_size":74267680,"start_memory_size":143638528,"end_memory_size":143638528,"start_holes_size":1979544,"end_holes_size":1979544,"pool_local_chunks":0,"pool_shared_chunks":0,"pool_total_chunks":0,"new_space_capacity":33554432,"old_gen_allocation_limit":196580544,"global_allocation_limit":196580640,"allocation_throughput":1.83665e+06,"new_space_allocation_throughput":1.78431e+06,"new_space_survive_rate":0,"allocated":33552384,"promoted":0,"new_space_survived":0,"nodes_died_in_new":0,"nodes_copied_in_new":0,"nodes_promoted":0,"promotion_ratio":0,"average_survival_ratio":0.643736,"promotion_rate":0,"during_sweeping":false,"heap.prologue":0,"heap.epilogue":0.002,"heap.external.prologue":0,"heap.external.epilogue":0,"heap.external_weak_global_handles":0,"complete.sweep_array_buffers":0,"scavenge":0.101,"scavenge.free_remembered_set":0,"scavenge.roots":0.012,"scavenge.weak":0,"scavenge.weak_global_handles.identify":0,"scavenge.weak_global_handles.process":0,"scavenge.parallel":0,"scavenge.pin_objects_conservative":0,"scavenge.pin_objects_precise":0,"scavenge.restore_pinned":0.001,"scavenge.sweep_array_buffers":0,"scavenge.resize_new_space":0,"background.scavenge.parallel":0,"incremental.steps_count":0,"incremental.steps_took":0,"scavenge_throughput":1.16311e+06,"quarantined_size":0,"quarantined_pages":0}
[45331:0x881c0c000:0]     3926 ms: GC: {"pause":0.126,"mutator":9.102,"gc":"s","reduce_memory":false,"time_to_safepoint":0,"stack":true,"reason":"allocation failure","collector_reason":"","start_object_size":107820064,"end_object_size":74267680,"start_memory_size":143638528,"end_memory_size":143638528,"start_holes_size":1979544,"end_holes_size":1979544,"pool_local_chunks":0,"pool_shared_chunks":0,"pool_total_chunks":0,"new_space_capacity":33554432,"old_gen_allocation_limit":196580544,"global_allocation_limit":196580640,"allocation_throughput":1.9497e+06,"new_space_allocation_throughput":1.90056e+06,"new_space_survive_rate":0,"allocated":33552384,"promoted":0,"new_space_survived":0,"nodes_died_in_new":0,"nodes_copied_in_new":0,"nodes_promoted":0,"promotion_ratio":0,"average_survival_ratio":0.00276821,"promotion_rate":0,"during_sweeping":false,"heap.prologue":0,"heap.epilogue":0.001,"heap.external.prologue":0,"heap.external.epilogue":0,"heap.external_weak_global_handles":0,"complete.sweep_array_buffers":0,"scavenge":0.112,"scavenge.free_remembered_set":0,"scavenge.roots":0.014,"scavenge.weak":0,"scavenge.weak_global_handles.identify":0,"scavenge.weak_global_handles.process":0,"scavenge.parallel":0,"scavenge.pin_objects_conservative":0,"scavenge.pin_objects_precise":0,"scavenge.restore_pinned":0.001,"scavenge.sweep_array_buffers":0,"scavenge.resize_new_space":0,"background.scavenge.parallel":0,"incremental.steps_count":0,"incremental.steps_took":0,"scavenge_throughput":7216.78,"quarantined_size":0,"quarantined_pages":0}
[45331:0x881c0c000:0]     3936 ms: GC: {"pause":0.112,"mutator":9.557,"gc":"s","reduce_memory":false,"time_to_safepoint":0,"stack":true,"reason":"allocation failure","collector_reason":"","start_object_size":107820064,"end_object_size":74267680,"start_memory_size":143638528,"end_memory_size":143638528,"start_holes_size":1979544,"end_holes_size":1979544,"pool_local_chunks":0,"pool_shared_chunks":0,"pool_total_chunks":0,"new_space_capacity":33554432,"old_gen_allocation_limit":196580544,"global_allocation_limit":196580640,"allocation_throughput":2.04972e+06,"new_space_allocation_throughput":2.00373e+06,"new_space_survive_rate":0,"allocated":33552384,"promoted":0,"new_space_survived":0,"nodes_died_in_new":0,"nodes_copied_in_new":0,"nodes_promoted":0,"promotion_ratio":0,"average_survival_ratio":0.0012017,"promotion_rate":0,"during_sweeping":false,"heap.prologue":0,"heap.epilogue":0.002,"heap.external.prologue":0,"heap.external.epilogue":0,"heap.external_weak_global_handles":0,"complete.sweep_array_buffers":0,"scavenge":0.097,"scavenge.free_remembered_set":0,"scavenge.roots":0.013,"scavenge.weak":0,"scavenge.weak_global_handles.identify":0.001,"scavenge.weak_global_handles.process":0,"scavenge.parallel":0,"scavenge.pin_objects_conservative":0,"scavenge.pin_objects_precise":0,"scavenge.restore_pinned":0.001,"scavenge.sweep_array_buffers":0,"scavenge.resize_new_space":0,"background.scavenge.parallel":0,"incremental.steps_count":0,"incremental.steps_took":0,"scavenge_throughput":3248.99,"quarantined_size":0,"quarantined_pages":0}
[45331:0x881c0c000:0]     3946 ms: GC: {"pause":0.108,"mutator":9.896,"gc":"s","reduce_memory":false,"time_to_safepoint":0,"stack":true,"reason":"allocation failure","collector_reason":"","start_object_size":107820064,"end_object_size":74267680,"start_memory_size":143638528,"end_memory_size":143638528,"start_holes_size":1979544,"end_holes_size":1979544,"pool_local_chunks":0,"pool_shared_chunks":0,"pool_total_chunks":0,"new_space_capacity":33554432,"old_gen_allocation_limit":196580544,"global_allocation_limit":196580640,"allocation_throughput":2.13857e+06,"new_space_allocation_throughput":2.09563e+06,"new_space_survive_rate":0,"allocated":33552384,"promoted":0,"new_space_survived":0,"nodes_died_in_new":0,"nodes_copied_in_new":0,"nodes_promoted":0,"promotion_ratio":0,"average_survival_ratio":0,"promotion_rate":0,"during_sweeping":false,"heap.prologue":0,"heap.epilogue":0.001,"heap.external.prologue":0,"heap.external.epilogue":0,"heap.external_weak_global_handles":0,"complete.sweep_array_buffers":0,"scavenge":0.093,"scavenge.free_remembered_set":0,"scavenge.roots":0.011,"scavenge.weak":0,"scavenge.weak_global_handles.identify":0,"scavenge.weak_global_handles.process":0,"scavenge.parallel":0,"scavenge.pin_objects_conservative":0,"scavenge.pin_objects_precise":0,"scavenge.restore_pinned":0.001,"scavenge.sweep_array_buffers":0,"scavenge.resize_new_space":0,"background.scavenge.parallel":0,"incremental.steps_count":0,"incremental.steps_took":0,"scavenge_throughput":1,"quarantined_size":0,"quarantined_pages":0}
[45331:0x881c0c000:0]     3956 ms: GC: {"pause":0.161,"mutator":9.824,"gc":"s","reduce_memory":false,"time_to_safepoint":0,"stack":true,"reason":"allocation failure","collector_reason":"","start_object_size":107820064,"end_object_size":74267680,"start_memory_size":143638528,"end_memory_size":143638528,"start_holes_size":1979544,"end_holes_size":1979544,"pool_local_chunks":0,"pool_shared_chunks":0,"pool_total_chunks":0,"new_space_capacity":33554432,"old_gen_allocation_limit":196580544,"global_allocation_limit":196580640,"allocation_throughput":2.22257e+06,"new_space_allocation_throughput":2.18246e+06,"new_space_survive_rate":0,"allocated":33552384,"promoted":0,"new_space_survived":0,"nodes_died_in_new":0,"nodes_copied_in_new":0,"nodes_promoted":0,"promotion_ratio":0,"average_survival_ratio":0,"promotion_rate":0,"during_sweeping":false,"heap.prologue":0,"heap.epilogue":0.001,"heap.external.prologue":0,"heap.external.epilogue":0,"heap.external_weak_global_handles":0,"complete.sweep_array_buffers":0,"scavenge":0.147,"scavenge.free_remembered_set":0,"scavenge.roots":0.014,"scavenge.weak":0,"scavenge.weak_global_handles.identify":0.001,"scavenge.weak_global_handles.process":0,"scavenge.parallel":0,"scavenge.pin_objects_conservative":0,"scavenge.pin_objects_precise":0,"scavenge.restore_pinned":0.011,"scavenge.sweep_array_buffers":0,"scavenge.resize_new_space":0.001,"background.scavenge.parallel":0,"incremental.steps_count":0,"incremental.steps_took":0,"scavenge_throughput":1,"quarantined_size":0,"quarantined_pages":0}
[45331:0x881c0c000:0]     3966 ms: GC: {"pause":0.11,"mutator":9.911,"gc":"s","reduce_memory":false,"time_to_safepoint":0,"stack":true,"reason":"allocation failure","collector_reason":"","start_object_size":107820064,"end_object_size":74267680,"start_memory_size":143638528,"end_memory_size":143638528,"start_holes_size":1979544,"end_holes_size":1979544,"pool_local_chunks":0,"pool_shared_chunks":0,"pool_total_chunks":0,"new_space_capacity":33554432,"old_gen_allocation_limit":196580544,"global_allocation_limit":196580640,"allocation_throughput":2.29974e+06,"new_space_allocation_throughput":2.26229e+06,"new_space_survive_rate":0,"allocated":33552384,"promoted":0,"new_space_survived":0,"nodes_died_in_new":0,"nodes_copied_in_new":0,"nodes_promoted":0,"promotion_ratio":0,"average_survival_ratio":0,"promotion_rate":0,"during_sweeping":false,"heap.prologue":0,"heap.epilogue":0.002,"heap.external.prologue":0,"heap.external.epilogue":0,"heap.external_weak_global_handles":0,"complete.sweep_array_buffers":0,"scavenge":0.097,"scavenge.free_remembered_set":0,"scavenge.roots":0.012,"scavenge.weak":0,"scavenge.weak_global_handles.identify":0,"scavenge.weak_global_handles.process":0,"scavenge.parallel":0,"scavenge.pin_objects_conservative":0,"scavenge.pin_objects_precise":0,"scavenge.restore_pinned":0.001,"scavenge.sweep_array_buffers":0,"scavenge.resize_new_space":0,"background.scavenge.parallel":0,"incremental.steps_count":0,"incremental.steps_took":0,"scavenge_throughput":1,"quarantined_size":0,"quarantined_pages":0}
[45331:0x881c0c000:0]     3976 ms: GC: {"pause":0.11,"mutator":9.523,"gc":"s","reduce_memory":false,"time_to_safepoint":0,"stack":true,"reason":"allocation failure","collector_reason":"","start_object_size":107820064,"end_object_size":74267680,"start_memory_size":143638528,"end_memory_size":143638528,"start_holes_size":1979544,"end_holes_size":1979544,"pool_local_chunks":0,"pool_shared_chunks":0,"pool_total_chunks":0,"new_space_capacity":33554432,"old_gen_allocation_limit":196580544,"global_allocation_limit":196580640,"allocation_throughput":2.37785e+06,"new_space_allocation_throughput":2.34279e+06,"new_space_survive_rate":0,"allocated":33552384,"promoted":0,"new_space_survived":0,"nodes_died_in_new":0,"nodes_copied_in_new":0,"nodes_promoted":0,"promotion_ratio":0,"average_survival_ratio":0,"promotion_rate":0,"during_sweeping":false,"heap.prologue":0,"heap.epilogue":0.001,"heap.external.prologue":0,"heap.external.epilogue":0,"heap.external_weak_global_handles":0,"complete.sweep_array_buffers":0,"scavenge":0.096,"scavenge.free_remembered_set":0.001,"scavenge.roots":0.011,"scavenge.weak":0,"scavenge.weak_global_handles.identify":0,"scavenge.weak_global_handles.process":0,"scavenge.parallel":0,"scavenge.pin_objects_conservative":0,"scavenge.pin_objects_precise":0,"scavenge.restore_pinned":0,"scavenge.sweep_array_buffers":0,"scavenge.resize_new_space":0.001,"background.scavenge.parallel":0,"incremental.steps_count":0,"incremental.steps_took":0,"scavenge_throughput":1,"quarantined_size":0,"quarantined_pages":0}
[45331:0x881c0c000:0]     3985 ms: GC: {"pause":0.115,"mutator":9.533,"gc":"s","reduce_memory":false,"time_to_safepoint":0,"stack":true,"reason":"allocation failure","collector_reason":"","start_object_size":107820064,"end_object_size":74267680,"start_memory_size":143638528,"end_memory_size":143638528,"start_holes_size":1979544,"end_holes_size":1979544,"pool_local_chunks":0,"pool_shared_chunks":0,"pool_total_chunks":0,"new_space_capacity":33554432,"old_gen_allocation_limit":196580544,"global_allocation_limit":196580640,"allocation_throughput":2.45082e+06,"new_space_allocation_throughput":2.41801e+06,"new_space_survive_rate":0,"allocated":33552384,"promoted":0,"new_space_survived":0,"nodes_died_in_new":0,"nodes_copied_in_new":0,"nodes_promoted":0,"promotion_ratio":0,"average_survival_ratio":0,"promotion_rate":0,"during_sweeping":false,"heap.prologue":0,"heap.epilogue":0.001,"heap.external.prologue":0,"heap.external.epilogue":0,"heap.external_weak_global_handles":0,"complete.sweep_array_buffers":0,"scavenge":0.102,"scavenge.free_remembered_set":0,"scavenge.roots":0.012,"scavenge.weak":0,"scavenge.weak_global_handles.identify":0,"scavenge.weak_global_handles.process":0,"scavenge.parallel":0,"scavenge.pin_objects_conservative":0,"scavenge.pin_objects_precise":0,"scavenge.restore_pinned":0,"scavenge.sweep_array_buffers":0,"scavenge.resize_new_space":0,"background.scavenge.parallel":0,"incremental.steps_count":0,"incremental.steps_took":0,"scavenge_throughput":1,"quarantined_size":0,"quarantined_pages":0}
[45331:0x881c0c000:0]     3996 ms: GC: {"pause":0.118,"mutator":10.241,"gc":"s","reduce_memory":false,"time_to_safepoint":0,"stack":true,"reason":"allocation failure","collector_reason":"","start_object_size":107820064,"end_object_size":74267680,"start_memory_size":143638528,"end_memory_size":143638528,"start_holes_size":1979544,"end_holes_size":1979544,"pool_local_chunks":0,"pool_shared_chunks":0,"pool_total_chunks":0,"new_space_capacity":33554432,"old_gen_allocation_limit":196580544,"global_allocation_limit":196580640,"allocation_throughput":2.50734e+06,"new_space_allocation_throughput":2.47677e+06,"new_space_survive_rate":0,"allocated":33552384,"promoted":0,"new_space_survived":0,"nodes_died_in_new":0,"nodes_copied_in_new":0,"nodes_promoted":0,"promotion_ratio":0,"average_survival_ratio":0,"promotion_rate":0,"during_sweeping":false,"heap.prologue":0,"heap.epilogue":0.001,"heap.external.prologue":0,"heap.external.epilogue":0,"heap.external_weak_global_handles":0,"complete.sweep_array_buffers":0,"scavenge":0.104,"scavenge.free_remembered_set":0,"scavenge.roots":0.012,"scavenge.weak":0,"scavenge.weak_global_handles.identify":0.001,"scavenge.weak_global_handles.process":0,"scavenge.parallel":0,"scavenge.pin_objects_conservative":0,"scavenge.pin_objects_precise":0,"scavenge.restore_pinned":0.001,"scavenge.sweep_array_buffers":0,"scavenge.resize_new_space":0,"background.scavenge.parallel":0,"incremental.steps_count":0,"incremental.steps_took":0,"scavenge_throughput":1,"quarantined_size":0,"quarantined_pages":0}
[45331:0x881c0c000:0]     4006 ms: GC: {"pause":0.125,"mutator":9.94,"gc":"s","reduce_memory":false,"time_to_safepoint":0,"stack":true,"reason":"allocation failure","collector_reason":"","start_object_size":107820064,"end_object_size":74267680,"start_memory_size":143638528,"end_memory_size":143638528,"start_holes_size":1979544,"end_holes_size":1979544,"pool_local_chunks":0,"pool_shared_chunks":0,"pool_total_chunks":0,"new_space_capacity":33554432,"old_gen_allocation_limit":196580544,"global_allocation_limit":196580640,"allocation_throughput":2.5651e+06,"new_space_allocation_throughput":2.53658e+06,"new_space_survive_rate":0,"allocated":33552384,"promoted":0,"new_space_survived":0,"nodes_died_in_new":0,"nodes_copied_in_new":0,"nodes_promoted":0,"promotion_ratio":0,"average_survival_ratio":0,"promotion_rate":0,"during_sweeping":false,"heap.prologue":0,"heap.epilogue":0.002,"heap.external.prologue":0,"heap.external.epilogue":0,"heap.external_weak_global_handles":0,"complete.sweep_array_buffers":0,"scavenge":0.108,"scavenge.free_remembered_set":0,"scavenge.roots":0.015,"scavenge.weak":0,"scavenge.weak_global_handles.identify":0,"scavenge.weak_global_handles.process":0.001,"scavenge.parallel":0,"scavenge.pin_objects_conservative":0,"scavenge.pin_objects_precise":0,"scavenge.restore_pinned":0.001,"scavenge.sweep_array_buffers":0,"scavenge.resize_new_space":0,"background.scavenge.parallel":0,"incremental.steps_count":0,"incremental.steps_took":0,"scavenge_throughput":1,"quarantined_size":0,"quarantined_pages":0}
[45331:0x881c0c000:0]     4016 ms: GC: {"pause":0.121,"mutator":9.929,"gc":"s","reduce_memory":false,"time_to_safepoint":0,"stack":true,"reason":"allocation failure","collector_reason":"","start_object_size":107820064,"end_object_size":74267680,"start_memory_size":143638528,"end_memory_size":143638528,"start_holes_size":1979544,"end_holes_size":1979544,"pool_local_chunks":0,"pool_shared_chunks":0,"pool_total_chunks":0,"new_space_capacity":33554432,"old_gen_allocation_limit":196580544,"global_allocation_limit":196580640,"allocation_throughput":2.61922e+06,"new_space_allocation_throughput":2.59258e+06,"new_space_survive_rate":0,"allocated":33552384,"promoted":0,"new_space_survived":0,"nodes_died_in_new":0,"nodes_copied_in_new":0,"nodes_promoted":0,"promotion_ratio":0,"average_survival_ratio":0,"promotion_rate":0,"during_sweeping":false,"heap.prologue":0,"heap.epilogue":0.002,"heap.external.prologue":0,"heap.external.epilogue":0,"heap.external_weak_global_handles":0,"complete.sweep_array_buffers":0,"scavenge":0.105,"scavenge.free_remembered_set":0,"scavenge.roots":0.01,"scavenge.weak":0,"scavenge.weak_global_handles.identify":0,"scavenge.weak_global_handles.process":0,"scavenge.parallel":0,"scavenge.pin_objects_conservative":0,"scavenge.pin_objects_precise":0,"scavenge.restore_pinned":0.001,"scavenge.sweep_array_buffers":0,"scavenge.resize_new_space":0,"background.scavenge.parallel":0,"incremental.steps_count":0,"incremental.steps_took":0,"scavenge_throughput":1,"quarantined_size":0,"quarantined_pages":0}
[45331:0x881c0c000:0]     4025 ms: GC: {"pause":0.203,"mutator":9.084,"gc":"s","reduce_memory":false,"time_to_safepoint":0,"stack":true,"reason":"allocation failure","collector_reason":"","start_object_size":107820064,"end_object_size":74267680,"start_memory_size":143638528,"end_memory_size":143638528,"start_holes_size":1979544,"end_holes_size":1979544,"pool_local_chunks":0,"pool_shared_chunks":0,"pool_total_chunks":0,"new_space_capacity":33554432,"old_gen_allocation_limit":196580544,"global_allocation_limit":196580640,"allocation_throughput":2.68472e+06,"new_space_allocation_throughput":2.65972e+06,"new_space_survive_rate":0,"allocated":33552384,"promoted":0,"new_space_survived":0,"nodes_died_in_new":0,"nodes_copied_in_new":0,"nodes_promoted":0,"promotion_ratio":0,"average_survival_ratio":0,"promotion_rate":0,"during_sweeping":false,"heap.prologue":0,"heap.epilogue":0.002,"heap.external.prologue":0,"heap.external.epilogue":0,"heap.external_weak_global_handles":0,"complete.sweep_array_buffers":0,"scavenge":0.189,"scavenge.free_remembered_set":0,"scavenge.roots":0.038,"scavenge.weak":0,"scavenge.weak_global_handles.identify":0.001,"scavenge.weak_global_handles.process":0,"scavenge.parallel":0,"scavenge.pin_objects_conservative":0,"scavenge.pin_objects_precise":0,"scavenge.restore_pinned":0.01,"scavenge.sweep_array_buffers":0,"scavenge.resize_new_space":0.001,"background.scavenge.parallel":0,"incremental.steps_count":0,"incremental.steps_took":0,"scavenge_throughput":1,"quarantined_size":0,"quarantined_pages":0}
[45331:0x881c0c000:0]     4035 ms: GC: {"pause":0.114,"mutator":10.197,"gc":"s","reduce_memory":false,"time_to_safepoint":0,"stack":true,"reason":"allocation failure","collector_reason":"","start_object_size":107820064,"end_object_size":74267680,"start_memory_size":143638528,"end_memory_size":143638528,"start_holes_size":1979544,"end_holes_size":1979544,"pool_local_chunks":0,"pool_shared_chunks":0,"pool_total_chunks":0,"new_space_capacity":33554432,"old_gen_allocation_limit":196580544,"global_allocation_limit":196580640,"allocation_throughput":2.726e+06,"new_space_allocation_throughput":2.7027e+06,"new_space_survive_rate":0,"allocated":33552384,"promoted":0,"new_space_survived":0,"nodes_died_in_new":0,"nodes_copied_in_new":0,"nodes_promoted":0,"promotion_ratio":0,"average_survival_ratio":0,"promotion_rate":0,"during_sweeping":false,"heap.prologue":0,"heap.epilogue":0.001,"heap.external.prologue":0,"heap.external.epilogue":0,"heap.external_weak_global_handles":0,"complete.sweep_array_buffers":0,"scavenge":0.1,"scavenge.free_remembered_set":0,"scavenge.roots":0.012,"scavenge.weak":0,"scavenge.weak_global_handles.identify":0,"scavenge.weak_global_handles.process":0,"scavenge.parallel":0,"scavenge.pin_objects_conservative":0,"scavenge.pin_objects_precise":0,"scavenge.restore_pinned":0.001,"scavenge.sweep_array_buffers":0,"scavenge.resize_new_space":0,"background.scavenge.parallel":0,"incremental.steps_count":0,"incremental.steps_took":0,"scavenge_throughput":1,"quarantined_size":0,"quarantined_pages":0}
[45331:0x881c0c000:0]     4045 ms: GC: {"pause":0.138,"mutator":9.248,"gc":"s","reduce_memory":false,"time_to_safepoint":0,"stack":true,"reason":"allocation failure","collector_reason":"","start_object_size":107820064,"end_object_size":74267680,"start_memory_size":143638528,"end_memory_size":143638528,"start_holes_size":1979544,"end_holes_size":1979544,"pool_local_chunks":0,"pool_shared_chunks":0,"pool_total_chunks":0,"new_space_capacity":33554432,"old_gen_allocation_limit":196580544,"global_allocation_limit":196580640,"allocation_throughput":2.78198e+06,"new_space_allocation_throughput":2.76012e+06,"new_space_survive_rate":0,"allocated":33552384,"promoted":0,"new_space_survived":0,"nodes_died_in_new":0,"nodes_copied_in_new":0,"nodes_promoted":0,"promotion_ratio":0,"average_survival_ratio":0,"promotion_rate":0,"during_sweeping":false,"heap.prologue":0,"heap.epilogue":0.002,"heap.external.prologue":0,"heap.external.epilogue":0,"heap.external_weak_global_handles":0,"complete.sweep_array_buffers":0,"scavenge":0.123,"scavenge.free_remembered_set":0,"scavenge.roots":0.016,"scavenge.weak":0,"scavenge.weak_global_handles.identify":0,"scavenge.weak_global_handles.process":0,"scavenge.parallel":0,"scavenge.pin_objects_conservative":0,"scavenge.pin_objects_precise":0,"scavenge.restore_pinned":0.001,"scavenge.sweep_array_buffers":0,"scavenge.resize_new_space":0,"background.scavenge.parallel":0,"incremental.steps_count":0,"incremental.steps_took":0,"scavenge_throughput":1,"quarantined_size":0,"quarantined_pages":0}
[45331:0x881c0c000:0]     4056 ms: GC: {"pause":0.17,"mutator":10.619,"gc":"s","reduce_memory":false,"time_to_safepoint":0,"stack":true,"reason":"allocation failure","collector_reason":"","start_object_size":107820064,"end_object_size":74267680,"start_memory_size":143638528,"end_memory_size":143638528,"start_holes_size":1979544,"end_holes_size":1979544,"pool_local_chunks":0,"pool_shared_chunks":0,"pool_total_chunks":0,"new_space_capacity":33554432,"old_gen_allocation_limit":196580544,"global_allocation_limit":196580640,"allocation_throughput":2.80872e+06,"new_space_allocation_throughput":2.78842e+06,"new_space_survive_rate":0,"allocated":33552384,"promoted":0,"new_space_survived":0,"nodes_died_in_new":0,"nodes_copied_in_new":0,"nodes_promoted":0,"promotion_ratio":0,"average_survival_ratio":0,"promotion_rate":0,"during_sweeping":false,"heap.prologue":0,"heap.epilogue":0.002,"heap.external.prologue":0,"heap.external.epilogue":0,"heap.external_weak_global_handles":0,"complete.sweep_array_buffers":0,"scavenge":0.157,"scavenge.free_remembered_set":0,"scavenge.roots":0.011,"scavenge.weak":0,"scavenge.weak_global_handles.identify":0,"scavenge.weak_global_handles.process":0,"scavenge.parallel":0,"scavenge.pin_objects_conservative":0,"scavenge.pin_objects_precise":0,"scavenge.restore_pinned":0.011,"scavenge.sweep_array_buffers":0,"scavenge.resize_new_space":0,"background.scavenge.parallel":0,"incremental.steps_count":0,"incremental.steps_took":0,"scavenge_throughput":1,"quarantined_size":0,"quarantined_pages":0}
[45331:0x881c0c000:0]     4071 ms: GC: {"pause":0.117,"mutator":15.482,"gc":"s","reduce_memory":false,"time_to_safepoint":0,"stack":true,"reason":"allocation failure","collector_reason":"","start_object_size":107820064,"end_object_size":74267680,"start_memory_size":143638528,"end_memory_size":143638528,"start_holes_size":1979544,"end_holes_size":1979544,"pool_local_chunks":0,"pool_shared_chunks":0,"pool_total_chunks":0,"new_space_capacity":33554432,"old_gen_allocation_limit":196580544,"global_allocation_limit":196580640,"allocation_throughput":2.7434e+06,"new_space_allocation_throughput":2.72517e+06,"new_space_survive_rate":0,"allocated":33552384,"promoted":0,"new_space_survived":0,"nodes_died_in_new":0,"nodes_copied_in_new":0,"nodes_promoted":0,"promotion_ratio":0,"average_survival_ratio":0,"promotion_rate":0,"during_sweeping":false,"heap.prologue":0,"heap.epilogue":0.001,"heap.external.prologue":0,"heap.external.epilogue":0,"heap.external_weak_global_handles":0,"complete.sweep_array_buffers":0,"scavenge":0.108,"scavenge.free_remembered_set":0,"scavenge.roots":0.01,"scavenge.weak":0,"scavenge.weak_global_handles.identify":0,"scavenge.weak_global_handles.process":0,"scavenge.parallel":0,"scavenge.pin_objects_conservative":0,"scavenge.pin_objects_precise":0,"scavenge.restore_pinned":0.001,"scavenge.sweep_array_buffers":0,"scavenge.resize_new_space":0,"background.scavenge.parallel":0,"incremental.steps_count":0,"incremental.steps_took":0,"scavenge_throughput":1,"quarantined_size":0,"quarantined_pages":0}
[45331:0x881c0c000:0]     4086 ms: GC: {"pause":0.178,"mutator":14.836,"gc":"s","reduce_memory":false,"time_to_safepoint":0,"stack":true,"reason":"allocation failure","collector_reason":"","start_object_size":107820064,"end_object_size":74267680,"start_memory_size":143638528,"end_memory_size":143638528,"start_holes_size":1979544,"end_holes_size":1979544,"pool_local_chunks":0,"pool_shared_chunks":0,"pool_total_chunks":0,"new_space_capacity":33554432,"old_gen_allocation_limit":196580544,"global_allocation_limit":196580640,"allocation_throughput":2.6963e+06,"new_space_allocation_throughput":2.67984e+06,"new_space_survive_rate":0,"allocated":33552384,"promoted":0,"new_space_survived":0,"nodes_died_in_new":0,"nodes_copied_in_new":0,"nodes_promoted":0,"promotion_ratio":0,"average_survival_ratio":0,"promotion_rate":0,"during_sweeping":false,"heap.prologue":0,"heap.epilogue":0.001,"heap.external.prologue":0,"heap.external.epilogue":0,"heap.external_weak_global_handles":0,"complete.sweep_array_buffers":0,"scavenge":0.161,"scavenge.free_remembered_set":0,"scavenge.roots":0.012,"scavenge.weak":0,"scavenge.weak_global_handles.identify":0.001,"scavenge.weak_global_handles.process":0.001,"scavenge.parallel":0,"scavenge.pin_objects_conservative":0,"scavenge.pin_objects_precise":0,"scavenge.restore_pinned":0.011,"scavenge.sweep_array_buffers":0,"scavenge.resize_new_space":0.001,"background.scavenge.parallel":0,"incremental.steps_count":0,"incremental.steps_took":0,"scavenge_throughput":1,"quarantined_size":0,"quarantined_pages":0}
[45331:0x881c0c000:0]     4105 ms: GC: {"pause":0.115,"mutator":19.099,"gc":"s","reduce_memory":false,"time_to_safepoint":0,"stack":true,"reason":"allocation failure","collector_reason":"","start_object_size":107820064,"end_object_size":74267680,"start_memory_size":143638528,"end_memory_size":143638528,"start_holes_size":1979544,"end_holes_size":1979544,"pool_local_chunks":0,"pool_shared_chunks":0,"pool_total_chunks":0,"new_space_capacity":33554432,"old_gen_allocation_limit":196580544,"global_allocation_limit":196580640,"allocation_throughput":2.57975e+06,"new_space_allocation_throughput":2.56534e+06,"new_space_survive_rate":0,"allocated":33552384,"promoted":0,"new_space_survived":0,"nodes_died_in_new":0,"nodes_copied_in_new":0,"nodes_promoted":0,"promotion_ratio":0,"average_survival_ratio":0,"promotion_rate":0,"during_sweeping":false,"heap.prologue":0,"heap.epilogue":0.002,"heap.external.prologue":0,"heap.external.epilogue":0,"heap.external_weak_global_handles":0,"complete.sweep_array_buffers":0,"scavenge":0.101,"scavenge.free_remembered_set":0,"scavenge.roots":0.012,"scavenge.weak":0,"scavenge.weak_global_handles.identify":0,"scavenge.weak_global_handles.process":0,"scavenge.parallel":0,"scavenge.pin_objects_conservative":0,"scavenge.pin_objects_precise":0,"scavenge.restore_pinned":0.001,"scavenge.sweep_array_buffers":0,"scavenge.resize_new_space":0,"background.scavenge.parallel":0,"incremental.steps_count":0,"incremental.steps_took":0,"scavenge_throughput":1,"quarantined_size":0,"quarantined_pages":0}
[45331:0x881c0c000:0]     4125 ms: GC: {"pause":0.104,"mutator":19.042,"gc":"s","reduce_memory":false,"time_to_safepoint":0,"stack":true,"reason":"allocation failure","collector_reason":"","start_object_size":107820064,"end_object_size":74267680,"start_memory_size":143638528,"end_memory_size":143638528,"start_holes_size":1979544,"end_holes_size":1979544,"pool_local_chunks":0,"pool_shared_chunks":0,"pool_total_chunks":0,"new_space_capacity":33554432,"old_gen_allocation_limit":196580544,"global_allocation_limit":196580640,"allocation_throughput":2.47859e+06,"new_space_allocation_throughput":2.46596e+06,"new_space_survive_rate":0,"allocated":33552384,"promoted":0,"new_space_survived":0,"nodes_died_in_new":0,"nodes_copied_in_new":0,"nodes_promoted":0,"promotion_ratio":0,"average_survival_ratio":0,"promotion_rate":0,"during_sweeping":false,"heap.prologue":0,"heap.epilogue":0.001,"heap.external.prologue":0,"heap.external.epilogue":0,"heap.external_weak_global_handles":0,"complete.sweep_array_buffers":0,"scavenge":0.092,"scavenge.free_remembered_set":0,"scavenge.roots":0.011,"scavenge.weak":0,"scavenge.weak_global_handles.identify":0,"scavenge.weak_global_handles.process":0,"scavenge.parallel":0,"scavenge.pin_objects_conservative":0,"scavenge.pin_objects_precise":0,"scavenge.restore_pinned":0.001,"scavenge.sweep_array_buffers":0,"scavenge.resize_new_space":0,"background.scavenge.parallel":0,"incremental.steps_count":0,"incremental.steps_took":0,"scavenge_throughput":1,"quarantined_size":0,"quarantined_pages":0}
[45331:0x881c0c000:0]     4140 ms: GC: {"pause":0.318,"mutator":14.443,"gc":"s","reduce_memory":false,"time_to_safepoint":0,"stack":true,"reason":"allocation failure","collector_reason":"","start_object_size":107820064,"end_object_size":74267680,"start_memory_size":143638528,"end_memory_size":143638528,"start_holes_size":1979544,"end_holes_size":1979544,"pool_local_chunks":0,"pool_shared_chunks":0,"pool_total_chunks":0,"new_space_capacity":33554432,"old_gen_allocation_limit":196580544,"global_allocation_limit":196580640,"allocation_throughput":2.46374e+06,"new_space_allocation_throughput":2.45231e+06,"new_space_survive_rate":0,"allocated":33552384,"promoted":0,"new_space_survived":0,"nodes_died_in_new":0,"nodes_copied_in_new":0,"nodes_promoted":0,"promotion_ratio":0,"average_survival_ratio":0,"promotion_rate":0,"during_sweeping":false,"heap.prologue":0,"heap.epilogue":0.002,"heap.external.prologue":0,"heap.external.epilogue":0,"heap.external_weak_global_handles":0,"complete.sweep_array_buffers":0,"scavenge":0.124,"scavenge.free_remembered_set":0,"scavenge.roots":0.017,"scavenge.weak":0,"scavenge.weak_global_handles.identify":0,"scavenge.weak_global_handles.process":0,"scavenge.parallel":0,"scavenge.pin_objects_conservative":0,"scavenge.pin_objects_precise":0,"scavenge.restore_pinned":0.001,"scavenge.sweep_array_buffers":0,"scavenge.resize_new_space":0,"background.scavenge.parallel":0,"incremental.steps_count":0,"incremental.steps_took":0,"scavenge_throughput":1,"quarantined_size":0,"quarantined_pages":0}
[45331:0x881c0c000:0]     4155 ms: GC: {"pause":0.282,"mutator":14.882,"gc":"s","reduce_memory":false,"time_to_safepoint":0,"stack":true,"reason":"allocation failure","collector_reason":"","start_object_size":107820064,"end_object_size":74267680,"start_memory_size":143638528,"end_memory_size":143638528,"start_holes_size":1979544,"end_holes_size":1979544,"pool_local_chunks":0,"pool_shared_chunks":0,"pool_total_chunks":0,"new_space_capacity":33554432,"old_gen_allocation_limit":196580544,"global_allocation_limit":196580640,"allocation_throughput":2.44319e+06,"new_space_allocation_throughput":2.43288e+06,"new_space_survive_rate":0,"allocated":33552384,"promoted":0,"new_space_survived":0,"nodes_died_in_new":0,"nodes_copied_in_new":0,"nodes_promoted":0,"promotion_ratio":0,"average_survival_ratio":0,"promotion_rate":0,"during_sweeping":false,"heap.prologue":0,"heap.epilogue":0.173,"heap.external.prologue":0,"heap.external.epilogue":0,"heap.external_weak_global_handles":0,"complete.sweep_array_buffers":0,"scavenge":0.096,"scavenge.free_remembered_set":0,"scavenge.roots":0.012,"scavenge.weak":0,"scavenge.weak_global_handles.identify":0,"scavenge.weak_global_handles.process":0,"scavenge.parallel":0,"scavenge.pin_objects_conservative":0,"scavenge.pin_objects_precise":0,"scavenge.restore_pinned":0.001,"scavenge.sweep_array_buffers":0,"scavenge.resize_new_space":0.001,"background.scavenge.parallel":0,"incremental.steps_count":0,"incremental.steps_took":0,"scavenge_throughput":1,"quarantined_size":0,"quarantined_pages":0}
[45331:0x881c0c000:0]     4167 ms: GC: {"pause":0.225,"mutator":12.399,"gc":"s","reduce_memory":false,"time_to_safepoint":0,"stack":true,"reason":"allocation failure","collector_reason":"","start_object_size":107820064,"end_object_size":74267680,"start_memory_size":143638528,"end_memory_size":143638528,"start_holes_size":1979544,"end_holes_size":1979544,"pool_local_chunks":0,"pool_shared_chunks":0,"pool_total_chunks":0,"new_space_capacity":33554432,"old_gen_allocation_limit":196580544,"global_allocation_limit":196580640,"allocation_throughput":2.46199e+06,"new_space_allocation_throughput":2.45254e+06,"new_space_survive_rate":0,"allocated":33552384,"promoted":0,"new_space_survived":0,"nodes_died_in_new":0,"nodes_copied_in_new":0,"nodes_promoted":0,"promotion_ratio":0,"average_survival_ratio":0,"promotion_rate":0,"during_sweeping":false,"heap.prologue":0,"heap.epilogue":0.002,"heap.external.prologue":0,"heap.external.epilogue":0,"heap.external_weak_global_handles":0,"complete.sweep_array_buffers":0,"scavenge":0.208,"scavenge.free_remembered_set":0,"scavenge.roots":0.014,"scavenge.weak":0,"scavenge.weak_global_handles.identify":0,"scavenge.weak_global_handles.process":0,"scavenge.parallel":0,"scavenge.pin_objects_conservative":0,"scavenge.pin_objects_precise":0,"scavenge.restore_pinned":0.022,"scavenge.sweep_array_buffers":0,"scavenge.resize_new_space":0.001,"background.scavenge.parallel":0,"incremental.steps_count":0,"incremental.steps_took":0,"scavenge_throughput":1,"quarantined_size":0,"quarantined_pages":0}
[45331:0x881c0c000:0]     4177 ms: GC: {"pause":0.106,"mutator":9.923,"gc":"s","reduce_memory":false,"time_to_safepoint":0,"stack":true,"reason":"allocation failure","collector_reason":"","start_object_size":107820064,"end_object_size":74267680,"start_memory_size":143638528,"end_memory_size":143638528,"start_holes_size":1979544,"end_holes_size":1979544,"pool_local_chunks":0,"pool_shared_chunks":0,"pool_total_chunks":0,"new_space_capacity":33554432,"old_gen_allocation_limit":196580544,"global_allocation_limit":196580640,"allocation_throughput":2.52304e+06,"new_space_allocation_throughput":2.51422e+06,"new_space_survive_rate":0,"allocated":33552384,"promoted":0,"new_space_survived":0,"nodes_died_in_new":0,"nodes_copied_in_new":0,"nodes_promoted":0,"promotion_ratio":0,"average_survival_ratio":0,"promotion_rate":0,"during_sweeping":false,"heap.prologue":0,"heap.epilogue":0.001,"heap.external.prologue":0,"heap.external.epilogue":0,"heap.external_weak_global_handles":0,"complete.sweep_array_buffers":0,"scavenge":0.095,"scavenge.free_remembered_set":0,"scavenge.roots":0.01,"scavenge.weak":0,"scavenge.weak_global_handles.identify":0.001,"scavenge.weak_global_handles.process":0,"scavenge.parallel":0,"scavenge.pin_objects_conservative":0,"scavenge.pin_objects_precise":0,"scavenge.restore_pinned":0.001,"scavenge.sweep_array_buffers":0,"scavenge.resize_new_space":0,"background.scavenge.parallel":0,"incremental.steps_count":0,"incremental.steps_took":0,"scavenge_throughput":1,"quarantined_size":0,"quarantined_pages":0}
[45331:0x881c0c000:0]     4188 ms: GC: {"pause":0.145,"mutator":10.333,"gc":"s","reduce_memory":false,"time_to_safepoint":0,"stack":true,"reason":"allocation failure","collector_reason":"","start_object_size":107820064,"end_object_size":74267680,"start_memory_size":143638528,"end_memory_size":143638528,"start_holes_size":1979544,"end_holes_size":1979544,"pool_local_chunks":0,"pool_shared_chunks":0,"pool_total_chunks":0,"new_space_capacity":33554432,"old_gen_allocation_limit":196580544,"global_allocation_limit":196580640,"allocation_throughput":2.57307e+06,"new_space_allocation_throughput":2.56486e+06,"new_space_survive_rate":0,"allocated":33552384,"promoted":0,"new_space_survived":0,"nodes_died_in_new":0,"nodes_copied_in_new":0,"nodes_promoted":0,"promotion_ratio":0,"average_survival_ratio":0,"promotion_rate":0,"during_sweeping":false,"heap.prologue":0,"heap.epilogue":0.002,"heap.external.prologue":0,"heap.external.epilogue":0,"heap.external_weak_global_handles":0,"complete.sweep_array_buffers":0,"scavenge":0.132,"scavenge.free_remembered_set":0,"scavenge.roots":0.013,"scavenge.weak":0,"scavenge.weak_global_handles.identify":0,"scavenge.weak_global_handles.process":0,"scavenge.parallel":0,"scavenge.pin_objects_conservative":0,"scavenge.pin_objects_precise":0,"scavenge.restore_pinned":0.011,"scavenge.sweep_array_buffers":0,"scavenge.resize_new_space":0.001,"background.scavenge.parallel":0,"incremental.steps_count":0,"incremental.steps_took":0,"scavenge_throughput":1,"quarantined_size":0,"quarantined_pages":0}
[bailout (kind: deopt-eager, reason: Insufficient type feedback for generic named access): begin. deoptimizing 0x2a37db27d189 <JSFunction (sfi = 0x12c7b802a881)>, 0x38a68fb26ec9 <Code TURBOFAN_JS>, opt id 367, bytecode offset 606, deopt exit 20, FP to SP delta 272, caller SP 0x00016f025780, pc 0x000117c39264]
{"mode":"staged","elapsedMs":362.4273750000002,"final":{"suggestions":[],"secondarySpans":[],"diagnostics":[],"liveDepth":0,"maxDepth":0,"src":"text-box","value":{"value":"text-box","span":{"start":0,"end":8}},"offset":8,"isError":false,"furthest":0},"plan":{"terminals":753,"states":4838,"asciiAlphabet":27,"asciiCells":130626,"coldEdges":0,"tableBytes":271056}}
