[80312:0x8b940c000]        6 ms: Scavenge 1.4 (2.8) -> 0.7 (3.2) MB, pooled: 0.0 MB, 0.25 / 0.00 ms (average mu = 1.000, current mu = 1.000) allocation failure;
[80312:0x8b940c000]        9 ms: Scavenge 1.8 (4.2) -> 1.5 (4.5) MB, pooled: 0.0 MB, 0.23 / 0.00 ms (average mu = 1.000, current mu = 1.000) allocation failure;
[80312:0x8b940c000]       18 ms: Scavenge 2.8 (5.1) -> 2.6 (5.9) MB, pooled: 0.0 MB, 0.25 / 0.00 ms (average mu = 1.000, current mu = 1.000) allocation failure;
[bailout (kind: deopt-eager, reason: wrong map): begin. deoptimizing 0x22ed513964e9 <JSFunction next (sfi = 0xe7ab6f897c1)>, 0x187a2a2017c9 <Code MAGLEV>, opt id 2, bytecode offset 3, deopt exit 0, FP to SP delta 32, caller SP 0x00016da7db38, pc 0x000118d853b4]
[80312:0x8b940c000]       57 ms: Scavenge 7.5 (9.3) -> 6.6 (10.1) MB, pooled: 0.0 MB, 0.28 / 0.00 ms (average mu = 1.000, current mu = 1.000) allocation failure;
[80312:0x8b940c000]       69 ms: Scavenge 8.6 (11.3) -> 8.0 (12.6) MB, pooled: 0.0 MB, 0.34 / 0.00 ms (average mu = 1.000, current mu = 1.000) allocation failure;
[bailout (kind: deopt-eager, reason: wrong map): begin. deoptimizing 0x2059077f7381 <JSFunction requireBuiltin (sfi = 0xe7ab6f9e731)>, 0x1b9c187c3df9 <Code MAGLEV>, opt id 6, bytecode offset 4, deopt exit 0, FP to SP delta 32, caller SP 0x00016da79bf0, pc 0x000118da4f6c]
[bailout (kind: deopt-lazy, reason: (unknown)): begin. deoptimizing 0x2059077f7381 <JSFunction requireBuiltin (sfi = 0xe7ab6f9e731)>, 0x1b9c187c3df9 <Code MAGLEV>, opt id 6, bytecode offset 72, deopt exit 4, FP to SP delta 32, caller SP 0x00016da7a380, pc 0x000118da4f7c]
[80312:0x8b940c000]      112 ms: Scavenge 13.5 (16.7) -> 11.7 (17.5) MB, pooled: 0.0 MB, 0.38 / 0.00 ms (average mu = 1.000, current mu = 1.000) allocation failure;
[80312:0x8b940c000]      123 ms: Incremental Mark-Compact 13.5 (18.5) -> 10.2 (18.6) MB, pooled: 0.0 MB, 0.79 / 0.00 ms (+ 1.3 ms in 67 steps since start of marking, biggest step 0.1 ms, walltime since start of marking 2 ms) (average mu = 0.983, current mu = 0.983) finalize incremental marking via task; GC in old space requested
[bailout (kind: deopt-eager, reason: Insufficient type feedback for binary operation): begin. deoptimizing 0x098de7b86889 <JSFunction markTransferMode (sfi = 0x27e99f1fa351)>, 0x23b262e83171 <Code MAGLEV>, opt id 21, bytecode offset 69, deopt exit 1, FP to SP delta 32, caller SP 0x00016da75670, pc 0x000118dd7e10]
[bailout (kind: deopt-eager, reason: Insufficient type feedback for compare operation): begin. deoptimizing 0x1f036d053a91 <JSFunction normalizeString (sfi = 0x2308c4977c9)>, 0x191032dba721 <Code TURBOFAN_JS>, opt id 29, bytecode offset 266, deopt exit 8, FP to SP delta 96, caller SP 0x00016da73258, pc 0x000118e0fb9c]
[bailout (kind: deopt-eager, reason: Insufficient type feedback for binary operation): begin. deoptimizing 0x1f036d053a91 <JSFunction normalizeString (sfi = 0x2308c4977c9)>, 0x1b9c187e3b11 <Code MAGLEV>, opt id 35, bytecode offset 95, deopt exit 26, FP to SP delta 128, caller SP 0x00016da73258, pc 0x000118e1b874]
[80312:0x8b940c000]      241 ms: Scavenge 23.0 (25.4) -> 21.0 (25.7) MB, pooled: 0.0 MB, 0.41 / 0.00 ms (average mu = 0.983, current mu = 0.983) allocation failure;
[80312:0x8b940c000]      275 ms: Incremental Mark-Compact 32.0 (36.9) -> 28.9 (39.1) MB, pooled: 0.0 MB, 1.60 / 0.00 ms (+ 1.4 ms in 128 steps since start of marking, biggest step 0.1 ms, walltime since start of marking 33 ms) (average mu = 0.982, current mu = 0.981) finalize incremental marking via stack guard; GC in old space requested
[80312:0x8b940c000]      382 ms: Scavenge 62.0 (66.2) -> 52.7 (69.5) MB, pooled: 0.0 MB, 0.92 / 0.00 ms (average mu = 0.982, current mu = 0.981) allocation failure;
[marking dependent code 0x086c960bbce1 <Code MAGLEV> (0x1eb73e3bb9d1 <SharedFunctionInfo multiMapAdd>) (opt id 72) for deoptimization, reason: dependent allocation site tenuring changed]
[marking dependent code 0x086c960b9641 <Code MAGLEV> (0x1eb73e3bee21 <SharedFunctionInfo diag>) (opt id 69) for deoptimization, reason: dependent allocation site tenuring changed]
[bailout (kind: deopt-eager, reason: Insufficient type feedback for compare operation): begin. deoptimizing 0x040ef8248e39 <JSFunction Module._findPath (sfi = 0x24ab1de3a7b1)>, 0x03054dcc5899 <Code MAGLEV>, opt id 91, bytecode offset 191, deopt exit 16, FP to SP delta 144, caller SP 0x00016da71178, pc 0x000118e3da04]
[marking dependent code 0x086f21882ff1 <Code MAGLEV> (0x1a8957db6401 <SharedFunctionInfo _>) (opt id 119) for deoptimization, reason: dependent prototype chain changed]
[marking dependent code 0x086f21880de1 <Code MAGLEV> (0x1a8957db6491 <SharedFunctionInfo addCodeArg>) (opt id 117) for deoptimization, reason: dependent prototype chain changed]
[80312:0x8b940c000]      426 ms: Scavenge 65.5 (83.4) -> 58.1 (89.6) MB, pooled: 0.0 MB, 1.21 / 0.00 ms (average mu = 0.982, current mu = 0.981) allocation failure;
[bailout (kind: deopt-eager, reason: Insufficient type feedback for generic named access): begin. deoptimizing 0x0f6361800bb9 <JSFunction (sfi = 0x558a84be6c9)>, 0x2b82f183a851 <Code MAGLEV>, opt id 152, bytecode offset 65, deopt exit 1, FP to SP delta 64, caller SP 0x00016da72b88, pc 0x000118f73c18]
[bailout (kind: deopt-eager, reason: Insufficient type feedback for call): begin. deoptimizing 0x365e30121039 <JSFunction __importStar (sfi = 0x243fe619a989)>, 0x086f21893669 <Code MAGLEV>, opt id 157, bytecode offset 90, deopt exit 11, FP to SP delta 112, caller SP 0x00016da72790, pc 0x000118f75d60]
[bailout (kind: deopt-eager, reason: Insufficient type feedback for call): begin. deoptimizing 0x0cefd69dbdd1 <JSFunction __importStar (sfi = 0x243fe61b6191)>, 0x214aefac84b1 <Code MAGLEV>, opt id 160, bytecode offset 90, deopt exit 11, FP to SP delta 112, caller SP 0x00016da72380, pc 0x000118f77020]
[bailout (kind: deopt-eager, reason: Insufficient type feedback for call): begin. deoptimizing 0x26565a5387b9 <JSFunction __importStar (sfi = 0x15fdfadbf701)>, 0x214aefac9011 <Code MAGLEV>, opt id 163, bytecode offset 90, deopt exit 11, FP to SP delta 112, caller SP 0x00016da72370, pc 0x000118f782e0]
[bailout (kind: deopt-eager, reason: Insufficient type feedback for call): begin. deoptimizing 0x2d13b9e33b61 <JSFunction __importStar (sfi = 0x121dd55d3411)>, 0x214aefac9b71 <Code MAGLEV>, opt id 166, bytecode offset 90, deopt exit 11, FP to SP delta 112, caller SP 0x00016da71f80, pc 0x000118f795a0]
[bailout (kind: deopt-eager, reason: Insufficient type feedback for call): begin. deoptimizing 0x3ed29b66db19 <JSFunction __importStar (sfi = 0x121dd55e4111)>, 0x214aefaca6d1 <Code MAGLEV>, opt id 169, bytecode offset 90, deopt exit 11, FP to SP delta 112, caller SP 0x00016da71b20, pc 0x000118f7a860]
[bailout (kind: deopt-eager, reason: Insufficient type feedback for call): begin. deoptimizing 0x131bf8df8349 <JSFunction __importStar (sfi = 0x121dd55f5ed9)>, 0x214aefacb5e9 <Code MAGLEV>, opt id 173, bytecode offset 90, deopt exit 11, FP to SP delta 112, caller SP 0x00016da71f50, pc 0x000118f7bfc0]
[bailout (kind: deopt-eager, reason: Insufficient type feedback for call): begin. deoptimizing 0x12cb95b379e9 <JSFunction __importStar (sfi = 0x211d70aae1a9)>, 0x214aefacc2e1 <Code MAGLEV>, opt id 176, bytecode offset 90, deopt exit 11, FP to SP delta 112, caller SP 0x00016da71b50, pc 0x000118f7d960]
[bailout (kind: deopt-eager, reason: Insufficient type feedback for call): begin. deoptimizing 0x0273d5137ad1 <JSFunction __importStar (sfi = 0x211d70abf351)>, 0x214aefacce41 <Code MAGLEV>, opt id 179, bytecode offset 90, deopt exit 11, FP to SP delta 112, caller SP 0x00016da71f10, pc 0x000118f7ec20]
[bailout (kind: deopt-eager, reason: Insufficient type feedback for call): begin. deoptimizing 0x08c9e3579689 <JSFunction __importStar (sfi = 0x38c90513c321)>, 0x214aefacd809 <Code MAGLEV>, opt id 182, bytecode offset 90, deopt exit 11, FP to SP delta 112, caller SP 0x00016da71b50, pc 0x000118f7f800]
[bailout (kind: deopt-eager, reason: Insufficient type feedback for call): begin. deoptimizing 0x0fe30dff05a9 <JSFunction __importStar (sfi = 0x1fd2ba9cbb09)>, 0x311458741559 <Code MAGLEV>, opt id 185, bytecode offset 90, deopt exit 11, FP to SP delta 112, caller SP 0x00016da723e0, pc 0x000118ea4ba0]
[bailout (kind: deopt-eager, reason: Insufficient type feedback for call): begin. deoptimizing 0x279915c79431 <JSFunction __importStar (sfi = 0x1fd2ba9dde09)>, 0x3114587420b9 <Code MAGLEV>, opt id 188, bytecode offset 90, deopt exit 11, FP to SP delta 112, caller SP 0x00016da723b0, pc 0x000118ea5e60]
[bailout (kind: deopt-eager, reason: Insufficient type feedback for call): begin. deoptimizing 0x0f90d5678791 <JSFunction __importStar (sfi = 0x1fd2ba9ee409)>, 0x311458742a81 <Code MAGLEV>, opt id 191, bytecode offset 90, deopt exit 11, FP to SP delta 112, caller SP 0x00016da72850, pc 0x000118ea6a40]
[bailout (kind: deopt-eager, reason: Insufficient type feedback for call): begin. deoptimizing 0x054be4243b99 <JSFunction __importStar (sfi = 0x1fd2ba9fe8e9)>, 0x3114587435e1 <Code MAGLEV>, opt id 194, bytecode offset 90, deopt exit 11, FP to SP delta 112, caller SP 0x00016da72460, pc 0x000118ea7d00]
[bailout (kind: deopt-eager, reason: Insufficient type feedback for call): begin. deoptimizing 0x01cc28c5ec21 <JSFunction __importStar (sfi = 0x35d491420029)>, 0x311458744d39 <Code MAGLEV>, opt id 200, bytecode offset 90, deopt exit 11, FP to SP delta 112, caller SP 0x00016da723a0, pc 0x000118eaa4a0]
[bailout (kind: deopt-eager, reason: Insufficient type feedback for call): begin. deoptimizing 0x3ab25d01d1c1 <JSFunction __importStar (sfi = 0x35d49142f8d1)>, 0x311458745899 <Code MAGLEV>, opt id 203, bytecode offset 90, deopt exit 11, FP to SP delta 112, caller SP 0x00016da72380, pc 0x000118eab760]
[bailout (kind: deopt-eager, reason: Insufficient type feedback for call): begin. deoptimizing 0x0070000a87a1 <JSFunction __importStar (sfi = 0x266dc7805f9)>, 0x3114587463f9 <Code MAGLEV>, opt id 206, bytecode offset 90, deopt exit 11, FP to SP delta 112, caller SP 0x00016da72830, pc 0x000118eaca20]
[bailout (kind: deopt-eager, reason: Insufficient type feedback for call): begin. deoptimizing 0x137113d39011 <JSFunction __importStar (sfi = 0x266dc7a0041)>, 0x311458747b51 <Code MAGLEV>, opt id 212, bytecode offset 90, deopt exit 11, FP to SP delta 112, caller SP 0x00016da72820, pc 0x000118eaf1c0]
[bailout (kind: deopt-eager, reason: Insufficient type feedback for call): begin. deoptimizing 0x14b2f383c139 <JSFunction __importStar (sfi = 0x266dc7b0f41)>, 0x3114587486b1 <Code MAGLEV>, opt id 215, bytecode offset 90, deopt exit 11, FP to SP delta 112, caller SP 0x00016da727b0, pc 0x000118eb0480]
[bailout (kind: deopt-eager, reason: Insufficient type feedback for call): begin. deoptimizing 0x1a985db80339 <JSFunction resolve (sfi = 0x2308c497c49)>, 0x283ec8f00cd9 <Code MAGLEV>, opt id 37, bytecode offset 216, deopt exit 15, FP to SP delta 128, caller SP 0x00016da753c8, pc 0x000118e1c938]
[marking dependent code 0x086f21886f69 <Code MAGLEV> (0x1a8957db6641 <SharedFunctionInfo safeStringify>) (opt id 125) for deoptimization, reason: dependent prototype chain changed]
[80312:0x8b940c000]      472 ms: Scavenge 86.9 (104.0) -> 69.5 (106.5) MB, pooled: 0.0 MB, 1.45 / 0.00 ms (average mu = 0.982, current mu = 0.981) allocation failure;
[marking dependent code 0x23b262e829d9 <Code MAGLEV> (0x02308c4a01b1 <SharedFunctionInfo #updateContext>) (opt id 17) for deoptimization, reason: dependent prototype chain changed]
[bailout (kind: deopt-eager, reason: Insufficient type feedback for generic named access): begin. deoptimizing 0x04a4acae58a1 <JSFunction encodeInteger (sfi = 0x37af1b526fa9)>, 0x2997f5180bd1 <Code MAGLEV>, opt id 228, bytecode offset 32, deopt exit 19, FP to SP delta 48, caller SP 0x00016da75390, pc 0x000119085e88]
[bailout (kind: deopt-eager, reason: wrong map): begin. deoptimizing 0x04a4acae5a51 <JSFunction encode$1 (sfi = 0x37af1b527111)>, 0x026983b86f31 <Code MAGLEV>, opt id 273, bytecode offset 55, deopt exit 13, FP to SP delta 176, caller SP 0x00016da75450, pc 0x0001190c6ba0]
[bailout (kind: deopt-eager, reason: Insufficient type feedback for call): begin. deoptimizing 0x04a4acae6239 <JSFunction decodedMappings (sfi = 0x37af1b527939)>, 0x2997f5193791 <Code MAGLEV>, opt id 259, bytecode offset 8, deopt exit 2, FP to SP delta 32, caller SP 0x00016da75370, pc 0x0001190adba4]
[bailout (kind: deopt-eager, reason: Insufficient type feedback for generic named access): begin. deoptimizing 0x04a4acae5991 <JSFunction decode (sfi = 0x37af1b527039)>, 0x2997f51915d1 <Code MAGLEV>, opt id 250, bytecode offset 24, deopt exit 36, FP to SP delta 192, caller SP 0x00016da75300, pc 0x0001190a98dc]
[bailout (kind: deopt-eager, reason: wrong map): begin. deoptimizing 0x04a4acae66b1 <JSFunction addSegmentInternal (sfi = 0x37af1b527e01)>, 0x026983b85129 <Code MAGLEV>, opt id 269, bytecode offset 0, deopt exit 3, FP to SP delta 112, caller SP 0x00016da75370, pc 0x0001190c5780]
[bailout (kind: deopt-eager, reason: unexpected name in keyed access): begin. deoptimizing 0x04a4acae64b9 <JSFunction put (sfi = 0x37af1b527c09)>, 0x2997f5195789 <Code MAGLEV>, opt id 268, bytecode offset 8, deopt exit 3, FP to SP delta 32, caller SP 0x00016da75258, pc 0x0001190af2e8]
[bailout (kind: deopt-eager, reason: unexpected name in keyed access): begin. deoptimizing 0x04a4acae65b1 <JSFunction setSourceContent (sfi = 0x37af1b527ce1)>, 0x2997f5194d81 <Code MAGLEV>, opt id 265, bytecode offset 15, deopt exit 5, FP to SP delta 48, caller SP 0x00016da75370, pc 0x0001190aeac0]
[bailout (kind: deopt-eager, reason: unexpected name in keyed access): begin. deoptimizing 0x04a4acae6479 <JSFunction get$2 (sfi = 0x37af1b527bc1)>, 0x2997f5192a71 <Code MAGLEV>, opt id 255, bytecode offset 8, deopt exit 2, FP to SP delta 32, caller SP 0x00016da751c8, pc 0x0001190ac44c]
[marking dependent code 0x2997f5197a91 <Code MAGLEV> (0x2463cfa35b31 <SharedFunctionInfo convertNodeList>) (opt id 274) for deoptimization, reason: dependent property cell changed]
[marking dependent code 0x2997f518fd89 <Code MAGLEV> (0x37af1b526f61 <SharedFunctionInfo decodeInteger>) (opt id 249) for deoptimization, reason: dependent property cell changed]
[marking dependent code 0x2997f518e761 <Code MAGLEV> (0x37af1b526fa9 <SharedFunctionInfo encodeInteger>) (opt id 245) for deoptimization, reason: dependent property cell changed]
[marking dependent code 0x2997f5186c51 <Code MAGLEV> (0x2463cfa36671 <SharedFunctionInfo identifier>) (opt id 235) for deoptimization, reason: dependent property cell changed]
[marking dependent code 0x2997f5185e51 <Code MAGLEV> (0x1fdeada553b9 <SharedFunctionInfo convertString>) (opt id 233) for deoptimization, reason: dependent property cell changed]
[marking dependent code 0x2997f5185a61 <Code MAGLEV> (0x2463cfa357b1 <SharedFunctionInfo convertNode>) (opt id 232) for deoptimization, reason: dependent property cell changed]
[marking dependent code 0x026983b803b9 <Code MAGLEV> (0x37af1b52cc61 <SharedFunctionInfo B>) (opt id 231) for deoptimization, reason: dependent property cell changed]
[marking dependent code 0x2997f5182d89 <Code MAGLEV> (0x37af1b52cc61 <SharedFunctionInfo B>) (opt id 230) for deoptimization, reason: dependent property cell changed]
[marking dependent code 0x2997f5180331 <Code MAGLEV> (0x37af1b535d29 <SharedFunctionInfo write>) (opt id 227) for deoptimization, reason: dependent property cell changed]
[marking dependent code 0x31145874e269 <Code MAGLEV> (0x3fc8bce7ff69 <SharedFunctionInfo isErrorStackTraceLimitWritable>) (opt id 226) for deoptimization, reason: dependent property cell changed]
[marking dependent code 0x31145874dd49 <Code MAGLEV> (0x27e99f1ef599 <SharedFunctionInfo isBuildingSnapshot>) (opt id 225) for deoptimization, reason: dependent property cell changed]
[marking dependent code 0x03054dcc3119 <Code MAGLEV> (0x24ab1de39889 <SharedFunctionInfo wrapModuleLoad>) (opt id 85) for deoptimization, reason: dependent property cell changed]
[marking dependent code 0x187a2a201409 <Code MAGLEV> (0x040ef8248259 <SharedFunctionInfo ensureTimerFlagsAreUpdated>) (opt id 47) for deoptimization, reason: dependent property cell changed]
[marking dependent code 0x283ec8f02f09 <Code MAGLEV> (0x040ef82421d1 <SharedFunctionInfo realpathSync>) (opt id 40) for deoptimization, reason: dependent property cell changed]
[marking dependent code 0x2997f51813e9 <Code MAGLEV> (0x02308c4a01b1 <SharedFunctionInfo #updateContext>) (opt id 229) for deoptimization, reason: dependent property cell changed]
[marking dependent code 0x156215a01259 <Code MAGLEV> (0x040ef8240639 <SharedFunctionInfo isFileType>) (opt id 24) for deoptimization, reason: dependent property cell changed]
[bailout (kind: deopt-eager, reason: wrong call target): begin. deoptimizing 0x21b4a5bf08c9 <JSFunction enter (sfi = 0x1fdeada58c91)>, 0x2997f518ad51 <Code MAGLEV>, opt id 242, bytecode offset 19, deopt exit 2, FP to SP delta 64, caller SP 0x00016da752c8, pc 0x0001190a2384]
[bailout (kind: deopt-eager, reason: wrong map): begin. deoptimizing 0x3c340acb0601 <JSFunction addUneditedChunk (sfi = 0x37af1b537499)>, 0x2997f518c391 <Code MAGLEV>, opt id 243, bytecode offset 13, deopt exit 55, FP to SP delta 96, caller SP 0x00016da753c0, pc 0x0001190a4158]
[bailout (kind: deopt-eager, reason: Insufficient type feedback for call): begin. deoptimizing 0x04a4acae5991 <JSFunction decode (sfi = 0x37af1b527039)>, 0x2997f519d689 <Code MAGLEV>, opt id 295, bytecode offset 139, deopt exit 39, FP to SP delta 192, caller SP 0x00016da75230, pc 0x000119107298]
[bailout (kind: deopt-eager, reason: wrong map): begin. deoptimizing 0x04a4acae6731 <JSFunction getIndex (sfi = 0x37af1b527e91)>, 0x026983b82a51 <Code MAGLEV>, opt id 261, bytecode offset 0, deopt exit 0, FP to SP delta 48, caller SP 0x00016da75258, pc 0x0001190c380c]
[bailout (kind: deopt-eager, reason: Insufficient type feedback for generic named access): begin. deoptimizing 0x04a4acae6a59 <JSFunction originalPositionFor$1 (sfi = 0x37af1b5281a9)>, 0x2997f51934d9 <Code MAGLEV>, opt id 257, bytecode offset 90, deopt exit 10, FP to SP delta 32, caller SP 0x00016da75368, pc 0x0001190ad94c]
[bailout (kind: deopt-eager, reason: Insufficient type feedback for call): begin. deoptimizing 0x04a4acae66b1 <JSFunction addSegmentInternal (sfi = 0x37af1b527e01)>, 0x026983b98b91 <Code MAGLEV>, opt id 306, bytecode offset 124, deopt exit 56, FP to SP delta 128, caller SP 0x00016da75370, pc 0x0001190e3444]
[bailout (kind: deopt-eager, reason: not a Smi): begin. deoptimizing 0x04a4acae64b9 <JSFunction put (sfi = 0x37af1b527c09)>, 0x026983b96ec1 <Code MAGLEV>, opt id 305, bytecode offset 22, deopt exit 7, FP to SP delta 48, caller SP 0x00016da75258, pc 0x0001190e1d30]
[bailout (kind: deopt-eager, reason: Insufficient type feedback for generic keyed access): begin. deoptimizing 0x04a4acae6871 <JSFunction skipSource (sfi = 0x37af1b527ff9)>, 0x2997f5195391 <Code MAGLEV>, opt id 267, bytecode offset 35, deopt exit 13, FP to SP delta 32, caller SP 0x00016da75258, pc 0x0001190af078]
[bailout (kind: deopt-eager, reason: Insufficient type feedback for generic keyed access): begin. deoptimizing 0x04a4acae5a51 <JSFunction encode$1 (sfi = 0x37af1b527111)>, 0x026983b95fd9 <Code MAGLEV>, opt id 293, bytecode offset 227, deopt exit 117, FP to SP delta 240, caller SP 0x00016da75300, pc 0x0001190e11b8]
[bailout (kind: deopt-eager, reason: not a Smi): begin. deoptimizing 0x04a4acae6a19 <JSFunction traceMappings (sfi = 0x37af1b528161)>, 0x0410d9627801 <Code TURBOFAN_JS>, opt id 304, bytecode offset 17, deopt exit 93, FP to SP delta 480, caller SP 0x00016da75490, pc 0x000119039c08]
[marking dependent code 0x026983b907d9 <Code MAGLEV> (0x1fdeada58c91 <SharedFunctionInfo enter>) (opt id 284) for deoptimization, reason: dependent field type changed]
[bailout (kind: deopt-eager, reason: Insufficient type feedback for generic named access): begin. deoptimizing 0x1d232b0eaec9 <JSFunction enter (sfi = 0x1fdeada58c91)>, 0x026983ba5111 <Code MAGLEV>, opt id 321, bytecode offset 114, deopt exit 56, FP to SP delta 64, caller SP 0x00016da74838, pc 0x0001190fa79c]
[bailout (kind: deopt-eager, reason: wrong map): begin. deoptimizing 0x1d232b0eab89 <JSFunction onStatements (sfi = 0x1fdeada52f81)>, 0x2997f51a2419 <Code MAGLEV>, opt id 322, bytecode offset 2, deopt exit 0, FP to SP delta 80, caller SP 0x00016da74780, pc 0x00011910b8ec]
[bailout (kind: deopt-eager, reason: Insufficient type feedback for generic named access): begin. deoptimizing 0x04a4acae5a51 <JSFunction encode$1 (sfi = 0x37af1b527111)>, 0x0410d962a419 <Code TURBOFAN_JS>, opt id 315, bytecode offset 1, deopt exit 1, FP to SP delta 32, caller SP 0x00016da75450, pc 0x00011903d498]
[bailout (kind: deopt-eager, reason: Insufficient type feedback for call): begin. deoptimizing 0x04a4acae5991 <JSFunction decode (sfi = 0x37af1b527039)>, 0x2997f519f1e9 <Code MAGLEV>, opt id 299, bytecode offset 139, deopt exit 40, FP to SP delta 208, caller SP 0x00016da75380, pc 0x000119108abc]
[80312:0x8b940c000]      525 ms: Scavenge 89.4 (118.8) -> 73.0 (127.6) MB, pooled: 0.0 MB, 1.93 / 0.01 ms (average mu = 0.982, current mu = 0.981) allocation failure;
[marking dependent code 0x2997f5198319 <Code MAGLEV> (0x2463cfa36671 <SharedFunctionInfo identifier>) (opt id 279) for deoptimization, reason: dependent allocation site tenuring changed]
[marking dependent code 0x026983b8e429 <Code MAGLEV> (0x37af1b53a8f1 <SharedFunctionInfo isStaticPropertyKey>) (opt id 281) for deoptimization, reason: dependent field type changed]
[bailout (kind: deopt-eager, reason: wrong call target): begin. deoptimizing 0x14b2f3808af1 <JSFunction enter (sfi = 0x1fdeada58c91)>, 0x2997f51a4b79 <Code MAGLEV>, opt id 335, bytecode offset 114, deopt exit 12, FP to SP delta 64, caller SP 0x00016da75048, pc 0x000119141fa4]
[80312:0x8b940c000]      568 ms: Scavenge 98.5 (128.6) -> 75.8 (130.1) MB, pooled: 0.0 MB, 0.39 / 0.00 ms (average mu = 0.982, current mu = 0.981) allocation failure;
[bailout (kind: deopt-eager, reason: prepare for on stack replacement (OSR)): begin. deoptimizing 0x0f5da993f841 <JSFunction compare (sfi = 0x20f43d6f38a1)>, 0x2af7a77906a1 <Code MAGLEV>, opt id 425, bytecode offset 29, deopt exit 16, FP to SP delta 144, caller SP 0x00016da75540, pc 0x00011916ae4c]
[bailout (kind: deopt-eager, reason: Insufficient type feedback for compare operation): begin. deoptimizing 0x0f5da993f841 <JSFunction compare (sfi = 0x20f43d6f38a1)>, 0x2af7a7790b49 <Code TURBOFAN_JS>, opt id 426, bytecode offset 51, deopt exit 10, FP to SP delta 176, caller SP 0x00016da75540, pc 0x000119190754]
[bailout (kind: deopt-eager, reason: prepare for on stack replacement (OSR)): begin. deoptimizing 0x0f5da993f929 <JSFunction ns (sfi = 0x20f43d6f3859)>, 0x1b25123c06a1 <Code MAGLEV>, opt id 438, bytecode offset 44, deopt exit 9, FP to SP delta 128, caller SP 0x00016da75488, pc 0x00011916c648]
[bailout (kind: deopt-eager, reason: Insufficient type feedback for generic named access): begin. deoptimizing 0x0f5da993f929 <JSFunction ns (sfi = 0x20f43d6f3859)>, 0x2af7a7793c09 <Code TURBOFAN_JS>, opt id 439, bytecode offset 54, deopt exit 5, FP to SP delta 112, caller SP 0x00016da75488, pc 0x000119192e08]
[bailout (kind: deopt-eager, reason: wrong call target): begin. deoptimizing 0x0f5da993f929 <JSFunction ns (sfi = 0x20f43d6f3859)>, 0x2af7a7793c09 <Code TURBOFAN_JS>, opt id 439, bytecode offset 24, deopt exit 2, FP to SP delta 112, caller SP 0x00016da75488, pc 0x000119192dfc]
[80312:0x8b940c000]      591 ms: Scavenge 106.4 (136.9) -> 76.9 (138.6) MB, pooled: 0.0 MB, 0.39 / 0.00 ms (average mu = 0.982, current mu = 0.981) allocation failure;
[bailout (kind: deopt-eager, reason: prepare for on stack replacement (OSR)): begin. deoptimizing 0x0f5da993f929 <JSFunction ns (sfi = 0x20f43d6f3859)>, 0x1b25123c0cd9 <Code MAGLEV>, opt id 440, bytecode offset 44, deopt exit 8, FP to SP delta 112, caller SP 0x00016da75488, pc 0x00011916cdb4]
[80312:0x8b940c000]      600 ms: Scavenge 108.0 (142.1) -> 76.8 (143.1) MB, pooled: 0.0 MB, 0.30 / 0.00 ms (average mu = 0.982, current mu = 0.981) allocation failure;
[80312:0x8b940c000]      608 ms: Scavenge 108.7 (143.1) -> 76.7 (143.1) MB, pooled: 0.0 MB, 0.13 / 0.00 ms (average mu = 0.982, current mu = 0.981) allocation failure;
[80312:0x8b940c000]      615 ms: Scavenge 108.7 (143.1) -> 76.7 (143.1) MB, pooled: 0.0 MB, 0.10 / 0.00 ms (average mu = 0.982, current mu = 0.981) allocation failure;
[80312:0x8b940c000]      622 ms: Scavenge 108.7 (143.1) -> 76.7 (143.1) MB, pooled: 0.0 MB, 0.09 / 0.00 ms (average mu = 0.982, current mu = 0.981) allocation failure;
[bailout (kind: deopt-eager, reason: Insufficient type feedback for generic named access): begin. deoptimizing 0x30b5776bca49 <JSFunction parseState (sfi = 0x114ce417c611)>, 0x2af7a7792f79 <Code TURBOFAN_JS>, opt id 428, bytecode offset 254, deopt exit 15, FP to SP delta 64, caller SP 0x00016da75420, pc 0x000119192678]
[bailout (kind: deopt-eager, reason: Insufficient type feedback for call): begin. deoptimizing 0x3873d20f2149 <JSFunction parseState (sfi = 0x23ffb0c9ce59)>, 0x2af7a7795291 <Code TURBOFAN_JS>, opt id 431, bytecode offset 130, deopt exit 15, FP to SP delta 80, caller SP 0x00016da753e0, pc 0x0001191949f0]
[bailout (kind: deopt-eager, reason: wrong call target): begin. deoptimizing 0x0f5da993f841 <JSFunction compare (sfi = 0x20f43d6f38a1)>, 0x2af7a7790b49 <Code TURBOFAN_JS>, opt id 426, bytecode offset 4, deopt exit 2, FP to SP delta 176, caller SP 0x00016da75540, pc 0x000119190734]
[bailout (kind: deopt-eager, reason: Insufficient type feedback for generic named access): begin. deoptimizing 0x30b5776bca81 <JSFunction parseStateInner (sfi = 0x114ce417c659)>, 0x2af7a77922f9 <Code TURBOFAN_JS>, opt id 429, bytecode offset 254, deopt exit 8, FP to SP delta 64, caller SP 0x00016da75390, pc 0x000119191e8c]
[bailout (kind: deopt-eager, reason: Insufficient type feedback for call): begin. deoptimizing 0x30b5776bcab9 <JSFunction (sfi = 0x3873d20ed5d9)>, 0x2af7a7794521 <Code TURBOFAN_JS>, opt id 433, bytecode offset 130, deopt exit 16, FP to SP delta 80, caller SP 0x00016da752c0, pc 0x0001191939b4]
[bailout (kind: deopt-eager, reason: Insufficient type feedback for generic named access): begin. deoptimizing 0x30b5776bc961 <JSFunction regexParser (sfi = 0x2cc657dff139)>, 0x2af7a7791aa1 <Code TURBOFAN_JS>, opt id 432, bytecode offset 254, deopt exit 7, FP to SP delta 96, caller SP 0x00016da752c0, pc 0x000119191920]
[80312:0x8b940c000]      630 ms: Scavenge 108.7 (143.1) -> 76.8 (143.1) MB, pooled: 0.0 MB, 0.11 / 0.00 ms (average mu = 0.982, current mu = 0.981) allocation failure;
[bailout (kind: deopt-eager, reason: wrong map): begin. deoptimizing 0x0f5da993f841 <JSFunction compare (sfi = 0x20f43d6f38a1)>, 0x1b25123c4c51 <Code MAGLEV>, opt id 463, bytecode offset 102, deopt exit 7, FP to SP delta 144, caller SP 0x00016da75540, pc 0x000119199f58]
[80312:0x8b940c000]      637 ms: Scavenge 108.8 (143.1) -> 76.9 (143.1) MB, pooled: 0.0 MB, 0.12 / 0.00 ms (average mu = 0.982, current mu = 0.981) allocation failure;
[80312:0x8b940c000]      645 ms: Scavenge 108.8 (143.1) -> 76.8 (143.1) MB, pooled: 0.0 MB, 0.16 / 0.00 ms (average mu = 0.982, current mu = 0.981) allocation failure;
[80312:0x8b940c000]      651 ms: Scavenge 108.8 (143.1) -> 76.8 (143.1) MB, pooled: 0.0 MB, 0.09 / 0.00 ms (average mu = 0.982, current mu = 0.981) allocation failure;
[80312:0x8b940c000]      664 ms: Scavenge 108.8 (143.1) -> 76.9 (143.1) MB, pooled: 0.0 MB, 0.10 / 0.00 ms (average mu = 0.982, current mu = 0.981) allocation failure;
[bailout (kind: deopt-eager, reason: wrong map): begin. deoptimizing 0x0f5da993f841 <JSFunction compare (sfi = 0x20f43d6f38a1)>, 0x2af7a779b461 <Code TURBOFAN_JS>, opt id 464, bytecode offset 102, deopt exit 14, FP to SP delta 256, caller SP 0x00016da75540, pc 0x00011919d95c]
[80312:0x8b940c000]      698 ms: Scavenge 108.8 (143.1) -> 76.9 (143.1) MB, pooled: 0.0 MB, 0.12 / 0.00 ms (average mu = 0.982, current mu = 0.981) allocation failure;
[80312:0x8b940c000]      725 ms: Scavenge 108.8 (143.1) -> 76.8 (143.1) MB, pooled: 0.0 MB, 0.10 / 0.00 ms (average mu = 0.982, current mu = 0.981) allocation failure;
[80312:0x8b940c000]      752 ms: Scavenge 108.8 (143.1) -> 76.8 (143.1) MB, pooled: 0.0 MB, 0.10 / 0.00 ms (average mu = 0.982, current mu = 0.981) allocation failure;
[80312:0x8b940c000]      782 ms: Scavenge 108.8 (143.1) -> 76.8 (143.1) MB, pooled: 0.0 MB, 0.10 / 0.00 ms (average mu = 0.982, current mu = 0.981) allocation failure;
[80312:0x8b940c000]      812 ms: Scavenge 108.8 (143.1) -> 76.9 (143.1) MB, pooled: 0.0 MB, 0.12 / 0.00 ms (average mu = 0.982, current mu = 0.981) allocation failure;
[80312:0x8b940c000]      819 ms: Scavenge 108.9 (143.1) -> 76.9 (143.1) MB, pooled: 0.0 MB, 0.08 / 0.00 ms (average mu = 0.982, current mu = 0.981) allocation failure;
[80312:0x8b940c000]      826 ms: Scavenge 108.9 (143.1) -> 76.9 (143.1) MB, pooled: 0.0 MB, 0.07 / 0.00 ms (average mu = 0.982, current mu = 0.981) allocation failure;
[80312:0x8b940c000]      833 ms: Scavenge 108.9 (143.1) -> 76.9 (143.1) MB, pooled: 0.0 MB, 0.08 / 0.00 ms (average mu = 0.982, current mu = 0.981) allocation failure;
[80312:0x8b940c000]      840 ms: Scavenge 108.9 (143.1) -> 76.9 (143.1) MB, pooled: 0.0 MB, 0.09 / 0.00 ms (average mu = 0.982, current mu = 0.981) allocation failure;
[bailout (kind: deopt-eager, reason: wrong call target): begin. deoptimizing 0x3873d20f2149 <JSFunction parseState (sfi = 0x23ffb0c9ce59)>, 0x2af7a779daf1 <Code TURBOFAN_JS>, opt id 470, bytecode offset 55, deopt exit 5, FP to SP delta 64, caller SP 0x00016da754e0, pc 0x00011919fce0]
[bailout (kind: deopt-eager, reason: wrong call target): begin. deoptimizing 0x137113d3f149 <JSFunction (sfi = 0x20f43d6f3d11)>, 0x2af7a77a1631 <Code TURBOFAN_JS>, opt id 479, bytecode offset 7, deopt exit 2, FP to SP delta 96, caller SP 0x00016da75498, pc 0x0001191a338c]
[80312:0x8b940c000]     1447 ms: Scavenge 108.9 (143.1) -> 76.9 (143.1) MB, pooled: 0.0 MB, 0.12 / 0.00 ms (average mu = 0.982, current mu = 0.981) allocation failure;
[80312:0x8b940c000]     1453 ms: Scavenge 108.9 (143.1) -> 77.0 (143.1) MB, pooled: 0.0 MB, 0.09 / 0.00 ms (average mu = 0.982, current mu = 0.981) allocation failure;
[80312:0x8b940c000]     1458 ms: Scavenge 108.9 (143.1) -> 76.9 (143.1) MB, pooled: 0.0 MB, 0.11 / 0.00 ms (average mu = 0.982, current mu = 0.981) allocation failure;
[80312:0x8b940c000]     1463 ms: Scavenge 108.9 (143.1) -> 76.9 (143.1) MB, pooled: 0.0 MB, 0.07 / 0.00 ms (average mu = 0.982, current mu = 0.981) allocation failure;
[80312:0x8b940c000]     1468 ms: Scavenge 108.9 (143.1) -> 76.9 (143.1) MB, pooled: 0.0 MB, 0.06 / 0.00 ms (average mu = 0.982, current mu = 0.981) allocation failure;
[bailout (kind: deopt-eager, reason: wrong call target): begin. deoptimizing 0x353e9adc5ff1 <JSFunction (sfi = 0x20f43d6f3da1)>, 0x2af7a77a2861 <Code TURBOFAN_JS>, opt id 482, bytecode offset 7, deopt exit 4, FP to SP delta 96, caller SP 0x00016da75498, pc 0x0001191a423c]
[80312:0x8b940c000]     1474 ms: Scavenge 108.9 (143.1) -> 77.0 (143.1) MB, pooled: 0.0 MB, 0.10 / 0.00 ms (average mu = 0.982, current mu = 0.981) allocation failure;
[80312:0x8b940c000]     1483 ms: Scavenge 108.9 (143.1) -> 77.0 (143.1) MB, pooled: 0.0 MB, 0.12 / 0.00 ms (average mu = 0.982, current mu = 0.981) allocation failure;
[80312:0x8b940c000]     1491 ms: Scavenge 108.9 (143.1) -> 76.9 (143.1) MB, pooled: 0.0 MB, 0.04 / 0.00 ms (average mu = 0.982, current mu = 0.981) allocation failure;
[80312:0x8b940c000]     1499 ms: Scavenge 108.9 (143.1) -> 77.0 (143.1) MB, pooled: 0.0 MB, 0.09 / 0.00 ms (average mu = 0.982, current mu = 0.981) allocation failure;
[80312:0x8b940c000]     1507 ms: Scavenge 108.9 (143.1) -> 77.0 (143.1) MB, pooled: 0.0 MB, 0.08 / 0.00 ms (average mu = 0.982, current mu = 0.981) allocation failure;
[80312:0x8b940c000]     1517 ms: Scavenge 108.9 (143.1) -> 77.0 (143.1) MB, pooled: 0.0 MB, 0.11 / 0.00 ms (average mu = 0.982, current mu = 0.981) allocation failure;
[80312:0x8b940c000]     1527 ms: Scavenge 108.9 (143.1) -> 77.0 (143.1) MB, pooled: 0.0 MB, 0.10 / 0.00 ms (average mu = 0.982, current mu = 0.981) allocation failure;
[80312:0x8b940c000]     1536 ms: Scavenge 108.9 (143.1) -> 76.9 (143.1) MB, pooled: 0.0 MB, 0.10 / 0.00 ms (average mu = 0.982, current mu = 0.981) allocation failure;
[80312:0x8b940c000]     1545 ms: Scavenge 108.9 (143.1) -> 76.9 (143.1) MB, pooled: 0.0 MB, 0.10 / 0.00 ms (average mu = 0.982, current mu = 0.981) allocation failure;
[80312:0x8b940c000]     1554 ms: Scavenge 108.9 (143.1) -> 77.0 (143.1) MB, pooled: 0.0 MB, 0.07 / 0.00 ms (average mu = 0.982, current mu = 0.981) allocation failure;
[80312:0x8b940c000]     1562 ms: Scavenge 108.9 (143.1) -> 77.0 (143.1) MB, pooled: 0.0 MB, 0.05 / 0.00 ms (average mu = 0.982, current mu = 0.981) allocation failure;
[80312:0x8b940c000]     1570 ms: Scavenge 108.9 (143.1) -> 77.0 (143.1) MB, pooled: 0.0 MB, 0.07 / 0.00 ms (average mu = 0.982, current mu = 0.981) allocation failure;
[80312:0x8b940c000]     1579 ms: Scavenge 108.9 (143.1) -> 77.0 (143.1) MB, pooled: 0.0 MB, 0.09 / 0.00 ms (average mu = 0.982, current mu = 0.981) allocation failure;
[80312:0x8b940c000]     1587 ms: Scavenge 108.9 (143.1) -> 77.0 (143.1) MB, pooled: 0.0 MB, 0.09 / 0.00 ms (average mu = 0.982, current mu = 0.981) allocation failure;
[80312:0x8b940c000]     1675 ms: Scavenge 108.9 (143.1) -> 77.0 (143.1) MB, pooled: 0.0 MB, 0.14 / 0.00 ms (average mu = 0.982, current mu = 0.981) allocation failure;
[80312:0x8b940c000]     1680 ms: Scavenge 108.9 (143.1) -> 77.0 (143.1) MB, pooled: 0.0 MB, 0.06 / 0.00 ms (average mu = 0.982, current mu = 0.981) allocation failure;
[80312:0x8b940c000]     1685 ms: Scavenge 108.9 (143.1) -> 76.9 (143.1) MB, pooled: 0.0 MB, 0.02 / 0.00 ms (average mu = 0.982, current mu = 0.981) allocation failure;
[80312:0x8b940c000]     1690 ms: Scavenge 108.9 (143.1) -> 77.0 (143.1) MB, pooled: 0.0 MB, 0.09 / 0.00 ms (average mu = 0.982, current mu = 0.981) allocation failure;
[80312:0x8b940c000]     1695 ms: Scavenge 108.9 (143.1) -> 76.9 (143.1) MB, pooled: 0.0 MB, 0.05 / 0.00 ms (average mu = 0.982, current mu = 0.981) allocation failure;
[80312:0x8b940c000]     1699 ms: Scavenge 108.9 (143.1) -> 76.9 (143.1) MB, pooled: 0.0 MB, 0.08 / 0.00 ms (average mu = 0.982, current mu = 0.981) allocation failure;
[80312:0x8b940c000]     1707 ms: Scavenge 109.0 (143.1) -> 77.0 (143.1) MB, pooled: 0.0 MB, 0.07 / 0.00 ms (average mu = 0.982, current mu = 0.981) allocation failure;
[80312:0x8b940c000]     1714 ms: Scavenge 109.0 (143.1) -> 77.0 (143.1) MB, pooled: 0.0 MB, 0.05 / 0.00 ms (average mu = 0.982, current mu = 0.981) allocation failure;
[80312:0x8b940c000]     1721 ms: Scavenge 109.0 (143.1) -> 77.0 (143.1) MB, pooled: 0.0 MB, 0.07 / 0.00 ms (average mu = 0.982, current mu = 0.981) allocation failure;
[80312:0x8b940c000]     1728 ms: Scavenge 109.0 (143.1) -> 77.0 (143.1) MB, pooled: 0.0 MB, 0.06 / 0.00 ms (average mu = 0.982, current mu = 0.981) allocation failure;
[80312:0x8b940c000]     1740 ms: Scavenge 109.0 (143.1) -> 77.1 (143.1) MB, pooled: 0.0 MB, 0.11 / 0.00 ms (average mu = 0.982, current mu = 0.981) allocation failure;
[bailout (kind: deopt-eager, reason: lost precision or NaN): begin. deoptimizing 0x0f5da993f841 <JSFunction compare (sfi = 0x20f43d6f38a1)>, 0x2af7a77ab749 <Code TURBOFAN_JS>, opt id 501, bytecode offset 116, deopt exit 17, FP to SP delta 144, caller SP 0x00016da75540, pc 0x0001191ad480]
[80312:0x8b940c000]     1751 ms: Scavenge 109.0 (143.1) -> 77.0 (143.1) MB, pooled: 0.0 MB, 0.10 / 0.00 ms (average mu = 0.982, current mu = 0.981) allocation failure;
[80312:0x8b940c000]     1762 ms: Scavenge 109.0 (143.1) -> 77.0 (143.1) MB, pooled: 0.0 MB, 0.10 / 0.00 ms (average mu = 0.982, current mu = 0.981) allocation failure;
[80312:0x8b940c000]     1772 ms: Scavenge 109.0 (143.1) -> 77.0 (143.1) MB, pooled: 0.0 MB, 0.08 / 0.00 ms (average mu = 0.982, current mu = 0.981) allocation failure;
[80312:0x8b940c000]     1782 ms: Scavenge 109.0 (143.1) -> 77.0 (143.1) MB, pooled: 0.0 MB, 0.09 / 0.00 ms (average mu = 0.982, current mu = 0.981) allocation failure;
[bailout (kind: deopt-eager, reason: wrong map): begin. deoptimizing 0x0f5da993f841 <JSFunction compare (sfi = 0x20f43d6f38a1)>, 0x2af7a779b461 <Code TURBOFAN_JS>, opt id 464, bytecode offset 102, deopt exit 14, FP to SP delta 256, caller SP 0x00016da75540, pc 0x00011919d95c]
[80312:0x8b940c000]     1791 ms: Scavenge 109.0 (143.1) -> 77.0 (143.1) MB, pooled: 0.0 MB, 0.10 / 0.00 ms (average mu = 0.982, current mu = 0.981) allocation failure;
[80312:0x8b940c000]     1798 ms: Scavenge 109.0 (143.1) -> 77.0 (143.1) MB, pooled: 0.0 MB, 0.08 / 0.00 ms (average mu = 0.982, current mu = 0.981) allocation failure;
[80312:0x8b940c000]     1805 ms: Scavenge 109.0 (143.1) -> 77.0 (143.1) MB, pooled: 0.0 MB, 0.08 / 0.00 ms (average mu = 0.982, current mu = 0.981) allocation failure;
[80312:0x8b940c000]     1813 ms: Scavenge 109.0 (143.1) -> 77.0 (143.1) MB, pooled: 0.0 MB, 0.10 / 0.00 ms (average mu = 0.982, current mu = 0.981) allocation failure;
[bailout (kind: deopt-eager, reason: wrong map): begin. deoptimizing 0x0f5da993f841 <JSFunction compare (sfi = 0x20f43d6f38a1)>, 0x2af7a779b461 <Code TURBOFAN_JS>, opt id 464, bytecode offset 102, deopt exit 14, FP to SP delta 256, caller SP 0x00016da75540, pc 0x00011919d95c]
[bailout (kind: deopt-eager, reason: wrong map): begin. deoptimizing 0x0f5da993f841 <JSFunction compare (sfi = 0x20f43d6f38a1)>, 0x2af7a779b461 <Code TURBOFAN_JS>, opt id 464, bytecode offset 102, deopt exit 14, FP to SP delta 256, caller SP 0x00016da75540, pc 0x00011919d95c]
[80312:0x8b940c000]     1990 ms: Scavenge 109.0 (143.1) -> 77.0 (143.1) MB, pooled: 0.0 MB, 0.11 / 0.00 ms (average mu = 0.982, current mu = 0.981) allocation failure;
[bailout (kind: deopt-eager, reason: wrong call target): begin. deoptimizing 0x30b5776bca49 <JSFunction parseState (sfi = 0x114ce417c611)>, 0x2af7a7798bb1 <Code TURBOFAN_JS>, opt id 466, bytecode offset 20, deopt exit 8, FP to SP delta 80, caller SP 0x00016da75540, pc 0x00011919bdac]
[bailout (kind: deopt-eager, reason: wrong call target): begin. deoptimizing 0x30b5776bca81 <JSFunction parseStateInner (sfi = 0x114ce417c659)>, 0x2af7a779c539 <Code TURBOFAN_JS>, opt id 467, bytecode offset 20, deopt exit 5, FP to SP delta 80, caller SP 0x00016da754b0, pc 0x00011919e878]
[bailout (kind: deopt-eager, reason: wrong map): begin. deoptimizing 0x0f5da993f841 <JSFunction compare (sfi = 0x20f43d6f38a1)>, 0x2af7a779b461 <Code TURBOFAN_JS>, opt id 464, bytecode offset 102, deopt exit 14, FP to SP delta 256, caller SP 0x00016da75540, pc 0x00011919d95c]
[80312:0x8b940c000]     1998 ms: Scavenge 109.0 (143.1) -> 77.1 (143.1) MB, pooled: 0.0 MB, 0.14 / 0.00 ms (average mu = 0.982, current mu = 0.981) allocation failure;
[80312:0x8b940c000]     2004 ms: Scavenge 109.0 (143.1) -> 77.1 (143.1) MB, pooled: 0.0 MB, 0.09 / 0.00 ms (average mu = 0.982, current mu = 0.981) allocation failure;
[80312:0x8b940c000]     2009 ms: Scavenge 109.0 (143.1) -> 77.1 (143.1) MB, pooled: 0.0 MB, 0.04 / 0.00 ms (average mu = 0.982, current mu = 0.981) allocation failure;
[80312:0x8b940c000]     2015 ms: Scavenge 109.0 (143.1) -> 77.0 (143.1) MB, pooled: 0.0 MB, 0.12 / 0.00 ms (average mu = 0.982, current mu = 0.981) allocation failure;
[80312:0x8b940c000]     2022 ms: Scavenge 109.0 (143.1) -> 77.0 (143.1) MB, pooled: 0.0 MB, 0.03 / 0.00 ms (average mu = 0.982, current mu = 0.981) allocation failure;
[bailout (kind: deopt-eager, reason: wrong map): begin. deoptimizing 0x143ddbd7dbe9 <JSFunction (sfi = 0x20f43d6f3d59)>, 0x2af7a77a1dc1 <Code TURBOFAN_JS>, opt id 481, bytecode offset 7, deopt exit 3, FP to SP delta 96, caller SP 0x00016da75488, pc 0x0001191a38f8]
[bailout (kind: deopt-eager, reason: wrong map): begin. deoptimizing 0x143ddbd7dc21 <JSFunction (sfi = 0x20f43d6f3da1)>, 0x2af7a77a7ef1 <Code TURBOFAN_JS>, opt id 495, bytecode offset 7, deopt exit 3, FP to SP delta 80, caller SP 0x00016da75488, pc 0x0001191a99c8]
[bailout (kind: deopt-eager, reason: wrong map): begin. deoptimizing 0x0f5da993f841 <JSFunction compare (sfi = 0x20f43d6f38a1)>, 0x2af7a779b461 <Code TURBOFAN_JS>, opt id 464, bytecode offset 102, deopt exit 14, FP to SP delta 256, caller SP 0x00016da75540, pc 0x00011919d95c]
[80312:0x8b940c000]     2030 ms: Scavenge 109.0 (143.1) -> 77.1 (143.1) MB, pooled: 0.0 MB, 0.08 / 0.00 ms (average mu = 0.982, current mu = 0.981) allocation failure;
[80312:0x8b940c000]     2038 ms: Scavenge 109.0 (143.1) -> 77.1 (143.1) MB, pooled: 0.0 MB, 0.12 / 0.00 ms (average mu = 0.982, current mu = 0.981) allocation failure;
[80312:0x8b940c000]     2046 ms: Scavenge 109.0 (143.1) -> 77.0 (143.1) MB, pooled: 0.0 MB, 0.10 / 0.00 ms (average mu = 0.982, current mu = 0.981) allocation failure;
[80312:0x8b940c000]     2054 ms: Scavenge 109.0 (143.1) -> 77.1 (143.1) MB, pooled: 0.0 MB, 0.10 / 0.00 ms (average mu = 0.982, current mu = 0.981) allocation failure;
[80312:0x8b940c000]     2067 ms: Scavenge 109.0 (143.1) -> 77.1 (143.1) MB, pooled: 0.0 MB, 0.11 / 0.00 ms (average mu = 0.982, current mu = 0.981) allocation failure;
[bailout (kind: deopt-eager, reason: wrong map): begin. deoptimizing 0x0f5da993f841 <JSFunction compare (sfi = 0x20f43d6f38a1)>, 0x2af7a779b461 <Code TURBOFAN_JS>, opt id 464, bytecode offset 102, deopt exit 14, FP to SP delta 256, caller SP 0x00016da75540, pc 0x00011919d95c]
[80312:0x8b940c000]     2084 ms: Scavenge 109.0 (143.1) -> 77.1 (143.1) MB, pooled: 0.0 MB, 0.13 / 0.00 ms (average mu = 0.982, current mu = 0.981) allocation failure;
[80312:0x8b940c000]     2102 ms: Scavenge 109.0 (143.1) -> 77.1 (143.1) MB, pooled: 0.0 MB, 0.16 / 0.00 ms (average mu = 0.982, current mu = 0.981) allocation failure;
[80312:0x8b940c000]     2120 ms: Scavenge 109.0 (143.1) -> 77.0 (143.1) MB, pooled: 0.0 MB, 0.13 / 0.00 ms (average mu = 0.982, current mu = 0.981) allocation failure;
[80312:0x8b940c000]     2135 ms: Scavenge 109.0 (143.1) -> 77.0 (143.1) MB, pooled: 0.0 MB, 0.11 / 0.00 ms (average mu = 0.982, current mu = 0.981) allocation failure;
[80312:0x8b940c000]     2146 ms: Scavenge 109.0 (143.1) -> 77.1 (143.1) MB, pooled: 0.0 MB, 0.10 / 0.00 ms (average mu = 0.982, current mu = 0.981) allocation failure;
[bailout (kind: deopt-eager, reason: wrong map): begin. deoptimizing 0x0f5da993f841 <JSFunction compare (sfi = 0x20f43d6f38a1)>, 0x2af7a779b461 <Code TURBOFAN_JS>, opt id 464, bytecode offset 102, deopt exit 14, FP to SP delta 256, caller SP 0x00016da75540, pc 0x00011919d95c]
[80312:0x8b940c000]     2154 ms: Scavenge 109.0 (143.1) -> 77.1 (143.1) MB, pooled: 0.0 MB, 0.08 / 0.00 ms (average mu = 0.982, current mu = 0.981) allocation failure;
[80312:0x8b940c000]     2162 ms: Scavenge 109.0 (143.1) -> 77.1 (143.1) MB, pooled: 0.0 MB, 0.09 / 0.00 ms (average mu = 0.982, current mu = 0.981) allocation failure;
[80312:0x8b940c000]     2170 ms: Scavenge 109.0 (143.1) -> 77.0 (143.1) MB, pooled: 0.0 MB, 0.09 / 0.00 ms (average mu = 0.982, current mu = 0.981) allocation failure;
[bailout (kind: deopt-eager, reason: wrong map): begin. deoptimizing 0x0f5da993f841 <JSFunction compare (sfi = 0x20f43d6f38a1)>, 0x2af7a779b461 <Code TURBOFAN_JS>, opt id 464, bytecode offset 102, deopt exit 14, FP to SP delta 256, caller SP 0x00016da75540, pc 0x00011919d95c]
[80312:0x8b940c000]     2451 ms: Scavenge 109.0 (143.1) -> 77.1 (143.1) MB, pooled: 0.0 MB, 0.12 / 0.00 ms (average mu = 0.982, current mu = 0.981) allocation failure;
[bailout (kind: deopt-eager, reason: wrong map): begin. deoptimizing 0x0f5da993f841 <JSFunction compare (sfi = 0x20f43d6f38a1)>, 0x2af7a779b461 <Code TURBOFAN_JS>, opt id 464, bytecode offset 102, deopt exit 14, FP to SP delta 256, caller SP 0x00016da75540, pc 0x00011919d95c]
[bailout (kind: deopt-eager, reason: wrong map): begin. deoptimizing 0x0f5da993f841 <JSFunction compare (sfi = 0x20f43d6f38a1)>, 0x2af7a779b461 <Code TURBOFAN_JS>, opt id 464, bytecode offset 102, deopt exit 14, FP to SP delta 256, caller SP 0x00016da75540, pc 0x00011919d95c]
[80312:0x8b940c000]     2458 ms: Scavenge 109.0 (143.1) -> 77.1 (143.1) MB, pooled: 0.0 MB, 0.10 / 0.00 ms (average mu = 0.982, current mu = 0.981) allocation failure;
[80312:0x8b940c000]     2465 ms: Scavenge 109.0 (143.1) -> 77.1 (143.1) MB, pooled: 0.0 MB, 0.10 / 0.00 ms (average mu = 0.982, current mu = 0.981) allocation failure;
[80312:0x8b940c000]     2471 ms: Scavenge 109.0 (143.1) -> 77.0 (143.1) MB, pooled: 0.0 MB, 0.09 / 0.00 ms (average mu = 0.982, current mu = 0.981) allocation failure;
[80312:0x8b940c000]     2477 ms: Scavenge 109.0 (143.1) -> 77.1 (143.1) MB, pooled: 0.0 MB, 0.05 / 0.00 ms (average mu = 0.982, current mu = 0.981) allocation failure;
[80312:0x8b940c000]     2482 ms: Scavenge 109.0 (143.1) -> 77.1 (143.1) MB, pooled: 0.0 MB, 0.08 / 0.00 ms (average mu = 0.982, current mu = 0.981) allocation failure;
[bailout (kind: deopt-eager, reason: wrong map): begin. deoptimizing 0x0f5da993f841 <JSFunction compare (sfi = 0x20f43d6f38a1)>, 0x2af7a779b461 <Code TURBOFAN_JS>, opt id 464, bytecode offset 102, deopt exit 14, FP to SP delta 256, caller SP 0x00016da75540, pc 0x00011919d95c]
[80312:0x8b940c000]     2489 ms: Scavenge 109.0 (143.1) -> 77.1 (143.1) MB, pooled: 0.0 MB, 0.03 / 0.00 ms (average mu = 0.982, current mu = 0.981) allocation failure;
[80312:0x8b940c000]     2497 ms: Scavenge 109.0 (143.1) -> 77.0 (143.1) MB, pooled: 0.0 MB, 0.08 / 0.00 ms (average mu = 0.982, current mu = 0.981) allocation failure;
[80312:0x8b940c000]     2506 ms: Scavenge 109.0 (143.1) -> 77.0 (143.1) MB, pooled: 0.0 MB, 0.10 / 0.00 ms (average mu = 0.982, current mu = 0.981) allocation failure;
[80312:0x8b940c000]     2514 ms: Scavenge 109.0 (143.1) -> 77.0 (143.1) MB, pooled: 0.0 MB, 0.08 / 0.00 ms (average mu = 0.982, current mu = 0.981) allocation failure;
[80312:0x8b940c000]     2525 ms: Scavenge 109.0 (143.1) -> 77.1 (143.1) MB, pooled: 0.0 MB, 0.08 / 0.00 ms (average mu = 0.982, current mu = 0.981) allocation failure;
[bailout (kind: deopt-eager, reason: wrong map): begin. deoptimizing 0x0f5da993f841 <JSFunction compare (sfi = 0x20f43d6f38a1)>, 0x2af7a779b461 <Code TURBOFAN_JS>, opt id 464, bytecode offset 102, deopt exit 14, FP to SP delta 256, caller SP 0x00016da75540, pc 0x00011919d95c]
[80312:0x8b940c000]     2538 ms: Scavenge 109.0 (143.1) -> 77.1 (143.1) MB, pooled: 0.0 MB, 0.10 / 0.00 ms (average mu = 0.982, current mu = 0.981) allocation failure;
[80312:0x8b940c000]     2551 ms: Scavenge 109.0 (143.1) -> 77.0 (143.1) MB, pooled: 0.0 MB, 0.09 / 0.00 ms (average mu = 0.982, current mu = 0.981) allocation failure;
[80312:0x8b940c000]     2563 ms: Scavenge 109.0 (143.1) -> 77.1 (143.1) MB, pooled: 0.0 MB, 0.13 / 0.00 ms (average mu = 0.982, current mu = 0.981) allocation failure;
[80312:0x8b940c000]     2575 ms: Scavenge 109.0 (143.1) -> 77.0 (143.1) MB, pooled: 0.0 MB, 0.09 / 0.00 ms (average mu = 0.982, current mu = 0.981) allocation failure;
[80312:0x8b940c000]     2586 ms: Scavenge 109.0 (143.1) -> 77.1 (143.1) MB, pooled: 0.0 MB, 0.10 / 0.00 ms (average mu = 0.982, current mu = 0.981) allocation failure;
[bailout (kind: deopt-eager, reason: wrong map): begin. deoptimizing 0x0f5da993f841 <JSFunction compare (sfi = 0x20f43d6f38a1)>, 0x2af7a779b461 <Code TURBOFAN_JS>, opt id 464, bytecode offset 102, deopt exit 14, FP to SP delta 256, caller SP 0x00016da75540, pc 0x00011919d95c]
[80312:0x8b940c000]     2593 ms: Scavenge 109.0 (143.1) -> 77.1 (143.1) MB, pooled: 0.0 MB, 0.05 / 0.00 ms (average mu = 0.982, current mu = 0.981) allocation failure;
[80312:0x8b940c000]     2601 ms: Scavenge 109.0 (143.1) -> 77.0 (143.1) MB, pooled: 0.0 MB, 0.08 / 0.00 ms (average mu = 0.982, current mu = 0.981) allocation failure;
[80312:0x8b940c000]     2609 ms: Scavenge 109.0 (143.1) -> 77.0 (143.1) MB, pooled: 0.0 MB, 0.08 / 0.00 ms (average mu = 0.982, current mu = 0.981) allocation failure;
[bailout (kind: deopt-eager, reason: wrong map): begin. deoptimizing 0x0f5da993f841 <JSFunction compare (sfi = 0x20f43d6f38a1)>, 0x2af7a779b461 <Code TURBOFAN_JS>, opt id 464, bytecode offset 102, deopt exit 14, FP to SP delta 256, caller SP 0x00016da75540, pc 0x00011919d95c]
[80312:0x8b940c000]     2700 ms: Scavenge 109.0 (143.1) -> 77.1 (143.1) MB, pooled: 0.0 MB, 0.13 / 0.00 ms (average mu = 0.982, current mu = 0.981) allocation failure;
[bailout (kind: deopt-eager, reason: wrong map): begin. deoptimizing 0x0f5da993f841 <JSFunction compare (sfi = 0x20f43d6f38a1)>, 0x2af7a779b461 <Code TURBOFAN_JS>, opt id 464, bytecode offset 102, deopt exit 14, FP to SP delta 256, caller SP 0x00016da75540, pc 0x00011919d95c]
[80312:0x8b940c000]     2776 ms: Scavenge 109.1 (143.1) -> 77.1 (143.1) MB, pooled: 0.0 MB, 0.11 / 0.00 ms (average mu = 0.982, current mu = 0.981) allocation failure;
[bailout (kind: deopt-eager, reason: wrong map): begin. deoptimizing 0x0f5da993f841 <JSFunction compare (sfi = 0x20f43d6f38a1)>, 0x2af7a779b461 <Code TURBOFAN_JS>, opt id 464, bytecode offset 102, deopt exit 14, FP to SP delta 256, caller SP 0x00016da75540, pc 0x00011919d95c]
[80312:0x8b940c000]     2781 ms: Scavenge 109.1 (143.1) -> 77.1 (143.1) MB, pooled: 0.0 MB, 0.10 / 0.00 ms (average mu = 0.982, current mu = 0.981) allocation failure;
[80312:0x8b940c000]     2787 ms: Scavenge 109.1 (143.1) -> 77.1 (143.1) MB, pooled: 0.0 MB, 0.03 / 0.00 ms (average mu = 0.982, current mu = 0.981) allocation failure;
[80312:0x8b940c000]     2792 ms: Scavenge 109.1 (143.1) -> 77.1 (143.1) MB, pooled: 0.0 MB, 0.08 / 0.00 ms (average mu = 0.982, current mu = 0.981) allocation failure;
[80312:0x8b940c000]     2797 ms: Scavenge 109.1 (143.1) -> 77.1 (143.1) MB, pooled: 0.0 MB, 0.04 / 0.00 ms (average mu = 0.982, current mu = 0.981) allocation failure;
[bailout (kind: deopt-eager, reason: wrong map): begin. deoptimizing 0x3ab25d003ae9 <JSFunction (sfi = 0x20f43d6f3d59)>, 0x2af7a77afdf1 <Code TURBOFAN_JS>, opt id 513, bytecode offset 7, deopt exit 3, FP to SP delta 96, caller SP 0x00016da75488, pc 0x0001191b33b8]
[bailout (kind: deopt-eager, reason: wrong map): begin. deoptimizing 0x3ab25d003b21 <JSFunction (sfi = 0x20f43d6f3da1)>, 0x2af7a77af659 <Code TURBOFAN_JS>, opt id 514, bytecode offset 7, deopt exit 3, FP to SP delta 80, caller SP 0x00016da75488, pc 0x0001191b2ea8]
[bailout (kind: deopt-eager, reason: Insufficient type feedback for unary operation): begin. deoptimizing 0x2138a9baf0d9 <JSFunction cssNumberEnd (sfi = 0x23ffb0ca6331)>, 0x2af7a77b1539 <Code TURBOFAN_JS>, opt id 517, bytecode offset 49, deopt exit 23, FP to SP delta 80, caller SP 0x00016da75388, pc 0x0001191b6968]
[80312:0x8b940c000]     2804 ms: Scavenge 109.1 (143.1) -> 77.1 (143.1) MB, pooled: 0.0 MB, 0.08 / 0.00 ms (average mu = 0.982, current mu = 0.981) allocation failure;
[bailout (kind: deopt-eager, reason: wrong map): begin. deoptimizing 0x0f5da993f841 <JSFunction compare (sfi = 0x20f43d6f38a1)>, 0x2af7a779b461 <Code TURBOFAN_JS>, opt id 464, bytecode offset 102, deopt exit 14, FP to SP delta 256, caller SP 0x00016da75540, pc 0x00011919d95c]
[80312:0x8b940c000]     2812 ms: Scavenge 109.1 (143.1) -> 77.1 (143.1) MB, pooled: 0.0 MB, 0.11 / 0.00 ms (average mu = 0.982, current mu = 0.981) allocation failure;
[80312:0x8b940c000]     2820 ms: Scavenge 109.1 (143.1) -> 77.1 (143.1) MB, pooled: 0.0 MB, 0.06 / 0.00 ms (average mu = 0.982, current mu = 0.981) allocation failure;
[80312:0x8b940c000]     2827 ms: Scavenge 109.1 (143.1) -> 77.1 (143.1) MB, pooled: 0.0 MB, 0.07 / 0.00 ms (average mu = 0.982, current mu = 0.981) allocation failure;
[80312:0x8b940c000]     2837 ms: Scavenge 109.1 (143.1) -> 77.1 (143.1) MB, pooled: 0.0 MB, 0.08 / 0.00 ms (average mu = 0.982, current mu = 0.981) allocation failure;
[bailout (kind: deopt-eager, reason: wrong map): begin. deoptimizing 0x0f5da993f841 <JSFunction compare (sfi = 0x20f43d6f38a1)>, 0x2af7a779b461 <Code TURBOFAN_JS>, opt id 464, bytecode offset 102, deopt exit 14, FP to SP delta 256, caller SP 0x00016da75540, pc 0x00011919d95c]
[80312:0x8b940c000]     2847 ms: Scavenge 109.1 (143.1) -> 77.2 (143.1) MB, pooled: 0.0 MB, 0.09 / 0.00 ms (average mu = 0.982, current mu = 0.981) allocation failure;
[80312:0x8b940c000]     2856 ms: Scavenge 109.1 (143.1) -> 77.1 (143.1) MB, pooled: 0.0 MB, 0.09 / 0.00 ms (average mu = 0.982, current mu = 0.981) allocation failure;
[80312:0x8b940c000]     2865 ms: Scavenge 109.1 (143.1) -> 77.1 (143.1) MB, pooled: 0.0 MB, 0.07 / 0.00 ms (average mu = 0.982, current mu = 0.981) allocation failure;
[80312:0x8b940c000]     2875 ms: Scavenge 109.1 (143.1) -> 77.1 (143.1) MB, pooled: 0.0 MB, 0.09 / 0.00 ms (average mu = 0.982, current mu = 0.981) allocation failure;
[80312:0x8b940c000]     2885 ms: Scavenge 109.1 (143.1) -> 77.1 (143.1) MB, pooled: 0.0 MB, 0.09 / 0.00 ms (average mu = 0.982, current mu = 0.981) allocation failure;
[bailout (kind: deopt-eager, reason: wrong map): begin. deoptimizing 0x0f5da993f841 <JSFunction compare (sfi = 0x20f43d6f38a1)>, 0x2af7a779b461 <Code TURBOFAN_JS>, opt id 464, bytecode offset 102, deopt exit 14, FP to SP delta 256, caller SP 0x00016da75540, pc 0x00011919d95c]
[80312:0x8b940c000]     2894 ms: Scavenge 109.1 (143.1) -> 77.1 (143.1) MB, pooled: 0.0 MB, 0.10 / 0.00 ms (average mu = 0.982, current mu = 0.981) allocation failure;
[80312:0x8b940c000]     2903 ms: Scavenge 109.1 (143.1) -> 77.1 (143.1) MB, pooled: 0.0 MB, 0.10 / 0.00 ms (average mu = 0.982, current mu = 0.981) allocation failure;
[80312:0x8b940c000]     2911 ms: Scavenge 109.1 (143.1) -> 77.1 (143.1) MB, pooled: 0.0 MB, 0.08 / 0.00 ms (average mu = 0.982, current mu = 0.981) allocation failure;
[80312:0x8b940c000]     2923 ms: Scavenge 109.1 (143.1) -> 77.2 (143.1) MB, pooled: 0.0 MB, 0.12 / 0.00 ms (average mu = 0.982, current mu = 0.981) allocation failure;
[bailout (kind: deopt-eager, reason: wrong map): begin. deoptimizing 0x0f5da993f841 <JSFunction compare (sfi = 0x20f43d6f38a1)>, 0x2af7a779b461 <Code TURBOFAN_JS>, opt id 464, bytecode offset 102, deopt exit 14, FP to SP delta 256, caller SP 0x00016da75540, pc 0x00011919d95c]
[bailout (kind: deopt-eager, reason: wrong map): begin. deoptimizing 0x0f5da993f841 <JSFunction compare (sfi = 0x20f43d6f38a1)>, 0x2af7a779b461 <Code TURBOFAN_JS>, opt id 464, bytecode offset 102, deopt exit 14, FP to SP delta 256, caller SP 0x00016da75540, pc 0x00011919d95c]
[80312:0x8b940c000]     3047 ms: Scavenge 109.1 (143.1) -> 77.2 (143.1) MB, pooled: 0.0 MB, 0.11 / 0.00 ms (average mu = 0.982, current mu = 0.981) allocation failure;
[bailout (kind: deopt-eager, reason: wrong map): begin. deoptimizing 0x0f5da993f841 <JSFunction compare (sfi = 0x20f43d6f38a1)>, 0x2af7a779b461 <Code TURBOFAN_JS>, opt id 464, bytecode offset 102, deopt exit 14, FP to SP delta 256, caller SP 0x00016da75540, pc 0x00011919d95c]
[80312:0x8b940c000]     3053 ms: Scavenge 109.1 (143.1) -> 77.2 (143.1) MB, pooled: 0.0 MB, 0.14 / 0.00 ms (average mu = 0.982, current mu = 0.981) allocation failure;
[80312:0x8b940c000]     3058 ms: Scavenge 109.1 (143.1) -> 77.1 (143.1) MB, pooled: 0.0 MB, 0.06 / 0.00 ms (average mu = 0.982, current mu = 0.981) allocation failure;
[80312:0x8b940c000]     3064 ms: Scavenge 109.1 (143.1) -> 77.2 (143.1) MB, pooled: 0.0 MB, 0.04 / 0.00 ms (average mu = 0.982, current mu = 0.981) allocation failure;
[80312:0x8b940c000]     3069 ms: Scavenge 109.1 (143.1) -> 77.1 (143.1) MB, pooled: 0.0 MB, 0.03 / 0.00 ms (average mu = 0.982, current mu = 0.981) allocation failure;
[80312:0x8b940c000]     3075 ms: Scavenge 109.1 (143.1) -> 77.2 (143.1) MB, pooled: 0.0 MB, 0.07 / 0.00 ms (average mu = 0.982, current mu = 0.981) allocation failure;
[bailout (kind: deopt-eager, reason: wrong map): begin. deoptimizing 0x0f5da993f841 <JSFunction compare (sfi = 0x20f43d6f38a1)>, 0x2af7a779b461 <Code TURBOFAN_JS>, opt id 464, bytecode offset 102, deopt exit 14, FP to SP delta 256, caller SP 0x00016da75540, pc 0x00011919d95c]
[80312:0x8b940c000]     3083 ms: Scavenge 109.1 (143.1) -> 77.2 (143.1) MB, pooled: 0.0 MB, 0.12 / 0.00 ms (average mu = 0.982, current mu = 0.981) allocation failure;
[80312:0x8b940c000]     3092 ms: Scavenge 109.1 (143.1) -> 77.2 (143.1) MB, pooled: 0.0 MB, 0.09 / 0.00 ms (average mu = 0.982, current mu = 0.981) allocation failure;
[80312:0x8b940c000]     3099 ms: Scavenge 109.1 (143.1) -> 77.1 (143.1) MB, pooled: 0.0 MB, 0.09 / 0.00 ms (average mu = 0.982, current mu = 0.981) allocation failure;
[80312:0x8b940c000]     3108 ms: Scavenge 109.1 (143.1) -> 77.2 (143.1) MB, pooled: 0.0 MB, 0.09 / 0.00 ms (average mu = 0.982, current mu = 0.981) allocation failure;
[bailout (kind: deopt-eager, reason: wrong map): begin. deoptimizing 0x0f5da993f841 <JSFunction compare (sfi = 0x20f43d6f38a1)>, 0x2af7a779b461 <Code TURBOFAN_JS>, opt id 464, bytecode offset 102, deopt exit 14, FP to SP delta 256, caller SP 0x00016da75540, pc 0x00011919d95c]
[80312:0x8b940c000]     3116 ms: Scavenge 109.1 (143.1) -> 77.2 (143.1) MB, pooled: 0.0 MB, 0.12 / 0.00 ms (average mu = 0.982, current mu = 0.981) allocation failure;
[80312:0x8b940c000]     3123 ms: Scavenge 109.1 (143.1) -> 77.2 (143.1) MB, pooled: 0.0 MB, 0.06 / 0.00 ms (average mu = 0.982, current mu = 0.981) allocation failure;
[80312:0x8b940c000]     3130 ms: Scavenge 109.1 (143.1) -> 77.1 (143.1) MB, pooled: 0.0 MB, 0.08 / 0.00 ms (average mu = 0.982, current mu = 0.981) allocation failure;
[80312:0x8b940c000]     3137 ms: Scavenge 109.1 (143.1) -> 77.1 (143.1) MB, pooled: 0.0 MB, 0.06 / 0.00 ms (average mu = 0.982, current mu = 0.981) allocation failure;
[80312:0x8b940c000]     3145 ms: Scavenge 109.1 (143.1) -> 77.1 (143.1) MB, pooled: 0.0 MB, 0.08 / 0.00 ms (average mu = 0.982, current mu = 0.981) allocation failure;
[bailout (kind: deopt-eager, reason: wrong map): begin. deoptimizing 0x0f5da993f841 <JSFunction compare (sfi = 0x20f43d6f38a1)>, 0x2af7a779b461 <Code TURBOFAN_JS>, opt id 464, bytecode offset 102, deopt exit 14, FP to SP delta 256, caller SP 0x00016da75540, pc 0x00011919d95c]
[80312:0x8b940c000]     3153 ms: Scavenge 109.1 (143.1) -> 77.2 (143.1) MB, pooled: 0.0 MB, 0.09 / 0.00 ms (average mu = 0.982, current mu = 0.981) allocation failure;
[80312:0x8b940c000]     3161 ms: Scavenge 109.1 (143.1) -> 77.1 (143.1) MB, pooled: 0.0 MB, 0.10 / 0.00 ms (average mu = 0.982, current mu = 0.981) allocation failure;
[80312:0x8b940c000]     3169 ms: Scavenge 109.1 (143.1) -> 77.1 (143.1) MB, pooled: 0.0 MB, 0.07 / 0.00 ms (average mu = 0.982, current mu = 0.981) allocation failure;
[80312:0x8b940c000]     3177 ms: Scavenge 109.1 (143.1) -> 77.2 (143.1) MB, pooled: 0.0 MB, 0.05 / 0.00 ms (average mu = 0.982, current mu = 0.981) allocation failure;
[bailout (kind: deopt-eager, reason: wrong map): begin. deoptimizing 0x0f5da993f841 <JSFunction compare (sfi = 0x20f43d6f38a1)>, 0x2af7a779b461 <Code TURBOFAN_JS>, opt id 464, bytecode offset 102, deopt exit 14, FP to SP delta 256, caller SP 0x00016da75540, pc 0x00011919d95c]
[bailout (kind: deopt-eager, reason: wrong map): begin. deoptimizing 0x0f5da993f841 <JSFunction compare (sfi = 0x20f43d6f38a1)>, 0x2af7a779b461 <Code TURBOFAN_JS>, opt id 464, bytecode offset 102, deopt exit 14, FP to SP delta 256, caller SP 0x00016da75540, pc 0x00011919d95c]
[bailout (kind: deopt-eager, reason: wrong feedback cell): begin. deoptimizing 0x30b5776bca81 <JSFunction parseStateInner (sfi = 0x114ce417c659)>, 0x2af7a77ae869 <Code TURBOFAN_JS>, opt id 509, bytecode offset 0, deopt exit 10, FP to SP delta 112, caller SP 0x00016da754e0, pc 0x0001191b23cc]
[bailout (kind: deopt-eager, reason: Smi): begin. deoptimizing 0x30b5776bcd59 <JSFunction ok (sfi = 0x23ffb0cbe929)>, 0x2af7a77ac8f9 <Code TURBOFAN_JS>, opt id 508, bytecode offset 2, deopt exit 4, FP to SP delta 48, caller SP 0x00016da75358, pc 0x0001191af7e4]
[marking dependent code 0x1b25123c7ce1 <Code MAGLEV> (0x114ce417c659 <SharedFunctionInfo parseStateInner>) (opt id 505) for deoptimization, reason: dependent field representation changed]
[marking dependent code 0x1b25123c6c99 <Code MAGLEV> (0x3873d20ebb51 <SharedFunctionInfo>) (opt id 502) for deoptimization, reason: dependent field representation changed]
[marking dependent code 0x2af7a779ec39 <Code TURBOFAN_JS> (0x20f43d6f3d59 <SharedFunctionInfo>) (opt id 472) for deoptimization, reason: dependent field representation changed]
[marking dependent code 0x2af7a779cfa9 <Code TURBOFAN_JS> (0x2cc657dff139 <SharedFunctionInfo regexParser>) (opt id 469) for deoptimization, reason: dependent field representation changed]
[marking dependent code 0x2af7a7790f59 <Code TURBOFAN_JS> (0x23ffb0cbe8e1 <SharedFunctionInfo ParserState>) (opt id 427) for deoptimization, reason: dependent field representation changed]
[marking dependent code 0x2af7a778f831 <Code MAGLEV> (0x2cc657dff139 <SharedFunctionInfo regexParser>) (opt id 419) for deoptimization, reason: dependent field representation changed]
[marking dependent code 0x2af7a778eb39 <Code MAGLEV> (0x23ffb0cbe929 <SharedFunctionInfo ok>) (opt id 410) for deoptimization, reason: dependent field representation changed]
[marking dependent code 0x2af7a778e079 <Code MAGLEV> (0x114ce417c659 <SharedFunctionInfo parseStateInner>) (opt id 405) for deoptimization, reason: dependent field representation changed]
[marking dependent code 0x1e6502f806f1 <Code MAGLEV> (0x3873d20ebb51 <SharedFunctionInfo>) (opt id 404) for deoptimization, reason: dependent field representation changed]
[marking dependent code 0x2af7a778db59 <Code MAGLEV> (0x23ffb0cbe8e1 <SharedFunctionInfo ParserState>) (opt id 402) for deoptimization, reason: dependent field representation changed]
[marking dependent code 0x2af7a778d561 <Code MAGLEV> (0x23ffb0cbea91 <SharedFunctionInfo unsafeSetValue>) (opt id 399) for deoptimization, reason: dependent field representation changed]
[bailout (kind: deopt-eager, reason: wrong feedback cell): begin. deoptimizing 0x23be4b1ba111 <JSFunction parseState (sfi = 0x3873d20ec7b9)>, 0x2af7a77a4f91 <Code TURBOFAN_JS>, opt id 484, bytecode offset 69, deopt exit 23, FP to SP delta 112, caller SP 0x00016da75540, pc 0x0001191a75e8]
[marking dependent code 0x2af7a77a75c1 <Code TURBOFAN_JS> (0x20f43d6f3d11 <SharedFunctionInfo>) (opt id 491) for deoptimization, reason: dependent field representation changed]
[marking dependent code 0x2af7a77a62a1 <Code TURBOFAN_JS> (0x23ffb0c9ce59 <SharedFunctionInfo parseState>) (opt id 492) for deoptimization, reason: dependent field representation changed]
[marking dependent code 0x2af7a77a3e39 <Code TURBOFAN_JS> (0x3873d20ed5d9 <SharedFunctionInfo>) (opt id 485) for deoptimization, reason: dependent field representation changed]
[marking dependent code 0x1b25123c61d1 <Code MAGLEV> (0x23ffb0c9ce59 <SharedFunctionInfo parseState>) (opt id 490) for deoptimization, reason: dependent field representation changed]
[marking dependent code 0x1b25123c51e1 <Code MAGLEV> (0x3873d20ed669 <SharedFunctionInfo>) (opt id 487) for deoptimization, reason: dependent field representation changed]
[marking dependent code 0x2af7a77a3191 <Code TURBOFAN_JS> (0x3873d20ec7b9 <SharedFunctionInfo parseState>) (opt id 483) for deoptimization, reason: dependent field representation changed]
[marking dependent code 0x2af7a779f511 <Code TURBOFAN_JS> (0x20f43d6f3da1 <SharedFunctionInfo>) (opt id 473) for deoptimization, reason: dependent field representation changed]
[marking dependent code 0x2af7a7797e49 <Code TURBOFAN_JS> (0x3873d20ed5d9 <SharedFunctionInfo>) (opt id 468) for deoptimization, reason: dependent field representation changed]
[marking dependent code 0x1b25123c26c9 <Code MAGLEV> (0x3873d20ed5d9 <SharedFunctionInfo>) (opt id 452) for deoptimization, reason: dependent field representation changed]
[marking dependent code 0x2af7a77913a9 <Code TURBOFAN_JS> (0x23ffb0c9cbd1 <SharedFunctionInfo RunState>) (opt id 430) for deoptimization, reason: dependent field representation changed]
[marking dependent code 0x1e6502f81b59 <Code MAGLEV> (0x3873d20ed5d9 <SharedFunctionInfo>) (opt id 417) for deoptimization, reason: dependent field representation changed]
[marking dependent code 0x1e6502f81559 <Code MAGLEV> (0x23ffb0c9cc19 <SharedFunctionInfo ok>) (opt id 413) for deoptimization, reason: dependent field representation changed]
[marking dependent code 0x1e6502f81251 <Code MAGLEV> (0x3873d20ed669 <SharedFunctionInfo>) (opt id 411) for deoptimization, reason: dependent field representation changed]
[marking dependent code 0x2af7a778e7e9 <Code MAGLEV> (0x23ffb0c9ce59 <SharedFunctionInfo parseState>) (opt id 409) for deoptimization, reason: dependent field representation changed]
[marking dependent code 0x1e6502f80d79 <Code MAGLEV> (0x23ffb0c9cbd1 <SharedFunctionInfo RunState>) (opt id 407) for deoptimization, reason: dependent field representation changed]
[80312:0x8b940c000]     3235 ms: Scavenge 109.2 (143.1) -> 77.3 (143.1) MB, pooled: 0.0 MB, 0.10 / 0.00 ms (average mu = 0.982, current mu = 0.981) allocation failure;
[bailout (kind: deopt-eager, reason: wrong map): begin. deoptimizing 0x0f5da993f841 <JSFunction compare (sfi = 0x20f43d6f38a1)>, 0x2af7a779b461 <Code TURBOFAN_JS>, opt id 464, bytecode offset 102, deopt exit 14, FP to SP delta 256, caller SP 0x00016da75540, pc 0x00011919d95c]
[80312:0x8b940c000]     3243 ms: Scavenge 109.2 (143.1) -> 77.3 (143.1) MB, pooled: 0.0 MB, 0.14 / 0.00 ms (average mu = 0.982, current mu = 0.981) allocation failure;
[80312:0x8b940c000]     3250 ms: Scavenge 109.2 (143.1) -> 77.2 (143.1) MB, pooled: 0.0 MB, 0.12 / 0.00 ms (average mu = 0.982, current mu = 0.981) allocation failure;
[80312:0x8b940c000]     3258 ms: Scavenge 109.2 (143.1) -> 77.2 (143.1) MB, pooled: 0.0 MB, 0.04 / 0.00 ms (average mu = 0.982, current mu = 0.981) allocation failure;
[80312:0x8b940c000]     3266 ms: Scavenge 109.2 (143.1) -> 77.2 (143.1) MB, pooled: 0.0 MB, 0.05 / 0.00 ms (average mu = 0.982, current mu = 0.981) allocation failure;
[80312:0x8b940c000]     3274 ms: Scavenge 109.2 (143.1) -> 77.3 (143.1) MB, pooled: 0.0 MB, 0.08 / 0.00 ms (average mu = 0.982, current mu = 0.981) allocation failure;
[bailout (kind: deopt-eager, reason: wrong map): begin. deoptimizing 0x0f5da993f841 <JSFunction compare (sfi = 0x20f43d6f38a1)>, 0x2af7a779b461 <Code TURBOFAN_JS>, opt id 464, bytecode offset 102, deopt exit 14, FP to SP delta 256, caller SP 0x00016da75540, pc 0x00011919d95c]
[80312:0x8b940c000]     3282 ms: Scavenge 109.2 (143.1) -> 77.2 (143.1) MB, pooled: 0.0 MB, 0.10 / 0.00 ms (average mu = 0.982, current mu = 0.981) allocation failure;
[80312:0x8b940c000]     3291 ms: Scavenge 109.2 (143.1) -> 77.2 (143.1) MB, pooled: 0.0 MB, 0.11 / 0.00 ms (average mu = 0.982, current mu = 0.981) allocation failure;
[80312:0x8b940c000]     3299 ms: Scavenge 109.2 (143.1) -> 77.3 (143.1) MB, pooled: 0.0 MB, 0.06 / 0.00 ms (average mu = 0.982, current mu = 0.981) allocation failure;
[80312:0x8b940c000]     3306 ms: Scavenge 109.2 (143.1) -> 77.2 (143.1) MB, pooled: 0.0 MB, 0.05 / 0.00 ms (average mu = 0.982, current mu = 0.981) allocation failure;
[bailout (kind: deopt-eager, reason: wrong map): begin. deoptimizing 0x0f5da993f841 <JSFunction compare (sfi = 0x20f43d6f38a1)>, 0x2af7a779b461 <Code TURBOFAN_JS>, opt id 464, bytecode offset 102, deopt exit 14, FP to SP delta 256, caller SP 0x00016da75540, pc 0x00011919d95c]
[80312:0x8b940c000]     3328 ms: Scavenge 109.2 (143.1) -> 77.3 (143.1) MB, pooled: 0.0 MB, 0.10 / 0.00 ms (average mu = 0.982, current mu = 0.981) allocation failure;
[80312:0x8b940c000]     3349 ms: Scavenge 109.2 (143.1) -> 77.2 (143.1) MB, pooled: 0.0 MB, 0.10 / 0.00 ms (average mu = 0.982, current mu = 0.981) allocation failure;
[80312:0x8b940c000]     3370 ms: Scavenge 109.2 (143.1) -> 77.3 (143.1) MB, pooled: 0.0 MB, 0.10 / 0.00 ms (average mu = 0.982, current mu = 0.981) allocation failure;
[80312:0x8b940c000]     3389 ms: Scavenge 109.2 (143.1) -> 77.3 (143.1) MB, pooled: 0.0 MB, 0.09 / 0.00 ms (average mu = 0.982, current mu = 0.981) allocation failure;
[80312:0x8b940c000]     3409 ms: Scavenge 109.2 (143.1) -> 77.2 (143.1) MB, pooled: 0.0 MB, 0.10 / 0.00 ms (average mu = 0.982, current mu = 0.981) allocation failure;
[80312:0x8b940c000]     3423 ms: Scavenge 109.2 (143.1) -> 77.3 (143.1) MB, pooled: 0.0 MB, 0.09 / 0.00 ms (average mu = 0.982, current mu = 0.981) allocation failure;
[bailout (kind: deopt-eager, reason: wrong map): begin. deoptimizing 0x0f5da993f841 <JSFunction compare (sfi = 0x20f43d6f38a1)>, 0x2af7a779b461 <Code TURBOFAN_JS>, opt id 464, bytecode offset 102, deopt exit 14, FP to SP delta 256, caller SP 0x00016da75540, pc 0x00011919d95c]
[80312:0x8b940c000]     3431 ms: Scavenge 109.2 (143.1) -> 77.2 (143.1) MB, pooled: 0.0 MB, 0.05 / 0.00 ms (average mu = 0.982, current mu = 0.981) allocation failure;
[80312:0x8b940c000]     3439 ms: Scavenge 109.2 (143.1) -> 77.3 (143.1) MB, pooled: 0.0 MB, 0.05 / 0.00 ms (average mu = 0.982, current mu = 0.981) allocation failure;
[80312:0x8b940c000]     3446 ms: Scavenge 109.2 (143.1) -> 77.2 (143.1) MB, pooled: 0.0 MB, 0.07 / 0.00 ms (average mu = 0.982, current mu = 0.981) allocation failure;
[bailout (kind: deopt-eager, reason: wrong map): begin. deoptimizing 0x0f5da993f841 <JSFunction compare (sfi = 0x20f43d6f38a1)>, 0x2af7a779b461 <Code TURBOFAN_JS>, opt id 464, bytecode offset 102, deopt exit 14, FP to SP delta 256, caller SP 0x00016da75540, pc 0x00011919d95c]
[80312:0x8b940c000]     3769 ms: Scavenge 109.2 (143.1) -> 77.3 (143.1) MB, pooled: 0.0 MB, 0.12 / 0.00 ms (average mu = 0.982, current mu = 0.981) allocation failure;
[bailout (kind: deopt-eager, reason: wrong map): begin. deoptimizing 0x0f5da993f841 <JSFunction compare (sfi = 0x20f43d6f38a1)>, 0x2af7a779b461 <Code TURBOFAN_JS>, opt id 464, bytecode offset 102, deopt exit 14, FP to SP delta 256, caller SP 0x00016da75540, pc 0x00011919d95c]
[80312:0x8b940c000]     3851 ms: Scavenge 109.3 (143.1) -> 77.3 (143.1) MB, pooled: 0.0 MB, 0.15 / 0.00 ms (average mu = 0.982, current mu = 0.981) allocation failure;
[bailout (kind: deopt-eager, reason: wrong map): begin. deoptimizing 0x0f5da993f841 <JSFunction compare (sfi = 0x20f43d6f38a1)>, 0x2af7a779b461 <Code TURBOFAN_JS>, opt id 464, bytecode offset 102, deopt exit 14, FP to SP delta 256, caller SP 0x00016da75540, pc 0x00011919d95c]
[80312:0x8b940c000]     3861 ms: Scavenge 109.3 (143.1) -> 77.3 (143.1) MB, pooled: 0.0 MB, 0.16 / 0.00 ms (average mu = 0.982, current mu = 0.981) allocation failure;
[80312:0x8b940c000]     3868 ms: Scavenge 109.3 (143.1) -> 77.3 (143.1) MB, pooled: 0.0 MB, 0.09 / 0.00 ms (average mu = 0.982, current mu = 0.981) allocation failure;
[80312:0x8b940c000]     3877 ms: Scavenge 109.3 (143.1) -> 77.3 (143.1) MB, pooled: 0.0 MB, 0.09 / 0.00 ms (average mu = 0.982, current mu = 0.981) allocation failure;
[80312:0x8b940c000]     3885 ms: Scavenge 109.3 (143.1) -> 77.3 (143.1) MB, pooled: 0.0 MB, 0.11 / 0.00 ms (average mu = 0.982, current mu = 0.981) allocation failure;
[80312:0x8b940c000]     3895 ms: Scavenge 109.3 (143.1) -> 77.3 (143.1) MB, pooled: 0.0 MB, 0.11 / 0.00 ms (average mu = 0.982, current mu = 0.981) allocation failure;
[bailout (kind: deopt-eager, reason: wrong map): begin. deoptimizing 0x0f5da993f841 <JSFunction compare (sfi = 0x20f43d6f38a1)>, 0x2af7a779b461 <Code TURBOFAN_JS>, opt id 464, bytecode offset 102, deopt exit 14, FP to SP delta 256, caller SP 0x00016da75540, pc 0x00011919d95c]
[80312:0x8b940c000]     3906 ms: Scavenge 109.3 (143.1) -> 77.3 (143.1) MB, pooled: 0.0 MB, 0.17 / 0.00 ms (average mu = 0.982, current mu = 0.981) allocation failure;
[80312:0x8b940c000]     3914 ms: Scavenge 109.3 (143.1) -> 77.3 (143.1) MB, pooled: 0.0 MB, 0.14 / 0.00 ms (average mu = 0.982, current mu = 0.981) allocation failure;
[80312:0x8b940c000]     3925 ms: Scavenge 109.3 (143.1) -> 77.3 (143.1) MB, pooled: 0.0 MB, 0.10 / 0.00 ms (average mu = 0.982, current mu = 0.981) allocation failure;
[80312:0x8b940c000]     3938 ms: Scavenge 109.3 (143.1) -> 77.3 (143.1) MB, pooled: 0.0 MB, 0.11 / 0.00 ms (average mu = 0.982, current mu = 0.981) allocation failure;
[bailout (kind: deopt-eager, reason: wrong map): begin. deoptimizing 0x0f5da993f841 <JSFunction compare (sfi = 0x20f43d6f38a1)>, 0x2af7a779b461 <Code TURBOFAN_JS>, opt id 464, bytecode offset 102, deopt exit 14, FP to SP delta 256, caller SP 0x00016da75540, pc 0x00011919d95c]
[80312:0x8b940c000]     3958 ms: Scavenge 109.3 (143.1) -> 77.3 (143.1) MB, pooled: 0.0 MB, 0.13 / 0.00 ms (average mu = 0.982, current mu = 0.981) allocation failure;
[80312:0x8b940c000]     3976 ms: Scavenge 109.3 (143.1) -> 77.3 (143.1) MB, pooled: 0.0 MB, 0.13 / 0.00 ms (average mu = 0.982, current mu = 0.981) allocation failure;
[80312:0x8b940c000]     3996 ms: Scavenge 109.3 (143.1) -> 77.3 (143.1) MB, pooled: 0.0 MB, 0.10 / 0.00 ms (average mu = 0.982, current mu = 0.981) allocation failure;
[80312:0x8b940c000]     4015 ms: Scavenge 109.3 (143.1) -> 77.3 (143.1) MB, pooled: 0.0 MB, 0.15 / 0.00 ms (average mu = 0.982, current mu = 0.981) allocation failure;
[80312:0x8b940c000]     4034 ms: Scavenge 109.3 (143.1) -> 77.3 (143.1) MB, pooled: 0.0 MB, 0.12 / 0.00 ms (average mu = 0.982, current mu = 0.981) allocation failure;
[bailout (kind: deopt-eager, reason: wrong map): begin. deoptimizing 0x0f5da993f841 <JSFunction compare (sfi = 0x20f43d6f38a1)>, 0x2af7a779b461 <Code TURBOFAN_JS>, opt id 464, bytecode offset 102, deopt exit 14, FP to SP delta 256, caller SP 0x00016da75540, pc 0x00011919d95c]
[80312:0x8b940c000]     4044 ms: Scavenge 109.3 (143.1) -> 77.3 (143.1) MB, pooled: 0.0 MB, 0.12 / 0.00 ms (average mu = 0.982, current mu = 0.981) allocation failure;
[80312:0x8b940c000]     4052 ms: Scavenge 109.3 (143.1) -> 77.3 (143.1) MB, pooled: 0.0 MB, 0.13 / 0.00 ms (average mu = 0.982, current mu = 0.981) allocation failure;
[80312:0x8b940c000]     4064 ms: Scavenge 109.3 (143.1) -> 77.3 (143.1) MB, pooled: 0.0 MB, 0.13 / 0.00 ms (average mu = 0.982, current mu = 0.981) allocation failure;
[80312:0x8b940c000]     4072 ms: Scavenge 109.3 (143.1) -> 77.3 (143.1) MB, pooled: 0.0 MB, 0.11 / 0.00 ms (average mu = 0.982, current mu = 0.981) allocation failure;
[bailout (kind: deopt-eager, reason: wrong map): begin. deoptimizing 0x0f5da993f841 <JSFunction compare (sfi = 0x20f43d6f38a1)>, 0x2af7a779b461 <Code TURBOFAN_JS>, opt id 464, bytecode offset 102, deopt exit 14, FP to SP delta 256, caller SP 0x00016da75540, pc 0x00011919d95c]
[bailout (kind: deopt-eager, reason: wrong map): begin. deoptimizing 0x0f5da993f841 <JSFunction compare (sfi = 0x20f43d6f38a1)>, 0x2af7a779b461 <Code TURBOFAN_JS>, opt id 464, bytecode offset 102, deopt exit 14, FP to SP delta 256, caller SP 0x00016da75540, pc 0x00011919d95c]
[80312:0x8b940c000]     4373 ms: Scavenge 109.3 (143.1) -> 77.3 (143.1) MB, pooled: 0.0 MB, 0.13 / 0.00 ms (average mu = 0.982, current mu = 0.981) allocation failure;
[bailout (kind: deopt-eager, reason: wrong map): begin. deoptimizing 0x0f5da993f841 <JSFunction compare (sfi = 0x20f43d6f38a1)>, 0x2af7a779b461 <Code TURBOFAN_JS>, opt id 464, bytecode offset 102, deopt exit 14, FP to SP delta 256, caller SP 0x00016da75540, pc 0x00011919d95c]
[80312:0x8b940c000]     4380 ms: Scavenge 109.3 (143.1) -> 77.4 (143.1) MB, pooled: 0.0 MB, 0.17 / 0.00 ms (average mu = 0.982, current mu = 0.981) allocation failure;
[80312:0x8b940c000]     4385 ms: Scavenge 109.3 (143.1) -> 77.3 (143.1) MB, pooled: 0.0 MB, 0.08 / 0.00 ms (average mu = 0.982, current mu = 0.981) allocation failure;
[80312:0x8b940c000]     4391 ms: Scavenge 109.3 (143.1) -> 77.3 (143.1) MB, pooled: 0.0 MB, 0.06 / 0.00 ms (average mu = 0.982, current mu = 0.981) allocation failure;
[80312:0x8b940c000]     4396 ms: Scavenge 109.3 (143.1) -> 77.3 (143.1) MB, pooled: 0.0 MB, 0.09 / 0.00 ms (average mu = 0.982, current mu = 0.981) allocation failure;
[80312:0x8b940c000]     4402 ms: Scavenge 109.3 (143.1) -> 77.3 (143.1) MB, pooled: 0.0 MB, 0.10 / 0.00 ms (average mu = 0.982, current mu = 0.981) allocation failure;
[bailout (kind: deopt-eager, reason: Insufficient type feedback for unary operation): begin. deoptimizing 0x2138a9baf119 <JSFunction jsonNumberEnd (sfi = 0x23ffb0ca6379)>, 0x2af7a77bb6c9 <Code TURBOFAN_JS>, opt id 554, bytecode offset 29, deopt exit 19, FP to SP delta 80, caller SP 0x00016da75398, pc 0x0001191bb880]
[bailout (kind: deopt-eager, reason: wrong map): begin. deoptimizing 0x0f5da993f841 <JSFunction compare (sfi = 0x20f43d6f38a1)>, 0x2af7a779b461 <Code TURBOFAN_JS>, opt id 464, bytecode offset 102, deopt exit 14, FP to SP delta 256, caller SP 0x00016da75540, pc 0x00011919d95c]
[80312:0x8b940c000]     4410 ms: Scavenge 109.3 (143.1) -> 77.4 (143.1) MB, pooled: 0.0 MB, 0.10 / 0.00 ms (average mu = 0.982, current mu = 0.981) allocation failure;
[80312:0x8b940c000]     4418 ms: Scavenge 109.3 (143.1) -> 77.3 (143.1) MB, pooled: 0.0 MB, 0.09 / 0.00 ms (average mu = 0.982, current mu = 0.981) allocation failure;
[80312:0x8b940c000]     4427 ms: Scavenge 109.3 (143.1) -> 77.4 (143.1) MB, pooled: 0.0 MB, 0.09 / 0.00 ms (average mu = 0.982, current mu = 0.981) allocation failure;
[80312:0x8b940c000]     4434 ms: Scavenge 109.3 (143.1) -> 77.4 (143.1) MB, pooled: 0.0 MB, 0.09 / 0.00 ms (average mu = 0.982, current mu = 0.981) allocation failure;
[bailout (kind: deopt-eager, reason: wrong map): begin. deoptimizing 0x0f5da993f841 <JSFunction compare (sfi = 0x20f43d6f38a1)>, 0x2af7a779b461 <Code TURBOFAN_JS>, opt id 464, bytecode offset 102, deopt exit 14, FP to SP delta 256, caller SP 0x00016da75540, pc 0x00011919d95c]
[80312:0x8b940c000]     4446 ms: Scavenge 109.3 (143.1) -> 77.4 (143.1) MB, pooled: 0.0 MB, 0.10 / 0.00 ms (average mu = 0.982, current mu = 0.981) allocation failure;
[80312:0x8b940c000]     4456 ms: Scavenge 109.3 (143.1) -> 77.4 (143.1) MB, pooled: 0.0 MB, 0.16 / 0.00 ms (average mu = 0.982, current mu = 0.981) allocation failure;
[80312:0x8b940c000]     4465 ms: Scavenge 109.3 (143.1) -> 77.4 (143.1) MB, pooled: 0.0 MB, 0.10 / 0.00 ms (average mu = 0.982, current mu = 0.981) allocation failure;
[80312:0x8b940c000]     4474 ms: Scavenge 109.3 (143.1) -> 77.3 (143.1) MB, pooled: 0.0 MB, 0.08 / 0.00 ms (average mu = 0.982, current mu = 0.981) allocation failure;
[80312:0x8b940c000]     4483 ms: Scavenge 109.3 (143.1) -> 77.3 (143.1) MB, pooled: 0.0 MB, 0.09 / 0.00 ms (average mu = 0.982, current mu = 0.981) allocation failure;
[bailout (kind: deopt-eager, reason: wrong map): begin. deoptimizing 0x0f5da993f841 <JSFunction compare (sfi = 0x20f43d6f38a1)>, 0x2af7a779b461 <Code TURBOFAN_JS>, opt id 464, bytecode offset 102, deopt exit 14, FP to SP delta 256, caller SP 0x00016da75540, pc 0x00011919d95c]
[80312:0x8b940c000]     4492 ms: Scavenge 109.3 (143.1) -> 77.4 (143.1) MB, pooled: 0.0 MB, 0.11 / 0.00 ms (average mu = 0.982, current mu = 0.981) allocation failure;
[80312:0x8b940c000]     4500 ms: Scavenge 109.3 (143.1) -> 77.4 (143.1) MB, pooled: 0.0 MB, 0.08 / 0.00 ms (average mu = 0.982, current mu = 0.981) allocation failure;
[80312:0x8b940c000]     4507 ms: Scavenge 109.3 (143.1) -> 77.3 (143.1) MB, pooled: 0.0 MB, 0.08 / 0.00 ms (average mu = 0.982, current mu = 0.981) allocation failure;
[80312:0x8b940c000]     4515 ms: Scavenge 109.3 (143.1) -> 77.4 (143.1) MB, pooled: 0.0 MB, 0.09 / 0.00 ms (average mu = 0.982, current mu = 0.981) allocation failure;
[bailout (kind: deopt-eager, reason: wrong map): begin. deoptimizing 0x0f5da993f841 <JSFunction compare (sfi = 0x20f43d6f38a1)>, 0x2af7a779b461 <Code TURBOFAN_JS>, opt id 464, bytecode offset 102, deopt exit 14, FP to SP delta 256, caller SP 0x00016da75540, pc 0x00011919d95c]
[bailout (kind: deopt-eager, reason: wrong map): begin. deoptimizing 0x0f5da993f841 <JSFunction compare (sfi = 0x20f43d6f38a1)>, 0x2af7a779b461 <Code TURBOFAN_JS>, opt id 464, bytecode offset 102, deopt exit 14, FP to SP delta 256, caller SP 0x00016da75540, pc 0x00011919d95c]
[80312:0x8b940c000]     4657 ms: Scavenge 109.3 (143.1) -> 77.4 (143.1) MB, pooled: 0.0 MB, 0.11 / 0.00 ms (average mu = 0.982, current mu = 0.981) allocation failure;
[bailout (kind: deopt-eager, reason: wrong map): begin. deoptimizing 0x0f5da993f841 <JSFunction compare (sfi = 0x20f43d6f38a1)>, 0x2af7a779b461 <Code TURBOFAN_JS>, opt id 464, bytecode offset 102, deopt exit 14, FP to SP delta 256, caller SP 0x00016da75540, pc 0x00011919d95c]
[80312:0x8b940c000]     4663 ms: Scavenge 109.3 (143.1) -> 77.4 (143.1) MB, pooled: 0.0 MB, 0.13 / 0.00 ms (average mu = 0.982, current mu = 0.981) allocation failure;
[80312:0x8b940c000]     4670 ms: Scavenge 109.3 (143.1) -> 77.4 (143.1) MB, pooled: 0.0 MB, 0.12 / 0.00 ms (average mu = 0.982, current mu = 0.981) allocation failure;
[80312:0x8b940c000]     4675 ms: Scavenge 109.3 (143.1) -> 77.3 (143.1) MB, pooled: 0.0 MB, 0.06 / 0.00 ms (average mu = 0.982, current mu = 0.981) allocation failure;
[80312:0x8b940c000]     4681 ms: Scavenge 109.3 (143.1) -> 77.4 (143.1) MB, pooled: 0.0 MB, 0.09 / 0.00 ms (average mu = 0.982, current mu = 0.981) allocation failure;
[80312:0x8b940c000]     4688 ms: Scavenge 109.3 (143.1) -> 77.4 (143.1) MB, pooled: 0.0 MB, 0.10 / 0.00 ms (average mu = 0.982, current mu = 0.981) allocation failure;
[bailout (kind: deopt-eager, reason: wrong map): begin. deoptimizing 0x0f5da993f841 <JSFunction compare (sfi = 0x20f43d6f38a1)>, 0x2af7a779b461 <Code TURBOFAN_JS>, opt id 464, bytecode offset 102, deopt exit 14, FP to SP delta 256, caller SP 0x00016da75540, pc 0x00011919d95c]
[80312:0x8b940c000]     4696 ms: Scavenge 109.3 (143.1) -> 77.4 (143.1) MB, pooled: 0.0 MB, 0.15 / 0.00 ms (average mu = 0.982, current mu = 0.981) allocation failure;
[80312:0x8b940c000]     4705 ms: Scavenge 109.3 (143.1) -> 77.4 (143.1) MB, pooled: 0.0 MB, 0.09 / 0.00 ms (average mu = 0.982, current mu = 0.981) allocation failure;
[80312:0x8b940c000]     4714 ms: Scavenge 109.3 (143.1) -> 77.3 (143.1) MB, pooled: 0.0 MB, 0.08 / 0.00 ms (average mu = 0.982, current mu = 0.981) allocation failure;
[80312:0x8b940c000]     4723 ms: Scavenge 109.3 (143.1) -> 77.3 (143.1) MB, pooled: 0.0 MB, 0.09 / 0.00 ms (average mu = 0.982, current mu = 0.981) allocation failure;
[80312:0x8b940c000]     4731 ms: Scavenge 109.3 (143.1) -> 77.4 (143.1) MB, pooled: 0.0 MB, 0.08 / 0.00 ms (average mu = 0.982, current mu = 0.981) allocation failure;
[bailout (kind: deopt-eager, reason: wrong map): begin. deoptimizing 0x0f5da993f841 <JSFunction compare (sfi = 0x20f43d6f38a1)>, 0x2af7a779b461 <Code TURBOFAN_JS>, opt id 464, bytecode offset 102, deopt exit 14, FP to SP delta 256, caller SP 0x00016da75540, pc 0x00011919d95c]
[80312:0x8b940c000]     4739 ms: Scavenge 109.3 (143.1) -> 77.4 (143.1) MB, pooled: 0.0 MB, 0.10 / 0.00 ms (average mu = 0.982, current mu = 0.981) allocation failure;
[80312:0x8b940c000]     4746 ms: Scavenge 109.3 (143.1) -> 77.3 (143.1) MB, pooled: 0.0 MB, 0.03 / 0.00 ms (average mu = 0.982, current mu = 0.981) allocation failure;
[80312:0x8b940c000]     4754 ms: Scavenge 109.3 (143.1) -> 77.4 (143.1) MB, pooled: 0.0 MB, 0.09 / 0.00 ms (average mu = 0.982, current mu = 0.981) allocation failure;
[80312:0x8b940c000]     4761 ms: Scavenge 109.3 (143.1) -> 77.4 (143.1) MB, pooled: 0.0 MB, 0.09 / 0.00 ms (average mu = 0.982, current mu = 0.981) allocation failure;
[80312:0x8b940c000]     4769 ms: Scavenge 109.3 (143.1) -> 77.4 (143.1) MB, pooled: 0.0 MB, 0.15 / 0.00 ms (average mu = 0.982, current mu = 0.981) allocation failure;
[bailout (kind: deopt-eager, reason: wrong map): begin. deoptimizing 0x0f5da993f841 <JSFunction compare (sfi = 0x20f43d6f38a1)>, 0x2af7a779b461 <Code TURBOFAN_JS>, opt id 464, bytecode offset 102, deopt exit 14, FP to SP delta 256, caller SP 0x00016da75540, pc 0x00011919d95c]
[80312:0x8b940c000]     4779 ms: Scavenge 109.3 (143.1) -> 77.4 (143.1) MB, pooled: 0.0 MB, 0.11 / 0.00 ms (average mu = 0.982, current mu = 0.981) allocation failure;
[80312:0x8b940c000]     4788 ms: Scavenge 109.3 (143.1) -> 77.3 (143.1) MB, pooled: 0.0 MB, 0.06 / 0.00 ms (average mu = 0.982, current mu = 0.981) allocation failure;
[80312:0x8b940c000]     4797 ms: Scavenge 109.3 (143.1) -> 77.3 (143.1) MB, pooled: 0.0 MB, 0.09 / 0.00 ms (average mu = 0.982, current mu = 0.981) allocation failure;
[bailout (kind: deopt-eager, reason: wrong map): begin. deoptimizing 0x0f5da993f841 <JSFunction compare (sfi = 0x20f43d6f38a1)>, 0x2af7a779b461 <Code TURBOFAN_JS>, opt id 464, bytecode offset 102, deopt exit 14, FP to SP delta 256, caller SP 0x00016da75540, pc 0x00011919d95c]
[80312:0x8b940c000]     4854 ms: Scavenge 109.3 (143.1) -> 77.4 (143.1) MB, pooled: 0.0 MB, 0.11 / 0.00 ms (average mu = 0.982, current mu = 0.981) allocation failure;
[bailout (kind: deopt-eager, reason: wrong map): begin. deoptimizing 0x0f5da993f841 <JSFunction compare (sfi = 0x20f43d6f38a1)>, 0x2af7a779b461 <Code TURBOFAN_JS>, opt id 464, bytecode offset 102, deopt exit 14, FP to SP delta 256, caller SP 0x00016da75540, pc 0x00011919d95c]
[bailout (kind: deopt-eager, reason: wrong call target): begin. deoptimizing 0x0f257ad7bb49 <JSFunction map (sfi = 0x3873d20e72a1)>, 0x2af7a77b52e1 <Code TURBOFAN_JS>, opt id 548, bytecode offset 3, deopt exit 2, FP to SP delta 80, caller SP 0x00016da75470, pc 0x00011917a23c]
[bailout (kind: deopt-eager, reason: wrong map): begin. deoptimizing 0x0f5da993f841 <JSFunction compare (sfi = 0x20f43d6f38a1)>, 0x2af7a779b461 <Code TURBOFAN_JS>, opt id 464, bytecode offset 102, deopt exit 14, FP to SP delta 256, caller SP 0x00016da75540, pc 0x00011919d95c]
[80312:0x8b940c000]     4863 ms: Scavenge 109.3 (143.1) -> 77.4 (143.1) MB, pooled: 0.0 MB, 0.12 / 0.00 ms (average mu = 0.982, current mu = 0.981) allocation failure;
[80312:0x8b940c000]     4870 ms: Scavenge 109.3 (143.1) -> 77.4 (143.1) MB, pooled: 0.0 MB, 0.09 / 0.00 ms (average mu = 0.982, current mu = 0.981) allocation failure;
[80312:0x8b940c000]     4878 ms: Scavenge 109.3 (143.1) -> 77.4 (143.1) MB, pooled: 0.0 MB, 0.07 / 0.00 ms (average mu = 0.982, current mu = 0.981) allocation failure;
[80312:0x8b940c000]     4886 ms: Scavenge 109.3 (143.1) -> 77.4 (143.1) MB, pooled: 0.0 MB, 0.09 / 0.00 ms (average mu = 0.982, current mu = 0.981) allocation failure;
[80312:0x8b940c000]     4894 ms: Scavenge 109.3 (143.1) -> 77.4 (143.1) MB, pooled: 0.0 MB, 0.10 / 0.00 ms (average mu = 0.982, current mu = 0.981) allocation failure;
[bailout (kind: deopt-eager, reason: wrong map): begin. deoptimizing 0x0f5da993f841 <JSFunction compare (sfi = 0x20f43d6f38a1)>, 0x2af7a779b461 <Code TURBOFAN_JS>, opt id 464, bytecode offset 102, deopt exit 14, FP to SP delta 256, caller SP 0x00016da75540, pc 0x00011919d95c]
[80312:0x8b940c000]     4901 ms: Scavenge 109.3 (143.1) -> 77.4 (143.1) MB, pooled: 0.0 MB, 0.06 / 0.00 ms (average mu = 0.982, current mu = 0.981) allocation failure;
[80312:0x8b940c000]     4909 ms: Scavenge 109.3 (143.1) -> 77.4 (143.1) MB, pooled: 0.0 MB, 0.06 / 0.00 ms (average mu = 0.982, current mu = 0.981) allocation failure;
[80312:0x8b940c000]     4917 ms: Scavenge 109.3 (143.1) -> 77.4 (143.1) MB, pooled: 0.0 MB, 0.07 / 0.00 ms (average mu = 0.982, current mu = 0.981) allocation failure;
[80312:0x8b940c000]     4926 ms: Scavenge 109.3 (143.1) -> 77.4 (143.1) MB, pooled: 0.0 MB, 0.09 / 0.00 ms (average mu = 0.982, current mu = 0.981) allocation failure;
[80312:0x8b940c000]     4941 ms: Scavenge 109.3 (143.1) -> 77.4 (143.1) MB, pooled: 0.0 MB, 0.09 / 0.00 ms (average mu = 0.982, current mu = 0.981) allocation failure;
[bailout (kind: deopt-eager, reason: wrong map): begin. deoptimizing 0x0f5da993f841 <JSFunction compare (sfi = 0x20f43d6f38a1)>, 0x2af7a779b461 <Code TURBOFAN_JS>, opt id 464, bytecode offset 102, deopt exit 14, FP to SP delta 256, caller SP 0x00016da75540, pc 0x00011919d95c]
[80312:0x8b940c000]     4960 ms: Scavenge 109.3 (143.1) -> 77.4 (143.1) MB, pooled: 0.0 MB, 0.12 / 0.00 ms (average mu = 0.982, current mu = 0.981) allocation failure;
[80312:0x8b940c000]     4978 ms: Scavenge 109.4 (143.1) -> 77.4 (143.1) MB, pooled: 0.0 MB, 0.09 / 0.00 ms (average mu = 0.982, current mu = 0.981) allocation failure;
[80312:0x8b940c000]     4996 ms: Scavenge 109.4 (143.1) -> 77.4 (143.1) MB, pooled: 0.0 MB, 0.10 / 0.00 ms (average mu = 0.982, current mu = 0.981) allocation failure;
[80312:0x8b940c000]     5016 ms: Scavenge 109.4 (143.1) -> 77.4 (143.1) MB, pooled: 0.0 MB, 0.10 / 0.00 ms (average mu = 0.982, current mu = 0.981) allocation failure;
[80312:0x8b940c000]     5035 ms: Scavenge 109.4 (143.1) -> 77.4 (143.1) MB, pooled: 0.0 MB, 0.10 / 0.00 ms (average mu = 0.982, current mu = 0.981) allocation failure;
[bailout (kind: deopt-eager, reason: wrong map): begin. deoptimizing 0x0f5da993f841 <JSFunction compare (sfi = 0x20f43d6f38a1)>, 0x2af7a779b461 <Code TURBOFAN_JS>, opt id 464, bytecode offset 102, deopt exit 14, FP to SP delta 256, caller SP 0x00016da75540, pc 0x00011919d95c]
[80312:0x8b940c000]     5045 ms: Scavenge 109.4 (143.1) -> 77.4 (143.1) MB, pooled: 0.0 MB, 0.10 / 0.00 ms (average mu = 0.982, current mu = 0.981) allocation failure;
[80312:0x8b940c000]     5054 ms: Scavenge 109.4 (143.1) -> 77.4 (143.1) MB, pooled: 0.0 MB, 0.08 / 0.00 ms (average mu = 0.982, current mu = 0.981) allocation failure;
[80312:0x8b940c000]     5063 ms: Scavenge 109.4 (143.1) -> 77.4 (143.1) MB, pooled: 0.0 MB, 0.07 / 0.00 ms (average mu = 0.982, current mu = 0.981) allocation failure;
[80312:0x8b940c000]     5070 ms: Scavenge 109.4 (143.1) -> 77.4 (143.1) MB, pooled: 0.0 MB, 0.07 / 0.00 ms (average mu = 0.982, current mu = 0.981) allocation failure;
[bailout (kind: deopt-eager, reason: wrong map): begin. deoptimizing 0x0f5da993f841 <JSFunction compare (sfi = 0x20f43d6f38a1)>, 0x2af7a779b461 <Code TURBOFAN_JS>, opt id 464, bytecode offset 102, deopt exit 14, FP to SP delta 256, caller SP 0x00016da75540, pc 0x00011919d95c]
[bailout (kind: deopt-eager, reason: wrong map): begin. deoptimizing 0x0f5da993f841 <JSFunction compare (sfi = 0x20f43d6f38a1)>, 0x2af7a779b461 <Code TURBOFAN_JS>, opt id 464, bytecode offset 102, deopt exit 14, FP to SP delta 256, caller SP 0x00016da75540, pc 0x00011919d95c]
[80312:0x8b940c000]     5453 ms: Scavenge 109.4 (143.1) -> 77.5 (143.1) MB, pooled: 0.0 MB, 0.17 / 0.00 ms (average mu = 0.982, current mu = 0.981) allocation failure;
[bailout (kind: deopt-eager, reason: wrong map): begin. deoptimizing 0x0f5da993f841 <JSFunction compare (sfi = 0x20f43d6f38a1)>, 0x2af7a779b461 <Code TURBOFAN_JS>, opt id 464, bytecode offset 102, deopt exit 14, FP to SP delta 256, caller SP 0x00016da75540, pc 0x00011919d95c]
[80312:0x8b940c000]     5461 ms: Scavenge 109.4 (143.1) -> 77.4 (143.1) MB, pooled: 0.0 MB, 0.07 / 0.00 ms (average mu = 0.982, current mu = 0.981) allocation failure;
[80312:0x8b940c000]     5468 ms: Scavenge 109.4 (143.1) -> 77.4 (143.1) MB, pooled: 0.0 MB, 0.09 / 0.00 ms (average mu = 0.982, current mu = 0.981) allocation failure;
[80312:0x8b940c000]     5476 ms: Scavenge 109.4 (143.1) -> 77.4 (143.1) MB, pooled: 0.0 MB, 0.11 / 0.00 ms (average mu = 0.982, current mu = 0.981) allocation failure;
[80312:0x8b940c000]     5483 ms: Scavenge 109.4 (143.1) -> 77.4 (143.1) MB, pooled: 0.0 MB, 0.09 / 0.00 ms (average mu = 0.982, current mu = 0.981) allocation failure;
[80312:0x8b940c000]     5490 ms: Scavenge 109.4 (143.1) -> 77.4 (143.1) MB, pooled: 0.0 MB, 0.06 / 0.00 ms (average mu = 0.982, current mu = 0.981) allocation failure;
[80312:0x8b940c000]     5499 ms: Scavenge 109.4 (143.1) -> 77.4 (143.1) MB, pooled: 0.0 MB, 0.10 / 0.00 ms (average mu = 0.982, current mu = 0.981) allocation failure;
[80312:0x8b940c000]     5508 ms: Scavenge 109.4 (143.1) -> 77.4 (143.1) MB, pooled: 0.0 MB, 0.10 / 0.00 ms (average mu = 0.982, current mu = 0.981) allocation failure;
[80312:0x8b940c000]     5517 ms: Scavenge 109.4 (143.1) -> 77.4 (143.1) MB, pooled: 0.0 MB, 0.10 / 0.00 ms (average mu = 0.982, current mu = 0.981) allocation failure;
[80312:0x8b940c000]     5525 ms: Scavenge 109.4 (143.1) -> 77.4 (143.1) MB, pooled: 0.0 MB, 0.06 / 0.00 ms (average mu = 0.982, current mu = 0.981) allocation failure;
[80312:0x8b940c000]     5542 ms: Scavenge 109.4 (143.1) -> 77.4 (143.1) MB, pooled: 0.0 MB, 0.10 / 0.00 ms (average mu = 0.982, current mu = 0.981) allocation failure;
[80312:0x8b940c000]     5560 ms: Scavenge 109.4 (143.1) -> 77.4 (143.1) MB, pooled: 0.0 MB, 0.13 / 0.00 ms (average mu = 0.982, current mu = 0.981) allocation failure;
[80312:0x8b940c000]     5577 ms: Scavenge 109.4 (143.1) -> 77.4 (143.1) MB, pooled: 0.0 MB, 0.10 / 0.00 ms (average mu = 0.982, current mu = 0.981) allocation failure;
[80312:0x8b940c000]     5594 ms: Scavenge 109.4 (143.1) -> 77.4 (143.1) MB, pooled: 0.0 MB, 0.09 / 0.00 ms (average mu = 0.982, current mu = 0.981) allocation failure;
[80312:0x8b940c000]     5611 ms: Scavenge 109.4 (143.1) -> 77.4 (143.1) MB, pooled: 0.0 MB, 0.10 / 0.00 ms (average mu = 0.982, current mu = 0.981) allocation failure;
[80312:0x8b940c000]     5625 ms: Scavenge 109.4 (143.1) -> 77.4 (143.1) MB, pooled: 0.0 MB, 0.10 / 0.00 ms (average mu = 0.982, current mu = 0.981) allocation failure;
[80312:0x8b940c000]     5634 ms: Scavenge 109.4 (143.1) -> 77.4 (143.1) MB, pooled: 0.0 MB, 0.09 / 0.00 ms (average mu = 0.982, current mu = 0.981) allocation failure;
[80312:0x8b940c000]     5642 ms: Scavenge 109.4 (143.1) -> 77.4 (143.1) MB, pooled: 0.0 MB, 0.09 / 0.00 ms (average mu = 0.982, current mu = 0.981) allocation failure;
[80312:0x8b940c000]     5651 ms: Scavenge 109.4 (143.1) -> 77.4 (143.1) MB, pooled: 0.0 MB, 0.10 / 0.00 ms (average mu = 0.982, current mu = 0.981) allocation failure;
[80312:0x8b940c000]     5883 ms: Scavenge 109.4 (143.1) -> 77.4 (143.1) MB, pooled: 0.0 MB, 0.14 / 0.00 ms (average mu = 0.982, current mu = 0.981) allocation failure;
[80312:0x8b940c000]     5949 ms: Scavenge 109.4 (143.1) -> 77.5 (143.1) MB, pooled: 0.0 MB, 0.10 / 0.00 ms (average mu = 0.982, current mu = 0.981) allocation failure;
[80312:0x8b940c000]     5955 ms: Scavenge 109.4 (143.1) -> 77.5 (143.1) MB, pooled: 0.0 MB, 0.12 / 0.00 ms (average mu = 0.982, current mu = 0.981) allocation failure;
[80312:0x8b940c000]     5960 ms: Scavenge 109.4 (143.1) -> 77.4 (143.1) MB, pooled: 0.0 MB, 0.04 / 0.00 ms (average mu = 0.982, current mu = 0.981) allocation failure;
[80312:0x8b940c000]     5965 ms: Scavenge 109.4 (143.1) -> 77.4 (143.1) MB, pooled: 0.0 MB, 0.07 / 0.00 ms (average mu = 0.982, current mu = 0.981) allocation failure;
[80312:0x8b940c000]     5970 ms: Scavenge 109.4 (143.1) -> 77.5 (143.1) MB, pooled: 0.0 MB, 0.03 / 0.00 ms (average mu = 0.982, current mu = 0.981) allocation failure;
[80312:0x8b940c000]     5977 ms: Scavenge 109.4 (143.1) -> 77.5 (143.1) MB, pooled: 0.0 MB, 0.07 / 0.00 ms (average mu = 0.982, current mu = 0.981) allocation failure;
[80312:0x8b940c000]     5986 ms: Scavenge 109.4 (143.1) -> 77.4 (143.1) MB, pooled: 0.0 MB, 0.09 / 0.00 ms (average mu = 0.982, current mu = 0.981) allocation failure;
[80312:0x8b940c000]     5994 ms: Scavenge 109.4 (143.1) -> 77.4 (143.1) MB, pooled: 0.0 MB, 0.06 / 0.00 ms (average mu = 0.982, current mu = 0.981) allocation failure;
[80312:0x8b940c000]     6002 ms: Scavenge 109.4 (143.1) -> 77.4 (143.1) MB, pooled: 0.0 MB, 0.08 / 0.00 ms (average mu = 0.982, current mu = 0.981) allocation failure;
[80312:0x8b940c000]     6013 ms: Scavenge 109.4 (143.1) -> 77.5 (143.1) MB, pooled: 0.0 MB, 0.22 / 0.00 ms (average mu = 0.982, current mu = 0.981) allocation failure;
[80312:0x8b940c000]     6026 ms: Scavenge 109.4 (143.1) -> 77.5 (143.1) MB, pooled: 0.0 MB, 0.11 / 0.00 ms (average mu = 0.982, current mu = 0.981) allocation failure;
[80312:0x8b940c000]     6038 ms: Scavenge 109.4 (143.1) -> 77.4 (143.1) MB, pooled: 0.0 MB, 0.09 / 0.00 ms (average mu = 0.982, current mu = 0.981) allocation failure;
[80312:0x8b940c000]     6050 ms: Scavenge 109.4 (143.1) -> 77.4 (143.1) MB, pooled: 0.0 MB, 0.09 / 0.00 ms (average mu = 0.982, current mu = 0.981) allocation failure;
[80312:0x8b940c000]     6063 ms: Scavenge 109.4 (143.1) -> 77.4 (143.1) MB, pooled: 0.0 MB, 0.07 / 0.00 ms (average mu = 0.982, current mu = 0.981) allocation failure;
[80312:0x8b940c000]     6075 ms: Scavenge 109.4 (143.1) -> 77.4 (143.1) MB, pooled: 0.0 MB, 0.07 / 0.00 ms (average mu = 0.982, current mu = 0.981) allocation failure;
[80312:0x8b940c000]     6084 ms: Scavenge 109.4 (143.1) -> 77.4 (143.1) MB, pooled: 0.0 MB, 0.12 / 0.00 ms (average mu = 0.982, current mu = 0.981) allocation failure;
[80312:0x8b940c000]     6092 ms: Scavenge 109.4 (143.1) -> 77.4 (143.1) MB, pooled: 0.0 MB, 0.06 / 0.00 ms (average mu = 0.982, current mu = 0.981) allocation failure;
[80312:0x8b940c000]     6101 ms: Scavenge 109.4 (143.1) -> 77.4 (143.1) MB, pooled: 0.0 MB, 0.09 / 0.00 ms (average mu = 0.982, current mu = 0.981) allocation failure;
[80312:0x8b940c000]     6160 ms: Scavenge 109.4 (143.1) -> 77.5 (143.1) MB, pooled: 0.0 MB, 0.11 / 0.00 ms (average mu = 0.982, current mu = 0.981) allocation failure;
[80312:0x8b940c000]     6291 ms: Scavenge 109.4 (143.1) -> 77.5 (143.1) MB, pooled: 0.0 MB, 0.13 / 0.00 ms (average mu = 0.982, current mu = 0.981) allocation failure;
[80312:0x8b940c000]     6298 ms: Scavenge 109.4 (143.1) -> 77.4 (143.1) MB, pooled: 0.0 MB, 0.08 / 0.00 ms (average mu = 0.982, current mu = 0.981) allocation failure;
[80312:0x8b940c000]     6303 ms: Scavenge 109.4 (143.1) -> 77.4 (143.1) MB, pooled: 0.0 MB, 0.11 / 0.00 ms (average mu = 0.982, current mu = 0.981) allocation failure;
[80312:0x8b940c000]     6309 ms: Scavenge 109.4 (143.1) -> 77.4 (143.1) MB, pooled: 0.0 MB, 0.07 / 0.00 ms (average mu = 0.982, current mu = 0.981) allocation failure;
[80312:0x8b940c000]     6315 ms: Scavenge 109.4 (143.1) -> 77.4 (143.1) MB, pooled: 0.0 MB, 0.07 / 0.00 ms (average mu = 0.982, current mu = 0.981) allocation failure;
[80312:0x8b940c000]     6322 ms: Scavenge 109.4 (143.1) -> 77.5 (143.1) MB, pooled: 0.0 MB, 0.10 / 0.00 ms (average mu = 0.982, current mu = 0.981) allocation failure;
[80312:0x8b940c000]     6332 ms: Scavenge 109.4 (143.1) -> 77.4 (143.1) MB, pooled: 0.0 MB, 0.10 / 0.00 ms (average mu = 0.982, current mu = 0.981) allocation failure;
[80312:0x8b940c000]     6341 ms: Scavenge 109.4 (143.1) -> 77.4 (143.1) MB, pooled: 0.0 MB, 0.04 / 0.00 ms (average mu = 0.982, current mu = 0.981) allocation failure;
[80312:0x8b940c000]     6351 ms: Scavenge 109.4 (143.1) -> 77.5 (143.1) MB, pooled: 0.0 MB, 0.10 / 0.00 ms (average mu = 0.982, current mu = 0.981) allocation failure;
[80312:0x8b940c000]     6361 ms: Scavenge 109.4 (143.1) -> 77.5 (143.1) MB, pooled: 0.0 MB, 0.09 / 0.00 ms (average mu = 0.982, current mu = 0.981) allocation failure;
[80312:0x8b940c000]     6375 ms: Scavenge 109.4 (143.1) -> 77.5 (143.1) MB, pooled: 0.0 MB, 0.10 / 0.00 ms (average mu = 0.982, current mu = 0.981) allocation failure;
[80312:0x8b940c000]     6387 ms: Scavenge 109.4 (143.1) -> 77.4 (143.1) MB, pooled: 0.0 MB, 0.07 / 0.00 ms (average mu = 0.982, current mu = 0.981) allocation failure;
[80312:0x8b940c000]     6399 ms: Scavenge 109.4 (143.1) -> 77.4 (143.1) MB, pooled: 0.0 MB, 0.07 / 0.00 ms (average mu = 0.982, current mu = 0.981) allocation failure;
[80312:0x8b940c000]     6412 ms: Scavenge 109.4 (143.1) -> 77.5 (143.1) MB, pooled: 0.0 MB, 0.08 / 0.00 ms (average mu = 0.982, current mu = 0.981) allocation failure;
[80312:0x8b940c000]     6424 ms: Scavenge 109.4 (143.1) -> 77.5 (143.1) MB, pooled: 0.0 MB, 0.08 / 0.00 ms (average mu = 0.982, current mu = 0.981) allocation failure;
[80312:0x8b940c000]     6434 ms: Scavenge 109.4 (143.1) -> 77.5 (143.1) MB, pooled: 0.0 MB, 0.09 / 0.00 ms (average mu = 0.982, current mu = 0.981) allocation failure;
[80312:0x8b940c000]     6443 ms: Scavenge 109.4 (143.1) -> 77.4 (143.1) MB, pooled: 0.0 MB, 0.06 / 0.00 ms (average mu = 0.982, current mu = 0.981) allocation failure;
[80312:0x8b940c000]     6452 ms: Scavenge 109.4 (143.1) -> 77.5 (143.1) MB, pooled: 0.0 MB, 0.05 / 0.00 ms (average mu = 0.982, current mu = 0.981) allocation failure;
[80312:0x8b940c000]     6461 ms: Scavenge 109.4 (143.1) -> 77.4 (143.1) MB, pooled: 0.0 MB, 0.07 / 0.00 ms (average mu = 0.982, current mu = 0.981) allocation failure;
[bailout (kind: deopt-eager, reason: wrong call target): begin. deoptimizing 0x14b2f3835719 <JSFunction map (sfi = 0x3873d20e72a1)>, 0x2af7a77bde71 <Code TURBOFAN_JS>, opt id 558, bytecode offset 25, deopt exit 23, FP to SP delta 112, caller SP 0x00016da75470, pc 0x0001191ce7f8]
[bailout (kind: deopt-eager, reason: wrong call target): begin. deoptimizing 0x14b2f3835961 <JSFunction sourceProject (sfi = 0x3873d20ebc41)>, 0x2af7a77ba0b1 <Code TURBOFAN_JS>, opt id 551, bytecode offset 20, deopt exit 6, FP to SP delta 64, caller SP 0x00016da75480, pc 0x00011917f064]
[80312:0x8b940c000]     6616 ms: Scavenge 109.4 (143.1) -> 77.5 (143.1) MB, pooled: 0.0 MB, 0.15 / 0.00 ms (average mu = 0.982, current mu = 0.981) allocation failure;
[80312:0x8b940c000]     6626 ms: Scavenge 109.4 (143.1) -> 77.5 (143.1) MB, pooled: 0.0 MB, 0.08 / 0.00 ms (average mu = 0.982, current mu = 0.981) allocation failure;
[80312:0x8b940c000]     6637 ms: Scavenge 109.4 (143.1) -> 77.4 (143.1) MB, pooled: 0.0 MB, 0.10 / 0.00 ms (average mu = 0.982, current mu = 0.981) allocation failure;
[80312:0x8b940c000]     6648 ms: Scavenge 109.4 (143.1) -> 77.4 (143.1) MB, pooled: 0.0 MB, 0.09 / 0.00 ms (average mu = 0.982, current mu = 0.981) allocation failure;
[80312:0x8b940c000]     6658 ms: Scavenge 109.4 (143.1) -> 77.4 (143.1) MB, pooled: 0.0 MB, 0.08 / 0.00 ms (average mu = 0.982, current mu = 0.981) allocation failure;
[80312:0x8b940c000]     6668 ms: Scavenge 109.4 (143.1) -> 77.5 (143.1) MB, pooled: 0.0 MB, 0.10 / 0.00 ms (average mu = 0.982, current mu = 0.981) allocation failure;
[80312:0x8b940c000]     6676 ms: Scavenge 109.4 (143.1) -> 77.5 (143.1) MB, pooled: 0.0 MB, 0.09 / 0.00 ms (average mu = 0.982, current mu = 0.981) allocation failure;
[80312:0x8b940c000]     6685 ms: Scavenge 109.4 (143.1) -> 77.4 (143.1) MB, pooled: 0.0 MB, 0.10 / 0.00 ms (average mu = 0.982, current mu = 0.981) allocation failure;
[80312:0x8b940c000]     6694 ms: Scavenge 109.4 (143.1) -> 77.5 (143.1) MB, pooled: 0.0 MB, 0.09 / 0.00 ms (average mu = 0.982, current mu = 0.981) allocation failure;
[80312:0x8b940c000]     6703 ms: Scavenge 109.4 (143.1) -> 77.5 (143.1) MB, pooled: 0.0 MB, 0.09 / 0.00 ms (average mu = 0.982, current mu = 0.981) allocation failure;
[80312:0x8b940c000]     6717 ms: Scavenge 109.4 (143.1) -> 77.5 (143.1) MB, pooled: 0.0 MB, 0.12 / 0.00 ms (average mu = 0.982, current mu = 0.981) allocation failure;
[80312:0x8b940c000]     6731 ms: Scavenge 109.4 (143.1) -> 77.4 (143.1) MB, pooled: 0.0 MB, 0.10 / 0.00 ms (average mu = 0.982, current mu = 0.981) allocation failure;
[80312:0x8b940c000]     6745 ms: Scavenge 109.4 (143.1) -> 77.5 (143.1) MB, pooled: 0.0 MB, 0.09 / 0.00 ms (average mu = 0.982, current mu = 0.981) allocation failure;
[80312:0x8b940c000]     6759 ms: Scavenge 109.4 (143.1) -> 77.4 (143.1) MB, pooled: 0.0 MB, 0.09 / 0.00 ms (average mu = 0.982, current mu = 0.981) allocation failure;
[80312:0x8b940c000]     6773 ms: Scavenge 109.4 (143.1) -> 77.4 (143.1) MB, pooled: 0.0 MB, 0.09 / 0.00 ms (average mu = 0.982, current mu = 0.981) allocation failure;
[80312:0x8b940c000]     6786 ms: Scavenge 109.4 (143.1) -> 77.4 (143.1) MB, pooled: 0.0 MB, 0.08 / 0.00 ms (average mu = 0.982, current mu = 0.981) allocation failure;
[80312:0x8b940c000]     6799 ms: Scavenge 109.4 (143.1) -> 77.5 (143.1) MB, pooled: 0.0 MB, 0.10 / 0.00 ms (average mu = 0.982, current mu = 0.981) allocation failure;
[80312:0x8b940c000]     6809 ms: Scavenge 109.4 (143.1) -> 77.5 (143.1) MB, pooled: 0.0 MB, 0.07 / 0.00 ms (average mu = 0.982, current mu = 0.981) allocation failure;
[80312:0x8b940c000]     6818 ms: Scavenge 109.4 (143.1) -> 77.4 (143.1) MB, pooled: 0.0 MB, 0.08 / 0.00 ms (average mu = 0.982, current mu = 0.981) allocation failure;
[80312:0x8b940c000]     6826 ms: Scavenge 109.4 (143.1) -> 77.5 (143.1) MB, pooled: 0.0 MB, 0.09 / 0.00 ms (average mu = 0.982, current mu = 0.981) allocation failure;
[80312:0x8b940c000]     6835 ms: Scavenge 109.4 (143.1) -> 77.5 (143.1) MB, pooled: 0.0 MB, 0.08 / 0.00 ms (average mu = 0.982, current mu = 0.981) allocation failure;
[80312:0x8b940c000]     6869 ms: Scavenge 109.4 (143.1) -> 77.5 (143.1) MB, pooled: 0.0 MB, 0.10 / 0.00 ms (average mu = 0.982, current mu = 0.981) allocation failure;
[80312:0x8b940c000]     6904 ms: Scavenge 109.5 (143.1) -> 77.5 (143.1) MB, pooled: 0.0 MB, 0.11 / 0.00 ms (average mu = 0.982, current mu = 0.981) allocation failure;
[80312:0x8b940c000]     6937 ms: Scavenge 109.5 (143.1) -> 77.5 (143.1) MB, pooled: 0.0 MB, 0.12 / 0.00 ms (average mu = 0.982, current mu = 0.981) allocation failure;
[80312:0x8b940c000]     6972 ms: Scavenge 109.5 (143.1) -> 77.5 (143.1) MB, pooled: 0.0 MB, 0.10 / 0.00 ms (average mu = 0.982, current mu = 0.981) allocation failure;
[80312:0x8b940c000]     7007 ms: Scavenge 109.5 (143.1) -> 77.5 (143.1) MB, pooled: 0.0 MB, 0.10 / 0.00 ms (average mu = 0.982, current mu = 0.981) allocation failure;
[80312:0x8b940c000]     7042 ms: Scavenge 109.5 (143.1) -> 77.5 (143.1) MB, pooled: 0.0 MB, 0.10 / 0.00 ms (average mu = 0.982, current mu = 0.981) allocation failure;
[80312:0x8b940c000]     7061 ms: Scavenge 109.5 (143.1) -> 77.5 (143.1) MB, pooled: 0.0 MB, 0.11 / 0.00 ms (average mu = 0.982, current mu = 0.981) allocation failure;
[80312:0x8b940c000]     7073 ms: Scavenge 109.5 (143.1) -> 77.5 (143.1) MB, pooled: 0.0 MB, 0.13 / 0.00 ms (average mu = 0.982, current mu = 0.981) allocation failure;
[80312:0x8b940c000]     7083 ms: Scavenge 109.5 (143.1) -> 77.5 (143.1) MB, pooled: 0.0 MB, 0.09 / 0.00 ms (average mu = 0.982, current mu = 0.981) allocation failure;
[80312:0x8b940c000]     7094 ms: Scavenge 109.5 (143.1) -> 77.5 (143.1) MB, pooled: 0.0 MB, 0.08 / 0.00 ms (average mu = 0.982, current mu = 0.981) allocation failure;
[80312:0x8b940c000]     7105 ms: Scavenge 109.5 (143.1) -> 77.5 (143.1) MB, pooled: 0.0 MB, 0.11 / 0.00 ms (average mu = 0.982, current mu = 0.981) allocation failure;
[80312:0x8b940c000]     7115 ms: Scavenge 109.5 (143.1) -> 77.5 (143.1) MB, pooled: 0.0 MB, 0.10 / 0.00 ms (average mu = 0.982, current mu = 0.981) allocation failure;
[80312:0x8b940c000]     7126 ms: Scavenge 109.5 (143.1) -> 77.5 (143.1) MB, pooled: 0.0 MB, 0.13 / 0.00 ms (average mu = 0.982, current mu = 0.981) allocation failure;
[80312:0x8b940c000]     7136 ms: Scavenge 109.5 (143.1) -> 77.5 (143.1) MB, pooled: 0.0 MB, 0.10 / 0.00 ms (average mu = 0.982, current mu = 0.981) allocation failure;
[80312:0x8b940c000]     7145 ms: Scavenge 109.5 (143.1) -> 77.5 (143.1) MB, pooled: 0.0 MB, 0.08 / 0.00 ms (average mu = 0.982, current mu = 0.981) allocation failure;
[80312:0x8b940c000]     7156 ms: Scavenge 109.5 (143.1) -> 77.5 (143.1) MB, pooled: 0.0 MB, 0.11 / 0.00 ms (average mu = 0.982, current mu = 0.981) allocation failure;
[80312:0x8b940c000]     7170 ms: Scavenge 109.5 (143.1) -> 77.5 (143.1) MB, pooled: 0.0 MB, 0.12 / 0.00 ms (average mu = 0.982, current mu = 0.981) allocation failure;
[80312:0x8b940c000]     7183 ms: Scavenge 109.5 (143.1) -> 77.5 (143.1) MB, pooled: 0.0 MB, 0.08 / 0.00 ms (average mu = 0.982, current mu = 0.981) allocation failure;
[80312:0x8b940c000]     7196 ms: Scavenge 109.5 (143.1) -> 77.5 (143.1) MB, pooled: 0.0 MB, 0.10 / 0.00 ms (average mu = 0.982, current mu = 0.981) allocation failure;
[80312:0x8b940c000]     7212 ms: Scavenge 109.5 (143.1) -> 77.5 (143.1) MB, pooled: 0.0 MB, 0.10 / 0.00 ms (average mu = 0.982, current mu = 0.981) allocation failure;
[80312:0x8b940c000]     7227 ms: Scavenge 109.5 (143.1) -> 77.5 (143.1) MB, pooled: 0.0 MB, 0.07 / 0.00 ms (average mu = 0.982, current mu = 0.981) allocation failure;
[80312:0x8b940c000]     7242 ms: Scavenge 109.5 (143.1) -> 77.5 (143.1) MB, pooled: 0.0 MB, 0.09 / 0.00 ms (average mu = 0.982, current mu = 0.981) allocation failure;
[80312:0x8b940c000]     7255 ms: Scavenge 109.5 (143.1) -> 77.5 (143.1) MB, pooled: 0.0 MB, 0.09 / 0.00 ms (average mu = 0.982, current mu = 0.981) allocation failure;
[80312:0x8b940c000]     7264 ms: Scavenge 109.5 (143.1) -> 77.5 (143.1) MB, pooled: 0.0 MB, 0.10 / 0.00 ms (average mu = 0.982, current mu = 0.981) allocation failure;
[80312:0x8b940c000]     7275 ms: Scavenge 109.5 (143.1) -> 77.5 (143.1) MB, pooled: 0.0 MB, 0.10 / 0.00 ms (average mu = 0.982, current mu = 0.981) allocation failure;
[80312:0x8b940c000]     7284 ms: Scavenge 109.5 (143.1) -> 77.5 (143.1) MB, pooled: 0.0 MB, 0.08 / 0.00 ms (average mu = 0.982, current mu = 0.981) allocation failure;
[80312:0x8b940c000]     7297 ms: Scavenge 109.5 (143.1) -> 77.5 (143.1) MB, pooled: 0.0 MB, 0.13 / 0.00 ms (average mu = 0.982, current mu = 0.981) allocation failure;
[80312:0x8b940c000]     7332 ms: Scavenge 109.5 (143.1) -> 77.5 (143.1) MB, pooled: 0.0 MB, 0.14 / 0.00 ms (average mu = 0.982, current mu = 0.981) allocation failure;
[80312:0x8b940c000]     7366 ms: Scavenge 109.5 (143.1) -> 77.5 (143.1) MB, pooled: 0.0 MB, 0.10 / 0.00 ms (average mu = 0.982, current mu = 0.981) allocation failure;
[80312:0x8b940c000]     7398 ms: Scavenge 109.5 (143.1) -> 77.5 (143.1) MB, pooled: 0.0 MB, 0.09 / 0.00 ms (average mu = 0.982, current mu = 0.981) allocation failure;
[80312:0x8b940c000]     7433 ms: Scavenge 109.5 (143.1) -> 77.5 (143.1) MB, pooled: 0.0 MB, 0.11 / 0.00 ms (average mu = 0.982, current mu = 0.981) allocation failure;
[80312:0x8b940c000]     7466 ms: Scavenge 109.5 (143.1) -> 77.5 (143.1) MB, pooled: 0.0 MB, 0.10 / 0.00 ms (average mu = 0.982, current mu = 0.981) allocation failure;
[80312:0x8b940c000]     7499 ms: Scavenge 109.5 (143.1) -> 77.5 (143.1) MB, pooled: 0.0 MB, 0.10 / 0.00 ms (average mu = 0.982, current mu = 0.981) allocation failure;
[marking dependent code 0x2997f51a8bf9 <Code MAGLEV> (0x2463cfa35f21 <SharedFunctionInfo binaryExpression>) (opt id 363) for deoptimization, reason: embedded weak objects cleared]
[marking dependent code 0x2af7a77818c9 <Code MAGLEV> (0x2463cfa35f69 <SharedFunctionInfo blockStatement>) (opt id 370) for deoptimization, reason: embedded weak objects cleared]
[marking dependent code 0x0410d96335c1 <Code MAGLEV> (0x2463cfa35ff9 <SharedFunctionInfo callExpression>) (opt id 343) for deoptimization, reason: embedded weak objects cleared]
[marking dependent code 0x2997f51a7e49 <Code MAGLEV> (0x2463cfa364c1 <SharedFunctionInfo expressionStatement>) (opt id 362) for deoptimization, reason: embedded weak objects cleared]
[marking dependent code 0x026983b8e191 <Code MAGLEV> (0x2463cfa35b31 <SharedFunctionInfo convertNodeList>) (opt id 280) for deoptimization, reason: embedded weak objects cleared]
[marking dependent code 0x0410d9621dd1 <Code TURBOFAN_JS> (0x37af1b526fa9 <SharedFunctionInfo encodeInteger>) (opt id 291) for deoptimization, reason: embedded weak objects cleared]
[marking dependent code 0x0410d963f951 <Code TURBOFAN_JS> (0x37af1b527111 <SharedFunctionInfo encode$1>) (opt id 356) for deoptimization, reason: embedded weak objects cleared]
[marking dependent code 0x2997f519fe41 <Code MAGLEV> (0x37af1b527939 <SharedFunctionInfo decodedMappings>) (opt id 303) for deoptimization, reason: embedded weak objects cleared]
[marking dependent code 0x2997f5194391 <Code MAGLEV> (0x37af1b527981 <SharedFunctionInfo traceSegment>) (opt id 263) for deoptimization, reason: embedded weak objects cleared]
[marking dependent code 0x2997f519f499 <Code MAGLEV> (0x37af1b527bc1 <SharedFunctionInfo get$2>) (opt id 300) for deoptimization, reason: embedded weak objects cleared]
[marking dependent code 0x086f2188a399 <Code MAGLEV> (0x1a8957db6a41 <SharedFunctionInfo get names>) (opt id 133) for deoptimization, reason: embedded weak objects cleared]
[marking dependent code 0x086f2188bca9 <Code MAGLEV> (0x1a8957db69d9 <SharedFunctionInfo get str>) (opt id 141) for deoptimization, reason: embedded weak objects cleared]
[marking dependent code 0x086f2188b889 <Code MAGLEV> (0x1a8957db6931 <SharedFunctionInfo toString>) (opt id 140) for deoptimization, reason: embedded weak objects cleared]
[marking dependent code 0x026983bb9d89 <Code TURBOFAN_JS> (0x37af1b53a7d1 <SharedFunctionInfo visit>) (opt id 336) for deoptimization, reason: embedded weak objects cleared]
[marking dependent code 0x2997f51b4089 <Code MAGLEV> (0x37af1b53a6b1 <SharedFunctionInfo WalkerBase>) (opt id 382) for deoptimization, reason: embedded weak objects cleared]
[marking dependent code 0x2997f51b4649 <Code MAGLEV> (0x37af1b53a789 <SharedFunctionInfo SyncWalker>) (opt id 383) for deoptimization, reason: embedded weak objects cleared]
[marking dependent code 0x2af7a7789889 <Code MAGLEV> (0x37af1b52de61 <SharedFunctionInfo walk>) (opt id 389) for deoptimization, reason: embedded weak objects cleared]
[marking dependent code 0x2af7a778b501 <Code MAGLEV> (0x37af1b537451 <SharedFunctionInfo addEdit>) (opt id 396) for deoptimization, reason: embedded weak objects cleared]
[marking dependent code 0x026983bb8f79 <Code TURBOFAN_JS> (0x37af1b537499 <SharedFunctionInfo addUneditedChunk>) (opt id 338) for deoptimization, reason: embedded weak objects cleared]
[marking dependent code 0x026983bb7221 <Code MAGLEV> (0x37af1b5374e1 <SharedFunctionInfo advance>) (opt id 339) for deoptimization, reason: embedded weak objects cleared]
[marking dependent code 0x2af7a7780f31 <Code MAGLEV> (0x37af1b537601 <SharedFunctionInfo appendLeft>) (opt id 368) for deoptimization, reason: embedded weak objects cleared]
[marking dependent code 0x086f218868a9 <Code MAGLEV> (0x1a8957db2171 <SharedFunctionInfo get _currNode>) (opt id 124) for deoptimization, reason: embedded weak objects cleared]
[marking dependent code 0x086f2188ec51 <Code MAGLEV> (0x1a8957db1fc9 <SharedFunctionInfo _leafNode>) (opt id 144) for deoptimization, reason: embedded weak objects cleared]
[marking dependent code 0x311458740861 <Code MAGLEV> (0x1a8957db0ac9 <SharedFunctionInfo optimizeNames>) (opt id 136) for deoptimization, reason: embedded weak objects cleared]
[marking dependent code 0x0410d9631c69 <Code MAGLEV> (0x2463cfa36671 <SharedFunctionInfo identifier>) (opt id 341) for deoptimization, reason: embedded weak objects cleared]
[marking dependent code 0x026983b968a1 <Code MAGLEV> (0x37af1b527ce1 <SharedFunctionInfo setSourceContent>) (opt id 302) for deoptimization, reason: embedded weak objects cleared]
[marking dependent code 0x0410d963a551 <Code TURBOFAN_JS> (0x37af1b527e01 <SharedFunctionInfo addSegmentInternal>) (opt id 352) for deoptimization, reason: embedded weak objects cleared]
[marking dependent code 0x0410d962e001 <Code TURBOFAN_JS> (0x37af1b528161 <SharedFunctionInfo traceMappings>) (opt id 314) for deoptimization, reason: embedded weak objects cleared]
[marking dependent code 0x2997f51b1791 <Code TURBOFAN_JS> (0x37af1b5281a9 <SharedFunctionInfo originalPositionFor$1>) (opt id 378) for deoptimization, reason: embedded weak objects cleared]
[marking dependent code 0x026983bb35f1 <Code MAGLEV> (0x37af1b536ef9 <SharedFunctionInfo Chunk>) (opt id 333) for deoptimization, reason: embedded weak objects cleared]
[marking dependent code 0x026983b8cea9 <Code MAGLEV> (0x2463cfa357b1 <SharedFunctionInfo convertNode>) (opt id 277) for deoptimization, reason: embedded weak objects cleared]
[marking dependent code 0x2af7a7783381 <Code MAGLEV> (0x37af1b536f41 <SharedFunctionInfo appendLeft>) (opt id 375) for deoptimization, reason: embedded weak objects cleared]
[marking dependent code 0x026983b90a11 <Code MAGLEV> (0x37af1b537019 <SharedFunctionInfo contains>) (opt id 285) for deoptimization, reason: embedded weak objects cleared]
[marking dependent code 0x2997f51a6299 <Code MAGLEV> (0x37af1b537061 <SharedFunctionInfo eachNext>) (opt id 357) for deoptimization, reason: embedded weak objects cleared]
[marking dependent code 0x2af7a7789b21 <Code MAGLEV> (0x37af1b5370f1 <SharedFunctionInfo edit>) (opt id 390) for deoptimization, reason: embedded weak objects cleared]
[marking dependent code 0x2997f51a5209 <Code MAGLEV> (0x37af1b537211 <SharedFunctionInfo split>) (opt id 340) for deoptimization, reason: embedded weak objects cleared]
[marking dependent code 0x2997f51a2721 <Code MAGLEV> (0x37af1b537259 <SharedFunctionInfo toString>) (opt id 334) for deoptimization, reason: embedded weak objects cleared]
[marking dependent code 0x0410d96355b1 <Code MAGLEV> (0x1a985dba03d9 <SharedFunctionInfo _write>) (opt id 345) for deoptimization, reason: embedded weak objects cleared]
[marking dependent code 0x2af7a7787449 <Code MAGLEV> (0x1a985dba0421 <SharedFunctionInfo write8>) (opt id 385) for deoptimization, reason: embedded weak objects cleared]
[marking dependent code 0x2af7a7788089 <Code MAGLEV> (0x1a985dba04b1 <SharedFunctionInfo write>) (opt id 386) for deoptimization, reason: embedded weak objects cleared]
[marking dependent code 0x2997f51a6d39 <Code MAGLEV> (0x1a985dba04f9 <SharedFunctionInfo _read>) (opt id 360) for deoptimization, reason: embedded weak objects cleared]
[marking dependent code 0x2af7a77894a1 <Code MAGLEV> (0x2463cfa36e99 <SharedFunctionInfo literalString>) (opt id 388) for deoptimization, reason: embedded weak objects cleared]
[marking dependent code 0x026983ba2381 <Code MAGLEV> (0x2463cfa36f29 <SharedFunctionInfo memberExpression>) (opt id 317) for deoptimization, reason: embedded weak objects cleared]
[marking dependent code 0x2af7a7788859 <Code MAGLEV> (0x2463cfa37241 <SharedFunctionInfo returnStatement>) (opt id 387) for deoptimization, reason: embedded weak objects cleared]
[marking dependent code 0x0410d9636e39 <Code MAGLEV> (0x2463cfa37679 <SharedFunctionInfo variableDeclaration>) (opt id 349) for deoptimization, reason: embedded weak objects cleared]
[marking dependent code 0x2af7a7782491 <Code MAGLEV> (0x2463cfa376c1 <SharedFunctionInfo variableDeclarator>) (opt id 371) for deoptimization, reason: embedded weak objects cleared]
[marking dependent code 0x2af7a77808c1 <Code MAGLEV> (0x2463cfa36e09 <SharedFunctionInfo literalNumber>) (opt id 364) for deoptimization, reason: embedded weak objects cleared]
[marking dependent code 0x0410d962e9a1 <Code TURBOFAN_JS> (0x37af1b535d29 <SharedFunctionInfo write>) (opt id 325) for deoptimization, reason: embedded weak objects cleared]
[marking dependent code 0x026983ba2d59 <Code MAGLEV> (0x37af1b537cc1 <SharedFunctionInfo _split>) (opt id 319) for deoptimization, reason: embedded weak objects cleared]
[marking dependent code 0x026983bb68f1 <Code MAGLEV> (0x37af1b537d09 <SharedFunctionInfo _splitChunk>) (opt id 337) for deoptimization, reason: embedded weak objects cleared]
[marking dependent code 0x2997f51a5e89 <Code MAGLEV> (0x37af1b537d51 <SharedFunctionInfo toString>) (opt id 355) for deoptimization, reason: embedded weak objects cleared]
[80312:0x8b940c000]     7516 ms: Mark-Compact 91.7 (143.1) -> 65.7 (141.5) MB, pooled: 0.8 MB, 8.42 / 0.00 ms (average mu = 0.999, current mu = 0.999) testing; GC in old space requested
[80312:0x8b940c000]     7527 ms: Mark-Compact 65.9 (141.5) -> 65.6 (135.7) MB, pooled: 6.5 MB, 10.78 / 0.00 ms (average mu = 0.996, current mu = 0.022) testing; GC in old space requested
[80312:0x8b940c000]     7535 ms: Mark-Compact 65.6 (135.7) -> 65.4 (135.2) MB, pooled: 6.5 MB, 8.12 / 0.00 ms (average mu = 0.991, current mu = 0.025) testing; GC in old space requested
[marking dependent code 0x026983ba5eb1 <Code MAGLEV> (0x37af1b52e0c1 <SharedFunctionInfo isRefIdentifier>) (opt id 323) for deoptimization, reason: embedded weak objects cleared]
[marking dependent code 0x03054dcc0d79 <Code MAGLEV> (0x0cb444b5dbe9 <SharedFunctionInfo getOptions>) (opt id 81) for deoptimization, reason: embedded weak objects cleared]
[80312:0x8b940c000]     7545 ms: Mark-Compact 67.0 (135.2) -> 65.8 (135.2) MB, pooled: 6.5 MB, 9.45 / 0.00 ms (average mu = 0.981, current mu = 0.078) testing; GC in old space requested
[marking dependent code 0x0410d96372d9 <Code MAGLEV> (0x23ffb0c94199 <SharedFunctionInfo Grammar>) (opt id 571) for deoptimization, reason: embedded weak objects cleared]
[80312:0x8b940c000]     7553 ms: Mark-Compact 65.9 (135.2) -> 65.4 (135.2) MB, pooled: 6.5 MB, 7.84 / 0.00 ms (average mu = 0.965, current mu = 0.017) testing; GC in old space requested
[80312:0x8b940c000]     7566 ms: Mark-Compact 67.0 (135.2) -> 65.9 (135.2) MB, pooled: 6.5 MB, 11.84 / 0.00 ms (average mu = 0.920, current mu = 0.066) testing; GC in old space requested
[80312:0x8b940c000]     7575 ms: Mark-Compact 65.9 (135.2) -> 65.4 (135.2) MB, pooled: 6.5 MB, 8.98 / 0.00 ms (average mu = 0.859, current mu = 0.017) testing; GC in old space requested
[80312:0x8b940c000]     7585 ms: Mark-Compact 67.3 (135.5) -> 65.9 (135.2) MB, pooled: 6.5 MB, 9.21 / 0.00 ms (average mu = 0.760, current mu = 0.126) testing; GC in old space requested
[80312:0x8b940c000]     7593 ms: Mark-Compact 65.9 (135.2) -> 65.4 (135.2) MB, pooled: 6.5 MB, 7.70 / 0.00 ms (average mu = 0.635, current mu = 0.016) testing; GC in old space requested
[80312:0x8b940c000]     7603 ms: Mark-Compact 65.6 (135.2) -> 65.6 (135.2) MB, pooled: 6.5 MB, 9.77 / 0.00 ms (average mu = 0.451, current mu = 0.017) testing; GC in old space requested
[80312:0x8b940c000]     7613 ms: Mark-Compact 65.6 (135.2) -> 65.5 (135.2) MB, pooled: 6.5 MB, 9.64 / 0.00 ms (average mu = 0.289, current mu = 0.010) testing; GC in old space requested
[80312:0x8b940c000]     7622 ms: Mark-Compact 66.0 (135.2) -> 65.8 (135.2) MB, pooled: 6.5 MB, 8.65 / 0.00 ms (average mu = 0.182, current mu = 0.023) testing; GC in old space requested
[80312:0x8b940c000]     7631 ms: Mark-Compact 65.8 (135.2) -> 65.5 (135.2) MB, pooled: 6.5 MB, 8.83 / 0.00 ms (average mu = 0.106, current mu = 0.012) testing; GC in old space requested
[80312:0x8b940c000]     7643 ms: Mark-Compact 66.1 (135.2) -> 65.8 (135.2) MB, pooled: 6.5 MB, 12.51 / 0.00 ms (average mu = 0.057, current mu = 0.019) testing; GC in old space requested
[80312:0x8b940c000]     7654 ms: Mark-Compact 65.8 (135.2) -> 65.5 (135.2) MB, pooled: 6.5 MB, 10.31 / 0.00 ms (average mu = 0.035, current mu = 0.010) testing; GC in old space requested
[80312:0x8b940c000]     7667 ms: Mark-Compact 65.6 (135.7) -> 65.6 (135.2) MB, pooled: 6.5 MB, 13.33 / 0.00 ms (average mu = 0.022, current mu = 0.011) testing; GC in old space requested
[80312:0x8b940c000]     7678 ms: Mark-Compact 65.7 (135.2) -> 65.5 (135.2) MB, pooled: 6.5 MB, 10.01 / 0.00 ms (average mu = 0.017, current mu = 0.012) testing; GC in old space requested
[80312:0x8b940c000]     7691 ms: Mark-Compact 66.3 (136.2) -> 65.8 (135.2) MB, pooled: 6.5 MB, 12.98 / 0.00 ms (average mu = 0.019, current mu = 0.020) testing; GC in old space requested
[80312:0x8b940c000]     7702 ms: Mark-Compact 65.8 (135.2) -> 65.5 (135.2) MB, pooled: 6.5 MB, 10.68 / 0.00 ms (average mu = 0.016, current mu = 0.012) testing; GC in old space requested
[80312:0x8b940c000]     7713 ms: Mark-Compact 66.4 (135.5) -> 65.8 (135.2) MB, pooled: 6.5 MB, 11.30 / 0.00 ms (average mu = 0.025, current mu = 0.035) testing; GC in old space requested
[80312:0x8b940c000]     7724 ms: Mark-Compact 65.8 (135.2) -> 65.5 (135.2) MB, pooled: 6.5 MB, 10.89 / 0.00 ms (average mu = 0.017, current mu = 0.009) testing; GC in old space requested
[80312:0x8b940c000]     7736 ms: Mark-Compact 65.6 (135.2) -> 65.6 (135.2) MB, pooled: 6.5 MB, 11.78 / 0.00 ms (average mu = 0.015, current mu = 0.013) testing; GC in old space requested
[80312:0x8b940c000]     7746 ms: Mark-Compact 65.7 (135.2) -> 65.5 (135.2) MB, pooled: 6.5 MB, 9.78 / 0.00 ms (average mu = 0.012, current mu = 0.009) testing; GC in old space requested
[80312:0x8b940c000]     7756 ms: Mark-Compact 66.3 (135.2) -> 65.8 (135.2) MB, pooled: 6.5 MB, 10.13 / 0.00 ms (average mu = 0.018, current mu = 0.025) testing; GC in old space requested
[80312:0x8b940c000]     7768 ms: Mark-Compact 65.8 (135.2) -> 65.5 (135.2) MB, pooled: 6.5 MB, 11.74 / 0.00 ms (average mu = 0.013, current mu = 0.009) testing; GC in old space requested
[80312:0x8b940c000]     7779 ms: Mark-Compact 66.4 (135.2) -> 65.8 (135.2) MB, pooled: 6.5 MB, 10.21 / 0.00 ms (average mu = 0.023, current mu = 0.034) testing; GC in old space requested
[80312:0x8b940c000]     7789 ms: Mark-Compact 65.8 (135.2) -> 65.5 (135.2) MB, pooled: 6.5 MB, 10.12 / 0.00 ms (average mu = 0.017, current mu = 0.011) testing; GC in old space requested
[80312:0x8b940c000]     7798 ms: Mark-Compact 65.6 (135.2) -> 65.6 (135.2) MB, pooled: 6.5 MB, 9.24 / 0.00 ms (average mu = 0.016, current mu = 0.015) testing; GC in old space requested
[80312:0x8b940c000]     7809 ms: Mark-Compact 65.6 (135.2) -> 65.5 (135.2) MB, pooled: 6.5 MB, 10.28 / 0.00 ms (average mu = 0.013, current mu = 0.010) testing; GC in old space requested
[80312:0x8b940c000]     7818 ms: Mark-Compact 66.0 (135.2) -> 65.8 (135.2) MB, pooled: 6.5 MB, 9.47 / 0.00 ms (average mu = 0.015, current mu = 0.018) testing; GC in old space requested
[80312:0x8b940c000]     7829 ms: Mark-Compact 65.8 (135.2) -> 65.5 (135.2) MB, pooled: 6.5 MB, 10.75 / 0.00 ms (average mu = 0.013, current mu = 0.010) testing; GC in old space requested
[80312:0x8b940c000]     7842 ms: Mark-Compact 66.1 (135.2) -> 65.8 (135.2) MB, pooled: 6.5 MB, 11.82 / 0.00 ms (average mu = 0.020, current mu = 0.027) testing; GC in old space requested
{
  "schema": "p2-source-leaf-v1",
  "node": "v26.0.0",
  "v8": "14.6.202.33-node.19",
  "baselineRoot": "/tmp/parse-that-m2-baseline-20260729/typescript",
  "lengths": [
    8,
    64,
    4096
  ],
  "samples": 11,
  "equality": [
    {
      "shape": "ascii-name",
      "plane": "capture",
      "family": "callback",
      "length": 8,
      "success": true,
      "failure": true
    },
    {
      "shape": "ascii-name",
      "plane": "capture",
      "family": "callback",
      "length": 64,
      "success": true,
      "failure": true
    },
    {
      "shape": "ascii-name",
      "plane": "capture",
      "family": "callback",
      "length": 4096,
      "success": true,
      "failure": true
    },
    {
      "shape": "ascii-name",
      "plane": "capture",
      "family": "sticky",
      "length": 8,
      "success": true,
      "failure": true
    },
    {
      "shape": "ascii-name",
      "plane": "capture",
      "family": "sticky",
      "length": 64,
      "success": true,
      "failure": true
    },
    {
      "shape": "ascii-name",
      "plane": "capture",
      "family": "sticky",
      "length": 4096,
      "success": true,
      "failure": true
    },
    {
      "shape": "ascii-name",
      "plane": "capture",
      "family": "ascii",
      "length": 8,
      "success": true,
      "failure": true
    },
    {
      "shape": "ascii-name",
      "plane": "capture",
      "family": "ascii",
      "length": 64,
      "success": true,
      "failure": true
    },
    {
      "shape": "ascii-name",
      "plane": "capture",
      "family": "ascii",
      "length": 4096,
      "success": true,
      "failure": true
    },
    {
      "shape": "css-name",
      "plane": "capture",
      "family": "callback",
      "length": 8,
      "success": true,
      "failure": true
    },
    {
      "shape": "css-name",
      "plane": "capture",
      "family": "callback",
      "length": 64,
      "success": true,
      "failure": true
    },
    {
      "shape": "css-name",
      "plane": "capture",
      "family": "callback",
      "length": 4096,
      "success": true,
      "failure": true
    },
    {
      "shape": "css-name",
      "plane": "capture",
      "family": "sticky",
      "length": 8,
      "success": true,
      "failure": true
    },
    {
      "shape": "css-name",
      "plane": "capture",
      "family": "sticky",
      "length": 64,
      "success": true,
      "failure": true
    },
    {
      "shape": "css-name",
      "plane": "capture",
      "family": "sticky",
      "length": 4096,
      "success": true,
      "failure": true
    },
    {
      "shape": "css-number",
      "plane": "capture",
      "family": "callback",
      "length": 8,
      "success": true,
      "failure": true
    },
    {
      "shape": "css-number",
      "plane": "capture",
      "family": "callback",
      "length": 64,
      "success": true,
      "failure": true
    },
    {
      "shape": "css-number",
      "plane": "capture",
      "family": "callback",
      "length": 4096,
      "success": true,
      "failure": true
    },
    {
      "shape": "css-number",
      "plane": "capture",
      "family": "sticky",
      "length": 8,
      "success": true,
      "failure": true
    },
    {
      "shape": "css-number",
      "plane": "capture",
      "family": "sticky",
      "length": 64,
      "success": true,
      "failure": true
    },
    {
      "shape": "css-number",
      "plane": "capture",
      "family": "sticky",
      "length": 4096,
      "success": true,
      "failure": true
    },
    {
      "shape": "css-number",
      "plane": "value",
      "family": "callback",
      "length": 8,
      "success": true,
      "failure": true
    },
    {
      "shape": "css-number",
      "plane": "value",
      "family": "callback",
      "length": 64,
      "success": true,
      "failure": true
    },
    {
      "shape": "css-number",
      "plane": "value",
      "family": "callback",
      "length": 4096,
      "success": true,
      "failure": true
    },
    {
      "shape": "css-number",
      "plane": "value",
      "family": "sticky",
      "length": 8,
      "success": true,
      "failure": true
    },
    {
      "shape": "css-number",
      "plane": "value",
      "family": "sticky",
      "length": 64,
      "success": true,
      "failure": true
    },
    {
      "shape": "css-number",
      "plane": "value",
      "family": "sticky",
      "length": 4096,
      "success": true,
      "failure": true
    },
    {
      "shape": "json-number",
      "plane": "capture",
      "family": "callback",
      "length": 8,
      "success": true,
      "failure": true
    },
    {
      "shape": "json-number",
      "plane": "capture",
      "family": "callback",
      "length": 64,
      "success": true,
      "failure": true
    },
    {
      "shape": "json-number",
      "plane": "capture",
      "family": "callback",
      "length": 4096,
      "success": true,
      "failure": true
    },
    {
      "shape": "json-number",
      "plane": "capture",
      "family": "sticky",
      "length": 8,
      "success": true,
      "failure": true
    },
    {
      "shape": "json-number",
      "plane": "capture",
      "family": "sticky",
      "length": 64,
      "success": true,
      "failure": true
    },
    {
      "shape": "json-number",
      "plane": "capture",
      "family": "sticky",
      "length": 4096,
      "success": true,
      "failure": true
    },
    {
      "shape": "json-number",
      "plane": "value",
      "family": "callback",
      "length": 8,
      "success": true,
      "failure": true
    },
    {
      "shape": "json-number",
      "plane": "value",
      "family": "callback",
      "length": 64,
      "success": true,
      "failure": true
    },
    {
      "shape": "json-number",
      "plane": "value",
      "family": "callback",
      "length": 4096,
      "success": true,
      "failure": true
    },
    {
      "shape": "json-number",
      "plane": "value",
      "family": "sticky",
      "length": 8,
      "success": true,
      "failure": true
    },
    {
      "shape": "json-number",
      "plane": "value",
      "family": "sticky",
      "length": 64,
      "success": true,
      "failure": true
    },
    {
      "shape": "json-number",
      "plane": "value",
      "family": "sticky",
      "length": 4096,
      "success": true,
      "failure": true
    },
    {
      "shape": "json-string",
      "plane": "capture",
      "family": "callback",
      "length": 8,
      "success": true,
      "failure": true
    },
    {
      "shape": "json-string",
      "plane": "capture",
      "family": "callback",
      "length": 64,
      "success": true,
      "failure": true
    },
    {
      "shape": "json-string",
      "plane": "capture",
      "family": "callback",
      "length": 4096,
      "success": true,
      "failure": true
    },
    {
      "shape": "json-string",
      "plane": "capture",
      "family": "sticky",
      "length": 8,
      "success": true,
      "failure": true
    },
    {
      "shape": "json-string",
      "plane": "capture",
      "family": "sticky",
      "length": 64,
      "success": true,
      "failure": true
    },
    {
      "shape": "json-string",
      "plane": "capture",
      "family": "sticky",
      "length": 4096,
      "success": true,
      "failure": true
    },
    {
      "shape": "json-string",
      "plane": "value",
      "family": "callback",
      "length": 8,
      "success": true,
      "failure": true
    },
    {
      "shape": "json-string",
      "plane": "value",
      "family": "callback",
      "length": 64,
      "success": true,
      "failure": true
    },
    {
      "shape": "json-string",
      "plane": "value",
      "family": "callback",
      "length": 4096,
      "success": true,
      "failure": true
    },
    {
      "shape": "json-string",
      "plane": "value",
      "family": "sticky",
      "length": 8,
      "success": true,
      "failure": true
    },
    {
      "shape": "json-string",
      "plane": "value",
      "family": "sticky",
      "length": 64,
      "success": true,
      "failure": true
    },
    {
      "shape": "json-string",
      "plane": "value",
      "family": "sticky",
      "length": 4096,
      "success": true,
      "failure": true
    }
  ],
  "points": [
    {
      "shape": "ascii-name",
      "plane": "capture",
      "family": "callback",
      "length": 8,
      "success": {
        "control": {
          "median": 40.083333333332874,
          "batches": [
            60.92916666666876,
            45.80833333333203,
            40.54583333333615,
            40.083333333332874,
            37.80140000000074,
            35.96530000000182,
            36.083333333332725,
            40.743033333330914,
            37.01666666666673,
            44.64303333333343,
            36.61250000000109
          ]
        },
        "candidate": {
          "median": 64.19166666666646,
          "batches": [
            92.04306666666373,
            73.6458333333303,
            91.68196666666594,
            64.19166666666646,
            63.98609999999963,
            64.15139999999913,
            69.29166666666713,
            63.591666666669276,
            59.8166666666657,
            62.76946666666845,
            71.87083333333248
          ]
        },
        "ratio": 0.6244320394651383,
        "order": [
          "control/candidate",
          "candidate/control",
          "control/candidate",
          "candidate/control",
          "control/candidate",
          "candidate/control",
          "control/candidate",
          "candidate/control",
          "control/candidate",
          "candidate/control",
          "control/candidate"
        ]
      },
      "failure": {
        "control": {
          "median": 46.37776666666772,
          "batches": [
            60.076399999998856,
            49.486099999997656,
            46.33473333333313,
            45.59306666666696,
            45.36249999999882,
            56.31529999999808,
            46.39446666666724,
            45.509733333331795,
            46.022233333333894,
            49.20973333333526,
            46.37776666666772
          ]
        },
        "candidate": {
          "median": 32.441666666666904,
          "batches": [
            34.85833333333327,
            32.744433333334655,
            36.56249999999849,
            31.95416666666612,
            31.49583333333036,
            32.441666666666904,
            31.316666666665093,
            31.584733333333286,
            38.06110000000065,
            35.0528000000016,
            31.712499999999483
          ]
        },
        "ratio": 1.4295741073722283,
        "order": [
          "control/candidate",
          "candidate/control",
          "control/candidate",
          "candidate/control",
          "control/candidate",
          "candidate/control",
          "control/candidate",
          "candidate/control",
          "control/candidate",
          "candidate/control",
          "control/candidate"
        ]
      }
    },
    {
      "shape": "ascii-name",
      "plane": "capture",
      "family": "callback",
      "length": 64,
      "success": {
        "control": {
          "median": 66.24026666666698,
          "batches": [
            69.27083333333333,
            73.20140000000113,
            65.8583333333354,
            67.06526666666832,
            72.02640000000049,
            66.02223333333465,
            70.16386666666676,
            66.01249999999936,
            66.24026666666698,
            49.62639999999965,
            49.18886666666822
          ]
        },
        "candidate": {
          "median": 355.6944333333339,
          "batches": [
            393.84026666666995,
            387.4486333333342,
            348.1763666666666,
            367.4569333333314,
            368.83750000000265,
            347.4736000000008,
            338.0472000000016,
            341.6458333333329,
            355.6944333333339,
            351.13470000000007,
            356.3527999999981
          ]
        },
        "ratio": 0.18622801050302318,
        "order": [
          "control/candidate",
          "candidate/control",
          "control/candidate",
          "candidate/control",
          "control/candidate",
          "candidate/control",
          "control/candidate",
          "candidate/control",
          "control/candidate",
          "candidate/control",
          "control/candidate"
        ]
      },
      "failure": {
        "control": {
          "median": 46.68196666666896,
          "batches": [
            45.922233333332464,
            46.900000000001306,
            50.00140000000026,
            46.68196666666896,
            46.61526666666684,
            49.19583333333246,
            48.96526666666432,
            49.8972333333351,
            45.944466666666514,
            46.569466666664994,
            46.426399999999525
          ]
        },
        "candidate": {
          "median": 33.43333333333476,
          "batches": [
            32.73886666666689,
            32.070833333333816,
            33.43333333333476,
            33.29583333333327,
            36.66943333333468,
            34.306933333334655,
            33.61666666666755,
            32.21666666666655,
            32.64860000000075,
            34.01389999999841,
            36.88473333333302
          ]
        },
        "ratio": 1.396270189431714,
        "order": [
          "control/candidate",
          "candidate/control",
          "control/candidate",
          "candidate/control",
          "control/candidate",
          "candidate/control",
          "control/candidate",
          "candidate/control",
          "control/candidate",
          "candidate/control",
          "control/candidate"
        ]
      }
    },
    {
      "shape": "ascii-name",
      "plane": "capture",
      "family": "callback",
      "length": 4096,
      "success": {
        "control": {
          "median": 1488.187499999981,
          "batches": [
            1389.1669999999863,
            1816.7080000000055,
            1981.666999999959,
            1979.020500000047,
            1968.6665000000403,
            1523.708000000056,
            1340.1250000000573,
            1488.187499999981,
            1367.49999999995,
            1439.8330000000215,
            1341.7084999999815
          ]
        },
        "candidate": {
          "median": 23378.72949999996,
          "batches": [
            23145.14600000001,
            23378.72949999996,
            24093.249999999956,
            23880.042000000005,
            23856.604500000005,
            23791.333500000062,
            22166.916499999956,
            23162.43750000001,
            23417.562499999916,
            23033.33349999991,
            22395.958000000064
          ]
        },
        "ratio": 0.06365561909598139,
        "order": [
          "control/candidate",
          "candidate/control",
          "control/candidate",
          "candidate/control",
          "control/candidate",
          "candidate/control",
          "control/candidate",
          "candidate/control",
          "control/candidate",
          "candidate/control",
          "control/candidate"
        ]
      },
      "failure": {
        "control": {
          "median": 48.18749999992633,
          "batches": [
            47.35449999998309,
            48.56250000000273,
            48.45850000003793,
            48.18749999992633,
            48.29150000000482,
            48.04150000006757,
            47.791999999958534,
            48.020500000006905,
            48.229500000047665,
            48.27099999999973,
            47.72950000005949
          ]
        },
        "candidate": {
          "median": 33.47900000005666,
          "batches": [
            32.770499999969616,
            33.00000000001546,
            33.74999999994088,
            33.47900000005666,
            33.47900000005666,
            33.437499999990905,
            33.47900000005666,
            33.58350000007704,
            33.437499999990905,
            33.416500000043925,
            33.6454999999205
          ]
        },
        "ratio": 1.4393351055839416,
        "order": [
          "control/candidate",
          "candidate/control",
          "control/candidate",
          "candidate/control",
          "control/candidate",
          "candidate/control",
          "control/candidate",
          "candidate/control",
          "control/candidate",
          "candidate/control",
          "control/candidate"
        ]
      }
    },
    {
      "shape": "ascii-name",
      "plane": "capture",
      "family": "sticky",
      "length": 8,
      "success": {
        "control": {
          "median": 38.136099999996986,
          "batches": [
            42.4055666666618,
            43.51249999999709,
            44.836099999997714,
            38.136099999996986,
            41.629166666666606,
            38.08890000000247,
            37.80000000000048,
            36.89443333333505,
            36.67499999999867,
            36.819466666671964,
            38.27359999999469
          ]
        },
        "candidate": {
          "median": 35.35416666666151,
          "batches": [
            38.92083333333479,
            39.48469999999513,
            35.35416666666151,
            35.25693333333493,
            34.3860999999985,
            34.04303333333398,
            37.36943333333328,
            35.33610000000256,
            34.405566666669074,
            37.009733333328164,
            40.62916666665994
          ]
        },
        "ratio": 1.0786875662935311,
        "order": [
          "control/candidate",
          "candidate/control",
          "control/candidate",
          "candidate/control",
          "control/candidate",
          "candidate/control",
          "control/candidate",
          "candidate/control",
          "control/candidate",
          "candidate/control",
          "control/candidate"
        ]
      },
      "failure": {
        "control": {
          "median": 49.67223333333095,
          "batches": [
            49.67223333333095,
            58.15416666666806,
            58.813899999995556,
            49.09029999999651,
            49.1235999999996,
            50.49303333333531,
            49.67636666666143,
            47.85973333333307,
            51.7708333333303,
            48.636099999998805,
            48.53886666666464
          ]
        },
        "candidate": {
          "median": 42.55416666666557,
          "batches": [
            43.438866666663976,
            47.009733333334225,
            42.89446666666663,
            42.40693333333638,
            42.55416666666557,
            45.23610000000342,
            42.140266666668445,
            41.544433333334986,
            44.9777666666705,
            42.18056666666901,
            42.31806666666672
          ]
        },
        "ratio": 1.1672707333790007,
        "order": [
          "control/candidate",
          "candidate/control",
          "control/candidate",
          "candidate/control",
          "control/candidate",
          "candidate/control",
          "control/candidate",
          "candidate/control",
          "control/candidate",
          "candidate/control",
          "control/candidate"
        ]
      }
    },
    {
      "shape": "ascii-name",
      "plane": "capture",
      "family": "sticky",
      "length": 64,
      "success": {
        "control": {
          "median": 68.06943333332735,
          "batches": [
            68.25973333333575,
            80.01666666666551,
            68.7763666666721,
            72.25556666667217,
            68.06943333332735,
            51.63610000000366,
            61.92083333333661,
            67.58473333333465,
            61.95973333333313,
            67.64863333332869,
            69.48610000000221
          ]
        },
        "candidate": {
          "median": 66.93056666666355,
          "batches": [
            68.00556666667035,
            71.9000000000051,
            70.37500000000516,
            67.4458333333329,
            67.48886666666749,
            57.461133333329904,
            66.93056666666355,
            66.7930333333364,
            66.79026666666535,
            66.74720000000131,
            53.75833333333351
          ]
        },
        "ratio": 1.0170156435748667,
        "order": [
          "control/candidate",
          "candidate/control",
          "control/candidate",
          "candidate/control",
          "control/candidate",
          "candidate/control",
          "control/candidate",
          "candidate/control",
          "control/candidate",
          "candidate/control",
          "control/candidate"
        ]
      },
      "failure": {
        "control": {
          "median": 50.4805666666698,
          "batches": [
            48.49720000000464,
            54.25136666666882,
            49.00000000000091,
            49.10970000000058,
            52.16250000000097,
            54.17083333333418,
            49.12223333333259,
            52.344466666666754,
            48.32776666667087,
            50.4805666666698,
            53.0083333333323
          ]
        },
        "candidate": {
          "median": 42.7097333333298,
          "batches": [
            42.35416666666272,
            42.138900000001435,
            43.04723333333035,
            42.62499999999818,
            42.46666666666291,
            43.187500000006665,
            42.75000000000091,
            42.73333333333842,
            42.7097333333298,
            43.31386666666882,
            42.55553333333258
          ]
        },
        "ratio": 1.181945255258145,
        "order": [
          "control/candidate",
          "candidate/control",
          "control/candidate",
          "candidate/control",
          "control/candidate",
          "candidate/control",
          "control/candidate",
          "candidate/control",
          "control/candidate",
          "candidate/control",
          "control/candidate"
        ]
      }
    },
    {
      "shape": "ascii-name",
      "plane": "capture",
      "family": "sticky",
      "length": 4096,
      "success": {
        "control": {
          "median": 1875.874999999951,
          "batches": [
            2005.437499999971,
            1357.2499999999081,
            1356.896000000006,
            1967.708000000016,
            1969.624999999951,
            1961.208499999998,
            1960.62500000005,
            1875.874999999951,
            1341.3125000000719,
            1463.312500000029,
            1340.9790000000612
          ]
        },
        "candidate": {
          "median": 1818.0624999999964,
          "batches": [
            1852.916499999992,
            1366.5000000000873,
            1740.833000000066,
            1980.3959999999279,
            1960.1670000000695,
            1979.2919999999867,
            1818.0624999999964,
            1960.062500000049,
            1342.396000000008,
            1338.9795000000504,
            1341.6874999999209
          ]
        },
        "ratio": 1.0317989618068437,
        "order": [
          "control/candidate",
          "candidate/control",
          "control/candidate",
          "candidate/control",
          "control/candidate",
          "candidate/control",
          "control/candidate",
          "candidate/control",
          "control/candidate",
          "candidate/control",
          "control/candidate"
        ]
      },
      "failure": {
        "control": {
          "median": 47.000000000025466,
          "batches": [
            47.0625000000382,
            46.875,
            47.645500000044194,
            54.60400000004029,
            47.187500000063665,
            47.000000000025466,
            46.81249999998727,
            48.16649999997935,
            46.52099999998427,
            46.79199999998218,
            46.85400000005302
          ]
        },
        "candidate": {
          "median": 41.52050000004692,
          "batches": [
            41.437500000029104,
            41.4579999999205,
            41.45800000003419,
            41.18750000009186,
            45.833000000016,
            41.29199999999855,
            41.52099999998882,
            41.83350000005248,
            41.56249999994088,
            41.52050000004692,
            42.20799999995961
          ]
        },
        "ratio": 1.1319709541063414,
        "order": [
          "control/candidate",
          "candidate/control",
          "control/candidate",
          "candidate/control",
          "control/candidate",
          "candidate/control",
          "control/candidate",
          "candidate/control",
          "control/candidate",
          "candidate/control",
          "control/candidate"
        ]
      }
    },
    {
      "shape": "ascii-name",
      "plane": "capture",
      "family": "ascii",
      "length": 8,
      "success": {
        "control": {
          "median": 37.01943333333778,
          "batches": [
            39.93750000000394,
            39.03333333333497,
            35.50553333333634,
            36.67776666666214,
            36.65000000000115,
            37.01943333333778,
            40.497233333333796,
            36.38473333333726,
            36.63890000000265,
            37.13750000000194,
            37.07640000000083
          ]
        },
        "candidate": {
          "median": 32.28610000000268,
          "batches": [
            32.28610000000268,
            32.28886666666616,
            31.666666666660607,
            31.587500000000546,
            35.85833333333236,
            32.17359999999493,
            31.906933333334564,
            31.71109999999923,
            34.07360000000305,
            33.138900000002046,
            34.791666666668185
          ]
        },
        "ratio": 1.146605918129929,
        "order": [
          "control/candidate",
          "candidate/control",
          "control/candidate",
          "candidate/control",
          "control/candidate",
          "candidate/control",
          "control/candidate",
          "candidate/control",
          "control/candidate",
          "candidate/control",
          "control/candidate"
        ]
      },
      "failure": {
        "control": {
          "median": 46.780566666666346,
          "batches": [
            47.54723333333004,
            50.73056666666768,
            45.75833333333321,
            45.71389999999458,
            45.73886666667022,
            46.780566666666346,
            46.406933333332745,
            49.20833333333879,
            46.018066666662584,
            47.10973333333186,
            50.59583333333346
          ]
        },
        "candidate": {
          "median": 35.91946666667051,
          "batches": [
            36.07083333333776,
            35.91946666667051,
            35.35973333333307,
            35.18333333333127,
            38.55276666666517,
            36.356933333331654,
            36.56529999999899,
            36.24719999999494,
            35.81526666666832,
            35.60556666667101,
            35.818066666668834
          ]
        },
        "ratio": 1.302373643261073,
        "order": [
          "control/candidate",
          "candidate/control",
          "control/candidate",
          "candidate/control",
          "control/candidate",
          "candidate/control",
          "control/candidate",
          "candidate/control",
          "control/candidate",
          "candidate/control",
          "control/candidate"
        ]
      }
    },
    {
      "shape": "ascii-name",
      "plane": "capture",
      "family": "ascii",
      "length": 64,
      "success": {
        "control": {
          "median": 64.10556666666405,
          "batches": [
            57.30833333333673,
            67.77499999999843,
            74.85556666666373,
            64.90280000000439,
            64.10556666666405,
            69.32776666666693,
            65.46666666666472,
            56.255566666671555,
            49.37776666666499,
            50.17363333333075,
            54.34306666666847
          ]
        },
        "candidate": {
          "median": 87.3222333333312,
          "batches": [
            119.16946666666868,
            86.2263999999944,
            90.82916666667036,
            86.58473333333252,
            84.79030000000118,
            88.65973333333083,
            87.3222333333312,
            87.09303333333386,
            94.697233333333,
            91.07083333333321,
            86.05833333332764
          ]
        },
        "ratio": 0.7341265130262619,
        "order": [
          "control/candidate",
          "candidate/control",
          "control/candidate",
          "candidate/control",
          "control/candidate",
          "candidate/control",
          "control/candidate",
          "candidate/control",
          "control/candidate",
          "candidate/control",
          "control/candidate"
        ]
      },
      "failure": {
        "control": {
          "median": 47.10416666666788,
          "batches": [
            47.10416666666788,
            46.71946666666524,
            46.78610000000087,
            52.83053333332646,
            46.43609999999777,
            47.18333333333551,
            46.938900000001624,
            48.07776666666541,
            47.15693333333395,
            51.10969999999877,
            46.53056666666847
          ]
        },
        "candidate": {
          "median": 36.11946666666578,
          "batches": [
            35.74166666666466,
            39.39723333333708,
            36.037499999997635,
            35.895833333332426,
            36.144433333333836,
            36.72776666666474,
            39.583333333333336,
            36.033333333337694,
            39.44443333333917,
            35.845833333329814,
            36.11946666666578
          ]
        },
        "ratio": 1.304121323312333,
        "order": [
          "control/candidate",
          "candidate/control",
          "control/candidate",
          "candidate/control",
          "control/candidate",
          "candidate/control",
          "control/candidate",
          "candidate/control",
          "control/candidate",
          "candidate/control",
          "control/candidate"
        ]
      }
    },
    {
      "shape": "ascii-name",
      "plane": "capture",
      "family": "ascii",
      "length": 4096,
      "success": {
        "control": {
          "median": 1497.2914999999603,
          "batches": [
            1978.5829999999578,
            1603.354500000023,
            1374.416500000052,
            1863.917000000015,
            1497.2914999999603,
            1357.43750000006,
            1480.9165000000348,
            1366.3960000000088,
            1354.2500000000928,
            1965.6874999999445,
            1962.6044999999976
          ]
        },
        "candidate": {
          "median": 5646.000000000072,
          "batches": [
            5656.999999999925,
            5646.000000000072,
            5621.250000000032,
            5893.187499999954,
            5339.646000000016,
            6259.249999999952,
            5418.4999999999945,
            5364.791500000024,
            5799.437500000067,
            5656.937500000026,
            4831.395999999927
          ]
        },
        "ratio": 0.2651950938717572,
        "order": [
          "control/candidate",
          "candidate/control",
          "control/candidate",
          "candidate/control",
          "control/candidate",
          "candidate/control",
          "control/candidate",
          "candidate/control",
          "control/candidate",
          "candidate/control",
          "control/candidate"
        ]
      },
      "failure": {
        "control": {
          "median": 46.7710000000352,
          "batches": [
            47.29199999997036,
            46.895500000005086,
            46.06249999994816,
            46.583499999997,
            46.64550000006784,
            46.70850000002247,
            46.7710000000352,
            46.93750000001273,
            108.58350000000881,
            46.79199999998218,
            46.50000000003729
          ]
        },
        "candidate": {
          "median": 35.97899999999754,
          "batches": [
            36.93750000002183,
            36.10399999990932,
            36.35399999996025,
            35.91649999998481,
            35.958499999992455,
            35.83349999996699,
            35.958499999992455,
            35.833000000025095,
            36.47899999998572,
            35.97899999999754,
            36.16649999992205
          ]
        },
        "ratio": 1.2999527502164707,
        "order": [
          "control/candidate",
          "candidate/control",
          "control/candidate",
          "candidate/control",
          "control/candidate",
          "candidate/control",
          "control/candidate",
          "candidate/control",
          "control/candidate",
          "candidate/control",
          "control/candidate"
        ]
      }
    },
    {
      "shape": "css-name",
      "plane": "capture",
      "family": "callback",
      "length": 8,
      "success": {
        "control": {
          "median": 45.96250000000358,
          "batches": [
            52.45833333333394,
            45.96250000000358,
            45.77776666666674,
            46.5402666666705,
            41.42223333333277,
            43.451366666666516,
            43.7763666666721,
            42.94029999999414,
            46.66526666666566,
            51.140299999997296,
            55.726399999995614
          ]
        },
        "candidate": {
          "median": 39.250000000000306,
          "batches": [
            41.20833333333091,
            44.1916666666657,
            45.92363333333651,
            38.827800000005176,
            37.85696666666354,
            37.75140000000192,
            45.406933333333654,
            38.86386666666415,
            37.60693333333621,
            43.95973333333434,
            39.250000000000306
          ]
        },
        "ratio": 1.171019108280337,
        "order": [
          "control/candidate",
          "candidate/control",
          "control/candidate",
          "candidate/control",
          "control/candidate",
          "candidate/control",
          "control/candidate",
          "candidate/control",
          "control/candidate",
          "candidate/control",
          "control/candidate"
        ]
      },
      "failure": {
        "control": {
          "median": 54.09446666666705,
          "batches": [
            54.09446666666705,
            53.32083333333534,
            57.12363333332936,
            49.81530000000021,
            54.85000000000279,
            59.890266666669355,
            55.54026666666989,
            49.645833333336974,
            49.47083333333163,
            60.645833333334544,
            50.363900000002104
          ]
        },
        "candidate": {
          "median": 37.89306666665956,
          "batches": [
            38.3263999999978,
            47.56666666666358,
            38.504166666666606,
            37.54863333332803,
            37.89306666665956,
            37.64166666666521,
            37.60693333332104,
            41.77636666666634,
            37.33749999999721,
            40.505566666676415,
            37.884733333324526
          ]
        },
        "ratio": 1.4275557885702188,
        "order": [
          "control/candidate",
          "candidate/control",
          "control/candidate",
          "candidate/control",
          "control/candidate",
          "candidate/control",
          "control/candidate",
          "candidate/control",
          "control/candidate",
          "candidate/control",
          "control/candidate"
        ]
      }
    },
    {
      "shape": "css-name",
      "plane": "capture",
      "family": "callback",
      "length": 64,
      "success": {
        "control": {
          "median": 93.43196666667002,
          "batches": [
            93.43196666667002,
            95.25000000000242,
            89.35279999999088,
            96.55416666667709,
            89.734699999993,
            105.80140000000333,
            90.11250000000169,
            90.83609999999378,
            103.12779999999293,
            94.4597333333301,
            89.30416666665528
          ]
        },
        "candidate": {
          "median": 139.89026666666481,
          "batches": [
            134.41806666666403,
            147.15139999999946,
            145.32916666667006,
            149.4888666666763,
            139.89026666666481,
            157.38609999998516,
            143.61803333332924,
            137.72083333333285,
            135.19443333334493,
            135.613866666669,
            132.2250000000016
          ]
        },
        "ratio": 0.6678946926972612,
        "order": [
          "control/candidate",
          "candidate/control",
          "control/candidate",
          "candidate/control",
          "control/candidate",
          "candidate/control",
          "control/candidate",
          "candidate/control",
          "control/candidate",
          "candidate/control",
          "control/candidate"
        ]
      },
      "failure": {
        "control": {
          "median": 48.49999999999758,
          "batches": [
            52.59166666666412,
            47.51110000000456,
            47.44303333333543,
            52.28749999999612,
            48.59583333333527,
            48.49999999999758,
            51.937500000000604,
            51.083333333326664,
            48.02916666667443,
            47.211099999988924,
            47.26530000001124
          ]
        },
        "candidate": {
          "median": 36.67083333333115,
          "batches": [
            37.865266666661526,
            36.3791666666657,
            36.67083333333115,
            37.18196666665487,
            36.56806666666247,
            36.45969999999276,
            36.84719999999591,
            46.90696666666554,
            36.20833333332788,
            39.97640000000805,
            36.001400000001624
          ]
        },
        "ratio": 1.3225769798886615,
        "order": [
          "control/candidate",
          "candidate/control",
          "control/candidate",
          "candidate/control",
          "control/candidate",
          "candidate/control",
          "control/candidate",
          "candidate/control",
          "control/candidate",
          "candidate/control",
          "control/candidate"
        ]
      }
    },
    {
      "shape": "css-name",
      "plane": "capture",
      "family": "callback",
      "length": 4096,
      "success": {
        "control": {
          "median": 3128.166500000134,
          "batches": [
            3895.7914999998593,
            2943.083500000057,
            2971.9795000000886,
            2960.333000000219,
            2933.479499999976,
            3480.062500000031,
            3903.8749999999714,
            3101.1250000001382,
            3884.375000000091,
            3885.6044999999995,
            3128.166500000134
          ]
        },
        "candidate": {
          "median": 8045.812500000011,
          "batches": [
            8246.208500000193,
            8318.791499999861,
            8065.97899999997,
            7856.97899999991,
            8045.812500000011,
            7871.854499999927,
            7987.771000000066,
            8598.04199999985,
            8365.770999999995,
            7924.582999999984,
            7988.395999999966
          ]
        },
        "ratio": 0.38879435731321477,
        "order": [
          "control/candidate",
          "candidate/control",
          "control/candidate",
          "candidate/control",
          "control/candidate",
          "candidate/control",
          "control/candidate",
          "candidate/control",
          "control/candidate",
          "candidate/control",
          "control/candidate"
        ]
      },
      "failure": {
        "control": {
          "median": 48.37499999985084,
          "batches": [
            135.5415000000448,
            49.20850000007704,
            49.04149999993024,
            48.37499999985084,
            48.104500000135886,
            48.74999999992724,
            47.979000000168526,
            48.125000000027285,
            47.70849999999882,
            48.29150000000482,
            48.45799999998235
          ]
        },
        "candidate": {
          "median": 36.95799999991323,
          "batches": [
            62.77049999994233,
            50.06249999996726,
            37.31249999987085,
            36.7705000001024,
            36.64600000001883,
            36.54149999988476,
            37.062500000047294,
            36.85399999994843,
            36.95799999991323,
            36.83350000005703,
            37.042000000155895
          ]
        },
        "ratio": 1.3089182315050711,
        "order": [
          "control/candidate",
          "candidate/control",
          "control/candidate",
          "candidate/control",
          "control/candidate",
          "candidate/control",
          "control/candidate",
          "candidate/control",
          "control/candidate",
          "candidate/control",
          "control/candidate"
        ]
      }
    },
    {
      "shape": "css-name",
      "plane": "capture",
      "family": "sticky",
      "length": 8,
      "success": {
        "control": {
          "median": 43.354166666676974,
          "batches": [
            45.8138999999998,
            46.68056666667629,
            45.22499999999733,
            41.05693333332662,
            41.01526666666662,
            43.25833333333928,
            43.022233333325254,
            43.354166666676974,
            40.901399999999434,
            43.665300000005416,
            44.87779999999476
          ]
        },
        "candidate": {
          "median": 38.916666666667275,
          "batches": [
            46.50139999998828,
            42.84999999999854,
            42.68333333332824,
            43.9583333333303,
            38.25000000000121,
            58.201399999992034,
            38.751400000001006,
            38.916666666667275,
            37.92223333333216,
            37.868033333324995,
            38.83193333334324
          ]
        },
        "ratio": 1.114025695931725,
        "order": [
          "control/candidate",
          "candidate/control",
          "control/candidate",
          "candidate/control",
          "control/candidate",
          "candidate/control",
          "control/candidate",
          "candidate/control",
          "control/candidate",
          "candidate/control",
          "control/candidate"
        ]
      },
      "failure": {
        "control": {
          "median": 48.03473333333083,
          "batches": [
            47.726399999995316,
            48.843066666662104,
            47.04306666667435,
            49.959733333328884,
            46.96109999999862,
            48.03473333333083,
            51.815266666668926,
            47.8999999999966,
            47.95553333333374,
            51.8069333333339,
            48.43473333333653
          ]
        },
        "candidate": {
          "median": 43.25416666667176,
          "batches": [
            43.56666666667479,
            42.16943333334105,
            42.908333333328606,
            42.68749999999576,
            59.00136666665882,
            44.55693333332722,
            42.30693333333875,
            42.35416666667031,
            44.16249999999309,
            43.32360000000032,
            43.25416666667176
          ]
        },
        "ratio": 1.1105226856755652,
        "order": [
          "control/candidate",
          "candidate/control",
          "control/candidate",
          "candidate/control",
          "control/candidate",
          "candidate/control",
          "control/candidate",
          "candidate/control",
          "control/candidate",
          "candidate/control",
          "control/candidate"
        ]
      }
    },
    {
      "shape": "css-name",
      "plane": "capture",
      "family": "sticky",
      "length": 64,
      "success": {
        "control": {
          "median": 81.63333333333563,
          "batches": [
            106.95140000001022,
            89.6958333333411,
            87.80833333333553,
            99.49443333333268,
            99.47083333333164,
            81.63333333333563,
            81.31390000000161,
            81.2110999999883,
            81.11526666666578,
            81.00973333333361,
            80.42499999999866
          ]
        },
        "candidate": {
          "median": 86.66390000000017,
          "batches": [
            100.52223333333738,
            101.89723333334464,
            78.03193333332577,
            84.56389999999678,
            100.6333333333411,
            84.99166666667102,
            79.69166666666752,
            89.22363333332821,
            79.62083333331975,
            91.37636666666064,
            86.66390000000017
          ]
        },
        "ratio": 0.9419531469658701,
        "order": [
          "control/candidate",
          "candidate/control",
          "control/candidate",
          "candidate/control",
          "control/candidate",
          "candidate/control",
          "control/candidate",
          "candidate/control",
          "control/candidate",
          "candidate/control",
          "control/candidate"
        ]
      },
      "failure": {
        "control": {
          "median": 47.176400000004534,
          "batches": [
            46.28333333333406,
            47.19166666667055,
            47.05973333334441,
            47.176400000004534,
            47.07083333334291,
            50.406933333321525,
            46.869433333328445,
            47.41943333333438,
            51.3125000000097,
            47.10276666666383,
            50.97500000000158
          ]
        },
        "candidate": {
          "median": 42.55556666666961,
          "batches": [
            41.27360000000711,
            41.28749999999854,
            45.93196666666397,
            40.73056666667677,
            41.61250000000412,
            41.69863333334737,
            43.634733333343924,
            42.94166666666873,
            42.92640000000271,
            42.55556666666961,
            42.73333333333842
          ]
        },
        "ratio": 1.1085835225630787,
        "order": [
          "control/candidate",
          "candidate/control",
          "control/candidate",
          "candidate/control",
          "control/candidate",
          "candidate/control",
          "control/candidate",
          "candidate/control",
          "control/candidate",
          "candidate/control",
          "control/candidate"
        ]
      }
    },
    {
      "shape": "css-name",
      "plane": "capture",
      "family": "sticky",
      "length": 4096,
      "success": {
        "control": {
          "median": 3216.020500000013,
          "batches": [
            2970.6249999999272,
            2936.582999999928,
            3216.020500000013,
            3477.1670000000086,
            3223.0414999999084,
            3240.9374999999727,
            2998.937500000011,
            3519.687499999918,
            3808.1664999999703,
            2976.3540000001285,
            2985.770999999886
          ]
        },
        "candidate": {
          "median": 3136.1249999999927,
          "batches": [
            2934.916499999872,
            2981.021000000055,
            3506.9579999999405,
            3234.124999999949,
            3002.7500000001055,
            3057.4790000000576,
            2953.3539999999903,
            3136.1249999999927,
            3988.1875000000946,
            3294.854500000156,
            3325.021000000106
          ]
        },
        "ratio": 1.0254758659173409,
        "order": [
          "control/candidate",
          "candidate/control",
          "control/candidate",
          "candidate/control",
          "control/candidate",
          "candidate/control",
          "control/candidate",
          "candidate/control",
          "control/candidate",
          "candidate/control",
          "control/candidate"
        ]
      },
      "failure": {
        "control": {
          "median": 49.97899999989386,
          "batches": [
            50.979000000097585,
            50.12499999997999,
            49.58299999998417,
            50.187499999992724,
            50.187499999992724,
            49.999999999954525,
            49.97899999989386,
            49.85450000003766,
            49.83349999997699,
            49.56250000009277,
            49.95850000000246
          ]
        },
        "candidate": {
          "median": 44.79199999991579,
          "batches": [
            45.74999999999818,
            52.60450000014316,
            45.541499999899315,
            44.83350000009523,
            44.79199999991579,
            44.43749999995816,
            44.56249999998363,
            45.66649999992478,
            44.145999999955166,
            44.707999999900494,
            44.4790000001376
          ]
        },
        "ratio": 1.115801928915606,
        "order": [
          "control/candidate",
          "candidate/control",
          "control/candidate",
          "candidate/control",
          "control/candidate",
          "candidate/control",
          "control/candidate",
          "candidate/control",
          "control/candidate",
          "candidate/control",
          "control/candidate"
        ]
      }
    },
    {
      "shape": "css-number",
      "plane": "capture",
      "family": "callback",
      "length": 8,
      "success": {
        "control": {
          "median": 39.98473333332792,
          "batches": [
            49.051399999992405,
            45.85279999999633,
            44.55553333332318,
            39.98473333332792,
            39.88473333333786,
            39.70416666667613,
            39.54583333334085,
            39.27223333333434,
            39.086100000001046,
            41.89863333334263,
            40.03193333334518
          ]
        },
        "candidate": {
          "median": 34.52640000000429,
          "batches": [
            33.99583333333188,
            36.20553333333495,
            38.05693333333693,
            34.11110000000311,
            35.90139999999641,
            35.99583333333006,
            33.094466666670996,
            35.822199999999306,
            32.28749999999915,
            32.35136666665615,
            34.52640000000429
          ]
        },
        "ratio": 1.1580915859551808,
        "order": [
          "control/candidate",
          "candidate/control",
          "control/candidate",
          "candidate/control",
          "control/candidate",
          "candidate/control",
          "control/candidate",
          "candidate/control",
          "control/candidate",
          "candidate/control",
          "control/candidate"
        ]
      },
      "failure": {
        "control": {
          "median": 49.12500000000364,
          "batches": [
            52.84720000001168,
            53.18749999999758,
            49.654166666672005,
            49.12500000000364,
            48.87639999998707,
            50.17500000000534,
            55.12499999999818,
            48.12360000000808,
            48.36943333333087,
            48.38889999999386,
            48.35969999999179
          ]
        },
        "candidate": {
          "median": 38.25553333332816,
          "batches": [
            38.21530000000166,
            41.245833333338545,
            38.48750000000412,
            42.66666666665817,
            38.25553333332816,
            38.380566666667924,
            38.12636666666549,
            37.28473333332355,
            43.47640000000865,
            37.4889000000015,
            37.5486333333356
          ]
        },
        "ratio": 1.284127960574164,
        "order": [
          "control/candidate",
          "candidate/control",
          "control/candidate",
          "candidate/control",
          "control/candidate",
          "candidate/control",
          "control/candidate",
          "candidate/control",
          "control/candidate",
          "candidate/control",
          "control/candidate"
        ]
      }
    },
    {
      "shape": "css-number",
      "plane": "capture",
      "family": "callback",
      "length": 64,
      "success": {
        "control": {
          "median": 53.412499999997934,
          "batches": [
            54.38056666666853,
            54.6569333333385,
            53.412499999997934,
            50.93333333334157,
            54.21390000001338,
            50.64583333332848,
            53.69443333332431,
            51.01113333333463,
            52.19863333333402,
            61.22780000000603,
            52.27636666666816
          ]
        },
        "candidate": {
          "median": 85.96249999998994,
          "batches": [
            86.11250000000534,
            85.96249999998994,
            89.60140000000743,
            84.49723333333168,
            83.83613333333719,
            71.266666666664,
            95.15970000000684,
            86.98056666667071,
            90.11250000000169,
            84.42639999999906,
            84.96806666666998
          ]
        },
        "ratio": 0.6213465173768118,
        "order": [
          "control/candidate",
          "candidate/control",
          "control/candidate",
          "candidate/control",
          "control/candidate",
          "candidate/control",
          "control/candidate",
          "candidate/control",
          "control/candidate",
          "candidate/control",
          "control/candidate"
        ]
      },
      "failure": {
        "control": {
          "median": 51.60000000000764,
          "batches": [
            61.019466666675726,
            49.76526666666056,
            53.95833333333637,
            61.09583333333527,
            51.60000000000764,
            50.87776666665984,
            50.54999999999078,
            58.70693333332989,
            58.79166666665393,
            49.36386666666598,
            49.391666666663994
          ]
        },
        "candidate": {
          "median": 39.355566666669496,
          "batches": [
            39.39303333333252,
            45.461100000011356,
            37.845833333327995,
            49.461099999992555,
            38.583333333326664,
            43.78473333332901,
            38.70000000000194,
            39.019433333335954,
            39.85693333332468,
            39.355566666669496,
            38.4722333333381
          ]
        },
        "ratio": 1.311123288785168,
        "order": [
          "control/candidate",
          "candidate/control",
          "control/candidate",
          "candidate/control",
          "control/candidate",
          "candidate/control",
          "control/candidate",
          "candidate/control",
          "control/candidate",
          "candidate/control",
          "control/candidate"
        ]
      }
    },
    {
      "shape": "css-number",
      "plane": "capture",
      "family": "callback",
      "length": 4096,
      "success": {
        "control": {
          "median": 1049.1875000000164,
          "batches": [
            1106.6664999998466,
            1082.7084999998533,
            1138.8334999999188,
            1109.5414999999778,
            1051.0835000000043,
            1049.1875000000164,
            1037.9584999998315,
            1038.3539999997993,
            1033.8959999999133,
            1032.8749999998763,
            1030.2914999999757
          ]
        },
        "candidate": {
          "median": 4053.8960000001225,
          "batches": [
            4223.583499999904,
            4074.312500000133,
            4091.6460000000825,
            4053.8960000001225,
            4167.875000000095,
            3985.3539999999157,
            4124.354000000039,
            3867.9164999998648,
            3865.1664999999866,
            3863.1460000001425,
            3868.2710000000498
          ]
        },
        "ratio": 0.25880967345979883,
        "order": [
          "control/candidate",
          "candidate/control",
          "control/candidate",
          "candidate/control",
          "control/candidate",
          "candidate/control",
          "control/candidate",
          "candidate/control",
          "control/candidate",
          "candidate/control",
          "control/candidate"
        ]
      },
      "failure": {
        "control": {
          "median": 47.89600000003702,
          "batches": [
            48.874999999952706,
            48.583000000007814,
            47.91700000009769,
            47.35449999998309,
            47.249999999849024,
            48.10449999990851,
            47.937499999989086,
            47.45849999994789,
            47.89600000003702,
            47.62499999992542,
            47.583499999973355
          ]
        },
        "candidate": {
          "median": 36.3124999998945,
          "batches": [
            37.10399999999936,
            36.687499999970896,
            37.332999999989624,
            36.83350000005703,
            36.520999999993364,
            36.14549999997507,
            36.291500000061205,
            36.041500000010274,
            36.2084999999297,
            36.12500000008367,
            36.3124999998945
          ]
        },
        "ratio": 1.3189948364936641,
        "order": [
          "control/candidate",
          "candidate/control",
          "control/candidate",
          "candidate/control",
          "control/candidate",
          "candidate/control",
          "control/candidate",
          "candidate/control",
          "control/candidate",
          "candidate/control",
          "control/candidate"
        ]
      }
    },
    {
      "shape": "css-number",
      "plane": "capture",
      "family": "sticky",
      "length": 8,
      "success": {
        "control": {
          "median": 38.21386666666816,
          "batches": [
            41.99583333333976,
            51.15693333332274,
            48.58473333333677,
            38.220833333328606,
            40.99443333332905,
            38.04583333333842,
            38.034699999995304,
            37.98613333333378,
            38.21386666666816,
            37.92359999999159,
            38.0013999999998
          ]
        },
        "candidate": {
          "median": 35.4250000000017,
          "batches": [
            39.24723333332925,
            39.20973333333677,
            34.87499999999576,
            34.90000000000085,
            35.33473333333556,
            35.4250000000017,
            37.33613333333779,
            35.01526666667208,
            35.19026666666226,
            36.361133333336205,
            35.51250000000436
          ]
        },
        "ratio": 1.0787259468360288,
        "order": [
          "control/candidate",
          "candidate/control",
          "control/candidate",
          "candidate/control",
          "control/candidate",
          "candidate/control",
          "control/candidate",
          "candidate/control",
          "control/candidate",
          "candidate/control",
          "control/candidate"
        ]
      },
      "failure": {
        "control": {
          "median": 48.50696666665802,
          "batches": [
            47.484733333340046,
            47.37359999999171,
            56.89863333333657,
            48.04583333332933,
            47.829166666663994,
            51.10833333334691,
            48.5986333333282,
            48.50696666665802,
            51.744433333336325,
            58.8680666666581,
            47.59999999999612
          ]
        },
        "candidate": {
          "median": 42.45416666667552,
          "batches": [
            42.25693333334372,
            41.85693333333802,
            51.28056666667362,
            42.77499999999842,
            43.965300000005904,
            43.00973333333786,
            42.2888999999941,
            42.6041666666606,
            42.45416666667552,
            41.73749999999927,
            42.262500000000124
          ]
        },
        "ratio": 1.1425725782702423,
        "order": [
          "control/candidate",
          "candidate/control",
          "control/candidate",
          "candidate/control",
          "control/candidate",
          "candidate/control",
          "control/candidate",
          "candidate/control",
          "control/candidate",
          "candidate/control",
          "control/candidate"
        ]
      }
    },
    {
      "shape": "css-number",
      "plane": "capture",
      "family": "sticky",
      "length": 64,
      "success": {
        "control": {
          "median": 52.470833333336486,
          "batches": [
            54.243066666670835,
            56.00136666666913,
            50.038899999996524,
            52.55416666667164,
            66.90276666666553,
            50.459733333339805,
            54.1555333333387,
            49.98056666666646,
            52.470833333336486,
            49.70969999999397,
            49.77083333333212
          ]
        },
        "candidate": {
          "median": 49.130533333330575,
          "batches": [
            52.15140000000247,
            67.77640000000247,
            48.6569333333288,
            48.69999999999285,
            49.130533333330575,
            48.805533333324995,
            49.258333333333816,
            50.48053333333276,
            48.505566666653976,
            48.59166666666776,
            63.42083333333903
          ]
        },
        "ratio": 1.067988270702118,
        "order": [
          "control/candidate",
          "candidate/control",
          "control/candidate",
          "candidate/control",
          "control/candidate",
          "candidate/control",
          "control/candidate",
          "candidate/control",
          "control/candidate",
          "candidate/control",
          "control/candidate"
        ]
      },
      "failure": {
        "control": {
          "median": 48.02083333332424,
          "batches": [
            48.02083333332424,
            51.194466666659835,
            47.57640000001023,
            47.545833333333576,
            51.849999999997934,
            47.100000000000364,
            48.29026666666323,
            50.480566666677376,
            47.29443333332407,
            47.69306666667035,
            49.59860000000542
          ]
        },
        "candidate": {
          "median": 42.51390000000962,
          "batches": [
            42.26946666666057,
            42.51390000000962,
            42.58473333332707,
            42.59166666667322,
            41.9430666666661,
            41.997233333328644,
            42.262500000000124,
            42.961133333331716,
            42.15556666666392,
            42.53056666667968,
            43.10139999999289
          ]
        },
        "ratio": 1.129532537201089,
        "order": [
          "control/candidate",
          "candidate/control",
          "control/candidate",
          "candidate/control",
          "control/candidate",
          "candidate/control",
          "control/candidate",
          "candidate/control",
          "control/candidate",
          "candidate/control",
          "control/candidate"
        ]
      }
    },
    {
      "shape": "css-number",
      "plane": "capture",
      "family": "sticky",
      "length": 4096,
      "success": {
        "control": {
          "median": 1037.4585000001844,
          "batches": [
            1026.978999999983,
            1029.7709999999825,
            1077.395499999966,
            1041.0204999998314,
            1036.833500000057,
            1325.8539999999357,
            1037.4585000001844,
            1092.43749999996,
            1037.1045000001686,
            1037.2290000000248,
            1079.4164999999794
          ]
        },
        "candidate": {
          "median": 1039.5415000000412,
          "batches": [
            1044.8539999999866,
            1037.9585000000588,
            1031.5204999999423,
            1119.3959999998242,
            1038.041499999963,
            1113.978999999972,
            1040.708499999937,
            1038.7499999999363,
            1042.8749999998672,
            1039.5415000000412,
            1030.2294999999049
          ]
        },
        "ratio": 0.9979962319928,
        "order": [
          "control/candidate",
          "candidate/control",
          "control/candidate",
          "candidate/control",
          "control/candidate",
          "candidate/control",
          "control/candidate",
          "candidate/control",
          "control/candidate",
          "candidate/control",
          "control/candidate"
        ]
      },
      "failure": {
        "control": {
          "median": 47.89600000003702,
          "batches": [
            48.89550000007148,
            53.792000000157714,
            48.31249999983811,
            47.89600000003702,
            47.66649999987749,
            47.166500000003,
            47.499999999899956,
            48.25000000005275,
            47.499999999899956,
            48.04150000018126,
            47.79199999984485
          ]
        },
        "candidate": {
          "median": 42.625000000043656,
          "batches": [
            42.56250000003092,
            42.666999999937616,
            43.49999999999454,
            42.812500000081855,
            42.499999999790816,
            42.625000000043656,
            42.72949999995035,
            42.72949999995035,
            42.374999999992724,
            42.271000000027925,
            42.45849999983875
          ]
        },
        "ratio": 1.1236598240466384,
        "order": [
          "control/candidate",
          "candidate/control",
          "control/candidate",
          "candidate/control",
          "control/candidate",
          "candidate/control",
          "control/candidate",
          "candidate/control",
          "control/candidate",
          "candidate/control",
          "control/candidate"
        ]
      }
    },
    {
      "shape": "css-number",
      "plane": "value",
      "family": "callback",
      "length": 8,
      "success": {
        "control": {
          "median": 59.85973333332974,
          "batches": [
            59.85973333332974,
            62.38333333332473,
            54.40416666665442,
            54.34723333334356,
            59.269466666667846,
            60.92499999999745,
            60.37916666667419,
            69.41666666666606,
            63.736100000005536,
            57.08473333334041,
            57.03889999999774
          ]
        },
        "candidate": {
          "median": 50.14026666666116,
          "batches": [
            45.638866666665,
            47.53890000000259,
            47.00416666666266,
            52.26943333333717,
            49.61946666665729,
            50.14026666666116,
            50.4305666666672,
            52.10833333333842,
            51.33333333333212,
            50.40276666666917,
            50.0652666666762
          ]
        },
        "ratio": 1.193845532000953,
        "order": [
          "control/candidate",
          "candidate/control",
          "control/candidate",
          "candidate/control",
          "control/candidate",
          "candidate/control",
          "control/candidate",
          "candidate/control",
          "control/candidate",
          "candidate/control",
          "control/candidate"
        ]
      },
      "failure": {
        "control": {
          "median": 52.741666666664365,
          "batches": [
            54.305566666668405,
            52.741666666664365,
            56.17780000000797,
            62.404166666662306,
            55.69030000001476,
            51.70693333334384,
            50.47776666666929,
            59.293033333324274,
            49.55973333333835,
            49.47083333333163,
            49.66386666666646
          ]
        },
        "candidate": {
          "median": 37.79303333334004,
          "batches": [
            39.06526666666347,
            37.66806666667435,
            38.54583333333418,
            46.46529999999984,
            44.143033333330095,
            37.79303333334004,
            36.90140000000307,
            37.15276666666796,
            36.718033333333246,
            36.43609999999171,
            39.256966666668326
          ]
        },
        "ratio": 1.395539389534447,
        "order": [
          "control/candidate",
          "candidate/control",
          "control/candidate",
          "candidate/control",
          "control/candidate",
          "candidate/control",
          "control/candidate",
          "candidate/control",
          "control/candidate",
          "candidate/control",
          "control/candidate"
        ]
      }
    },
    {
      "shape": "css-number",
      "plane": "value",
      "family": "callback",
      "length": 64,
      "success": {
        "control": {
          "median": 134.63610000000395,
          "batches": [
            136.68890000000528,
            139.52359999999922,
            141.38473333334028,
            131.3861000000088,
            133.9277999999922,
            131.04026666666564,
            132.9750000000028,
            134.6610999999939,
            128.2416666666601,
            140.70833333331998,
            134.63610000000395
          ]
        },
        "candidate": {
          "median": 171.25280000000203,
          "batches": [
            203.26390000000174,
            178.60276666665413,
            168.02359999999985,
            171.25280000000203,
            173.4833333333275,
            172.23333333333053,
            166.00833333333563,
            161.6416666666737,
            165.95693333333656,
            176.72363333334337,
            170.88333333332838
          ]
        },
        "ratio": 0.7861833499948752,
        "order": [
          "control/candidate",
          "candidate/control",
          "control/candidate",
          "candidate/control",
          "control/candidate",
          "candidate/control",
          "control/candidate",
          "candidate/control",
          "control/candidate",
          "candidate/control",
          "control/candidate"
        ]
      },
      "failure": {
        "control": {
          "median": 49.90696666667039,
          "batches": [
            54.24723333332319,
            50.70553333333312,
            50.1139000000118,
            50.08056666667168,
            49.74999999999454,
            49.90696666667039,
            51.94303333332755,
            49.63750000000194,
            49.520833333326664,
            49.41943333333256,
            49.82223333333119
          ]
        },
        "candidate": {
          "median": 37.299999999989566,
          "batches": [
            37.49723333333653,
            37.299999999989566,
            37.127766666662865,
            39.12359999999353,
            36.54583333332084,
            36.26803333333252,
            38.025000000000844,
            36.38053333334028,
            39.51109999999669,
            36.4499999999983,
            39.284733333336895
          ]
        },
        "ratio": 1.337988382484835,
        "order": [
          "control/candidate",
          "candidate/control",
          "control/candidate",
          "candidate/control",
          "control/candidate",
          "candidate/control",
          "control/candidate",
          "candidate/control",
          "control/candidate",
          "candidate/control",
          "control/candidate"
        ]
      }
    },
    {
      "shape": "css-number",
      "plane": "value",
      "family": "callback",
      "length": 4096,
      "success": {
        "control": {
          "median": 5847.541500000034,
          "batches": [
            5847.541500000034,
            5850.3330000000915,
            5835.104499999943,
            5842.874999999822,
            5837.875000000167,
            5832.854499999939,
            5841.083500000195,
            6140.916500000003,
            5937.666500000205,
            6119.187499999953,
            6098.021000000017
          ]
        },
        "candidate": {
          "median": 10607.708000000002,
          "batches": [
            10755.603999999948,
            10626.145999999835,
            10662.291500000038,
            10595.542000000023,
            10607.708000000002,
            10603.95850000009,
            10614.81249999997,
            10611.08349999995,
            10063.99999999985,
            9186.832999999979,
            9381.208499999957
          ]
        },
        "ratio": 0.551254003221057,
        "order": [
          "control/candidate",
          "candidate/control",
          "control/candidate",
          "candidate/control",
          "control/candidate",
          "candidate/control",
          "control/candidate",
          "candidate/control",
          "control/candidate",
          "candidate/control",
          "control/candidate"
        ]
      },
      "failure": {
        "control": {
          "median": 50.97899999987021,
          "batches": [
            57.4375000001055,
            51.97950000001583,
            51.35400000017398,
            51.02050000004965,
            50.791500000059386,
            52.0209999999679,
            50.97899999987021,
            50.645499999973254,
            50.687499999867214,
            50.60449999996308,
            50.56250000006912
          ]
        },
        "candidate": {
          "median": 37.291499999810185,
          "batches": [
            37.85399999992478,
            37.291499999810185,
            37.20849999990605,
            37.896000000046115,
            52.41700000010496,
            37.58349999998245,
            37.08350000010796,
            37.104499999941254,
            37.16699999995399,
            37.145499999951426,
            37.39550000000236
          ]
        },
        "ratio": 1.3670407465543004,
        "order": [
          "control/candidate",
          "candidate/control",
          "control/candidate",
          "candidate/control",
          "control/candidate",
          "candidate/control",
          "control/candidate",
          "candidate/control",
          "control/candidate",
          "candidate/control",
          "control/candidate"
        ]
      }
    },
    {
      "shape": "css-number",
      "plane": "value",
      "family": "sticky",
      "length": 8,
      "success": {
        "control": {
          "median": 70.78749999999066,
          "batches": [
            84.34166666665986,
            77.227766666662,
            70.78749999999066,
            55.19859999999426,
            53.83193333333717,
            72.44306666668005,
            57.831933333318375,
            59.42500000001018,
            65.07360000000517,
            77.92916666667224,
            72.1249999999903
          ]
        },
        "candidate": {
          "median": 55.202766666676936,
          "batches": [
            55.202766666676936,
            66.28473333333507,
            71.32916666667673,
            50.065266666661046,
            50.31389999999192,
            58.63613333334191,
            50.95556666666804,
            50.66390000000259,
            56.4055666666718,
            54.908333333332855,
            68.13333333332898
          ]
        },
        "ratio": 1.2823179756083027,
        "order": [
          "control/candidate",
          "candidate/control",
          "control/candidate",
          "candidate/control",
          "control/candidate",
          "candidate/control",
          "control/candidate",
          "candidate/control",
          "control/candidate",
          "candidate/control",
          "control/candidate"
        ]
      },
      "failure": {
        "control": {
          "median": 59.31666666666994,
          "batches": [
            63.76249999999952,
            71.3139000000107,
            67.36110000000129,
            59.31666666666994,
            57.76250000000498,
            51.38609999999062,
            60.30276666667002,
            71.73056666665616,
            59.22776666666323,
            52.6125000000017,
            53.75279999999899
          ]
        },
        "candidate": {
          "median": 51.44166666667236,
          "batches": [
            52.02499999998812,
            43.37363333332481,
            54.53333333334739,
            43.95276666665874,
            47.663866666668284,
            54.790266666668686,
            55.58749999998629,
            60.941666666667516,
            51.44166666667236,
            47.52636666665543,
            43.515300000005176
          ]
        },
        "ratio": 1.153086019763422,
        "order": [
          "control/candidate",
          "candidate/control",
          "control/candidate",
          "candidate/control",
          "control/candidate",
          "candidate/control",
          "control/candidate",
          "candidate/control",
          "control/candidate",
          "candidate/control",
          "control/candidate"
        ]
      }
    },
    {
      "shape": "css-number",
      "plane": "value",
      "family": "sticky",
      "length": 64,
      "success": {
        "control": {
          "median": 150.90416666666897,
          "batches": [
            157.72083333332984,
            140.16666666666424,
            150.90416666666897,
            153.50833333333563,
            136.67083333333113,
            158.2721999999952,
            152.78750000000704,
            130.44306666665761,
            161.46250000000083,
            136.88333333334413,
            134.24863333334542
          ]
        },
        "candidate": {
          "median": 143.53193333333064,
          "batches": [
            138.12360000000203,
            168.77639999999397,
            133.48613333334166,
            131.55693333333147,
            149.20696666666421,
            168.3583333333445,
            149.58886666666632,
            127.53193333333002,
            132.8125,
            143.53193333333064,
            154.53333333333225
          ]
        },
        "ratio": 1.051363018403838,
        "order": [
          "control/candidate",
          "candidate/control",
          "control/candidate",
          "candidate/control",
          "control/candidate",
          "candidate/control",
          "control/candidate",
          "candidate/control",
          "control/candidate",
          "candidate/control",
          "control/candidate"
        ]
      },
      "failure": {
        "control": {
          "median": 60.938899999988884,
          "batches": [
            50.12499999999515,
            60.938899999988884,
            51.67500000000776,
            50.98610000000008,
            66.75693333333281,
            61.16803333334246,
            75.83886666666331,
            63.94443333333584,
            50.95000000001164,
            50.462500000003274,
            63.68609999999535
          ]
        },
        "candidate": {
          "median": 51.40556666666877,
          "batches": [
            41.902766666665535,
            54.027799999994386,
            42.89443333333717,
            42.1333333333223,
            51.40556666666877,
            43.6014000000038,
            58.01109999999123,
            61.86389999999544,
            44.87779999999476,
            56.74859999999171,
            60.40973333333568
          ]
        },
        "ratio": 1.185453326390457,
        "order": [
          "control/candidate",
          "candidate/control",
          "control/candidate",
          "candidate/control",
          "control/candidate",
          "candidate/control",
          "control/candidate",
          "candidate/control",
          "control/candidate",
          "candidate/control",
          "control/candidate"
        ]
      }
    },
    {
      "shape": "css-number",
      "plane": "value",
      "family": "sticky",
      "length": 4096,
      "success": {
        "control": {
          "median": 6052.97900000005,
          "batches": [
            6149.75000000004,
            6293.854499999724,
            6251.645499999995,
            6177.458000000115,
            6127.895999999964,
            5985.896000000139,
            5979.208000000199,
            5951.603999999861,
            6052.97900000005,
            5973.645499999748,
            5868.666499999563
          ]
        },
        "candidate": {
          "median": 6081.66700000038,
          "batches": [
            6081.66700000038,
            6215.770999999677,
            6316.646000000219,
            6598.1040000001485,
            6270.791500000087,
            6234.562499999811,
            6024.062499999673,
            5945.854000000054,
            5995.042000000012,
            5984.853999999814,
            5965.979000000061
          ]
        },
        "ratio": 0.9952828722782212,
        "order": [
          "control/candidate",
          "candidate/control",
          "control/candidate",
          "candidate/control",
          "control/candidate",
          "candidate/control",
          "control/candidate",
          "candidate/control",
          "control/candidate",
          "candidate/control",
          "control/candidate"
        ]
      },
      "failure": {
        "control": {
          "median": 51.27100000026985,
          "batches": [
            70.54149999976289,
            93.64599999980783,
            73.10400000005757,
            51.47900000019945,
            51.062500000170985,
            54.812500000025466,
            50.208500000280765,
            50.41650000021036,
            51.27100000026985,
            50.58299999973315,
            50.45849999987695
          ]
        },
        "candidate": {
          "median": 42.47949999989942,
          "batches": [
            56.18749999985084,
            99.37499999978172,
            43.66650000019945,
            42.47949999989942,
            42.50000000001819,
            42.39599999982602,
            44.97899999978472,
            41.70849999991333,
            41.56250000005457,
            41.89550000000963,
            41.62499999983993
          ]
        },
        "ratio": 1.2069586506524619,
        "order": [
          "control/candidate",
          "candidate/control",
          "control/candidate",
          "candidate/control",
          "control/candidate",
          "candidate/control",
          "control/candidate",
          "candidate/control",
          "control/candidate",
          "candidate/control",
          "control/candidate"
        ]
      }
    },
    {
      "shape": "json-number",
      "plane": "capture",
      "family": "callback",
      "length": 8,
      "success": {
        "control": {
          "median": 42.933333333318544,
          "batches": [
            45.17500000001746,
            50.07636666665955,
            40.42636666666415,
            42.933333333318544,
            39.488899999984525,
            41.976366666676775,
            52.572200000001125,
            40.12223333332562,
            43.58333333332969,
            48.543066666661616,
            41.6027666666802
          ]
        },
        "candidate": {
          "median": 36.73613333333681,
          "batches": [
            39.80140000000271,
            44.48196666665656,
            36.73613333333681,
            36.74999999999879,
            34.71530000000106,
            34.62363333334603,
            35.77083333332969,
            35.87500000000242,
            36.04583333332509,
            41.21666666666594,
            39.80136666665809
          ]
        },
        "ratio": 1.1686949452123745,
        "order": [
          "control/candidate",
          "candidate/control",
          "control/candidate",
          "candidate/control",
          "control/candidate",
          "candidate/control",
          "control/candidate",
          "candidate/control",
          "control/candidate",
          "candidate/control",
          "control/candidate"
        ]
      },
      "failure": {
        "control": {
          "median": 51.54723333334914,
          "batches": [
            51.29863333334773,
            65.70833333332,
            53.33470000002005,
            50.80276666667487,
            50.6555333333381,
            58.051366666677495,
            50.60000000000097,
            54.272233333358606,
            50.05000000001018,
            51.54723333334914,
            55.06806666668733
          ]
        },
        "candidate": {
          "median": 37.43333333335006,
          "batches": [
            37.43333333335006,
            37.302766666653035,
            38.831933333312925,
            39.38750000000558,
            44.32636666667046,
            36.30556666666961,
            36.765266666649644,
            36.55000000001867,
            37.90693333333669,
            49.29723333331519,
            36.434733333347445
          ]
        },
        "ratio": 1.377040961709513,
        "order": [
          "control/candidate",
          "candidate/control",
          "control/candidate",
          "candidate/control",
          "control/candidate",
          "candidate/control",
          "control/candidate",
          "candidate/control",
          "control/candidate",
          "candidate/control",
          "control/candidate"
        ]
      }
    },
    {
      "shape": "json-number",
      "plane": "capture",
      "family": "callback",
      "length": 64,
      "success": {
        "control": {
          "median": 57.248633333316924,
          "batches": [
            63.17780000002434,
            68.82776666667876,
            71.85136666666949,
            53.04859999999583,
            59.58749999999782,
            57.248633333316924,
            51.20553333332888,
            55.43750000000121,
            52.08473333335253,
            63.63053333331361,
            57.012500000018925
          ]
        },
        "candidate": {
          "median": 75.84443333335003,
          "batches": [
            104.59723333333386,
            69.79306666665555,
            73.76389999999446,
            76.78056666666939,
            75.84443333335003,
            73.42499999998229,
            69.03613333333851,
            87.67359999998614,
            78.91943333330953,
            79.7125000000051,
            70.12363333333269
          ]
        },
        "ratio": 0.7548165477313122,
        "order": [
          "control/candidate",
          "candidate/control",
          "control/candidate",
          "candidate/control",
          "control/candidate",
          "candidate/control",
          "control/candidate",
          "candidate/control",
          "control/candidate",
          "candidate/control",
          "control/candidate"
        ]
      },
      "failure": {
        "control": {
          "median": 50.955566666652885,
          "batches": [
            53.57223333330694,
            51.193066666655795,
            50.955566666652885,
            54.23193333332772,
            50.762500000018925,
            50.983333333321454,
            50.60973333332489,
            50.0597333333341,
            49.92499999998472,
            55.21666666666837,
            50.256966666681066
          ]
        },
        "candidate": {
          "median": 36.398633333313526,
          "batches": [
            50.26946666666845,
            36.398633333313526,
            36.026399999991554,
            36.40833333335347,
            36.95000000000922,
            36.081933333359,
            39.62500000000849,
            35.9389000000192,
            41.32636666666561,
            36.31250000001576,
            36.09166666665261
          ]
        },
        "ratio": 1.399930766631731,
        "order": [
          "control/candidate",
          "candidate/control",
          "control/candidate",
          "candidate/control",
          "control/candidate",
          "candidate/control",
          "control/candidate",
          "candidate/control",
          "control/candidate",
          "candidate/control",
          "control/candidate"
        ]
      }
    },
    {
      "shape": "json-number",
      "plane": "capture",
      "family": "callback",
      "length": 4096,
      "success": {
        "control": {
          "median": 1033.853999999792,
          "batches": [
            1029.8750000001746,
            1050.5419999999503,
            1027.3540000002868,
            1078.7709999999606,
            1034.8125000000437,
            1039.6664999998393,
            1027.1670000001905,
            1033.853999999792,
            1028.2500000002983,
            1030.3750000002765,
            1095.8749999999782
          ]
        },
        "candidate": {
          "median": 4611.354499999834,
          "batches": [
            4817.104000000199,
            4611.354499999834,
            4180.978999999752,
            4733.06249999996,
            4356.208499999866,
            4568.957999999839,
            5024.81250000028,
            4795.041999999739,
            4759.229499999947,
            4573.395500000061,
            4578.479499999957
          ]
        },
        "ratio": 0.22419746736014964,
        "order": [
          "control/candidate",
          "candidate/control",
          "control/candidate",
          "candidate/control",
          "control/candidate",
          "candidate/control",
          "control/candidate",
          "candidate/control",
          "control/candidate",
          "candidate/control",
          "control/candidate"
        ]
      },
      "failure": {
        "control": {
          "median": 51.41649999995934,
          "batches": [
            52.1045000000413,
            76.22949999995399,
            50.91649999985748,
            70.7500000003165,
            66.62499999993088,
            51.41649999995934,
            51.41649999995934,
            119.37499999976353,
            49.99999999972715,
            49.99999999972715,
            51.08300000028976
          ]
        },
        "candidate": {
          "median": 37.02049999992596,
          "batches": [
            37.291499999810185,
            36.93750000002183,
            37.937500000225555,
            54.43749999994907,
            37.916499999937514,
            37.02049999992596,
            36.687499999970896,
            36.68750000042564,
            37.229000000024826,
            36.666499999682856,
            36.56249999994543
          ]
        },
        "ratio": 1.388865628504806,
        "order": [
          "control/candidate",
          "candidate/control",
          "control/candidate",
          "candidate/control",
          "control/candidate",
          "candidate/control",
          "control/candidate",
          "candidate/control",
          "control/candidate",
          "candidate/control",
          "control/candidate"
        ]
      }
    },
    {
      "shape": "json-number",
      "plane": "capture",
      "family": "sticky",
      "length": 8,
      "success": {
        "control": {
          "median": 46.4833333333445,
          "batches": [
            45.3708333333149,
            44.270833333333336,
            46.4833333333445,
            48.90696666667888,
            41.219433333329405,
            48.423599999993414,
            47.7222333333278,
            40.66390000001169,
            49.75276666667317,
            47.82776666667511,
            44.20556666667228
          ]
        },
        "candidate": {
          "median": 42.6527666666819,
          "batches": [
            42.6527666666819,
            46.99026666667123,
            41.9375000000097,
            44.99719999997372,
            38.313899999987676,
            39.04583333332993,
            37.74443333334906,
            37.37363333333027,
            46.0277666666722,
            46.80136666665931,
            42.67083333334085
          ]
        },
        "ratio": 1.0898081640658221,
        "order": [
          "control/candidate",
          "candidate/control",
          "control/candidate",
          "candidate/control",
          "control/candidate",
          "candidate/control",
          "control/candidate",
          "candidate/control",
          "control/candidate",
          "candidate/control",
          "control/candidate"
        ]
      },
      "failure": {
        "control": {
          "median": 52.11526666665426,
          "batches": [
            52.11526666665426,
            56.88473333332998,
            51.3125000000097,
            50.78056666664755,
            56.61666666668073,
            51.54723333331882,
            51.63886666665955,
            62.75276666668408,
            65.5555666666866,
            55.159699999997734,
            50.67640000000514
          ]
        },
        "candidate": {
          "median": 42.708333333333336,
          "batches": [
            46.8860999999985,
            54.37223333334865,
            52.36526666667487,
            41.69859999998759,
            42.66526666666929,
            42.87776666666711,
            42.50000000001819,
            47.166666666665456,
            42.708333333333336,
            42.233333333327515,
            41.76386666667895
          ]
        },
        "ratio": 1.2202599024387337,
        "order": [
          "control/candidate",
          "candidate/control",
          "control/candidate",
          "candidate/control",
          "control/candidate",
          "candidate/control",
          "control/candidate",
          "candidate/control",
          "control/candidate",
          "candidate/control",
          "control/candidate"
        ]
      }
    },
    {
      "shape": "json-number",
      "plane": "capture",
      "family": "sticky",
      "length": 64,
      "success": {
        "control": {
          "median": 52.69446666664711,
          "batches": [
            62.56249999999758,
            55.879166666666904,
            72.02360000001136,
            51.14860000000287,
            51.2388999999833,
            52.54166666666909,
            52.69446666664711,
            55.923600000005536,
            51.5861000000162,
            55.93749999998181,
            52.455566666655315
          ]
        },
        "candidate": {
          "median": 51.12500000001698,
          "batches": [
            54.6513666666821,
            53.88056666667278,
            56.580566666646824,
            49.79166666668486,
            49.37083333331126,
            52.434699999988275,
            50.01666666667007,
            50.08750000000267,
            52.45973333333798,
            50.745833333318544,
            51.12500000001698
          ]
        },
        "ratio": 1.0306986145062025,
        "order": [
          "control/candidate",
          "candidate/control",
          "control/candidate",
          "candidate/control",
          "control/candidate",
          "candidate/control",
          "control/candidate",
          "candidate/control",
          "control/candidate",
          "candidate/control",
          "control/candidate"
        ]
      },
      "failure": {
        "control": {
          "median": 54.93610000000141,
          "batches": [
            61.22360000002421,
            51.26249999999952,
            50.54306666664464,
            50.26526666667148,
            57.806933333328445,
            57.612500000019885,
            64.70833333332848,
            54.93610000000141,
            54.95276666667148,
            54.91666666666788,
            54.097233333353266
          ]
        },
        "candidate": {
          "median": 45.25553333332937,
          "batches": [
            42.83609999999195,
            42.16666666667758,
            42.62220000000524,
            62.48193333334105,
            51.533333333342554,
            54.69166666665235,
            43.41946666666748,
            44.36666666667103,
            45.25553333332937,
            52.698600000015475,
            47.11943333334906
          ]
        },
        "ratio": 1.21390901738733,
        "order": [
          "control/candidate",
          "candidate/control",
          "control/candidate",
          "candidate/control",
          "control/candidate",
          "candidate/control",
          "control/candidate",
          "candidate/control",
          "control/candidate",
          "candidate/control",
          "control/candidate"
        ]
      }
    },
    {
      "shape": "json-number",
      "plane": "capture",
      "family": "sticky",
      "length": 4096,
      "success": {
        "control": {
          "median": 1041.646000000128,
          "batches": [
            1078.1455000001188,
            1031.228999999712,
            1031.8545000000086,
            1050.0205000003007,
            1050.1249999997528,
            1041.646000000128,
            1038.1875000002765,
            1041.354500000125,
            1036.0829999999623,
            1094.9375000000143,
            1078.6670000002232
          ]
        },
        "candidate": {
          "median": 1037.4375000001237,
          "batches": [
            1033.87500000008,
            1032.7084999998988,
            1045.2500000001237,
            1032.9999999999018,
            1130.4165000001376,
            1118.3124999997744,
            1037.4375000001237,
            1090.624999999818,
            1036.395999999968,
            1033.7500000000546,
            1042.708500000117
          ]
        },
        "ratio": 1.0040566299174685,
        "order": [
          "control/candidate",
          "candidate/control",
          "control/candidate",
          "candidate/control",
          "control/candidate",
          "candidate/control",
          "control/candidate",
          "candidate/control",
          "control/candidate",
          "candidate/control",
          "control/candidate"
        ]
      },
      "failure": {
        "control": {
          "median": 50.353999999970256,
          "batches": [
            49.958499999775086,
            50.437500000043656,
            50.583499999902415,
            50.24999999977808,
            50.020499999845924,
            50.125000000207365,
            49.93749999994179,
            50.353999999970256,
            52.27100000001883,
            50.45849999987695,
            50.68750000009459
          ]
        },
        "candidate": {
          "median": 42.43749999977808,
          "batches": [
            41.89550000000963,
            41.70799999974406,
            42.43749999977808,
            42.50000000001819,
            42.33349999958591,
            42.229000000133965,
            42.87500000009459,
            42.50000000001819,
            42.5625000002583,
            42.3955000001115,
            42.708500000117056
          ]
        },
        "ratio": 1.1865449190040311,
        "order": [
          "control/candidate",
          "candidate/control",
          "control/candidate",
          "candidate/control",
          "control/candidate",
          "candidate/control",
          "control/candidate",
          "candidate/control",
          "control/candidate",
          "candidate/control",
          "control/candidate"
        ]
      }
    },
    {
      "shape": "json-number",
      "plane": "value",
      "family": "callback",
      "length": 8,
      "success": {
        "control": {
          "median": 59.34723333333144,
          "batches": [
            65.74443333335391,
            58.763900000000525,
            58.372233333314696,
            54.6291666666851,
            56.227766666658376,
            54.42780000000008,
            61.34583333332557,
            64.56666666666327,
            61.56386666665033,
            61.243033333327425,
            59.34723333333144
          ]
        },
        "candidate": {
          "median": 51.473600000008446,
          "batches": [
            52.79583333334207,
            49.9527666666836,
            51.7763666666724,
            51.07223333334332,
            48.68056666667447,
            51.473600000008446,
            56.93473333334016,
            53.949999999986176,
            52.22779999997631,
            47.83193333332746,
            47.42223333332731
          ]
        },
        "ratio": 1.1529644970105395,
        "order": [
          "control/candidate",
          "candidate/control",
          "control/candidate",
          "candidate/control",
          "control/candidate",
          "candidate/control",
          "control/candidate",
          "candidate/control",
          "control/candidate",
          "candidate/control",
          "control/candidate"
        ]
      },
      "failure": {
        "control": {
          "median": 53.854166666678786,
          "batches": [
            52.854166666656965,
            52.88749999999709,
            52.89026666666056,
            57.00973333332513,
            52.995833333322174,
            53.854166666678786,
            58.71806666667302,
            67.3430666666718,
            51.41109999998055,
            55.7972000000215,
            58.479166666650904
          ]
        },
        "candidate": {
          "median": 37.869433333313886,
          "batches": [
            39.11249999997987,
            37.29303333332913,
            36.845833333336486,
            37.00833333332411,
            37.94723333333726,
            37.869433333313886,
            39.15416666665502,
            39.4458333333508,
            36.38053333330996,
            35.97223333332901,
            44.61526666667244
          ]
        },
        "ratio": 1.422101202113924,
        "order": [
          "control/candidate",
          "candidate/control",
          "control/candidate",
          "candidate/control",
          "control/candidate",
          "candidate/control",
          "control/candidate",
          "candidate/control",
          "control/candidate",
          "candidate/control",
          "control/candidate"
        ]
      }
    },
    {
      "shape": "json-number",
      "plane": "value",
      "family": "callback",
      "length": 64,
      "success": {
        "control": {
          "median": 131.08750000001237,
          "batches": [
            137.75416666667297,
            133.34303333334296,
            136.59863333332396,
            128.57500000000073,
            131.08750000001237,
            127.5402666666802,
            135.92223333331881,
            129.57636666666681,
            142.01249999999467,
            130.25139999999737,
            129.2944333333253
          ]
        },
        "candidate": {
          "median": 155.93056666666598,
          "batches": [
            154.83333333331757,
            160.73890000000878,
            144.04583333334813,
            143.48053333333155,
            147.63196666666167,
            154.5833333333273,
            155.93056666666598,
            165.8652666666664,
            160.02640000000002,
            166.0194666666636,
            158.1375000000056
          ]
        },
        "ratio": 0.8406786610366085,
        "order": [
          "control/candidate",
          "candidate/control",
          "control/candidate",
          "candidate/control",
          "control/candidate",
          "candidate/control",
          "control/candidate",
          "candidate/control",
          "control/candidate",
          "candidate/control",
          "control/candidate"
        ]
      },
      "failure": {
        "control": {
          "median": 55.70276666667269,
          "batches": [
            62.81666666667055,
            55.70276666667269,
            51.16113333333487,
            74.06389999999496,
            63.52363333335233,
            54.39306666664076,
            54.806933333323585,
            58.331933333344445,
            54.36806666666598,
            53.580533333327665,
            56.568033333314816
          ]
        },
        "candidate": {
          "median": 38.90276666667584,
          "batches": [
            49.26666666666885,
            48.36943333333087,
            45.80416666667589,
            44.498600000012324,
            41.77360000000287,
            38.676366666671434,
            38.89583333332969,
            38.90276666667584,
            37.7027999999882,
            37.955533333357984,
            37.498600000011116
          ]
        },
        "ratio": 1.4318458927083906,
        "order": [
          "control/candidate",
          "candidate/control",
          "control/candidate",
          "candidate/control",
          "control/candidate",
          "candidate/control",
          "control/candidate",
          "candidate/control",
          "control/candidate",
          "candidate/control",
          "control/candidate"
        ]
      }
    },
    {
      "shape": "json-number",
      "plane": "value",
      "family": "callback",
      "length": 4096,
      "success": {
        "control": {
          "median": 5934.062499999982,
          "batches": [
            6122.458499999993,
            5977.896000000328,
            5934.062499999982,
            5830.666500000007,
            6043.083000000024,
            6031.229000000167,
            6008.041499999763,
            5838.354499999696,
            5839.562500000284,
            5845.646000000215,
            5862.354500000038
          ]
        },
        "candidate": {
          "median": 9601.728999999978,
          "batches": [
            10273.375000000215,
            10262.728999999581,
            9528.833000000304,
            9651.24999999989,
            9734.95849999972,
            9601.728999999978,
            9817.729000000327,
            9427.353999999923,
            9580.541499999981,
            9538.833500000237,
            9524.520999999822
          ]
        },
        "ratio": 0.6180202024031293,
        "order": [
          "control/candidate",
          "candidate/control",
          "control/candidate",
          "candidate/control",
          "control/candidate",
          "candidate/control",
          "control/candidate",
          "candidate/control",
          "control/candidate",
          "candidate/control",
          "control/candidate"
        ]
      },
      "failure": {
        "control": {
          "median": 52.021000000422646,
          "batches": [
            52.10399999987203,
            52.18749999994543,
            51.97950000001583,
            52.20850000023347,
            52.18749999994543,
            52.000000000134605,
            53.083000000242464,
            52.021000000422646,
            51.9374999998945,
            51.916500000061205,
            51.604000000224914
          ]
        },
        "candidate": {
          "median": 36.66700000030687,
          "batches": [
            36.70849999980419,
            36.35400000030131,
            36.54150000011214,
            36.41650000008667,
            36.85399999994843,
            36.54150000011214,
            36.771000000044296,
            36.47899999987203,
            36.70849999980419,
            36.66700000030687,
            38.937499999974534
          ]
        },
        "ratio": 1.4187416478028547,
        "order": [
          "control/candidate",
          "candidate/control",
          "control/candidate",
          "candidate/control",
          "control/candidate",
          "candidate/control",
          "control/candidate",
          "candidate/control",
          "control/candidate",
          "candidate/control",
          "control/candidate"
        ]
      }
    },
    {
      "shape": "json-number",
      "plane": "value",
      "family": "sticky",
      "length": 8,
      "success": {
        "control": {
          "median": 54.804166666660116,
          "batches": [
            59.04166666668971,
            60.43056666664294,
            55.53886666669617,
            54.452766666690884,
            58.138899999994464,
            54.804166666660116,
            59.28333333334498,
            54.15276666666008,
            54.63469999998172,
            54.54999999998715,
            53.7222333333375
          ]
        },
        "candidate": {
          "median": 50.00696666666044,
          "batches": [
            54.63196666669319,
            54.47500000000218,
            49.92776666667851,
            49.52363333334991,
            50.00696666666044,
            51.204166666654295,
            48.99166666667346,
            48.90416666667079,
            54.33473333332586,
            50.384700000025376,
            49.566666666669335
          ]
        },
        "ratio": 1.095930633665048,
        "order": [
          "control/candidate",
          "candidate/control",
          "control/candidate",
          "candidate/control",
          "control/candidate",
          "candidate/control",
          "control/candidate",
          "candidate/control",
          "control/candidate",
          "candidate/control",
          "control/candidate"
        ]
      },
      "failure": {
        "control": {
          "median": 52.115299999998875,
          "batches": [
            52.46806666667302,
            52.115299999998875,
            57.66666666668243,
            53.147233333341624,
            51.240266666657895,
            51.454166666644596,
            51.92639999998695,
            57.2749999999966,
            52.89860000002591,
            52.02083333333575,
            51.83193333332383
          ]
        },
        "candidate": {
          "median": 43.46389999997579,
          "batches": [
            42.91110000000723,
            42.86526666667972,
            44.69303333332088,
            43.46389999997579,
            46.636100000008206,
            42.12639999999131,
            47.53889999998743,
            43.4889000000112,
            41.74443333334542,
            41.452766666649644,
            44.23749999999321
          ]
        },
        "ratio": 1.1990479455370529,
        "order": [
          "control/candidate",
          "candidate/control",
          "control/candidate",
          "candidate/control",
          "control/candidate",
          "candidate/control",
          "control/candidate",
          "candidate/control",
          "control/candidate",
          "candidate/control",
          "control/candidate"
        ]
      }
    },
    {
      "shape": "json-number",
      "plane": "value",
      "family": "sticky",
      "length": 64,
      "success": {
        "control": {
          "median": 133.06526666665377,
          "batches": [
            134.71526666665645,
            133.06526666665377,
            135.19859999999727,
            130.0666666666681,
            128.08469999999943,
            129.53749999999974,
            131.81249999997817,
            137.20416666665187,
            130.4013999999976,
            148.69443333333643,
            135.9347333333062
          ]
        },
        "candidate": {
          "median": 133.47916666668124,
          "batches": [
            137.62640000001437,
            132.2749999999966,
            134.6360999999888,
            134.256933333351,
            133.47916666668124,
            136.9513999999981,
            127.82083333334717,
            126.99999999998302,
            135.005533333333,
            125.64723333331737,
            126.55973333333652
          ]
        },
        "ratio": 0.9968991415637091,
        "order": [
          "control/candidate",
          "candidate/control",
          "control/candidate",
          "candidate/control",
          "control/candidate",
          "candidate/control",
          "control/candidate",
          "candidate/control",
          "control/candidate",
          "candidate/control",
          "control/candidate"
        ]
      },
      "failure": {
        "control": {
          "median": 53.15276666666856,
          "batches": [
            59.53886666666221,
            51.790299999993294,
            51.97220000000016,
            59.58613333335355,
            52.20416666667613,
            51.78473333332174,
            56.359733333313976,
            54.795833333355404,
            53.15276666666856,
            52.36806666668296,
            57.36110000001038
          ]
        },
        "candidate": {
          "median": 42.35000000001794,
          "batches": [
            41.15416666666837,
            42.913899999985006,
            41.71250000002449,
            45.50000000002304,
            41.48609999998977,
            41.18193333333693,
            42.35000000001794,
            44.23613333334894,
            46.681933333335714,
            41.62916666667419,
            51.23196666666748
          ]
        },
        "ratio": 1.2550830381734603,
        "order": [
          "control/candidate",
          "candidate/control",
          "control/candidate",
          "candidate/control",
          "control/candidate",
          "candidate/control",
          "control/candidate",
          "candidate/control",
          "control/candidate",
          "candidate/control",
          "control/candidate"
        ]
      }
    },
    {
      "shape": "json-number",
      "plane": "value",
      "family": "sticky",
      "length": 4096,
      "success": {
        "control": {
          "median": 5954.583499999899,
          "batches": [
            6063.062499999887,
            5862.1454999997695,
            5853.937500000029,
            5977.333499999986,
            6043.541500000174,
            5870.062499999676,
            5907.271000000037,
            5954.583499999899,
            6089.124999999967,
            6044.041499999821,
            5850.3960000002735
          ]
        },
        "candidate": {
          "median": 5937.395999999808,
          "batches": [
            5941.083000000162,
            5987.00000000008,
            5898.791500000243,
            5863.270499999999,
            5903.8125000001855,
            6026.083499999913,
            5878.708000000188,
            5937.395999999808,
            5914.103999999952,
            6006.770999999844,
            6053.146000000197
          ]
        },
        "ratio": 1.0028947875466099,
        "order": [
          "control/candidate",
          "candidate/control",
          "control/candidate",
          "candidate/control",
          "control/candidate",
          "candidate/control",
          "control/candidate",
          "candidate/control",
          "control/candidate",
          "candidate/control",
          "control/candidate"
        ]
      },
      "failure": {
        "control": {
          "median": 51.56250000027285,
          "batches": [
            52.43749999999636,
            51.64600000034625,
            52.02050000025338,
            51.58350000010614,
            51.81249999986903,
            51.39600000029532,
            51.291499999933876,
            50.957999999809545,
            50.81250000012005,
            51.124999999956344,
            51.56250000027285
          ]
        },
        "candidate": {
          "median": 43.145499999809545,
          "batches": [
            43.478999999933876,
            43.33300000007512,
            43.3749999997417,
            43.18749999993088,
            46.604000000115775,
            42.89550000021336,
            42.93749999987995,
            43.145499999809545,
            42.79150000002119,
            42.75000000006912,
            42.81249999985448
          ]
        },
        "ratio": 1.1950840759870776,
        "order": [
          "control/candidate",
          "candidate/control",
          "control/candidate",
          "candidate/control",
          "control/candidate",
          "candidate/control",
          "control/candidate",
          "candidate/control",
          "control/candidate",
          "candidate/control",
          "control/candidate"
        ]
      }
    },
    {
      "shape": "json-string",
      "plane": "capture",
      "family": "callback",
      "length": 8,
      "success": {
        "control": {
          "median": 42.304166666660116,
          "batches": [
            50.476399999994705,
            46.71666666666473,
            45.290266666658376,
            40.99999999998545,
            40.829166666662786,
            41.04303333333519,
            43.04863333333439,
            44.86386666664354,
            41.418066666665254,
            42.304166666660116,
            41.401399999995185
          ]
        },
        "candidate": {
          "median": 32.34306666666574,
          "batches": [
            32.1083333333263,
            32.75973333332634,
            37.64859999998104,
            32.34306666666574,
            30.877766666647705,
            32.33473333333071,
            32.762499999989814,
            32.770833333324845,
            31.672233333332162,
            31.4652666666916,
            32.684733333341384
          ]
        },
        "ratio": 1.3079825454603766,
        "order": [
          "control/candidate",
          "candidate/control",
          "control/candidate",
          "candidate/control",
          "control/candidate",
          "candidate/control",
          "control/candidate",
          "candidate/control",
          "control/candidate",
          "candidate/control",
          "control/candidate"
        ]
      },
      "failure": {
        "control": {
          "median": 55.773600000005295,
          "batches": [
            59.07916666665187,
            56.11386666666173,
            57.22916666666909,
            55.50553333332573,
            55.773600000005295,
            58.60276666668748,
            59.08613333334263,
            55.67223333334065,
            55.520833333351526,
            55.31526666666954,
            54.63749999998982
          ]
        },
        "candidate": {
          "median": 38.37776666669015,
          "batches": [
            37.458333333324845,
            37.70696666667087,
            38.763866666643786,
            42.76806666666744,
            38.37776666669015,
            38.2263666666707,
            38.2402666666773,
            37.961099999999234,
            42.41526666667899,
            43.12499999999394,
            38.73196666666748
          ]
        },
        "ratio": 1.453278938412375,
        "order": [
          "control/candidate",
          "candidate/control",
          "control/candidate",
          "candidate/control",
          "control/candidate",
          "candidate/control",
          "control/candidate",
          "candidate/control",
          "control/candidate",
          "candidate/control",
          "control/candidate"
        ]
      }
    },
    {
      "shape": "json-string",
      "plane": "capture",
      "family": "callback",
      "length": 64,
      "success": {
        "control": {
          "median": 86.69443333334736,
          "batches": [
            90.20000000000437,
            91.92916666667467,
            92.10973333332126,
            86.20556666667956,
            89.53610000001693,
            87.16389999999592,
            86.63473333332756,
            85.69026666664286,
            85.02776666667462,
            86.62360000001475,
            86.69443333334736
          ]
        },
        "candidate": {
          "median": 88.56943333330491,
          "batches": [
            88.56943333330491,
            88.36526666664213,
            88.34026666666735,
            87.77360000000651,
            88.47083333333406,
            88.71110000000043,
            92.98886666665567,
            89.23473333331154,
            88.77916666666958,
            92.17636666665689,
            88.17363333334167
          ]
        },
        "ratio": 0.9788301682714674,
        "order": [
          "control/candidate",
          "candidate/control",
          "control/candidate",
          "candidate/control",
          "control/candidate",
          "candidate/control",
          "control/candidate",
          "candidate/control",
          "control/candidate",
          "candidate/control",
          "control/candidate"
        ]
      },
      "failure": {
        "control": {
          "median": 60.14303333334586,
          "batches": [
            57.34026666665765,
            70.00693333332796,
            65.52223333334648,
            56.35136666669496,
            56.37636666666973,
            60.14860000001742,
            61.991666666654055,
            56.66526666667172,
            61.52083333333091,
            60.14303333334586,
            56.899999999980835
          ]
        },
        "candidate": {
          "median": 38.53196666668737,
          "batches": [
            38.53196666668737,
            39.88890000000538,
            38.411099999999955,
            37.41806666666889,
            37.783333333330425,
            37.720833333332855,
            41.75276666668045,
            40.65000000000509,
            40.74863333335088,
            49.994433333328445,
            37.95973333335496
          ]
        },
        "ratio": 1.5608607225683666,
        "order": [
          "control/candidate",
          "candidate/control",
          "control/candidate",
          "candidate/control",
          "control/candidate",
          "candidate/control",
          "control/candidate",
          "candidate/control",
          "control/candidate",
          "candidate/control",
          "control/candidate"
        ]
      }
    },
    {
      "shape": "json-string",
      "plane": "capture",
      "family": "callback",
      "length": 4096,
      "success": {
        "control": {
          "median": 3157.8960000001643,
          "batches": [
            2946.9794999999976,
            3021.5415000002395,
            3067.9374999999714,
            3327.7290000000903,
            3157.8960000001643,
            3205.333499999597,
            3161.354500000016,
            2961.6039999996246,
            3201.4165000000503,
            3213.6874999996508,
            2985.208000000057
          ]
        },
        "candidate": {
          "median": 3894.9164999999084,
          "batches": [
            5148.103999999875,
            5903.124999999818,
            3868.6044999999467,
            4614.271000000372,
            3652.416500000072,
            3679.3124999999236,
            4047.7915000001303,
            4102.729000000181,
            3329.43750000004,
            2918.729500000154,
            3894.9164999999084
          ]
        },
        "ratio": 0.8107737354575479,
        "order": [
          "control/candidate",
          "candidate/control",
          "control/candidate",
          "candidate/control",
          "control/candidate",
          "candidate/control",
          "control/candidate",
          "candidate/control",
          "control/candidate",
          "candidate/control",
          "control/candidate"
        ]
      },
      "failure": {
        "control": {
          "median": 58.20799999992232,
          "batches": [
            59.395999999651394,
            94.02100000033897,
            72.3960000000261,
            75.8335000000443,
            64.89550000014788,
            58.20799999992232,
            57.18750000005457,
            57.60400000008303,
            56.87500000021828,
            57.458499999938795,
            57.52050000000963
          ]
        },
        "candidate": {
          "median": 39.04150000016671,
          "batches": [
            39.4375000000764,
            39.04150000016671,
            39.937499999723514,
            46.875,
            39.56250000010186,
            39.812500000152795,
            38.708000000042375,
            38.54200000023411,
            38.95849999980783,
            38.3334999996805,
            38.645500000257016
          ]
        },
        "ratio": 1.4909263219823463,
        "order": [
          "control/candidate",
          "candidate/control",
          "control/candidate",
          "candidate/control",
          "control/candidate",
          "candidate/control",
          "control/candidate",
          "candidate/control",
          "control/candidate",
          "candidate/control",
          "control/candidate"
        ]
      }
    },
    {
      "shape": "json-string",
      "plane": "capture",
      "family": "sticky",
      "length": 8,
      "success": {
        "control": {
          "median": 42.15696666666796,
          "batches": [
            50.79583333332872,
            45.26110000000093,
            58.91386666665615,
            42.15556666664876,
            41.177799999998875,
            41.256966666696826,
            42.15696666666796,
            44.09723333331688,
            41.59719999997833,
            41.02916666667322,
            42.46803333332234
          ]
        },
        "candidate": {
          "median": 41.58613333335476,
          "batches": [
            41.98469999998148,
            42.193066666671555,
            39.43749999998545,
            38.956933333338384,
            46.86803333333956,
            38.684700000006465,
            43.36109999997765,
            42.61110000000675,
            37.95833333333575,
            41.58613333335476,
            38.42916666668922
          ]
        },
        "ratio": 1.0137265306379268,
        "order": [
          "control/candidate",
          "candidate/control",
          "control/candidate",
          "candidate/control",
          "control/candidate",
          "candidate/control",
          "control/candidate",
          "candidate/control",
          "control/candidate",
          "candidate/control",
          "control/candidate"
        ]
      },
      "failure": {
        "control": {
          "median": 59.60556666665676,
          "batches": [
            57.33750000002449,
            77.32083333330593,
            58.68473333333289,
            57.430566666668405,
            56.99723333333774,
            60.52360000000287,
            57.295833333319024,
            72.86389999999301,
            66.55693333335269,
            60.13890000000781,
            59.60556666665676
          ]
        },
        "candidate": {
          "median": 47.44443333335463,
          "batches": [
            47.129166666672965,
            47.44443333335463,
            51.81110000000141,
            46.62639999999859,
            47.220833333358314,
            47.3055666666672,
            47.27499999999054,
            47.999999999986656,
            49.75833333334474,
            49.28750000002158,
            51.173600000007966
          ]
        },
        "ratio": 1.2563237134239846,
        "order": [
          "control/candidate",
          "candidate/control",
          "control/candidate",
          "candidate/control",
          "control/candidate",
          "candidate/control",
          "control/candidate",
          "candidate/control",
          "control/candidate",
          "candidate/control",
          "control/candidate"
        ]
      }
    },
    {
      "shape": "json-string",
      "plane": "capture",
      "family": "sticky",
      "length": 64,
      "success": {
        "control": {
          "median": 89.93333333334401,
          "batches": [
            89.12639999998646,
            91.579166666664,
            85.19859999999728,
            94.96386666666392,
            101.45973333331615,
            89.93333333334401,
            93.69999999998981,
            85.1736333333065,
            85.49306666667083,
            86.84720000001107,
            89.99999999999393
          ]
        },
        "candidate": {
          "median": 87.16110000001815,
          "batches": [
            98.65833333333285,
            90.22359999999026,
            83.28196666667888,
            88.83886666665906,
            91.18056666666236,
            87.07639999999324,
            89.3278000000161,
            83.76109999999244,
            87.16110000001815,
            85.08609999998953,
            85.16250000002401
          ]
        },
        "ratio": 1.0318058552877978,
        "order": [
          "control/candidate",
          "candidate/control",
          "control/candidate",
          "candidate/control",
          "control/candidate",
          "candidate/control",
          "control/candidate",
          "candidate/control",
          "control/candidate",
          "candidate/control",
          "control/candidate"
        ]
      },
      "failure": {
        "control": {
          "median": 56.34443333334881,
          "batches": [
            55.65973333332295,
            70.12083333332461,
            57.640266666658135,
            56.38749999998254,
            56.34443333334881,
            55.95416666668219,
            55.57776666667754,
            61.67360000002493,
            60.51946666666481,
            54.90416666665018,
            54.908333333332855
          ]
        },
        "candidate": {
          "median": 48.179166666644356,
          "batches": [
            56.979166666678786,
            54.05973333333046,
            48.68193333334906,
            48.179166666644356,
            48.60140000000683,
            46.52640000000853,
            46.25833333332897,
            46.612499999991996,
            45.70973333332707,
            46.20693333332989,
            52.69723333331058
          ]
        },
        "ratio": 1.1694771253143628,
        "order": [
          "control/candidate",
          "candidate/control",
          "control/candidate",
          "candidate/control",
          "control/candidate",
          "candidate/control",
          "control/candidate",
          "candidate/control",
          "control/candidate",
          "candidate/control",
          "control/candidate"
        ]
      }
    },
    {
      "shape": "json-string",
      "plane": "capture",
      "family": "sticky",
      "length": 4096,
      "success": {
        "control": {
          "median": 2992.395999999644,
          "batches": [
            2947.1874999999272,
            2960.7295000000704,
            3430.354000000079,
            3329.43750000004,
            2948.5210000002553,
            2985.333499999797,
            2989.270999999917,
            3257.4789999998757,
            3219.645500000297,
            3003.8540000000467,
            2992.395999999644
          ]
        },
        "candidate": {
          "median": 3067.166499999985,
          "batches": [
            2979.520500000035,
            3007.791499999712,
            3214.853999999832,
            3064.916499999981,
            3126.291499999752,
            3213.5834999999133,
            3209.957999999915,
            3067.166499999985,
            3097.5625000000946,
            3046.5415000003304,
            2979.417000000012
          ]
        },
        "ratio": 0.9756222885192763,
        "order": [
          "control/candidate",
          "candidate/control",
          "control/candidate",
          "candidate/control",
          "control/candidate",
          "candidate/control",
          "control/candidate",
          "candidate/control",
          "control/candidate",
          "candidate/control",
          "control/candidate"
        ]
      },
      "failure": {
        "control": {
          "median": 56.64600000000064,
          "batches": [
            57.18750000005457,
            57.146000000102504,
            56.375000000116415,
            56.81249999997817,
            56.47950000002311,
            56.64600000000064,
            56.27099999992424,
            57.312500000080036,
            56.604500000048574,
            57.27100000012797,
            56.375000000116415
          ]
        },
        "candidate": {
          "median": 46.916499999952066,
          "batches": [
            46.542000000044936,
            47.06250000026557,
            46.39600000018618,
            47.18749999983629,
            46.7914999999266,
            47.22899999978836,
            46.916499999952066,
            47.47950000000856,
            46.7914999999266,
            47.10399999976289,
            46.33350000040082
          ]
        },
        "ratio": 1.2073790670672049,
        "order": [
          "control/candidate",
          "candidate/control",
          "control/candidate",
          "candidate/control",
          "control/candidate",
          "candidate/control",
          "control/candidate",
          "candidate/control",
          "control/candidate",
          "candidate/control",
          "control/candidate"
        ]
      }
    },
    {
      "shape": "json-string",
      "plane": "value",
      "family": "callback",
      "length": 8,
      "success": {
        "control": {
          "median": 79.76806666665651,
          "batches": [
            79.76806666665651,
            83.79166666666909,
            76.51390000000902,
            80.49446666664151,
            81.80139999997967,
            86.40556666668999,
            95.11249999998957,
            76.11526666666273,
            76.97220000000016,
            75.98193333333256,
            75.726399999985
          ]
        },
        "candidate": {
          "median": 65.27220000001155,
          "batches": [
            64.51943333331656,
            64.53053333331506,
            65.06666666667418,
            65.27220000001155,
            65.40416666666715,
            75.71943333332456,
            67.39999999999782,
            62.990266666687,
            70.24723333333895,
            63.348633333347,
            65.46666666666472
          ]
        },
        "ratio": 1.2220833167357985,
        "order": [
          "control/candidate",
          "candidate/control",
          "control/candidate",
          "candidate/control",
          "control/candidate",
          "candidate/control",
          "control/candidate",
          "candidate/control",
          "control/candidate",
          "candidate/control",
          "control/candidate"
        ]
      },
      "failure": {
        "control": {
          "median": 58.17916666665042,
          "batches": [
            57.758333333337454,
            59.35833333332993,
            61.73473333331761,
            62.208333333334544,
            58.17916666665042,
            73.0208333333394,
            57.818066666671555,
            57.36386666667385,
            67.46110000000651,
            57.94306666666672,
            57.75973333332634
          ]
        },
        "candidate": {
          "median": 38.243066666655075,
          "batches": [
            37.69859999999123,
            38.243066666655075,
            37.38193333332068,
            37.73333333335056,
            38.72219999999894,
            52.38470000000841,
            38.0124999999983,
            38.404166666653815,
            40.89303333333495,
            41.18750000000849,
            38.143066666665014
          ]
        },
        "ratio": 1.5212997214310233,
        "order": [
          "control/candidate",
          "candidate/control",
          "control/candidate",
          "candidate/control",
          "control/candidate",
          "candidate/control",
          "control/candidate",
          "candidate/control",
          "control/candidate",
          "candidate/control",
          "control/candidate"
        ]
      }
    },
    {
      "shape": "json-string",
      "plane": "value",
      "family": "callback",
      "length": 64,
      "success": {
        "control": {
          "median": 132.75973333332635,
          "batches": [
            132.75973333332635,
            131.95556666666258,
            134.29999999998472,
            129.13610000002032,
            135.37223333332804,
            134.78333333332557,
            129.70696666667814,
            134.77640000000974,
            131.7361000000043,
            134.06806666665335,
            130.07776666666663
          ]
        },
        "candidate": {
          "median": 130.619466666667,
          "batches": [
            136.76806666668804,
            131.38333333333017,
            130.15833333332316,
            139.5069666666738,
            130.619466666667,
            129.858333333353,
            124.5125000000068,
            134.27083333332726,
            118.09583333333649,
            117.62500000001333,
            131.86526666668215
          ]
        },
        "ratio": 1.0163855106844157,
        "order": [
          "control/candidate",
          "candidate/control",
          "control/candidate",
          "candidate/control",
          "control/candidate",
          "candidate/control",
          "control/candidate",
          "candidate/control",
          "control/candidate",
          "candidate/control",
          "control/candidate"
        ]
      },
      "failure": {
        "control": {
          "median": 58.15696666668372,
          "batches": [
            57.97636666666221,
            76.03333333333164,
            63.881933333323104,
            57.99303333333228,
            63.51806666665046,
            63.57916666668947,
            57.605566666673745,
            58.15696666668372,
            61.35553333333519,
            57.376400000005866,
            57.48886666666901
          ]
        },
        "candidate": {
          "median": 39.17363333333318,
          "batches": [
            38.229166666678786,
            43.13193333330976,
            39.17363333333318,
            39.63610000000699,
            39.930566666650215,
            44.16109999998904,
            38.57776666667026,
            38.799999999991996,
            37.8097333333244,
            40.6847333333341,
            38.158333333346185
          ]
        },
        "ratio": 1.4845946550788145,
        "order": [
          "control/candidate",
          "candidate/control",
          "control/candidate",
          "candidate/control",
          "control/candidate",
          "candidate/control",
          "control/candidate",
          "candidate/control",
          "control/candidate",
          "candidate/control",
          "control/candidate"
        ]
      }
    },
    {
      "shape": "json-string",
      "plane": "value",
      "family": "callback",
      "length": 4096,
      "success": {
        "control": {
          "median": 4171.312500000113,
          "batches": [
            4089.8334999997132,
            4138.45850000007,
            4194.104000000152,
            4350.562500000251,
            4178.479000000152,
            4147.958500000186,
            4219.728999999916,
            4121.771000000081,
            4157.125000000178,
            4255.499999999756,
            4171.312500000113
          ]
        },
        "candidate": {
          "median": 5021.687500000098,
          "batches": [
            5027.479500000027,
            4836.354500000198,
            4553.8329999999405,
            4410.812499999793,
            5085.791999999856,
            5252.1874999997635,
            5052.2500000001855,
            5021.312500000022,
            5054.333499999757,
            4974.041500000112,
            5021.687500000098
          ]
        },
        "ratio": 0.830659514356485,
        "order": [
          "control/candidate",
          "candidate/control",
          "control/candidate",
          "candidate/control",
          "control/candidate",
          "candidate/control",
          "control/candidate",
          "candidate/control",
          "control/candidate",
          "candidate/control",
          "control/candidate"
        ]
      },
      "failure": {
        "control": {
          "median": 57.95850000004066,
          "batches": [
            58.66649999961737,
            58.12500000001819,
            57.6455000000351,
            59.31250000003274,
            57.4375000001055,
            57.77100000022983,
            57.20849999988786,
            57.95850000004066,
            57.62499999991633,
            58.166499999970256,
            58.02099999982602
          ]
        },
        "candidate": {
          "median": 37.89550000010422,
          "batches": [
            38.81249999994907,
            38.166499999988446,
            37.87499999998545,
            37.89550000010422,
            38.06249999979627,
            37.624999999934516,
            38.22949999994307,
            38.06250000025102,
            37.083500000335334,
            37.624999999934516,
            37.49999999990905
          ]
        },
        "ratio": 1.5294296156504403,
        "order": [
          "control/candidate",
          "candidate/control",
          "control/candidate",
          "candidate/control",
          "control/candidate",
          "candidate/control",
          "control/candidate",
          "candidate/control",
          "control/candidate",
          "candidate/control",
          "control/candidate"
        ]
      }
    },
    {
      "shape": "json-string",
      "plane": "value",
      "family": "sticky",
      "length": 8,
      "success": {
        "control": {
          "median": 76.68886666666974,
          "batches": [
            85.59166666667201,
            82.63469999998658,
            84.32083333333746,
            76.64859999998347,
            76.03193333331244,
            75.65140000000005,
            75.80556666665264,
            79.19166666667176,
            75.1069333333362,
            77.14030000000398,
            76.68886666666974
          ]
        },
        "candidate": {
          "median": 78.37083333333794,
          "batches": [
            88.39446666667452,
            78.37083333333794,
            79.4014000000061,
            73.48333333335783,
            78.67776666665425,
            71.9944666666682,
            78.60416666665817,
            71.6722333333261,
            72.31806666665459,
            87.36249999998715,
            71.98613333333317
          ]
        },
        "ratio": 0.9785383592960634,
        "order": [
          "control/candidate",
          "candidate/control",
          "control/candidate",
          "candidate/control",
          "control/candidate",
          "candidate/control",
          "control/candidate",
          "candidate/control",
          "control/candidate",
          "candidate/control",
          "control/candidate"
        ]
      },
      "failure": {
        "control": {
          "median": 58.423599999999475,
          "batches": [
            63.06526666667196,
            69.1222333333523,
            76.93333333333308,
            57.3958333333394,
            58.423599999999475,
            69.17639999998453,
            56.066666666659636,
            57.009700000010824,
            72.88193333333764,
            57.47639999999592,
            56.99859999998201
          ]
        },
        "candidate": {
          "median": 49.79446666666263,
          "batches": [
            56.572233333342105,
            54.77640000002187,
            52.31113333335694,
            47.88473333334574,
            49.79446666666263,
            57.052799999989176,
            46.45416666668704,
            46.77500000000994,
            50.68473333334016,
            46.81110000001353,
            46.38749999997648
          ]
        },
        "ratio": 1.1732950247484837,
        "order": [
          "control/candidate",
          "candidate/control",
          "control/candidate",
          "candidate/control",
          "control/candidate",
          "candidate/control",
          "control/candidate",
          "candidate/control",
          "control/candidate",
          "candidate/control",
          "control/candidate"
        ]
      }
    },
    {
      "shape": "json-string",
      "plane": "value",
      "family": "sticky",
      "length": 64,
      "success": {
        "control": {
          "median": 138.78193333333306,
          "batches": [
            135.53609999999026,
            128.3750000000206,
            128.95276666667996,
            129.95833333334303,
            133.10553333334005,
            152.81109999999293,
            166.77499999999173,
            146.02500000000873,
            140.86249999997258,
            140.1708333333166,
            138.78193333333306
          ]
        },
        "candidate": {
          "median": 133.16806666665192,
          "batches": [
            133.8152666666853,
            122.66526666668749,
            128.90556666667788,
            126.36943333333572,
            133.53749999999613,
            139.70280000000153,
            133.16806666665192,
            136.11526666666882,
            131.9055666666524,
            149.62499999998423,
            132.95276666667633
          ]
        },
        "ratio": 1.042156252675304,
        "order": [
          "control/candidate",
          "candidate/control",
          "control/candidate",
          "candidate/control",
          "control/candidate",
          "candidate/control",
          "control/candidate",
          "candidate/control",
          "control/candidate",
          "candidate/control",
          "control/candidate"
        ]
      },
      "failure": {
        "control": {
          "median": 60.55553333332379,
          "batches": [
            59.759699999995064,
            60.64863333334263,
            61.484733333357624,
            64.23750000000534,
            58.71250000000146,
            64.79863333333924,
            60.241666666661324,
            60.55553333332379,
            63.04860000000189,
            58.615299999989176,
            58.02916666668049
          ]
        },
        "candidate": {
          "median": 49.17359999999462,
          "batches": [
            49.538900000000766,
            49.17359999999462,
            53.11946666667306,
            55.5819666666442,
            49.0819333333396,
            49.05833333335371,
            51.44999999999224,
            48.629166666675395,
            48.004166666669335,
            50.60416666665333,
            48.570833333330185
          ]
        },
        "ratio": 1.2314643087618236,
        "order": [
          "control/candidate",
          "candidate/control",
          "control/candidate",
          "candidate/control",
          "control/candidate",
          "candidate/control",
          "control/candidate",
          "candidate/control",
          "control/candidate",
          "candidate/control",
          "control/candidate"
        ]
      }
    },
    {
      "shape": "json-string",
      "plane": "value",
      "family": "sticky",
      "length": 4096,
      "success": {
        "control": {
          "median": 4385.021000000052,
          "batches": [
            4468.104000000039,
            4474.895999999717,
            4465.2704999998605,
            4274.8750000000655,
            4271.458500000335,
            4385.021000000052,
            4602.895500000158,
            4312.395500000093,
            4501.312499999585,
            4283.562499999789,
            4177.749999999833
          ]
        },
        "candidate": {
          "median": 4415.895499999806,
          "batches": [
            4401.85399999973,
            4527.833499999815,
            4415.895499999806,
            4414.896000000226,
            4312.020500000017,
            4472.749999999905,
            4430.749999999989,
            4252.62500000008,
            4576.54199999979,
            4464.2500000004475,
            4229.271000000153
          ]
        },
        "ratio": 0.9930083263972719,
        "order": [
          "control/candidate",
          "candidate/control",
          "control/candidate",
          "candidate/control",
          "control/candidate",
          "candidate/control",
          "control/candidate",
          "candidate/control",
          "control/candidate",
          "candidate/control",
          "control/candidate"
        ]
      },
      "failure": {
        "control": {
          "median": 58.70850000019345,
          "batches": [
            58.791999999812106,
            59.479000000010274,
            58.70850000019345,
            59.020999999575,
            58.18749999980355,
            59.62499999986903,
            58.83350000021892,
            58.35449999995035,
            57.374999999865395,
            58.58349999971324,
            58.06249999977808
          ]
        },
        "candidate": {
          "median": 47.854500000084954,
          "batches": [
            47.72899999989022,
            47.75000000017826,
            47.854500000084954,
            47.83300000008239,
            47.916499999701045,
            48.937499999738066,
            48.228999999992084,
            48.00000000022919,
            48.228999999992084,
            47.58349999974598,
            47.749999999723514
          ]
        },
        "ratio": 1.2268125254696889,
        "order": [
          "control/candidate",
          "candidate/control",
          "control/candidate",
          "candidate/control",
          "control/candidate",
          "candidate/control",
          "control/candidate",
          "candidate/control",
          "control/candidate",
          "candidate/control",
          "control/candidate"
        ]
      }
    }
  ],
  "memory": [
    {
      "shape": "ascii-name",
      "family": "control",
      "retained": {
        "heapUsed": -617.65625,
        "arrayBuffers": 0,
        "external": -191.84375
      }
    },
    {
      "shape": "ascii-name",
      "family": "callback",
      "retained": {
        "heapUsed": 1351.96875,
        "arrayBuffers": 0,
        "external": 0
      }
    },
    {
      "shape": "ascii-name",
      "family": "sticky",
      "retained": {
        "heapUsed": 1803.625,
        "arrayBuffers": 0,
        "external": 0
      }
    },
    {
      "shape": "ascii-name",
      "family": "ascii",
      "retained": {
        "heapUsed": 1780.28125,
        "arrayBuffers": 0,
        "external": 0
      }
    },
    {
      "shape": "css-name",
      "family": "control",
      "retained": {
        "heapUsed": 669.4375,
        "arrayBuffers": 0,
        "external": 0
      }
    },
    {
      "shape": "css-name",
      "family": "callback",
      "retained": {
        "heapUsed": 1217.71875,
        "arrayBuffers": 0,
        "external": 0
      }
    },
    {
      "shape": "css-name",
      "family": "sticky",
      "retained": {
        "heapUsed": 1360.875,
        "arrayBuffers": 0,
        "external": 0
      }
    },
    {
      "shape": "css-number",
      "family": "control",
      "retained": {
        "heapUsed": 732.75,
        "arrayBuffers": 0,
        "external": 0
      }
    },
    {
      "shape": "css-number",
      "family": "callback",
      "retained": {
        "heapUsed": 1338.28125,
        "arrayBuffers": 0,
        "external": 0
      }
    },
    {
      "shape": "css-number",
      "family": "sticky",
      "retained": {
        "heapUsed": 1481,
        "arrayBuffers": 0,
        "external": 0
      }
    },
    {
      "shape": "json-number",
      "family": "control",
      "retained": {
        "heapUsed": 616.875,
        "arrayBuffers": 0,
        "external": 0
      }
    },
    {
      "shape": "json-number",
      "family": "callback",
      "retained": {
        "heapUsed": 1300.40625,
        "arrayBuffers": 0,
        "external": 0
      }
    },
    {
      "shape": "json-number",
      "family": "sticky",
      "retained": {
        "heapUsed": 1464.875,
        "arrayBuffers": 0,
        "external": 0
      }
    },
    {
      "shape": "json-string",
      "family": "control",
      "retained": {
        "heapUsed": 616.875,
        "arrayBuffers": 0,
        "external": 0
      }
    },
    {
      "shape": "json-string",
      "family": "callback",
      "retained": {
        "heapUsed": 1232.875,
        "arrayBuffers": 0,
        "external": 0
      }
    },
    {
      "shape": "json-string",
      "family": "sticky",
      "retained": {
        "heapUsed": 1384.875,
        "arrayBuffers": 0,
        "external": 0
      }
    }
  ]
}
