[marking 0x14f00c112da1 <JSFunction getNewKey (sfi = 0xe67b91067b1)> for optimization to MAGLEV, ConcurrencyMode::kConcurrent, reason: hot and stable]
[compiling method 0x14f00c112da1 <JSFunction getNewKey (sfi = 0xe67b91067b1)> (target MAGLEV), mode: ConcurrencyMode::kConcurrent]
[completed compiling 0x14f00c112da1 <JSFunction getNewKey (sfi = 0xe67b91067b1)> (target MAGLEV) - took 0.001, 0.285, 0.004 ms]
[87022:0xc6940c000:0]       17 ms: Memory pool: Removed pages: 0, removed large pages: 0
, removed zone reservations: 0
[87022:0xc6940c000:0]       17 ms: GC: {"pause":0.233,"mutator":12.058,"gc":"s","reduce_memory":false,"time_to_safepoint":0,"stack":true,"reason":"allocation failure","collector_reason":"","start_object_size":1498424,"end_object_size":759952,"start_memory_size":2621440,"end_memory_size":3145728,"start_holes_size":1122840,"end_holes_size":1122840,"pool_local_chunks":0,"pool_shared_chunks":0,"pool_total_chunks":0,"new_space_capacity":1048576,"old_gen_allocation_limit":143073820,"global_allocation_limit":286147641,"allocation_throughput":9964.09,"new_space_allocation_throughput":6972.3,"new_space_survive_rate":26.6496,"allocated":1498424,"promoted":0,"new_space_survived":279424,"nodes_died_in_new":0,"nodes_copied_in_new":18,"nodes_promoted":0,"promotion_ratio":0,"average_survival_ratio":26.6496,"promotion_rate":0,"during_sweeping":false,"heap.prologue":0,"heap.epilogue":0.001,"heap.external.prologue":0,"heap.external.epilogue":0,"heap.external_weak_global_handles":0,"complete.sweep_array_buffers":0,"scavenge":0.223,"scavenge.free_remembered_set":0.001,"scavenge.roots":0.035,"scavenge.weak":0,"scavenge.weak_global_handles.identify":0,"scavenge.weak_global_handles.process":0,"scavenge.parallel":0.082,"scavenge.pin_objects_conservative":0,"scavenge.pin_objects_precise":0,"scavenge.restore_pinned":0,"scavenge.sweep_array_buffers":0.002,"scavenge.resize_new_space":0.001,"background.scavenge.parallel":0.206,"incremental.steps_count":0,"incremental.steps_took":0,"scavenge_throughput":1.19924e+06,"quarantined_size":0,"quarantined_pages":0}
[87022:0xc6940c000:0]       28 ms: GC: {"pause":0.214,"mutator":10.6,"gc":"s","reduce_memory":false,"time_to_safepoint":0,"stack":true,"reason":"allocation failure","collector_reason":"","start_object_size":1953968,"end_object_size":1628552,"start_memory_size":4194304,"end_memory_size":4718592,"start_holes_size":1191536,"end_holes_size":1475128,"pool_local_chunks":0,"pool_shared_chunks":0,"pool_total_chunks":0,"new_space_capacity":1048576,"old_gen_allocation_limit":66862536,"global_allocation_limit":133725073,"allocation_throughput":17237.7,"new_space_allocation_throughput":11413.5,"new_space_survive_rate":43.8633,"allocated":1194016,"promoted":240664,"new_space_survived":459912,"nodes_died_in_new":0,"nodes_copied_in_new":6,"nodes_promoted":20,"promotion_ratio":22.9529,"average_survival_ratio":46.7329,"promotion_rate":86.1286,"during_sweeping":false,"heap.prologue":0,"heap.epilogue":0.001,"heap.external.prologue":0,"heap.external.epilogue":0,"heap.external_weak_global_handles":0,"complete.sweep_array_buffers":0,"scavenge":0.203,"scavenge.free_remembered_set":0.002,"scavenge.roots":0.016,"scavenge.weak":0,"scavenge.weak_global_handles.identify":0,"scavenge.weak_global_handles.process":0.001,"scavenge.parallel":0,"scavenge.pin_objects_conservative":0,"scavenge.pin_objects_precise":0,"scavenge.restore_pinned":0,"scavenge.sweep_array_buffers":0.001,"scavenge.resize_new_space":0,"background.scavenge.parallel":0.311,"incremental.steps_count":0,"incremental.steps_took":0,"scavenge_throughput":2.19239e+06,"quarantined_size":0,"quarantined_pages":0}
[marking 0x0b4e6fdae599 <JSFunction (sfi = 0x14e30fedf7a9)> for optimization to MAGLEV, ConcurrencyMode::kConcurrent, reason: hot and stable]
[compiling method 0x0b4e6fdae599 <JSFunction (sfi = 0x14e30fedf7a9)> (target MAGLEV), mode: ConcurrencyMode::kConcurrent]
[completed compiling 0x0b4e6fdae599 <JSFunction (sfi = 0x14e30fedf7a9)> (target MAGLEV) - took 0.000, 0.064, 0.001 ms]
[87022:0xc6940c000:0]       54 ms: GC: {"pause":0.234,"mutator":26.196,"gc":"s","reduce_memory":false,"time_to_safepoint":0,"stack":true,"reason":"allocation failure","collector_reason":"","start_object_size":3175248,"end_object_size":2919848,"start_memory_size":5128192,"end_memory_size":5914624,"start_holes_size":887728,"end_holes_size":1219944,"pool_local_chunks":0,"pool_shared_chunks":0,"pool_total_chunks":0,"new_space_capacity":2097152,"old_gen_allocation_limit":36999099,"global_allocation_limit":73998199,"allocation_throughput":25704.7,"new_space_allocation_throughput":13106.4,"new_space_survive_rate":29.2269,"allocated":1546696,"promoted":454168,"new_space_survived":306448,"nodes_died_in_new":0,"nodes_copied_in_new":18,"nodes_promoted":11,"promotion_ratio":43.3155,"average_survival_ratio":55.3361,"promotion_rate":98.7511,"during_sweeping":false,"heap.prologue":0,"heap.epilogue":0,"heap.external.prologue":0,"heap.external.epilogue":0,"heap.external_weak_global_handles":0,"complete.sweep_array_buffers":0,"scavenge":0.221,"scavenge.free_remembered_set":0.002,"scavenge.roots":0.017,"scavenge.weak":0,"scavenge.weak_global_handles.identify":0,"scavenge.weak_global_handles.process":0,"scavenge.parallel":0,"scavenge.pin_objects_conservative":0,"scavenge.pin_objects_precise":0,"scavenge.restore_pinned":0.001,"scavenge.sweep_array_buffers":0.002,"scavenge.resize_new_space":0,"background.scavenge.parallel":0.36,"incremental.steps_count":0,"incremental.steps_took":0,"scavenge_throughput":2.55597e+06,"quarantined_size":0,"quarantined_pages":0}
[marking 0x17675a88f7b9 <JSFunction next (sfi = 0xe67b91093c9)> for optimization to MAGLEV, ConcurrencyMode::kConcurrent, reason: hot and stable]
[compiling method 0x17675a88f7b9 <JSFunction next (sfi = 0xe67b91093c9)> (target MAGLEV), mode: ConcurrencyMode::kConcurrent]
[completed compiling 0x17675a88f7b9 <JSFunction next (sfi = 0xe67b91093c9)> (target MAGLEV) - took 0.000, 0.075, 0.003 ms]
[bailout (kind: deopt-eager, reason: wrong map): begin. deoptimizing 0x17675a88f2e9 <JSFunction next (sfi = 0xe67b91093c9)>, 0x393ab8b81f11 <Code MAGLEV>, opt id 2, bytecode offset 3, deopt exit 0, FP to SP delta 32, caller SP 0x00016f139aa8, pc 0x0001175453b4]
[marking 0x163580808341 <JSFunction isPosixPathSeparator (sfi = 0x335285eb8731)> for optimization to MAGLEV, ConcurrencyMode::kConcurrent, reason: hot and stable]
[compiling method 0x163580808341 <JSFunction isPosixPathSeparator (sfi = 0x335285eb8731)> (target MAGLEV), mode: ConcurrencyMode::kConcurrent]
[completed compiling 0x163580808341 <JSFunction isPosixPathSeparator (sfi = 0x335285eb8731)> (target MAGLEV) - took 0.001, 0.102, 0.001 ms]
[marking 0x163580808421 <JSFunction normalizeString (sfi = 0x335285eb8809)> for optimization to MAGLEV, ConcurrencyMode::kConcurrent, reason: hot and stable]
[compiling method 0x163580808421 <JSFunction normalizeString (sfi = 0x335285eb8809)> (target MAGLEV), mode: ConcurrencyMode::kConcurrent]
[completed compiling 0x163580808421 <JSFunction normalizeString (sfi = 0x335285eb8809)> (target MAGLEV) - took 0.000, 0.258, 0.001 ms]
[marking 0x0fb78c9b6eb9 <JSFunction getPathFromURLPosix (sfi = 0x3320f75466b1)> for optimization to MAGLEV, ConcurrencyMode::kConcurrent, reason: hot and stable]
[compiling method 0x0fb78c9b6eb9 <JSFunction getPathFromURLPosix (sfi = 0x3320f75466b1)> (target MAGLEV), mode: ConcurrencyMode::kConcurrent]
[completed compiling 0x0fb78c9b6eb9 <JSFunction getPathFromURLPosix (sfi = 0x3320f75466b1)> (target MAGLEV) - took 0.001, 0.160, 0.003 ms]
[marking 0x335285e85529 <JSFunction requireBuiltin (sfi = 0xe67b911e369)> for optimization to MAGLEV, ConcurrencyMode::kConcurrent, reason: hot and stable]
[compiling method 0x335285e85529 <JSFunction requireBuiltin (sfi = 0xe67b911e369)> (target MAGLEV), mode: ConcurrencyMode::kConcurrent]
[completed compiling 0x335285e85529 <JSFunction requireBuiltin (sfi = 0xe67b911e369)> (target MAGLEV) - took 0.000, 0.132, 0.006 ms]
[87022:0xc6940c000:0]      192 ms: GC: {"pause":0.333,"mutator":137.301,"gc":"s","reduce_memory":false,"time_to_safepoint":0,"stack":true,"reason":"allocation failure","collector_reason":"","start_object_size":8435224,"end_object_size":7474704,"start_memory_size":10321920,"end_memory_size":11108352,"start_holes_size":803424,"end_holes_size":1293424,"pool_local_chunks":0,"pool_shared_chunks":0,"pool_total_chunks":0,"new_space_capacity":2097152,"old_gen_allocation_limit":20366938,"global_allocation_limit":40733877,"allocation_throughput":35857.7,"new_space_allocation_throughput":12921,"new_space_survive_rate":33.6243,"allocated":5515376,"promoted":465912,"new_space_survived":762112,"nodes_died_in_new":0,"nodes_copied_in_new":36,"nodes_promoted":22,"promotion_ratio":20.556,"average_survival_ratio":55.0471,"promotion_rate":152.036,"during_sweeping":false,"heap.prologue":0,"heap.epilogue":0.001,"heap.external.prologue":0,"heap.external.epilogue":0,"heap.external_weak_global_handles":0,"complete.sweep_array_buffers":0,"scavenge":0.322,"scavenge.free_remembered_set":0.003,"scavenge.roots":0.05,"scavenge.weak":0,"scavenge.weak_global_handles.identify":0,"scavenge.weak_global_handles.process":0.001,"scavenge.parallel":0,"scavenge.pin_objects_conservative":0,"scavenge.pin_objects_precise":0,"scavenge.restore_pinned":0,"scavenge.sweep_array_buffers":0.003,"scavenge.resize_new_space":0,"background.scavenge.parallel":0.737,"incremental.steps_count":0,"incremental.steps_took":0,"scavenge_throughput":2.92765e+06,"quarantined_size":0,"quarantined_pages":0}
[marking 0x17675a890291 <JSFunction getOwn (sfi = 0xe67b911e519)> for optimization to MAGLEV, ConcurrencyMode::kConcurrent, reason: hot and stable]
[compiling method 0x17675a890291 <JSFunction getOwn (sfi = 0xe67b911e519)> (target MAGLEV), mode: ConcurrencyMode::kConcurrent]
[completed compiling 0x17675a890291 <JSFunction getOwn (sfi = 0xe67b911e519)> (target MAGLEV) - took 0.001, 0.089, 0.003 ms]
[marking 0x17675a88eca1 <JSFunction syncExports (sfi = 0xe67b911ea01)> for optimization to MAGLEV, ConcurrencyMode::kConcurrent, reason: hot and stable]
[compiling method 0x17675a88eca1 <JSFunction syncExports (sfi = 0xe67b911ea01)> (target MAGLEV), mode: ConcurrencyMode::kConcurrent]
[completed compiling 0x17675a88eca1 <JSFunction syncExports (sfi = 0xe67b911ea01)> (target MAGLEV) - took 0.000, 0.275, 0.004 ms]
[87022:0xc6940c000:0]      229 ms: GC: {"pause":0.437,"mutator":36.21,"gc":"s","reduce_memory":false,"time_to_safepoint":0,"stack":true,"reason":"allocation failure","collector_reason":"","start_object_size":9715688,"end_object_size":9065432,"start_memory_size":12943360,"end_memory_size":13991936,"start_holes_size":1095728,"end_holes_size":1410320,"pool_local_chunks":0,"pool_shared_chunks":0,"pool_total_chunks":0,"new_space_capacity":4194304,"old_gen_allocation_limit":16741328,"global_allocation_limit":23282701,"allocation_throughput":44491.5,"new_space_allocation_throughput":17757.8,"new_space_survive_rate":30.6038,"allocated":2240984,"promoted":733920,"new_space_survived":641768,"nodes_died_in_new":0,"nodes_copied_in_new":24,"nodes_promoted":37,"promotion_ratio":34.9982,"average_survival_ratio":57.1581,"promotion_rate":96.3008,"during_sweeping":false,"heap.prologue":0,"heap.epilogue":0.001,"heap.external.prologue":0,"heap.external.epilogue":0,"heap.external_weak_global_handles":0,"complete.sweep_array_buffers":0,"scavenge":0.428,"scavenge.free_remembered_set":0.008,"scavenge.roots":0.038,"scavenge.weak":0,"scavenge.weak_global_handles.identify":0,"scavenge.weak_global_handles.process":0.001,"scavenge.parallel":0,"scavenge.pin_objects_conservative":0,"scavenge.pin_objects_precise":0,"scavenge.restore_pinned":0.001,"scavenge.sweep_array_buffers":0.003,"scavenge.resize_new_space":0,"background.scavenge.parallel":1.099,"incremental.steps_count":0,"incremental.steps_took":0,"scavenge_throughput":2.99402e+06,"quarantined_size":0,"quarantined_pages":0}
[marking 0x0f695d802b29 <JSFunction (sfi = 0x14e30fef0869)> for optimization to MAGLEV, ConcurrencyMode::kConcurrent, reason: hot and stable]
[compiling method 0x0f695d802b29 <JSFunction (sfi = 0x14e30fef0869)> (target MAGLEV), mode: ConcurrencyMode::kConcurrent]
[completed compiling 0x0f695d802b29 <JSFunction (sfi = 0x14e30fef0869)> (target MAGLEV) - took 0.001, 0.060, 0.001 ms]
[bailout (kind: deopt-eager, reason: wrong map): begin. deoptimizing 0x335285e85529 <JSFunction requireBuiltin (sfi = 0xe67b911e369)>, 0x0092b6c01f81 <Code MAGLEV>, opt id 6, bytecode offset 4, deopt exit 0, FP to SP delta 32, caller SP 0x00016f135b60, pc 0x000117565b6c]
[marking 0x3a935fcae359 <JSFunction _TstNode (sfi = 0x271c1f9104d1)> for optimization to MAGLEV, ConcurrencyMode::kConcurrent, reason: hot and stable]
[compiling method 0x3a935fcae359 <JSFunction _TstNode (sfi = 0x271c1f9104d1)> (target MAGLEV), mode: ConcurrencyMode::kConcurrent]
[marking 0x3a935fcae169 <JSFunction _TstNode (sfi = 0x271c1f9103f9)> for optimization to MAGLEV, ConcurrencyMode::kConcurrent, reason: hot and stable]
[compiling method 0x3a935fcae169 <JSFunction _TstNode (sfi = 0x271c1f9103f9)> (target MAGLEV), mode: ConcurrencyMode::kConcurrent]
[aborted compiling 0x3a935fcae359 <JSFunction _TstNode (sfi = 0x271c1f9104d1)> (target MAGLEV) because: Bailed out due to dependency change]
[marking 0x3a935fcae1a9 <JSFunction add (sfi = 0x271c1f910441)> for optimization to MAGLEV, ConcurrencyMode::kConcurrent, reason: hot and stable]
[compiling method 0x3a935fcae1a9 <JSFunction add (sfi = 0x271c1f910441)> (target MAGLEV), mode: ConcurrencyMode::kConcurrent]
[marking 0x3a935fcae359 <JSFunction _TstNode (sfi = 0x271c1f9104d1)> for optimization to MAGLEV, ConcurrencyMode::kConcurrent, reason: hot and stable]
[compiling method 0x3a935fcae359 <JSFunction _TstNode (sfi = 0x271c1f9104d1)> (target MAGLEV), mode: ConcurrencyMode::kConcurrent]
[completed compiling 0x3a935fcae169 <JSFunction _TstNode (sfi = 0x271c1f9103f9)> (target MAGLEV) - took 0.000, 0.128, 0.004 ms]
[completed compiling 0x3a935fcae359 <JSFunction _TstNode (sfi = 0x271c1f9104d1)> (target MAGLEV) - took 0.000, 0.031, 0.001 ms]
[completed compiling 0x3a935fcae1a9 <JSFunction add (sfi = 0x271c1f910441)> (target MAGLEV) - took 0.000, 0.208, 0.001 ms]
[bailout (kind: deopt-lazy, reason: (unknown)): begin. deoptimizing 0x335285e85529 <JSFunction requireBuiltin (sfi = 0xe67b911e369)>, 0x0092b6c01f81 <Code MAGLEV>, opt id 6, bytecode offset 72, deopt exit 4, FP to SP delta 32, caller SP 0x00016f1362f0, pc 0x000117565b7c]
[marking 0x0f695d800321 <JSFunction #ensureSearchParamsUpdated (sfi = 0x3320f7547149)> for optimization to MAGLEV, ConcurrencyMode::kConcurrent, reason: hot and stable]
[compiling method 0x0f695d800321 <JSFunction #ensureSearchParamsUpdated (sfi = 0x3320f7547149)> (target MAGLEV), mode: ConcurrencyMode::kConcurrent]
[completed compiling 0x0f695d800321 <JSFunction #ensureSearchParamsUpdated (sfi = 0x3320f7547149)> (target MAGLEV) - took 0.000, 0.082, 0.003 ms]
[marking 0x300619d81db1 <JSFunction get protocol (sfi = 0x3320f7547441)> for optimization to MAGLEV, ConcurrencyMode::kConcurrent, reason: hot and stable]
[compiling method 0x300619d81db1 <JSFunction get protocol (sfi = 0x3320f7547441)> (target MAGLEV), mode: ConcurrencyMode::kConcurrent]
[completed compiling 0x300619d81db1 <JSFunction get protocol (sfi = 0x3320f7547441)> (target MAGLEV) - took 0.001, 0.100, 0.004 ms]
[marking 0x0b20cc080011 <JSFunction assert (sfi = 0xe67b9139d11)> for optimization to MAGLEV, ConcurrencyMode::kConcurrent, reason: hot and stable]
[compiling method 0x0b20cc080011 <JSFunction assert (sfi = 0xe67b9139d11)> (target MAGLEV), mode: ConcurrencyMode::kConcurrent]
[completed compiling 0x0b20cc080011 <JSFunction assert (sfi = 0xe67b9139d11)> (target MAGLEV) - took 0.000, 0.048, 0.001 ms]
[marking 0x300619d81ec9 <JSFunction get href (sfi = 0x3320f7547311)> for optimization to MAGLEV, ConcurrencyMode::kConcurrent, reason: hot and stable]
[compiling method 0x300619d81ec9 <JSFunction get href (sfi = 0x3320f7547311)> (target MAGLEV), mode: ConcurrencyMode::kConcurrent]
[marking 0x0f695d800409 <JSFunction #updateContext (sfi = 0x3320f7547191)> for optimization to MAGLEV, ConcurrencyMode::kConcurrent, reason: hot and stable]
[compiling method 0x0f695d800409 <JSFunction #updateContext (sfi = 0x3320f7547191)> (target MAGLEV), mode: ConcurrencyMode::kConcurrent]
[completed compiling 0x300619d81ec9 <JSFunction get href (sfi = 0x3320f7547311)> (target MAGLEV) - took 0.000, 0.080, 0.003 ms]
[completed compiling 0x0f695d800409 <JSFunction #updateContext (sfi = 0x3320f7547191)> (target MAGLEV) - took 0.000, 0.131, 0.004 ms]
[marking 0x0f695d800359 <JSFunction URLContext (sfi = 0x3320f7546a29)> for optimization to MAGLEV, ConcurrencyMode::kConcurrent, reason: hot and stable]
[marking 0x0f695d800141 <JSFunction URLContext (sfi = 0x3320f75468a9)> for optimization to MAGLEV, ConcurrencyMode::kConcurrent, reason: hot and stable]
[marking 0x0f695d800391 <JSFunction URL (sfi = 0x3320f7547c39)> for optimization to MAGLEV, ConcurrencyMode::kConcurrent, reason: hot and stable]
[marking 0x0f695d8003c9 <JSFunction markTransferMode (sfi = 0x335285e93fa1)> for optimization to MAGLEV, ConcurrencyMode::kConcurrent, reason: hot and stable]
[compiling method 0x0f695d800391 <JSFunction URL (sfi = 0x3320f7547c39)> (target MAGLEV), mode: ConcurrencyMode::kConcurrent]
[compiling method 0x0f695d800141 <JSFunction URLContext (sfi = 0x3320f75468a9)> (target MAGLEV), mode: ConcurrencyMode::kConcurrent]
[compiling method 0x0f695d800359 <JSFunction URLContext (sfi = 0x3320f7546a29)> (target MAGLEV), mode: ConcurrencyMode::kConcurrent]
[compiling method 0x0f695d8003c9 <JSFunction markTransferMode (sfi = 0x335285e93fa1)> (target MAGLEV), mode: ConcurrencyMode::kConcurrent]
[marking 0x0f695d8000e9 <JSFunction URL (sfi = 0x3320f75471d9)> for optimization to MAGLEV, ConcurrencyMode::kConcurrent, reason: hot and stable]
[compiling method 0x0f695d8000e9 <JSFunction URL (sfi = 0x3320f75471d9)> (target MAGLEV), mode: ConcurrencyMode::kConcurrent]
[completed compiling 0x0f695d800141 <JSFunction URLContext (sfi = 0x3320f75468a9)> (target MAGLEV) - took 0.000, 0.063, 0.003 ms]
[completed compiling 0x0f695d800359 <JSFunction URLContext (sfi = 0x3320f7546a29)> (target MAGLEV) - took 0.000, 0.037, 0.002 ms]
[completed compiling 0x0f695d800391 <JSFunction URL (sfi = 0x3320f7547c39)> (target MAGLEV) - took 0.000, 0.151, 0.003 ms]
[completed compiling 0x0f695d8003c9 <JSFunction markTransferMode (sfi = 0x335285e93fa1)> (target MAGLEV) - took 0.000, 0.042, 0.001 ms]
[completed compiling 0x0f695d8000e9 <JSFunction URL (sfi = 0x3320f75471d9)> (target MAGLEV) - took 0.000, 0.185, 0.004 ms]
[marking 0x0f695d800a59 <JSFunction noop (sfi = 0x1fae2e89e801)> for optimization to MAGLEV, ConcurrencyMode::kConcurrent, reason: hot and stable]
[compiling method 0x0f695d800a59 <JSFunction noop (sfi = 0x1fae2e89e801)> (target MAGLEV), mode: ConcurrencyMode::kConcurrent]
[completed compiling 0x0f695d800a59 <JSFunction noop (sfi = 0x1fae2e89e801)> (target MAGLEV) - took 0.000, 0.013, 0.001 ms]
[marking 0x0f695d800231 <JSFunction isFileType (sfi = 0x3320f756fd89)> for optimization to MAGLEV, ConcurrencyMode::kConcurrent, reason: hot and stable]
[compiling method 0x0f695d800231 <JSFunction isFileType (sfi = 0x3320f756fd89)> (target MAGLEV), mode: ConcurrencyMode::kConcurrent]
[completed compiling 0x0f695d800231 <JSFunction isFileType (sfi = 0x3320f756fd89)> (target MAGLEV) - took 0.000, 0.083, 0.001 ms]
[marking 0x0f695d800051 <JSFunction wrappedFn (sfi = 0x14e30fec03e9)> for optimization to MAGLEV, ConcurrencyMode::kConcurrent, reason: hot and stable]
[compiling method 0x32fc5134fec1 <JSFunction wrappedFn (sfi = 0x14e30fec03e9)> (target MAGLEV), mode: ConcurrencyMode::kConcurrent]
[completed compiling 0x32fc5134fec1 <JSFunction wrappedFn (sfi = 0x14e30fec03e9)> (target MAGLEV) - took 0.000, 0.076, 0.002 ms]
[marking 0x1cf651ad72e9 <JSFunction Module._nodeModulePaths (sfi = 0x1cf651acaa49)> for optimization to MAGLEV, ConcurrencyMode::kConcurrent, reason: hot and stable]
[compiling method 0x1cf651ad72e9 <JSFunction Module._nodeModulePaths (sfi = 0x1cf651acaa49)> (target MAGLEV), mode: ConcurrencyMode::kConcurrent]
[completed compiling 0x1cf651ad72e9 <JSFunction Module._nodeModulePaths (sfi = 0x1cf651acaa49)> (target MAGLEV) - took 0.000, 0.234, 0.003 ms]
[87022:0xc6940c000:0]      364 ms: GC: {"pause":0.403,"mutator":134.762,"gc":"s","reduce_memory":false,"time_to_safepoint":0,"stack":true,"reason":"allocation failure","collector_reason":"","start_object_size":15155648,"end_object_size":13271968,"start_memory_size":18743296,"end_memory_size":20054016,"start_holes_size":1440696,"end_holes_size":2119552,"pool_local_chunks":0,"pool_shared_chunks":0,"pool_total_chunks":0,"new_space_capacity":4194304,"old_gen_allocation_limit":16741328,"global_allocation_limit":19982208,"allocation_throughput":48222.9,"new_space_allocation_throughput":22659.3,"new_space_survive_rate":35.9387,"allocated":6090216,"promoted":631784,"new_space_survived":1507288,"nodes_died_in_new":2,"nodes_copied_in_new":45,"nodes_promoted":39,"promotion_ratio":15.0638,"average_survival_ratio":56.1322,"promotion_rate":98.4443,"during_sweeping":false,"heap.prologue":0,"heap.epilogue":0.001,"heap.external.prologue":0,"heap.external.epilogue":0,"heap.external_weak_global_handles":0,"complete.sweep_array_buffers":0,"scavenge":0.391,"scavenge.free_remembered_set":0.006,"scavenge.roots":0.047,"scavenge.weak":0,"scavenge.weak_global_handles.identify":0,"scavenge.weak_global_handles.process":0.001,"scavenge.parallel":0.263,"scavenge.pin_objects_conservative":0,"scavenge.pin_objects_precise":0,"scavenge.restore_pinned":0.001,"scavenge.sweep_array_buffers":0.002,"scavenge.resize_new_space":0,"background.scavenge.parallel":1.202,"incremental.steps_count":0,"incremental.steps_took":0,"scavenge_throughput":3.49698e+06,"quarantined_size":0,"quarantined_pages":0}
[marking 0x0e92de4b7ae1 <JSFunction __copyProps (sfi = 0x1b6a44eed21)> for optimization to MAGLEV, ConcurrencyMode::kConcurrent, reason: hot and stable]
[marking 0x12fa94493fa1 <JSFunction get hasSubscribers (sfi = 0x335285e9d691)> for optimization to MAGLEV, ConcurrencyMode::kConcurrent, reason: hot and stable]
[compiling method 0x0e92de4b7ae1 <JSFunction __copyProps (sfi = 0x1b6a44eed21)> (target MAGLEV), mode: ConcurrencyMode::kConcurrent]
[compiling method 0x12fa94493fa1 <JSFunction get hasSubscribers (sfi = 0x335285e9d691)> (target MAGLEV), mode: ConcurrencyMode::kConcurrent]
[completed compiling 0x12fa94493fa1 <JSFunction get hasSubscribers (sfi = 0x335285e9d691)> (target MAGLEV) - took 0.000, 0.021, 0.001 ms]
[completed compiling 0x0e92de4b7ae1 <JSFunction __copyProps (sfi = 0x1b6a44eed21)> (target MAGLEV) - took 0.000, 0.271, 0.006 ms]
[marking 0x0f695d800091 <JSFunction normalizeString (sfi = 0x335285eb8809)> for optimization to TURBOFAN_JS, ConcurrencyMode::kConcurrent, reason: hot and stable]
[compiling method 0x0f695d800091 <JSFunction normalizeString (sfi = 0x335285eb8809)> (target TURBOFAN_JS), mode: ConcurrencyMode::kConcurrent]
[completed compiling 0x0f695d800091 <JSFunction normalizeString (sfi = 0x335285eb8809)> (target TURBOFAN_JS) - took 0.014, 2.313, 0.013 ms]
[completed optimizing 0x0f695d800091 <JSFunction normalizeString (sfi = 0x335285eb8809)> (target TURBOFAN_JS)]
[marking 0x271c1f907671 <JSFunction nextPart (sfi = 0x3320f7571ed9)> for optimization to MAGLEV, ConcurrencyMode::kConcurrent, reason: hot and stable]
[compiling method 0x271c1f907671 <JSFunction nextPart (sfi = 0x3320f7571ed9)> (target MAGLEV), mode: ConcurrencyMode::kConcurrent]
[completed compiling 0x271c1f907671 <JSFunction nextPart (sfi = 0x3320f7571ed9)> (target MAGLEV) - took 0.000, 0.106, 0.001 ms]
[87022:0xc6940c000:0]      387 ms: GC: {"pause":2.03,"mutator":21.36,"gc":"mc","reduce_memory":false,"time_to_safepoint":0,"stack":false,"reason":"finalize incremental marking via task","collector_reason":"GC in old space requested","start_object_size":15082352,"end_object_size":11692792,"start_memory_size":21102592,"end_memory_size":20430848,"start_holes_size":1071840,"end_holes_size":208088,"pool_local_chunks":2,"pool_shared_chunks":0,"pool_total_chunks":2,"new_space_capacity":4194304,"old_gen_allocation_limit":16741328,"global_allocation_limit":19982208,"allocation_throughput":57320.5,"new_space_allocation_throughput":27722.1,"new_space_survive_rate":0,"allocated":1810384,"promoted":1780224,"new_space_survived":0,"nodes_died_in_new":54,"nodes_copied_in_new":0,"nodes_promoted":0,"promotion_ratio":60.379,"average_survival_ratio":56.7389,"promotion_rate":118.108,"heap.prologue":0,"heap.embedder_tracing_epilogue":0.003,"heap.epilogue":0,"heap.external.prologue":0,"heap.external.epilogue":0,"heap.external.weak_global_handles":0.001,"clear":0.117,"clear.external_string_table":0.002,"clear.string_forwarding_table":0.001,"clear.weak_global_handles":0.002,"clear.dependent_code":0,"clear.maps":0.016,"clear.slots_buffer":0,"clear.weak_collections":0.002,"clear.weak_lists":0.004,"clear.weak_references_trivial":0.043,"clear.weak_references_non_trivial":0.011,"clear.js_weak_references":0.002,"clear.join_filter_job":0,"clear.join_job":0.106,"weakness_handling":0,"complete.sweep_array_buffers":0,"complete.sweeping":0,"epilogue":0,"evacuate":0.531,"evacuate.pin_pages":0,"evacuate.candidates":0,"evacuate.clean_up":0.001,"evacuate.copy":0.296,"evacuate.prologue":0.002,"evacuate.epilogue":0.01,"evacuate.rebalance":0,"evacuate.update_pointers":0.22,"evacuate.update_pointers.to_new_roots":0.152,"evacuate.update_pointers.slots.main":0.051,"evacuate.update_pointers.weak":0,"finish":0.023,"finish.sweep_array_buffers":0.002,"mark":1.317,"mark.finish_incremental":0.001,"mark.roots":0.011,"mark.full_closure_parallel":1.306,"mark.full_closure":0,"mark.ephemeron.marking":1.3,"mark.ephemeron.linear":0,"mark.embedder_prologue":0.008,"mark.embedder_tracing":0.003,"prologue":0.005,"sweep":0.095,"sweep.code":0,"sweep.map":0,"sweep.new":0,"sweep.new_lo":0,"sweep.old":0.005,"sweep.start_jobs":0.007,"is_incremental":true,"incremental":0.004,"incremental.finalize.external.prologue":0,"incremental.finalize.external.epilogue":0,"incremental.layout_change":0,"incremental.sweep_array_buffers":0.045,"incremental.sweeping":0,"incremental.embedder_tracing":0.001,"incremental_wrapper_tracing_longest_step":0.001,"incremental_longest_step":0.004,"incremental_steps_count":1,"incremental_marking_throughput":131072,"incremental_walltime_duration":2.081,"background.mark":5.249,"background.sweep":0.097,"background.evacuate.copy":0.589,"background.evacuate.update_pointers":0.112,"conservative_stack_scanning":0,"compaction_speed":2.11777e+06}
[bailout (kind: deopt-eager, reason: Insufficient type feedback for binary operation): begin. deoptimizing 0x0f695d8003c9 <JSFunction markTransferMode (sfi = 0x335285e93fa1)>, 0x2a40908c2b61 <Code MAGLEV>, opt id 22, bytecode offset 69, deopt exit 1, FP to SP delta 32, caller SP 0x00016f1315e0, pc 0x00011756b810]
[marking 0x300619d81689 <JSFunction get hasSearch (sfi = 0x3320f7546979)> for optimization to MAGLEV, ConcurrencyMode::kConcurrent, reason: hot and stable]
[marking 0x300619d816c1 <JSFunction get hasHash (sfi = 0x3320f75469e1)> for optimization to MAGLEV, ConcurrencyMode::kConcurrent, reason: hot and stable]
[compiling method 0x300619d81689 <JSFunction get hasSearch (sfi = 0x3320f7546979)> (target MAGLEV), mode: ConcurrencyMode::kConcurrent]
[compiling method 0x300619d816c1 <JSFunction get hasHash (sfi = 0x3320f75469e1)> (target MAGLEV), mode: ConcurrencyMode::kConcurrent]
[completed compiling 0x300619d81689 <JSFunction get hasSearch (sfi = 0x3320f7546979)> (target MAGLEV) - took 0.001, 0.095, 0.003 ms]
[completed compiling 0x300619d816c1 <JSFunction get hasHash (sfi = 0x3320f75469e1)> (target MAGLEV) - took 0.000, 0.085, 0.001 ms]
[marking 0x0f695d8002e9 <JSFunction get pathname (sfi = 0x3320f7547901)> for optimization to MAGLEV, ConcurrencyMode::kConcurrent, reason: hot and stable]
[compiling method 0x0f695d8002e9 <JSFunction get pathname (sfi = 0x3320f7547901)> (target MAGLEV), mode: ConcurrencyMode::kConcurrent]
[completed compiling 0x0f695d8002e9 <JSFunction get pathname (sfi = 0x3320f7547901)> (target MAGLEV) - took 0.000, 0.094, 0.003 ms]
[marking 0x0f695d800811 <JSFunction getPathFromURLPosix (sfi = 0x3320f75466b1)> for optimization to TURBOFAN_JS, ConcurrencyMode::kConcurrent, reason: hot and stable]
[compiling method 0x0f695d800811 <JSFunction getPathFromURLPosix (sfi = 0x3320f75466b1)> (target TURBOFAN_JS), mode: ConcurrencyMode::kConcurrent]
[completed compiling 0x0f695d800811 <JSFunction getPathFromURLPosix (sfi = 0x3320f75466b1)> (target TURBOFAN_JS) - took 0.003, 1.595, 0.014 ms]
[completed optimizing 0x0f695d800811 <JSFunction getPathFromURLPosix (sfi = 0x3320f75466b1)> (target TURBOFAN_JS)]
[bailout (kind: deopt-eager, reason: Insufficient type feedback for compare operation): begin. deoptimizing 0x0f695d800091 <JSFunction normalizeString (sfi = 0x335285eb8809)>, 0x37e1bd576fc1 <Code TURBOFAN_JS>, opt id 30, bytecode offset 266, deopt exit 8, FP to SP delta 96, caller SP 0x00016f12f1c8, pc 0x0001175d079c]
[marking 0x0f695d800091 <JSFunction normalizeString (sfi = 0x335285eb8809)> for optimization to MAGLEV, ConcurrencyMode::kConcurrent, reason: hot and stable]
[compiling method 0x0f695d800091 <JSFunction normalizeString (sfi = 0x335285eb8809)> (target MAGLEV), mode: ConcurrencyMode::kConcurrent]
[marking 0x0f695d8001f9 <JSFunction resolve (sfi = 0x335285eb8c89)> for optimization to MAGLEV, ConcurrencyMode::kConcurrent, reason: hot and stable]
[compiling method 0x0f695d8001f9 <JSFunction resolve (sfi = 0x335285eb8c89)> (target MAGLEV), mode: ConcurrencyMode::kConcurrent]
[completed compiling 0x0f695d800091 <JSFunction normalizeString (sfi = 0x335285eb8809)> (target MAGLEV) - took 0.000, 0.268, 0.001 ms]
[completed compiling 0x0f695d8001f9 <JSFunction resolve (sfi = 0x335285eb8c89)> (target MAGLEV) - took 0.000, 0.253, 0.001 ms]
[marking 0x0f695d8007d1 <JSFunction isURL (sfi = 0x3320f75463b9)> for optimization to MAGLEV, ConcurrencyMode::kConcurrent, reason: hot and stable]
[compiling method 0x0f695d8007d1 <JSFunction isURL (sfi = 0x3320f75463b9)> (target MAGLEV), mode: ConcurrencyMode::kConcurrent]
[completed compiling 0x0f695d8007d1 <JSFunction isURL (sfi = 0x3320f75463b9)> (target MAGLEV) - took 0.001, 0.136, 0.005 ms]
[marking 0x0f695d801c49 <JSFunction realpathSync (sfi = 0x3320f7571921)> for optimization to MAGLEV, ConcurrencyMode::kConcurrent, reason: hot and stable]
[marking 0x20c41e6a41e9 <JSFunction decodeBase64 (sfi = 0xabe0fcce369)> for optimization to MAGLEV, ConcurrencyMode::kConcurrent, reason: hot and stable]
[compiling method 0x20c41e6a41e9 <JSFunction decodeBase64 (sfi = 0xabe0fcce369)> (target MAGLEV) OSR, mode: ConcurrencyMode::kConcurrent]
[completed compiling 0x20c41e6a41e9 <JSFunction decodeBase64 (sfi = 0xabe0fcce369)> (target MAGLEV) OSR - took 0.000, 0.162, 0.003 ms]
[compiling method 0x20c41e6a41e9 <JSFunction decodeBase64 (sfi = 0xabe0fcce369)> (target TURBOFAN_JS) OSR, mode: ConcurrencyMode::kConcurrent]
[compiling method 0x0f695d801c49 <JSFunction realpathSync (sfi = 0x3320f7571921)> (target MAGLEV), mode: ConcurrencyMode::kConcurrent]
[completed compiling 0x0f695d801c49 <JSFunction realpathSync (sfi = 0x3320f7571921)> (target MAGLEV) - took 0.000, 0.431, 0.005 ms]
[marking 0x0f695d800559 <JSFunction dirname (sfi = 0x335285eb8e39)> for optimization to MAGLEV, ConcurrencyMode::kConcurrent, reason: hot and stable]
[completed compiling 0x20c41e6a41e9 <JSFunction decodeBase64 (sfi = 0xabe0fcce369)> (target TURBOFAN_JS) OSR - took 0.001, 1.325, 0.024 ms]
[completed optimizing 0x20c41e6a41e9 <JSFunction decodeBase64 (sfi = 0xabe0fcce369)> (target TURBOFAN_JS) OSR]
[compiling method 0x0f695d800559 <JSFunction dirname (sfi = 0x335285eb8e39)> (target MAGLEV), mode: ConcurrencyMode::kConcurrent]
[completed compiling 0x0f695d800559 <JSFunction dirname (sfi = 0x335285eb8e39)> (target MAGLEV) - took 0.000, 0.187, 0.001 ms]
[bailout (kind: deopt-eager, reason: Insufficient type feedback for binary operation): begin. deoptimizing 0x0f695d800091 <JSFunction normalizeString (sfi = 0x335285eb8809)>, 0x0092b6c23bb9 <Code MAGLEV>, opt id 36, bytecode offset 95, deopt exit 26, FP to SP delta 128, caller SP 0x00016f12f1c8, pc 0x0001175d97b4]
[marking 0x0f695d800091 <JSFunction normalizeString (sfi = 0x335285eb8809)> for optimization to MAGLEV, ConcurrencyMode::kConcurrent, reason: hot and stable]
[compiling method 0x0f695d800091 <JSFunction normalizeString (sfi = 0x335285eb8809)> (target MAGLEV), mode: ConcurrencyMode::kConcurrent]
[completed compiling 0x0f695d800091 <JSFunction normalizeString (sfi = 0x335285eb8809)> (target MAGLEV) - took 0.000, 0.298, 0.002 ms]
[87022:0xc6940c000:0]      774 ms: GC: {"pause":0.255,"mutator":386.72,"gc":"s","reduce_memory":false,"time_to_safepoint":0,"stack":true,"reason":"allocation failure","collector_reason":"","start_object_size":25087280,"end_object_size":22961112,"start_memory_size":27869184,"end_memory_size":28131328,"start_holes_size":815664,"end_holes_size":815664,"pool_local_chunks":0,"pool_shared_chunks":0,"pool_total_chunks":0,"new_space_capacity":8388608,"old_gen_allocation_limit":50986080,"global_allocation_limit":50986080,"allocation_throughput":37287.8,"new_space_allocation_throughput":12001.6,"new_space_survive_rate":31.3195,"allocated":13394488,"promoted":1324592,"new_space_survived":1728408,"nodes_died_in_new":12,"nodes_copied_in_new":29,"nodes_promoted":7,"promotion_ratio":24.0021,"average_survival_ratio":56.5617,"promotion_rate":0,"during_sweeping":false,"heap.prologue":0,"heap.epilogue":0,"heap.external.prologue":0,"heap.external.epilogue":0,"heap.external_weak_global_handles":0.002,"complete.sweep_array_buffers":0,"scavenge":0.234,"scavenge.free_remembered_set":0.003,"scavenge.roots":0.025,"scavenge.weak":0,"scavenge.weak_global_handles.identify":0,"scavenge.weak_global_handles.process":0.001,"scavenge.parallel":0.13,"scavenge.pin_objects_conservative":0,"scavenge.pin_objects_precise":0,"scavenge.restore_pinned":0,"scavenge.sweep_array_buffers":0.002,"scavenge.resize_new_space":0.001,"background.scavenge.parallel":0.552,"incremental.steps_count":0,"incremental.steps_took":0,"scavenge_throughput":4.52176e+06,"quarantined_size":0,"quarantined_pages":0}
[marking 0x3c17d2917521 <JSFunction (sfi = 0x335285eb97e9)> for optimization to MAGLEV, ConcurrencyMode::kConcurrent, reason: hot and stable]
[compiling method 0x3c17d2917471 <JSFunction (sfi = 0x335285eb97e9)> (target MAGLEV), mode: ConcurrencyMode::kConcurrent]
[completed compiling 0x3c17d2917471 <JSFunction (sfi = 0x335285eb97e9)> (target MAGLEV) - took 0.000, 0.081, 0.001 ms]
[marking 0x0b20cc08b429 <JSFunction getCLIOptionsFromBinding (sfi = 0x14e30feffab9)> for optimization to MAGLEV, ConcurrencyMode::kConcurrent, reason: hot and stable]
[compiling method 0x0b20cc08b429 <JSFunction getCLIOptionsFromBinding (sfi = 0x14e30feffab9)> (target MAGLEV), mode: ConcurrencyMode::kConcurrent]
[completed compiling 0x0b20cc08b429 <JSFunction getCLIOptionsFromBinding (sfi = 0x14e30feffab9)> (target MAGLEV) - took 0.000, 0.035, 0.000 ms]
[marking 0x17675a8a4069 <JSFunction canBeRequiredWithoutScheme (sfi = 0xe67b911e7e9)> for optimization to MAGLEV, ConcurrencyMode::kConcurrent, reason: hot and stable]
[compiling method 0x17675a8a4069 <JSFunction canBeRequiredWithoutScheme (sfi = 0xe67b911e7e9)> (target MAGLEV), mode: ConcurrencyMode::kConcurrent]
[completed compiling 0x17675a8a4069 <JSFunction canBeRequiredWithoutScheme (sfi = 0xe67b911e7e9)> (target MAGLEV) - took 0.000, 0.039, 0.002 ms]
[marking 0x0f695d800521 <JSFunction toNamespacedPath (sfi = 0x335285eb8df1)> for optimization to MAGLEV, ConcurrencyMode::kConcurrent, reason: hot and stable]
[compiling method 0x0f695d800521 <JSFunction toNamespacedPath (sfi = 0x335285eb8df1)> (target MAGLEV), mode: ConcurrencyMode::kConcurrent]
[completed compiling 0x0f695d800521 <JSFunction toNamespacedPath (sfi = 0x335285eb8df1)> (target MAGLEV) - took 0.000, 0.026, 0.000 ms]
[marking 0x3c17d291aae1 <JSFunction ensureTimerFlagsAreUpdated (sfi = 0x1cf651ad6681)> for optimization to MAGLEV, ConcurrencyMode::kConcurrent, reason: hot and stable]
[compiling method 0x3c17d291aae1 <JSFunction ensureTimerFlagsAreUpdated (sfi = 0x1cf651ad6681)> (target MAGLEV), mode: ConcurrencyMode::kConcurrent]
[completed compiling 0x3c17d291aae1 <JSFunction ensureTimerFlagsAreUpdated (sfi = 0x1cf651ad6681)> (target MAGLEV) - took 0.000, 0.090, 0.001 ms]
[marking 0x0f695d800091 <JSFunction normalizeString (sfi = 0x335285eb8809)> for optimization to TURBOFAN_JS, ConcurrencyMode::kConcurrent, reason: hot and stable]
[compiling method 0x0f695d800091 <JSFunction normalizeString (sfi = 0x335285eb8809)> (target TURBOFAN_JS), mode: ConcurrencyMode::kConcurrent]
[marking 0x3c17d29175b9 <JSFunction stat (sfi = 0x1cf651ac9a59)> for optimization to MAGLEV, ConcurrencyMode::kConcurrent, reason: hot and stable]
[compiling method 0x3c17d29175b9 <JSFunction stat (sfi = 0x1cf651ac9a59)> (target MAGLEV), mode: ConcurrencyMode::kConcurrent]
[completed compiling 0x3c17d29175b9 <JSFunction stat (sfi = 0x1cf651ac9a59)> (target MAGLEV) - took 0.000, 0.103, 0.004 ms]
[marking 0x0b20cc080f39 <JSFunction getOptionValue (sfi = 0x14e30feffca1)> for optimization to MAGLEV, ConcurrencyMode::kConcurrent, reason: hot and stable]
[compiling method 0x0b20cc080f39 <JSFunction getOptionValue (sfi = 0x14e30feffca1)> (target MAGLEV), mode: ConcurrencyMode::kConcurrent]
[completed compiling 0x0b20cc080f39 <JSFunction getOptionValue (sfi = 0x14e30feffca1)> (target MAGLEV) - took 0.000, 0.058, 0.002 ms]
[completed compiling 0x0f695d800091 <JSFunction normalizeString (sfi = 0x335285eb8809)> (target TURBOFAN_JS) - took 0.003, 2.419, 0.010 ms]
[completed optimizing 0x0f695d800091 <JSFunction normalizeString (sfi = 0x335285eb8809)> (target TURBOFAN_JS)]
[marking 0x0f695d800a91 <JSFunction isUint8Array (sfi = 0x17675a8a54e9)> for optimization to MAGLEV, ConcurrencyMode::kConcurrent, reason: hot and stable]
[compiling method 0x0f695d800a91 <JSFunction isUint8Array (sfi = 0x17675a8a54e9)> (target MAGLEV), mode: ConcurrencyMode::kConcurrent]
[completed compiling 0x0f695d800a91 <JSFunction isUint8Array (sfi = 0x17675a8a54e9)> (target MAGLEV) - took 0.000, 0.052, 0.001 ms]
[marking 0x3c17d2917639 <JSFunction reportModuleToWatchMode (sfi = 0x1cf651ac9ae9)> for optimization to MAGLEV, ConcurrencyMode::kConcurrent, reason: hot and stable]
[compiling method 0x3c17d2917639 <JSFunction reportModuleToWatchMode (sfi = 0x1cf651ac9ae9)> (target MAGLEV), mode: ConcurrencyMode::kConcurrent]
[completed compiling 0x3c17d2917639 <JSFunction reportModuleToWatchMode (sfi = 0x1cf651ac9ae9)> (target MAGLEV) - took 0.000, 0.083, 0.001 ms]
[marking 0x17675a8a40a1 <JSFunction normalizeRequirableId (sfi = 0xe67b911e831)> for optimization to MAGLEV, ConcurrencyMode::kConcurrent, reason: hot and stable]
[compiling method 0x17675a8a40a1 <JSFunction normalizeRequirableId (sfi = 0xe67b911e831)> (target MAGLEV), mode: ConcurrencyMode::kConcurrent]
[completed compiling 0x17675a8a40a1 <JSFunction normalizeRequirableId (sfi = 0xe67b911e831)> (target MAGLEV) - took 0.000, 0.117, 0.002 ms]
[marking 0x0f695d80ce71 <JSFunction toString (sfi = 0x3320f75472b1)> for optimization to MAGLEV, ConcurrencyMode::kConcurrent, reason: hot and stable]
[compiling method 0x0f695d80ce71 <JSFunction toString (sfi = 0x3320f75472b1)> (target MAGLEV), mode: ConcurrencyMode::kConcurrent]
[completed compiling 0x0f695d80ce71 <JSFunction toString (sfi = 0x3320f75472b1)> (target MAGLEV) - took 0.001, 0.107, 0.003 ms]
[marking 0x1506a445e2c9 <JSFunction (sfi = 0xb20cc0b6691)> for optimization to MAGLEV, ConcurrencyMode::kConcurrent, reason: hot and stable]
[compiling method 0x1506a445e2c9 <JSFunction (sfi = 0xb20cc0b6691)> (target MAGLEV), mode: ConcurrencyMode::kConcurrent]
[completed compiling 0x1506a445e2c9 <JSFunction (sfi = 0xb20cc0b6691)> (target MAGLEV) - took 0.000, 0.095, 0.001 ms]
[marking 0x0f695d800591 <JSFunction basename (sfi = 0x335285eb8e81)> for optimization to MAGLEV, ConcurrencyMode::kConcurrent, reason: hot and stable]
[marking 0x1506a4458e99 <JSFunction Module.require (sfi = 0x1cf651acb691)> for optimization to MAGLEV, ConcurrencyMode::kConcurrent, reason: hot and stable]
[compiling method 0x1506a4458e99 <JSFunction Module.require (sfi = 0x1cf651acb691)> (target MAGLEV), mode: ConcurrencyMode::kConcurrent]
[compiling method 0x0f695d800591 <JSFunction basename (sfi = 0x335285eb8e81)> (target MAGLEV), mode: ConcurrencyMode::kConcurrent]
[completed compiling 0x1506a4458e99 <JSFunction Module.require (sfi = 0x1cf651acb691)> (target MAGLEV) - took 0.000, 0.122, 0.002 ms]
[completed compiling 0x0f695d800591 <JSFunction basename (sfi = 0x335285eb8e81)> (target MAGLEV) - took 0.000, 0.148, 0.000 ms]
[marking 0x064a344e2391 <JSFunction __export (sfi = 0xdd7e45f9219)> for optimization to MAGLEV, ConcurrencyMode::kConcurrent, reason: hot and stable]
[compiling method 0x064a344e2391 <JSFunction __export (sfi = 0xdd7e45f9219)> (target MAGLEV) OSR, mode: ConcurrencyMode::kConcurrent]
[completed compiling 0x064a344e2391 <JSFunction __export (sfi = 0xdd7e45f9219)> (target MAGLEV) OSR - took 0.001, 0.202, 0.002 ms]
[compiling method 0x064a344e2391 <JSFunction __export (sfi = 0xdd7e45f9219)> (target TURBOFAN_JS) OSR, mode: ConcurrencyMode::kConcurrent]
[completed compiling 0x064a344e2391 <JSFunction __export (sfi = 0xdd7e45f9219)> (target TURBOFAN_JS) OSR - took 0.002, 0.729, 0.011 ms]
[completed optimizing 0x064a344e2391 <JSFunction __export (sfi = 0xdd7e45f9219)> (target TURBOFAN_JS) OSR]
[marking 0x0bb393ca3519 <JSFunction diag (sfi = 0x1f3f9ab19799)> for optimization to MAGLEV, ConcurrencyMode::kConcurrent, reason: hot and stable]
[compiling method 0x0bb393ca3519 <JSFunction diag (sfi = 0x1f3f9ab19799)> (target MAGLEV), mode: ConcurrencyMode::kConcurrent]
[completed compiling 0x0bb393ca3519 <JSFunction diag (sfi = 0x1f3f9ab19799)> (target MAGLEV) - took 0.000, 0.108, 0.004 ms]
[87022:0xc6940c000:0]      883 ms: GC: {"pause":1.571,"mutator":107.509,"gc":"mc","reduce_memory":false,"time_to_safepoint":0,"stack":true,"reason":"finalize incremental marking via stack guard","collector_reason":"GC in old space requested","start_object_size":31195320,"end_object_size":25503136,"start_memory_size":37224448,"end_memory_size":38535168,"start_holes_size":1104368,"end_holes_size":1079384,"pool_local_chunks":2,"pool_shared_chunks":0,"pool_total_chunks":2,"new_space_capacity":8388608,"old_gen_allocation_limit":50986080,"global_allocation_limit":50986080,"allocation_throughput":62309.1,"new_space_allocation_throughput":35789.8,"new_space_survive_rate":0,"allocated":8234208,"promoted":4141160,"new_space_survived":0,"nodes_died_in_new":29,"nodes_copied_in_new":0,"nodes_promoted":0,"promotion_ratio":47.8425,"average_survival_ratio":55.5929,"promotion_rate":239.594,"heap.prologue":0.001,"heap.embedder_tracing_epilogue":0.006,"heap.epilogue":0.001,"heap.external.prologue":0,"heap.external.epilogue":0,"heap.external.weak_global_handles":0,"clear":0.234,"clear.external_string_table":0.002,"clear.string_forwarding_table":0,"clear.weak_global_handles":0.002,"clear.dependent_code":0,"clear.maps":0.041,"clear.slots_buffer":0,"clear.weak_collections":0.012,"clear.weak_lists":0.009,"clear.weak_references_trivial":0.071,"clear.weak_references_non_trivial":0.017,"clear.js_weak_references":0.002,"clear.join_filter_job":0,"clear.join_job":0.227,"weakness_handling":0,"complete.sweep_array_buffers":0,"complete.sweeping":0,"epilogue":0,"evacuate":1.098,"evacuate.pin_pages":0,"evacuate.candidates":0,"evacuate.clean_up":0.002,"evacuate.copy":0.585,"evacuate.prologue":0.012,"evacuate.epilogue":0.011,"evacuate.rebalance":0.001,"evacuate.update_pointers":0.487,"evacuate.update_pointers.to_new_roots":0.351,"evacuate.update_pointers.slots.main":0.1,"evacuate.update_pointers.weak":0.001,"finish":0.022,"finish.sweep_array_buffers":0.003,"mark":0.175,"mark.finish_incremental":0.002,"mark.roots":0.031,"mark.full_closure_parallel":0.096,"mark.full_closure":0,"mark.ephemeron.marking":0.087,"mark.ephemeron.linear":0,"mark.embedder_prologue":0.004,"mark.embedder_tracing":0.001,"prologue":0.005,"sweep":0.097,"sweep.code":0,"sweep.map":0,"sweep.new":0,"sweep.new_lo":0,"sweep.old":0.011,"sweep.start_jobs":0.015,"is_incremental":true,"incremental":0.15,"incremental.finalize.external.prologue":0,"incremental.finalize.external.epilogue":0,"incremental.layout_change":0,"incremental.sweep_array_buffers":0.049,"incremental.sweeping":0,"incremental.embedder_tracing":0.01,"incremental_wrapper_tracing_longest_step":0.003,"incremental_longest_step":0.063,"incremental_steps_count":4,"incremental_marking_throughput":2.23021e+06,"incremental_walltime_duration":38.069,"background.mark":8.968,"background.sweep":0.466,"background.evacuate.copy":1.804,"background.evacuate.update_pointers":0.245,"conservative_stack_scanning":0,"compaction_speed":1.85916e+06}
[marking 0x13579c9dd8a9 <JSFunction __export (sfi = 0xdd7e45f9219)> for optimization to MAGLEV, ConcurrencyMode::kConcurrent, reason: hot and stable]
[compiling method 0x13579c9dd8a9 <JSFunction __export (sfi = 0xdd7e45f9219)> (target MAGLEV), mode: ConcurrencyMode::kConcurrent]
[completed compiling 0x13579c9dd8a9 <JSFunction __export (sfi = 0xdd7e45f9219)> (target MAGLEV) - took 0.001, 0.173, 0.002 ms]
[marking 0x016fe612e3a9 <JSFunction (sfi = 0x7ff3ba8cc59)> for optimization to MAGLEV, ConcurrencyMode::kConcurrent, reason: hot and stable]
[compiling method 0x016fe612e3a9 <JSFunction (sfi = 0x7ff3ba8cc59)> (target MAGLEV), mode: ConcurrencyMode::kConcurrent]
[marking 0x0bb393c9fa19 <JSFunction mapDefined (sfi = 0x1f3f9ab15149)> for optimization to MAGLEV, ConcurrencyMode::kConcurrent, reason: hot and stable]
[compiling method 0x0bb393c9fa19 <JSFunction mapDefined (sfi = 0x1f3f9ab15149)> (target MAGLEV) OSR, mode: ConcurrencyMode::kConcurrent]
[completed compiling 0x016fe612e3a9 <JSFunction (sfi = 0x7ff3ba8cc59)> (target MAGLEV) - took 0.001, 0.088, 0.002 ms]
[completed compiling 0x0bb393c9fa19 <JSFunction mapDefined (sfi = 0x1f3f9ab15149)> (target MAGLEV) OSR - took 0.000, 0.175, 0.003 ms]
[marking 0x0bb393ca0a19 <JSFunction multiMapAdd (sfi = 0x1f3f9ab16349)> for optimization to MAGLEV, ConcurrencyMode::kConcurrent, reason: hot and stable]
[compiling method 0x0bb393ca0a19 <JSFunction multiMapAdd (sfi = 0x1f3f9ab16349)> (target MAGLEV), mode: ConcurrencyMode::kConcurrent]
[completed compiling 0x0bb393ca0a19 <JSFunction multiMapAdd (sfi = 0x1f3f9ab16349)> (target MAGLEV) - took 0.000, 0.077, 0.002 ms]
[marking 0x0773daf8aeb9 <JSFunction (sfi = 0x184317cd8f81)> for optimization to MAGLEV, ConcurrencyMode::kConcurrent, reason: hot and stable]
[compiling method 0x0773daf8aeb9 <JSFunction (sfi = 0x184317cd8f81)> (target MAGLEV) OSR, mode: ConcurrencyMode::kConcurrent]
[completed compiling 0x0773daf8aeb9 <JSFunction (sfi = 0x184317cd8f81)> (target MAGLEV) OSR - took 0.001, 0.499, 0.006 ms]
[marking 0x008985ec88d9 <JSFunction ge (sfi = 0x2d32e2bd97c1)> for optimization to MAGLEV, ConcurrencyMode::kConcurrent, reason: hot and stable]
[compiling method 0x008985ec88d9 <JSFunction ge (sfi = 0x2d32e2bd97c1)> (target MAGLEV), mode: ConcurrencyMode::kConcurrent]
[completed compiling 0x008985ec88d9 <JSFunction ge (sfi = 0x2d32e2bd97c1)> (target MAGLEV) - took 0.000, 0.108, 0.000 ms]
[compiling method 0x0773daf8acb1 <JSFunction (sfi = 0x184317cd8f81)> (target MAGLEV), mode: ConcurrencyMode::kConcurrent]
[completed compiling 0x0773daf8acb1 <JSFunction (sfi = 0x184317cd8f81)> (target MAGLEV) - took 0.000, 0.309, 0.005 ms]
[marking 0x3a935fcb08d1 <JSFunction __export (sfi = 0x267e126b9361)> for optimization to MAGLEV, ConcurrencyMode::kConcurrent, reason: hot and stable]
[compiling method 0x3a935fcb08d1 <JSFunction __export (sfi = 0x267e126b9361)> (target MAGLEV) OSR, mode: ConcurrencyMode::kConcurrent]
[completed compiling 0x3a935fcb08d1 <JSFunction __export (sfi = 0x267e126b9361)> (target MAGLEV) OSR - took 0.000, 0.173, 0.005 ms]
[compiling method 0x3a935fcb08d1 <JSFunction __export (sfi = 0x267e126b9361)> (target TURBOFAN_JS) OSR, mode: ConcurrencyMode::kConcurrent]
[completed compiling 0x3a935fcb08d1 <JSFunction __export (sfi = 0x267e126b9361)> (target TURBOFAN_JS) OSR - took 0.002, 0.842, 0.015 ms]
[completed optimizing 0x3a935fcb08d1 <JSFunction __export (sfi = 0x267e126b9361)> (target TURBOFAN_JS) OSR]
[marking 0x0f7b1b6f19c9 <JSFunction diag (sfi = 0x3df98d159791)> for optimization to MAGLEV, ConcurrencyMode::kConcurrent, reason: hot and stable]
[compiling method 0x0f7b1b6f19c9 <JSFunction diag (sfi = 0x3df98d159791)> (target MAGLEV), mode: ConcurrencyMode::kConcurrent]
[completed compiling 0x0f7b1b6f19c9 <JSFunction diag (sfi = 0x3df98d159791)> (target MAGLEV) - took 0.000, 0.114, 0.004 ms]
[marking 0x3b6a49116631 <JSFunction (sfi = 0x13e45c062249)> for optimization to MAGLEV, ConcurrencyMode::kConcurrent, reason: hot and stable]
[compiling method 0x3b6a49116631 <JSFunction (sfi = 0x13e45c062249)> (target MAGLEV), mode: ConcurrencyMode::kConcurrent]
[marking 0x0f7b1b6edec9 <JSFunction mapDefined (sfi = 0x3df98d155141)> for optimization to MAGLEV, ConcurrencyMode::kConcurrent, reason: hot and stable]
[compiling method 0x0f7b1b6edec9 <JSFunction mapDefined (sfi = 0x3df98d155141)> (target MAGLEV) OSR, mode: ConcurrencyMode::kConcurrent]
[completed compiling 0x3b6a49116631 <JSFunction (sfi = 0x13e45c062249)> (target MAGLEV) - took 0.000, 0.102, 0.004 ms]
[completed compiling 0x0f7b1b6edec9 <JSFunction mapDefined (sfi = 0x3df98d155141)> (target MAGLEV) OSR - took 0.000, 0.173, 0.002 ms]
[marking 0x0f7b1b6eeec9 <JSFunction multiMapAdd (sfi = 0x3df98d156341)> for optimization to MAGLEV, ConcurrencyMode::kConcurrent, reason: hot and stable]
[compiling method 0x0f7b1b6eeec9 <JSFunction multiMapAdd (sfi = 0x3df98d156341)> (target MAGLEV), mode: ConcurrencyMode::kConcurrent]
[completed compiling 0x0f7b1b6eeec9 <JSFunction multiMapAdd (sfi = 0x3df98d156341)> (target MAGLEV) - took 0.000, 0.118, 0.002 ms]
[marking 0x0f7b1b6c4999 <JSFunction (sfi = 0x910f485fdc1)> for optimization to MAGLEV, ConcurrencyMode::kConcurrent, reason: hot and stable]
[compiling method 0x0f7b1b6c4999 <JSFunction (sfi = 0x910f485fdc1)> (target MAGLEV), mode: ConcurrencyMode::kConcurrent]
[87022:0xc6940c000:0]     1526 ms: GC: {"pause":0.564,"mutator":641.902,"gc":"s","reduce_memory":false,"time_to_safepoint":0,"stack":true,"reason":"allocation failure","collector_reason":"","start_object_size":50006304,"end_object_size":45545408,"start_memory_size":57360384,"end_memory_size":57360384,"start_holes_size":833880,"end_holes_size":833880,"pool_local_chunks":0,"pool_shared_chunks":0,"pool_total_chunks":0,"new_space_capacity":16777216,"old_gen_allocation_limit":56289639,"global_allocation_limit":56289639,"allocation_throughput":30872.8,"new_space_allocation_throughput":13333.1,"new_space_survive_rate":20.8111,"allocated":24503168,"promoted":9065592,"new_space_survived":3632312,"nodes_died_in_new":0,"nodes_copied_in_new":0,"nodes_promoted":0,"promotion_ratio":51.9408,"average_survival_ratio":57.3088,"promotion_rate":0,"during_sweeping":false,"heap.prologue":0,"heap.epilogue":0.001,"heap.external.prologue":0,"heap.external.epilogue":0,"heap.external_weak_global_handles":0,"complete.sweep_array_buffers":0,"scavenge":0.53,"scavenge.free_remembered_set":0.003,"scavenge.roots":0.034,"scavenge.weak":0,"scavenge.weak_global_handles.identify":0,"scavenge.weak_global_handles.process":0,"scavenge.parallel":0.436,"scavenge.pin_objects_conservative":0,"scavenge.pin_objects_precise":0,"scavenge.restore_pinned":0.001,"scavenge.sweep_array_buffers":0,"scavenge.resize_new_space":0,"background.scavenge.parallel":1.361,"incremental.steps_count":0,"incremental.steps_took":0,"scavenge_throughput":8.31811e+06,"quarantined_size":0,"quarantined_pages":0}
[marking dependent code 0x15fd939c02f1 <Code MAGLEV> (0x3df98d156341 <SharedFunctionInfo multiMapAdd>) (opt id 74) for deoptimization, reason: dependent allocation site tenuring changed]
[marking dependent code 0x37e1bd57fc69 <Code MAGLEV> (0x3df98d159791 <SharedFunctionInfo diag>) (opt id 71) for deoptimization, reason: dependent allocation site tenuring changed]
[marking dependent code 0x1cd1d1a85bc1 <Code MAGLEV> (0x1f3f9ab16349 <SharedFunctionInfo multiMapAdd>) (opt id 65) for deoptimization, reason: dependent allocation site tenuring changed]
[marking 0x14f00c1021a1 <JSFunction __importStar (sfi = 0x773daf862f1)> for optimization to MAGLEV, ConcurrencyMode::kConcurrent, reason: hot and stable]
[completed compiling 0x14f00c1020f9 <JSFunction (sfi = 0x910f485fdc1)> (target MAGLEV) - took 0.000, 0.758, 0.004 ms]
[compiling method 0x14f00c1021a1 <JSFunction __importStar (sfi = 0x773daf862f1)> (target MAGLEV) OSR, mode: ConcurrencyMode::kConcurrent]
[completed compiling 0x14f00c1021a1 <JSFunction __importStar (sfi = 0x773daf862f1)> (target MAGLEV) OSR - took 0.000, 0.116, 0.001 ms]
[compiling method 0x14f00c1021a1 <JSFunction __importStar (sfi = 0x773daf862f1)> (target TURBOFAN_JS) OSR, mode: ConcurrencyMode::kConcurrent]
[completed compiling 0x14f00c1021a1 <JSFunction __importStar (sfi = 0x773daf862f1)> (target TURBOFAN_JS) OSR - took 0.002, 1.080, 0.013 ms]
[completed optimizing 0x14f00c1021a1 <JSFunction __importStar (sfi = 0x773daf862f1)> (target TURBOFAN_JS) OSR]
[marking 0x32fc5134f839 <JSFunction requiresJSONParse (sfi = 0x1cf651ad5509)> for optimization to MAGLEV, ConcurrencyMode::kConcurrent, reason: hot and stable]
[compiling method 0x32fc5134f839 <JSFunction requiresJSONParse (sfi = 0x1cf651ad5509)> (target MAGLEV), mode: ConcurrencyMode::kConcurrent]
[completed compiling 0x32fc5134f839 <JSFunction requiresJSONParse (sfi = 0x1cf651ad5509)> (target MAGLEV) - took 0.000, 0.116, 0.001 ms]
[marking 0x12fa94494171 <JSFunction get hasSubscribers (sfi = 0x335285e9d7d9)> for optimization to MAGLEV, ConcurrencyMode::kConcurrent, reason: hot and stable]
[compiling method 0x12fa94494171 <JSFunction get hasSubscribers (sfi = 0x335285e9d7d9)> (target MAGLEV), mode: ConcurrencyMode::kConcurrent]
[completed compiling 0x12fa94494171 <JSFunction get hasSubscribers (sfi = 0x335285e9d7d9)> (target MAGLEV) - took 0.000, 0.079, 0.004 ms]
[marking 0x32fc51373351 <JSFunction assertEncoding (sfi = 0xb20cc0b59b9)> for optimization to MAGLEV, ConcurrencyMode::kConcurrent, reason: hot and stable]
[compiling method 0x32fc51373351 <JSFunction assertEncoding (sfi = 0xb20cc0b59b9)> (target MAGLEV), mode: ConcurrencyMode::kConcurrent]
[completed compiling 0x32fc51373351 <JSFunction assertEncoding (sfi = 0xb20cc0b59b9)> (target MAGLEV) - took 0.000, 0.060, 0.001 ms]
[marking 0x3c17d2917831 <JSFunction tryExtensions (sfi = 0x1cf651ac9d29)> for optimization to MAGLEV, ConcurrencyMode::kConcurrent, reason: hot and stable]
[compiling method 0x3c17d2917831 <JSFunction tryExtensions (sfi = 0x1cf651ac9d29)> (target MAGLEV), mode: ConcurrencyMode::kConcurrent]
[completed compiling 0x3c17d2917831 <JSFunction tryExtensions (sfi = 0x1cf651ac9d29)> (target MAGLEV) - took 0.000, 0.285, 0.002 ms]
[marking 0x3c17d2917a71 <JSFunction wrapResolveFilename (sfi = 0x1cf651ac9f21)> for optimization to MAGLEV, ConcurrencyMode::kConcurrent, reason: hot and stable]
[compiling method 0x3c17d2917a71 <JSFunction wrapResolveFilename (sfi = 0x1cf651ac9f21)> (target MAGLEV), mode: ConcurrencyMode::kConcurrent]
[completed compiling 0x3c17d2917a71 <JSFunction wrapResolveFilename (sfi = 0x1cf651ac9f21)> (target MAGLEV) - took 0.000, 0.144, 0.004 ms]
[marking 0x12fa94482009 <JSFunction get (sfi = 0x1fae2e8a6431)> for optimization to MAGLEV, ConcurrencyMode::kConcurrent, reason: hot and stable]
[compiling method 0x12fa94482009 <JSFunction get (sfi = 0x1fae2e8a6431)> (target MAGLEV), mode: ConcurrencyMode::kConcurrent]
[completed compiling 0x12fa94482009 <JSFunction get (sfi = 0x1fae2e8a6431)> (target MAGLEV) - took 0.000, 0.031, 0.001 ms]
[marking 0x3c17d2917579 <JSFunction wrapModuleLoad (sfi = 0x1cf651ac9a11)> for optimization to MAGLEV, ConcurrencyMode::kConcurrent, reason: hot and stable]
[compiling method 0x3c17d2917579 <JSFunction wrapModuleLoad (sfi = 0x1cf651ac9a11)> (target MAGLEV), mode: ConcurrencyMode::kConcurrent]
[marking 0x27f85a785ee9 <JSFunction require (sfi = 0x16cc2cdbfce1)> for optimization to MAGLEV, ConcurrencyMode::kConcurrent, reason: hot and stable]
[compiling method 0x11060994ca99 <JSFunction require (sfi = 0x16cc2cdbfce1)> (target MAGLEV), mode: ConcurrencyMode::kConcurrent]
[completed compiling 0x11060994ca99 <JSFunction require (sfi = 0x16cc2cdbfce1)> (target MAGLEV) - took 0.000, 0.031, 0.001 ms]
[completed compiling 0x3c17d2917579 <JSFunction wrapModuleLoad (sfi = 0x1cf651ac9a11)> (target MAGLEV) - took 0.000, 0.264, 0.003 ms]
[marking 0x3c17d29175f9 <JSFunction updateChildren (sfi = 0x1cf651ac9aa1)> for optimization to MAGLEV, ConcurrencyMode::kConcurrent, reason: hot and stable]
[compiling method 0x3c17d29175f9 <JSFunction updateChildren (sfi = 0x1cf651ac9aa1)> (target MAGLEV), mode: ConcurrencyMode::kConcurrent]
[completed compiling 0x3c17d29175f9 <JSFunction updateChildren (sfi = 0x1cf651ac9aa1)> (target MAGLEV) - took 0.000, 0.051, 0.000 ms]
[marking 0x3c17d2917179 <JSFunction getCjsConditions (sfi = 0x292980b11299)> for optimization to MAGLEV, ConcurrencyMode::kConcurrent, reason: hot and stable]
[compiling method 0x3c17d2917179 <JSFunction getCjsConditions (sfi = 0x292980b11299)> (target MAGLEV), mode: ConcurrencyMode::kConcurrent]
[completed compiling 0x3c17d2917179 <JSFunction getCjsConditions (sfi = 0x292980b11299)> (target MAGLEV) - took 0.000, 0.027, 0.000 ms]
[marking 0x3c17d2917ab1 <JSFunction defaultResolveImplForCJSLoading (sfi = 0x1cf651ac9f69)> for optimization to MAGLEV, ConcurrencyMode::kConcurrent, reason: hot and stable]
[compiling method 0x3c17d2917ab1 <JSFunction defaultResolveImplForCJSLoading (sfi = 0x1cf651ac9f69)> (target MAGLEV), mode: ConcurrencyMode::kConcurrent]
[completed compiling 0x3c17d2917ab1 <JSFunction defaultResolveImplForCJSLoading (sfi = 0x1cf651ac9f69)> (target MAGLEV) - took 0.001, 0.120, 0.003 ms]
[marking 0x271c1f907631 <JSFunction splitRoot (sfi = 0x3320f7571e49)> for optimization to MAGLEV, ConcurrencyMode::kConcurrent, reason: hot and stable]
[compiling method 0x271c1f907631 <JSFunction splitRoot (sfi = 0x3320f7571e49)> (target MAGLEV), mode: ConcurrencyMode::kConcurrent]
[completed compiling 0x271c1f907631 <JSFunction splitRoot (sfi = 0x3320f7571e49)> (target MAGLEV) - took 0.000, 0.091, 0.000 ms]
[marking 0x0b20cc092c81 <JSFunction setOwnProperty (sfi = 0x14e30fef6e01)> for optimization to MAGLEV, ConcurrencyMode::kConcurrent, reason: hot and stable]
[compiling method 0x0b20cc092c81 <JSFunction setOwnProperty (sfi = 0x14e30fef6e01)> (target MAGLEV), mode: ConcurrencyMode::kConcurrent]
[completed compiling 0x0b20cc092c81 <JSFunction setOwnProperty (sfi = 0x14e30fef6e01)> (target MAGLEV) - took 0.000, 0.057, 0.001 ms]
[marking 0x1cf651ad7261 <JSFunction Module._findPath (sfi = 0x1cf651aca939)> for optimization to MAGLEV, ConcurrencyMode::kConcurrent, reason: hot and stable]
[compiling method 0x1cf651ad7261 <JSFunction Module._findPath (sfi = 0x1cf651aca939)> (target MAGLEV), mode: ConcurrencyMode::kConcurrent]
[completed compiling 0x1cf651ad7261 <JSFunction Module._findPath (sfi = 0x1cf651aca939)> (target MAGLEV) - took 0.000, 0.397, 0.006 ms]
[marking 0x1cf651ad72e9 <JSFunction Module._nodeModulePaths (sfi = 0x1cf651acaa49)> for optimization to TURBOFAN_JS, ConcurrencyMode::kConcurrent, reason: hot and stable]
[marking 0x1cf651ad7371 <JSFunction Module._resolveLookupPaths (sfi = 0x1cf651acaad1)> for optimization to MAGLEV, ConcurrencyMode::kConcurrent, reason: hot and stable]
[compiling method 0x1cf651ad72e9 <JSFunction Module._nodeModulePaths (sfi = 0x1cf651acaa49)> (target TURBOFAN_JS), mode: ConcurrencyMode::kConcurrent]
[compiling method 0x1cf651ad7371 <JSFunction Module._resolveLookupPaths (sfi = 0x1cf651acaad1)> (target MAGLEV), mode: ConcurrencyMode::kConcurrent]
[completed compiling 0x1cf651ad7371 <JSFunction Module._resolveLookupPaths (sfi = 0x1cf651acaad1)> (target MAGLEV) - took 0.000, 0.264, 0.004 ms]
[completed compiling 0x1cf651ad72e9 <JSFunction Module._nodeModulePaths (sfi = 0x1cf651acaa49)> (target TURBOFAN_JS) - took 0.003, 2.311, 0.013 ms]
[completed optimizing 0x1cf651ad72e9 <JSFunction Module._nodeModulePaths (sfi = 0x1cf651acaa49)> (target TURBOFAN_JS)]
[marking 0x32fc5134fe81 <JSFunction deserializePackageJSON (sfi = 0x1cf651ad52a1)> for optimization to MAGLEV, ConcurrencyMode::kConcurrent, reason: hot and stable]
[compiling method 0x32fc5134fe81 <JSFunction deserializePackageJSON (sfi = 0x1cf651ad52a1)> (target MAGLEV), mode: ConcurrencyMode::kConcurrent]
[completed compiling 0x32fc5134fe81 <JSFunction deserializePackageJSON (sfi = 0x1cf651ad52a1)> (target MAGLEV) - took 0.000, 0.208, 0.006 ms]
[marking 0x17675a881d99 <JSFunction SafeMap (sfi = 0xe67b9106be9)> for optimization to MAGLEV, ConcurrencyMode::kConcurrent, reason: hot and stable]
[compiling method 0x17675a881d99 <JSFunction SafeMap (sfi = 0xe67b9106be9)> (target MAGLEV), mode: ConcurrencyMode::kConcurrent]
[completed compiling 0x17675a881d99 <JSFunction SafeMap (sfi = 0xe67b9106be9)> (target MAGLEV) - took 0.000, 0.027, 0.001 ms]
[marking 0x1cf651ad7481 <JSFunction Module._resolveFilename (sfi = 0x1cf651acac69)> for optimization to MAGLEV, ConcurrencyMode::kConcurrent, reason: hot and stable]
[compiling method 0x1cf651ad7481 <JSFunction Module._resolveFilename (sfi = 0x1cf651acac69)> (target MAGLEV), mode: ConcurrencyMode::kConcurrent]
[completed compiling 0x1cf651ad7481 <JSFunction Module._resolveFilename (sfi = 0x1cf651acac69)> (target MAGLEV) - took 0.001, 0.353, 0.008 ms]
[marking 0x335285e854b1 <JSFunction SafeSet (sfi = 0xe67b9106c79)> for optimization to MAGLEV, ConcurrencyMode::kConcurrent, reason: hot and stable]
[compiling method 0x335285e854b1 <JSFunction SafeSet (sfi = 0xe67b9106c79)> (target MAGLEV), mode: ConcurrencyMode::kConcurrent]
[completed compiling 0x335285e854b1 <JSFunction SafeSet (sfi = 0xe67b9106c79)> (target MAGLEV) - took 0.000, 0.044, 0.002 ms]
[marking 0x1506a445e301 <JSFunction (sfi = 0xb20cc0b66d9)> for optimization to MAGLEV, ConcurrencyMode::kConcurrent, reason: hot and stable]
[compiling method 0x1506a445e301 <JSFunction (sfi = 0xb20cc0b66d9)> (target MAGLEV), mode: ConcurrencyMode::kConcurrent]
[completed compiling 0x1506a445e301 <JSFunction (sfi = 0xb20cc0b66d9)> (target MAGLEV) - took 0.000, 0.112, 0.003 ms]
[marking 0x3c17d29172b1 <JSFunction toRealPath (sfi = 0x292980b11209)> for optimization to MAGLEV, ConcurrencyMode::kConcurrent, reason: hot and stable]
[compiling method 0x3c17d29172b1 <JSFunction toRealPath (sfi = 0x292980b11209)> (target MAGLEV), mode: ConcurrencyMode::kConcurrent]
[completed compiling 0x3c17d29172b1 <JSFunction toRealPath (sfi = 0x292980b11209)> (target MAGLEV) - took 0.000, 0.045, 0.002 ms]
[marking 0x32fc5134ffc1 <JSFunction getOptions (sfi = 0xb20cc0b5b21)> for optimization to MAGLEV, ConcurrencyMode::kConcurrent, reason: hot and stable]
[compiling method 0x32fc5134ffc1 <JSFunction getOptions (sfi = 0xb20cc0b5b21)> (target MAGLEV), mode: ConcurrencyMode::kConcurrent]
[completed compiling 0x32fc5134ffc1 <JSFunction getOptions (sfi = 0xb20cc0b5b21)> (target MAGLEV) - took 0.000, 0.133, 0.002 ms]
[marking 0x292980b05589 <JSFunction isInt32 (sfi = 0x14e30fef0629)> for optimization to MAGLEV, ConcurrencyMode::kConcurrent, reason: hot and stable]
[compiling method 0x292980b05589 <JSFunction isInt32 (sfi = 0x14e30fef0629)> (target MAGLEV), mode: ConcurrencyMode::kConcurrent]
[completed compiling 0x292980b05589 <JSFunction isInt32 (sfi = 0x14e30fef0629)> (target MAGLEV) - took 0.000, 0.038, 0.000 ms]
[marking 0x1506a4440f51 <JSFunction getNearestParentPackageJSON (sfi = 0x1cf651ad5359)> for optimization to MAGLEV, ConcurrencyMode::kConcurrent, reason: hot and stable]
[compiling method 0x1506a4440f51 <JSFunction getNearestParentPackageJSON (sfi = 0x1cf651ad5359)> (target MAGLEV), mode: ConcurrencyMode::kConcurrent]
[completed compiling 0x1506a4440f51 <JSFunction getNearestParentPackageJSON (sfi = 0x1cf651ad5359)> (target MAGLEV) - took 0.000, 0.093, 0.003 ms]
[marking 0x3c17d2917e71 <JSFunction isRelative (sfi = 0x1cf651aca429)> for optimization to MAGLEV, ConcurrencyMode::kConcurrent, reason: hot and stable]
[compiling method 0x3c17d2917e71 <JSFunction isRelative (sfi = 0x1cf651aca429)> (target MAGLEV), mode: ConcurrencyMode::kConcurrent]
[completed compiling 0x3c17d2917e71 <JSFunction isRelative (sfi = 0x1cf651aca429)> (target MAGLEV) - took 0.000, 0.090, 0.002 ms]
[marking 0x0f695d800441 <JSFunction normalize (sfi = 0x335285eb8cd1)> for optimization to MAGLEV, ConcurrencyMode::kConcurrent, reason: hot and stable]
[compiling method 0x0f695d800441 <JSFunction normalize (sfi = 0x335285eb8cd1)> (target MAGLEV), mode: ConcurrencyMode::kConcurrent]
[completed compiling 0x0f695d800441 <JSFunction normalize (sfi = 0x335285eb8cd1)> (target MAGLEV) - took 0.000, 0.109, 0.001 ms]
[marking 0x3c17d2908c19 <JSFunction lazyModule (sfi = 0x292980b11401)> for optimization to MAGLEV, ConcurrencyMode::kConcurrent, reason: hot and stable]
[compiling method 0x3c17d2908c19 <JSFunction lazyModule (sfi = 0x292980b11401)> (target MAGLEV), mode: ConcurrencyMode::kConcurrent]
[completed compiling 0x3c17d2908c19 <JSFunction lazyModule (sfi = 0x292980b11401)> (target MAGLEV) - took 0.000, 0.065, 0.001 ms]
[marking 0x3c17d2917239 <JSFunction setHasStartedUserCJSExecution (sfi = 0x292980b118a9)> for optimization to MAGLEV, ConcurrencyMode::kConcurrent, reason: hot and stable]
[compiling method 0x3c17d2917239 <JSFunction setHasStartedUserCJSExecution (sfi = 0x292980b118a9)> (target MAGLEV), mode: ConcurrencyMode::kConcurrent]
[completed compiling 0x3c17d2917239 <JSFunction setHasStartedUserCJSExecution (sfi = 0x292980b118a9)> (target MAGLEV) - took 0.000, 0.040, 0.000 ms]
[bailout (kind: deopt-eager, reason: Insufficient type feedback for compare operation): begin. deoptimizing 0x1cf651ad7261 <JSFunction Module._findPath (sfi = 0x1cf651aca939)>, 0x39911f484421 <Code MAGLEV>, opt id 91, bytecode offset 191, deopt exit 16, FP to SP delta 144, caller SP 0x00016f12d0e8, pc 0x0001176087e4]
[marking 0x1cf651ad73f9 <JSFunction Module._load (sfi = 0x1cf651acabe9)> for optimization to MAGLEV, ConcurrencyMode::kConcurrent, reason: hot and stable]
[compiling method 0x1cf651ad73f9 <JSFunction Module._load (sfi = 0x1cf651acabe9)> (target MAGLEV), mode: ConcurrencyMode::kConcurrent]
[marking 0x0f695d800479 <JSFunction isAbsolute (sfi = 0x335285eb8d19)> for optimization to MAGLEV, ConcurrencyMode::kConcurrent, reason: hot and stable]
[completed compiling 0x1cf651ad73f9 <JSFunction Module._load (sfi = 0x1cf651acabe9)> (target MAGLEV) - took 0.001, 0.446, 0.010 ms]
[compiling method 0x0f695d800479 <JSFunction isAbsolute (sfi = 0x335285eb8d19)> (target MAGLEV), mode: ConcurrencyMode::kConcurrent]
[completed compiling 0x0f695d800479 <JSFunction isAbsolute (sfi = 0x335285eb8d19)> (target MAGLEV) - took 0.000, 0.073, 0.001 ms]
[87022:0xc6940c000:0]     1640 ms: GC: {"pause":0.843,"mutator":113.455,"gc":"s","reduce_memory":false,"time_to_safepoint":0,"stack":true,"reason":"allocation failure","collector_reason":"","start_object_size":62027744,"end_object_size":54070936,"start_memory_size":71434240,"end_memory_size":75366400,"start_holes_size":767224,"end_holes_size":1117952,"pool_local_chunks":0,"pool_shared_chunks":0,"pool_total_chunks":0,"new_space_capacity":16777216,"old_gen_allocation_limit":53702023,"global_allocation_limit":53702023,"allocation_throughput":134060,"new_space_allocation_throughput":67740.5,"new_space_survive_rate":27.5711,"allocated":16482336,"promoted":4126480,"new_space_survived":4775720,"nodes_died_in_new":0,"nodes_copied_in_new":0,"nodes_promoted":0,"promotion_ratio":23.8229,"average_survival_ratio":59.7832,"promotion_rate":113.605,"during_sweeping":false,"heap.prologue":0,"heap.epilogue":0,"heap.external.prologue":0,"heap.external.epilogue":0,"heap.external_weak_global_handles":0,"complete.sweep_array_buffers":0,"scavenge":0.829,"scavenge.free_remembered_set":0.016,"scavenge.roots":0.045,"scavenge.weak":0,"scavenge.weak_global_handles.identify":0,"scavenge.weak_global_handles.process":0,"scavenge.parallel":0.661,"scavenge.pin_objects_conservative":0,"scavenge.pin_objects_precise":0,"scavenge.restore_pinned":0.004,"scavenge.sweep_array_buffers":0.003,"scavenge.resize_new_space":0,"background.scavenge.parallel":2.785,"incremental.steps_count":0,"incremental.steps_took":0,"scavenge_throughput":8.85566e+06,"quarantined_size":0,"quarantined_pages":0}
[marking 0x32fc51351b41 <JSFunction Module (sfi = 0x1cf651ac9b79)> for optimization to MAGLEV, ConcurrencyMode::kConcurrent, reason: hot and stable]
[compiling method 0x32fc51351b41 <JSFunction Module (sfi = 0x1cf651ac9b79)> (target MAGLEV), mode: ConcurrencyMode::kConcurrent]
[completed compiling 0x32fc51351b41 <JSFunction Module (sfi = 0x1cf651ac9b79)> (target MAGLEV) - took 0.000, 0.199, 0.005 ms]
[marking 0x0f695d800c09 <JSFunction getSourceMapsSupport (sfi = 0x3320f75658c1)> for optimization to MAGLEV, ConcurrencyMode::kConcurrent, reason: hot and stable]
[compiling method 0x0f695d800c09 <JSFunction getSourceMapsSupport (sfi = 0x3320f75658c1)> (target MAGLEV), mode: ConcurrencyMode::kConcurrent]
[completed compiling 0x0f695d800c09 <JSFunction getSourceMapsSupport (sfi = 0x3320f75658c1)> (target MAGLEV) - took 0.000, 0.049, 0.001 ms]
[marking 0x2f60a6862731 <JSFunction isLineTerminatorJSON (sfi = 0x2f60a68623d9)> for optimization to MAGLEV, ConcurrencyMode::kConcurrent, reason: hot and stable]
[compiling method 0x2f60a6862731 <JSFunction isLineTerminatorJSON (sfi = 0x2f60a68623d9)> (target MAGLEV), mode: ConcurrencyMode::kConcurrent]
[marking 0x05efe2c217c9 <JSFunction parseString (sfi = 0x2f60a6863571)> for optimization to MAGLEV, ConcurrencyMode::kConcurrent, reason: hot and stable]
[compiling method 0x05efe2c217c9 <JSFunction parseString (sfi = 0x2f60a6863571)> (target MAGLEV), mode: ConcurrencyMode::kConcurrent]
[completed compiling 0x2f60a6862731 <JSFunction isLineTerminatorJSON (sfi = 0x2f60a68623d9)> (target MAGLEV) - took 0.000, 0.060, 0.001 ms]
[completed compiling 0x05efe2c217c9 <JSFunction parseString (sfi = 0x2f60a6863571)> (target MAGLEV) - took 0.000, 0.176, 0.002 ms]
[marking 0x2f60a6862621 <JSFunction isWhiteSpaceJSON (sfi = 0x2f60a6862349)> for optimization to MAGLEV, ConcurrencyMode::kConcurrent, reason: hot and stable]
[compiling method 0x2f60a6862621 <JSFunction isWhiteSpaceJSON (sfi = 0x2f60a6862349)> (target MAGLEV), mode: ConcurrencyMode::kConcurrent]
[completed compiling 0x2f60a6862621 <JSFunction isWhiteSpaceJSON (sfi = 0x2f60a6862349)> (target MAGLEV) - took 0.000, 0.031, 0.000 ms]
[marking 0x05efe2c21829 <JSFunction tokenStart (sfi = 0x2f60a68635b9)> for optimization to MAGLEV, ConcurrencyMode::kConcurrent, reason: hot and stable]
[marking 0x05efe2c21869 <JSFunction tokenEnd (sfi = 0x2f60a6863601)> for optimization to MAGLEV, ConcurrencyMode::kConcurrent, reason: hot and stable]
[compiling method 0x05efe2c21829 <JSFunction tokenStart (sfi = 0x2f60a68635b9)> (target MAGLEV), mode: ConcurrencyMode::kConcurrent]
[compiling method 0x05efe2c21869 <JSFunction tokenEnd (sfi = 0x2f60a6863601)> (target MAGLEV), mode: ConcurrencyMode::kConcurrent]
[completed compiling 0x05efe2c21829 <JSFunction tokenStart (sfi = 0x2f60a68635b9)> (target MAGLEV) - took 0.000, 0.018, 0.000 ms]
[completed compiling 0x05efe2c21869 <JSFunction tokenEnd (sfi = 0x2f60a6863601)> (target MAGLEV) - took 0.000, 0.012, 0.000 ms]
[marking 0x05efe2c21609 <JSFunction skipWhiteSpace (sfi = 0x2f60a6863379)> for optimization to MAGLEV, ConcurrencyMode::kConcurrent, reason: hot and stable]
[compiling method 0x05efe2c21609 <JSFunction skipWhiteSpace (sfi = 0x2f60a6863379)> (target MAGLEV), mode: ConcurrencyMode::kConcurrent]
[completed compiling 0x05efe2c21609 <JSFunction skipWhiteSpace (sfi = 0x2f60a6863379)> (target MAGLEV) - took 0.000, 0.256, 0.001 ms]
[marking 0x380e395e5131 <JSFunction shouldUseRule (sfi = 0x37ee73533149)> for optimization to MAGLEV, ConcurrencyMode::kConcurrent, reason: hot and stable]
[compiling method 0x380e395e5131 <JSFunction shouldUseRule (sfi = 0x37ee73533149)> (target MAGLEV), mode: ConcurrencyMode::kConcurrent]
[marking 0x380e395e7491 <JSFunction addCodeArg (sfi = 0x37ee73529701)> for optimization to MAGLEV, ConcurrencyMode::kConcurrent, reason: hot and stable]
[compiling method 0x380e395e7491 <JSFunction addCodeArg (sfi = 0x37ee73529701)> (target MAGLEV), mode: ConcurrencyMode::kConcurrent]
[completed compiling 0x380e395e5131 <JSFunction shouldUseRule (sfi = 0x37ee73533149)> (target MAGLEV) - took 0.000, 0.169, 0.003 ms]
[completed compiling 0x380e395e7491 <JSFunction addCodeArg (sfi = 0x37ee73529701)> (target MAGLEV) - took 0.000, 0.136, 0.003 ms]
[marking 0x3fcc0d51baa1 <JSFunction (sfi = 0x2f60a686d5d1)> for optimization to MAGLEV, ConcurrencyMode::kConcurrent, reason: hot and stable]
[compiling method 0x3fcc0d51baa1 <JSFunction (sfi = 0x2f60a686d5d1)> (target MAGLEV), mode: ConcurrencyMode::kConcurrent]
[completed compiling 0x3fcc0d51baa1 <JSFunction (sfi = 0x2f60a686d5d1)> (target MAGLEV) - took 0.000, 0.087, 0.002 ms]
[marking 0x380e395e7411 <JSFunction _ (sfi = 0x37ee73529671)> for optimization to MAGLEV, ConcurrencyMode::kConcurrent, reason: hot and stable]
[compiling method 0x380e395e7411 <JSFunction _ (sfi = 0x37ee73529671)> (target MAGLEV), mode: ConcurrencyMode::kConcurrent]
[completed compiling 0x380e395e7411 <JSFunction _ (sfi = 0x37ee73529671)> (target MAGLEV) - took 0.000, 0.273, 0.005 ms]
[marking dependent code 0x0506ae4c1dd1 <Code MAGLEV> (0x37ee73529671 <SharedFunctionInfo _>) (opt id 120) for deoptimization, reason: dependent prototype chain changed]
[marking dependent code 0x0506ae4c0401 <Code MAGLEV> (0x37ee73529701 <SharedFunctionInfo addCodeArg>) (opt id 118) for deoptimization, reason: dependent prototype chain changed]
[marking 0x380e395e7491 <JSFunction addCodeArg (sfi = 0x37ee73529701)> for optimization to MAGLEV, ConcurrencyMode::kConcurrent, reason: hot and stable]
[marking 0x380e395e7411 <JSFunction _ (sfi = 0x37ee73529671)> for optimization to MAGLEV, ConcurrencyMode::kConcurrent, reason: hot and stable]
[compiling method 0x380e395e7491 <JSFunction addCodeArg (sfi = 0x37ee73529701)> (target MAGLEV), mode: ConcurrencyMode::kConcurrent]
[compiling method 0x380e395e7411 <JSFunction _ (sfi = 0x37ee73529671)> (target MAGLEV), mode: ConcurrencyMode::kConcurrent]
[completed compiling 0x380e395e7491 <JSFunction addCodeArg (sfi = 0x37ee73529701)> (target MAGLEV) - took 0.000, 0.095, 0.004 ms]
[completed compiling 0x380e395e7411 <JSFunction _ (sfi = 0x37ee73529671)> (target MAGLEV) - took 0.000, 0.229, 0.003 ms]
[marking 0x0b0a4457f549 <JSFunction (sfi = 0x2f60a687beb9)> for optimization to MAGLEV, ConcurrencyMode::kConcurrent, reason: hot and stable]
[compiling method 0x0b0a4457f549 <JSFunction (sfi = 0x2f60a687beb9)> (target MAGLEV), mode: ConcurrencyMode::kConcurrent]
[completed compiling 0x0b0a4457f549 <JSFunction (sfi = 0x2f60a687beb9)> (target MAGLEV) - took 0.000, 0.023, 0.000 ms]
[marking 0x215caa2bd869 <JSFunction _Code (sfi = 0x37ee73529b59)> for optimization to MAGLEV, ConcurrencyMode::kConcurrent, reason: hot and stable]
[compiling method 0x215caa2bd869 <JSFunction _Code (sfi = 0x37ee73529b59)> (target MAGLEV), mode: ConcurrencyMode::kConcurrent]
[completed compiling 0x215caa2bd869 <JSFunction _Code (sfi = 0x37ee73529b59)> (target MAGLEV) - took 0.000, 0.064, 0.002 ms]
[marking 0x016fe611c3b9 <JSFunction get _currNode (sfi = 0x37ee735253e1)> for optimization to MAGLEV, ConcurrencyMode::kConcurrent, reason: hot and stable]
[compiling method 0x016fe611c3b9 <JSFunction get _currNode (sfi = 0x37ee735253e1)> (target MAGLEV), mode: ConcurrencyMode::kConcurrent]
[completed compiling 0x016fe611c3b9 <JSFunction get _currNode (sfi = 0x37ee735253e1)> (target MAGLEV) - took 0.000, 0.031, 0.001 ms]
[marking 0x380e395e7551 <JSFunction safeStringify (sfi = 0x37ee735298b1)> for optimization to MAGLEV, ConcurrencyMode::kConcurrent, reason: hot and stable]
[compiling method 0x380e395e7551 <JSFunction safeStringify (sfi = 0x37ee735298b1)> (target MAGLEV), mode: ConcurrencyMode::kConcurrent]
[completed compiling 0x380e395e7551 <JSFunction safeStringify (sfi = 0x37ee735298b1)> (target MAGLEV) - took 0.000, 0.146, 0.003 ms]
[marking 0x016fe6119b89 <JSFunction get (sfi = 0x37ee73522bd9)> for optimization to MAGLEV, ConcurrencyMode::kConcurrent, reason: hot and stable]
[compiling method 0x016fe6119b89 <JSFunction get (sfi = 0x37ee73522bd9)> (target MAGLEV), mode: ConcurrencyMode::kConcurrent]
[completed compiling 0x016fe6119b89 <JSFunction get (sfi = 0x37ee73522bd9)> (target MAGLEV) - took 0.000, 0.015, 0.001 ms]
[marking 0x380e395f9ca9 <JSFunction optimize (sfi = 0x37ee73529749)> for optimization to MAGLEV, ConcurrencyMode::kConcurrent, reason: hot and stable]
[compiling method 0x380e395f9ca9 <JSFunction optimize (sfi = 0x37ee73529749)> (target MAGLEV), mode: ConcurrencyMode::kConcurrent]
[completed compiling 0x380e395f9ca9 <JSFunction optimize (sfi = 0x37ee73529749)> (target MAGLEV) - took 0.000, 0.227, 0.002 ms]
[marking 0x380e395e16c9 <JSFunction optimizeNodes (sfi = 0x37ee73523cf1)> for optimization to MAGLEV, ConcurrencyMode::kConcurrent, reason: hot and stable]
[compiling method 0x380e395e16c9 <JSFunction optimizeNodes (sfi = 0x37ee73523cf1)> (target MAGLEV), mode: ConcurrencyMode::kConcurrent]
[marking 0x380e395e1511 <JSFunction optimizeNodes (sfi = 0x37ee73523521)> for optimization to MAGLEV, ConcurrencyMode::kConcurrent, reason: hot and stable]
[compiling method 0x380e395e1511 <JSFunction optimizeNodes (sfi = 0x37ee73523521)> (target MAGLEV), mode: ConcurrencyMode::kConcurrent]
[completed compiling 0x380e395e1511 <JSFunction optimizeNodes (sfi = 0x37ee73523521)> (target MAGLEV) - took 0.000, 0.034, 0.001 ms]
[completed compiling 0x380e395e16c9 <JSFunction optimizeNodes (sfi = 0x37ee73523cf1)> (target MAGLEV) - took 0.000, 0.163, 0.002 ms]
[marking 0x2abdcc741771 <JSFunction (sfi = 0x2f60a687c8e1)> for optimization to MAGLEV, ConcurrencyMode::kConcurrent, reason: hot and stable]
[compiling method 0x2abdcc741771 <JSFunction (sfi = 0x2f60a687c8e1)> (target MAGLEV), mode: ConcurrencyMode::kConcurrent]
[completed compiling 0x2abdcc741771 <JSFunction (sfi = 0x2f60a687c8e1)> (target MAGLEV) - took 0.000, 0.053, 0.002 ms]
[marking 0x380e395e1ae9 <JSFunction addNames (sfi = 0x37ee73522929)> for optimization to MAGLEV, ConcurrencyMode::kConcurrent, reason: hot and stable]
[compiling method 0x380e395e1ae9 <JSFunction addNames (sfi = 0x37ee73522929)> (target MAGLEV), mode: ConcurrencyMode::kConcurrent]
[completed compiling 0x380e395e1ae9 <JSFunction addNames (sfi = 0x37ee73522929)> (target MAGLEV) - took 0.000, 0.087, 0.000 ms]
[marking 0x20afb20468b9 <JSFunction (sfi = 0x2f60a687c461)> for optimization to MAGLEV, ConcurrencyMode::kConcurrent, reason: hot and stable]
[compiling method 0x20afb20468b9 <JSFunction (sfi = 0x2f60a687c461)> (target MAGLEV), mode: ConcurrencyMode::kConcurrent]
[completed compiling 0x20afb20468b9 <JSFunction (sfi = 0x2f60a687c461)> (target MAGLEV) - took 0.000, 0.057, 0.001 ms]
[marking 0x215caa2bd979 <JSFunction get names (sfi = 0x37ee73529cb1)> for optimization to MAGLEV, ConcurrencyMode::kConcurrent, reason: hot and stable]
[compiling method 0x215caa2bd979 <JSFunction get names (sfi = 0x37ee73529cb1)> (target MAGLEV), mode: ConcurrencyMode::kConcurrent]
[marking 0x0937e0ee9501 <JSFunction (sfi = 0x2f60a687e861)> for optimization to MAGLEV, ConcurrencyMode::kConcurrent, reason: hot and stable]
[compiling method 0x0937e0ee9501 <JSFunction (sfi = 0x2f60a687e861)> (target MAGLEV), mode: ConcurrencyMode::kConcurrent]
[completed compiling 0x215caa2bd979 <JSFunction get names (sfi = 0x37ee73529cb1)> (target MAGLEV) - took 0.001, 0.131, 0.004 ms]
[completed compiling 0x0937e0ee9501 <JSFunction (sfi = 0x2f60a687e861)> (target MAGLEV) - took 0.000, 0.079, 0.002 ms]
[marking 0x380e395e1739 <JSFunction optimizeNames (sfi = 0x37ee73523d39)> for optimization to MAGLEV, ConcurrencyMode::kConcurrent, reason: hot and stable]
[compiling method 0x380e395e1739 <JSFunction optimizeNames (sfi = 0x37ee73523d39)> (target MAGLEV), mode: ConcurrencyMode::kConcurrent]
[marking 0x2097eeb413d9 <JSFunction (sfi = 0x2f60a687e741)> for optimization to MAGLEV, ConcurrencyMode::kConcurrent, reason: hot and stable]
[compiling method 0x2097eeb413d9 <JSFunction (sfi = 0x2f60a687e741)> (target MAGLEV), mode: ConcurrencyMode::kConcurrent]
[marking 0x2097eeb49301 <JSFunction canOptimize (sfi = 0x2f60a687e6f9)> for optimization to MAGLEV, ConcurrencyMode::kConcurrent, reason: hot and stable]
[compiling method 0x2097eeb493b9 <JSFunction canOptimize (sfi = 0x2f60a687e6f9)> (target MAGLEV), mode: ConcurrencyMode::kConcurrent]
[completed compiling 0x2097eeb413d9 <JSFunction (sfi = 0x2f60a687e741)> (target MAGLEV) - took 0.000, 0.084, 0.002 ms]
[completed compiling 0x2097eeb493b9 <JSFunction canOptimize (sfi = 0x2f60a687e6f9)> (target MAGLEV) - took 0.000, 0.042, 0.002 ms]
[completed compiling 0x380e395e1739 <JSFunction optimizeNames (sfi = 0x37ee73523d39)> (target MAGLEV) - took 0.000, 0.184, 0.001 ms]
[marking 0x3c83176927f1 <JSFunction toString (sfi = 0x37ee73529a61)> for optimization to MAGLEV, ConcurrencyMode::kConcurrent, reason: hot and stable]
[compiling method 0x3c83176927f1 <JSFunction toString (sfi = 0x37ee73529a61)> (target MAGLEV), mode: ConcurrencyMode::kConcurrent]
[completed compiling 0x3c83176927f1 <JSFunction toString (sfi = 0x37ee73529a61)> (target MAGLEV) - took 0.000, 0.019, 0.001 ms]
[marking 0x2097eeb7b881 <JSFunction (sfi = 0x2f60a687f0e9)> for optimization to MAGLEV, ConcurrencyMode::kConcurrent, reason: hot and stable]
[compiling method 0x2097eeb7b881 <JSFunction (sfi = 0x2f60a687f0e9)> (target MAGLEV), mode: ConcurrencyMode::kConcurrent]
[completed compiling 0x2097eeb7b881 <JSFunction (sfi = 0x2f60a687f0e9)> (target MAGLEV) - took 0.000, 0.047, 0.000 ms]
[marking 0x215caa2bd941 <JSFunction get str (sfi = 0x37ee73529c49)> for optimization to MAGLEV, ConcurrencyMode::kConcurrent, reason: hot and stable]
[marking 0x3c8317692751 <JSFunction toString (sfi = 0x37ee73529ba1)> for optimization to MAGLEV, ConcurrencyMode::kConcurrent, reason: hot and stable]
[compiling method 0x3c8317692751 <JSFunction toString (sfi = 0x37ee73529ba1)> (target MAGLEV), mode: ConcurrencyMode::kConcurrent]
[compiling method 0x215caa2bd941 <JSFunction get str (sfi = 0x37ee73529c49)> (target MAGLEV), mode: ConcurrencyMode::kConcurrent]
[completed compiling 0x3c8317692751 <JSFunction toString (sfi = 0x37ee73529ba1)> (target MAGLEV) - took 0.000, 0.029, 0.001 ms]
[completed compiling 0x215caa2bd941 <JSFunction get str (sfi = 0x37ee73529c49)> (target MAGLEV) - took 0.000, 0.065, 0.003 ms]
[marking 0x380e395f9d29 <JSFunction interpolate (sfi = 0x37ee73529821)> for optimization to MAGLEV, ConcurrencyMode::kConcurrent, reason: hot and stable]
[compiling method 0x380e395f9d29 <JSFunction interpolate (sfi = 0x37ee73529821)> (target MAGLEV), mode: ConcurrencyMode::kConcurrent]
[completed compiling 0x380e395f9d29 <JSFunction interpolate (sfi = 0x37ee73529821)> (target MAGLEV) - took 0.000, 0.073, 0.002 ms]
[marking 0x1eac1ecdf221 <JSFunction (sfi = 0x2f60a686d859)> for optimization to MAGLEV, ConcurrencyMode::kConcurrent, reason: hot and stable]
[compiling method 0x1eac1ece53f1 <JSFunction (sfi = 0x2f60a686d859)> (target MAGLEV), mode: ConcurrencyMode::kConcurrent]
[completed compiling 0x1eac1ece53f1 <JSFunction (sfi = 0x2f60a686d859)> (target MAGLEV) - took 0.000, 0.280, 0.005 ms]
[marking 0x380e395e6dd1 <JSFunction _leafNode (sfi = 0x37ee73525239)> for optimization to MAGLEV, ConcurrencyMode::kConcurrent, reason: hot and stable]
[compiling method 0x380e395e6dd1 <JSFunction _leafNode (sfi = 0x37ee73525239)> (target MAGLEV), mode: ConcurrencyMode::kConcurrent]
[marking 0x380e395e7451 <JSFunction str (sfi = 0x37ee735296b9)> for optimization to MAGLEV, ConcurrencyMode::kConcurrent, reason: hot and stable]
[completed compiling 0x380e395e6dd1 <JSFunction _leafNode (sfi = 0x37ee73525239)> (target MAGLEV) - took 0.000, 0.045, 0.002 ms]
[marking 0x335285e8c649 <JSFunction isEncoding (sfi = 0x1fae2e8b6c81)> for optimization to MAGLEV, ConcurrencyMode::kConcurrent, reason: hot and stable]
[compiling method 0x335285e8c649 <JSFunction isEncoding (sfi = 0x1fae2e8b6c81)> (target MAGLEV), mode: ConcurrencyMode::kConcurrent]
[completed compiling 0x335285e8c649 <JSFunction isEncoding (sfi = 0x1fae2e8b6c81)> (target MAGLEV) - took 0.000, 0.069, 0.002 ms]
[marking 0x3c17d29171f9 <JSFunction makeRequireFunction (sfi = 0x292980b11449)> for optimization to MAGLEV, ConcurrencyMode::kConcurrent, reason: hot and stable]
[compiling method 0x3c17d29171f9 <JSFunction makeRequireFunction (sfi = 0x292980b11449)> (target MAGLEV), mode: ConcurrencyMode::kConcurrent]
[completed compiling 0x3c17d29171f9 <JSFunction makeRequireFunction (sfi = 0x292980b11449)> (target MAGLEV) - took 0.000, 0.126, 0.004 ms]
[marking 0x1506a4458e59 <JSFunction Module.load (sfi = 0x1cf651acb611)> for optimization to MAGLEV, ConcurrencyMode::kConcurrent, reason: hot and stable]
[compiling method 0x1506a4458e59 <JSFunction Module.load (sfi = 0x1cf651acb611)> (target MAGLEV), mode: ConcurrencyMode::kConcurrent]
[marking 0x3c17d2917871 <JSFunction findLongestRegisteredExtension (sfi = 0x1cf651ac9d71)> for optimization to MAGLEV, ConcurrencyMode::kConcurrent, reason: hot and stable]
[compiling method 0x3c17d2917871 <JSFunction findLongestRegisteredExtension (sfi = 0x1cf651ac9d71)> (target MAGLEV), mode: ConcurrencyMode::kConcurrent]
[completed compiling 0x1506a4458e59 <JSFunction Module.load (sfi = 0x1cf651acb611)> (target MAGLEV) - took 0.000, 0.222, 0.007 ms]
[completed compiling 0x3c17d2917871 <JSFunction findLongestRegisteredExtension (sfi = 0x1cf651ac9d71)> (target MAGLEV) - took 0.000, 0.107, 0.002 ms]
[marking 0x3c17d2917d31 <JSFunction wrapSafe (sfi = 0x1cf651aca279)> for optimization to MAGLEV, ConcurrencyMode::kConcurrent, reason: hot and stable]
[compiling method 0x3c17d2917d31 <JSFunction wrapSafe (sfi = 0x1cf651aca279)> (target MAGLEV), mode: ConcurrencyMode::kConcurrent]
[completed compiling 0x3c17d2917d31 <JSFunction wrapSafe (sfi = 0x1cf651aca279)> (target MAGLEV) - took 0.001, 0.259, 0.004 ms]
[marking 0x1cf651ad7509 <JSFunction Module._compile (sfi = 0x1cf651acacf1)> for optimization to MAGLEV, ConcurrencyMode::kConcurrent, reason: hot and stable]
[marking 0x1cf651ad7549 <JSFunction Module._extensions..js (sfi = 0x1cf651acad79)> for optimization to MAGLEV, ConcurrencyMode::kConcurrent, reason: hot and stable]
[compiling method 0x1cf651ad7549 <JSFunction Module._extensions..js (sfi = 0x1cf651acad79)> (target MAGLEV), mode: ConcurrencyMode::kConcurrent]
[compiling method 0x1cf651ad7509 <JSFunction Module._compile (sfi = 0x1cf651acacf1)> (target MAGLEV), mode: ConcurrencyMode::kConcurrent]
[completed compiling 0x1cf651ad7549 <JSFunction Module._extensions..js (sfi = 0x1cf651acad79)> (target MAGLEV) - took 0.000, 0.205, 0.004 ms]
[completed compiling 0x1cf651ad7509 <JSFunction Module._compile (sfi = 0x1cf651acacf1)> (target MAGLEV) - took 0.000, 0.190, 0.004 ms]
[marking 0x3ba86afef0d1 <JSFunction (sfi = 0x30fdce615161)> for optimization to MAGLEV, ConcurrencyMode::kConcurrent, reason: hot and stable]
[compiling method 0x3ba86afef0d1 <JSFunction (sfi = 0x30fdce615161)> (target MAGLEV), mode: ConcurrencyMode::kConcurrent]
[marking 0x3ba86afef241 <JSFunction __importStar (sfi = 0x30fdce615a79)> for optimization to MAGLEV, ConcurrencyMode::kConcurrent, reason: hot and stable]
[compiling method 0x3ba86afef241 <JSFunction __importStar (sfi = 0x30fdce615a79)> (target MAGLEV) OSR, mode: ConcurrencyMode::kConcurrent]
[completed compiling 0x3ba86afef0d1 <JSFunction (sfi = 0x30fdce615161)> (target MAGLEV) - took 0.000, 0.169, 0.004 ms]
[completed compiling 0x3ba86afef241 <JSFunction __importStar (sfi = 0x30fdce615a79)> (target MAGLEV) OSR - took 0.000, 0.128, 0.001 ms]
[compiling method 0x3ba86afef241 <JSFunction __importStar (sfi = 0x30fdce615a79)> (target TURBOFAN_JS) OSR, mode: ConcurrencyMode::kConcurrent]
[compiling method 0x3ba86afef241 <JSFunction __importStar (sfi = 0x30fdce615a79)> (target MAGLEV), mode: ConcurrencyMode::kConcurrent]
[bailout (kind: deopt-eager, reason: Insufficient type feedback for generic named access): begin. deoptimizing 0x3ba86afef0d1 <JSFunction (sfi = 0x30fdce615161)>, 0x0506ae4c6959 <Code MAGLEV>, opt id 153, bytecode offset 65, deopt exit 1, FP to SP delta 64, caller SP 0x00016f12eaf8, pc 0x0001177994b8]
[completed compiling 0x3ba86afef241 <JSFunction __importStar (sfi = 0x30fdce615a79)> (target MAGLEV) - took 0.000, 0.121, 0.001 ms]
[completed compiling 0x3ba86afef241 <JSFunction __importStar (sfi = 0x30fdce615a79)> (target TURBOFAN_JS) OSR - took 0.002, 1.061, 0.010 ms]
[completed optimizing 0x3ba86afef241 <JSFunction __importStar (sfi = 0x30fdce615a79)> (target TURBOFAN_JS) OSR]
[marking 0x1de2d2e7a2f9 <JSFunction (sfi = 0x30fdce6275b9)> for optimization to MAGLEV, ConcurrencyMode::kConcurrent, reason: hot and stable]
[compiling method 0x1de2d2e7a2f9 <JSFunction (sfi = 0x30fdce6275b9)> (target MAGLEV), mode: ConcurrencyMode::kConcurrent]
[marking 0x1de2d2e7a469 <JSFunction __importStar (sfi = 0x30fdce628569)> for optimization to MAGLEV, ConcurrencyMode::kConcurrent, reason: hot and stable]
[completed compiling 0x1de2d2e7a2f9 <JSFunction (sfi = 0x30fdce6275b9)> (target MAGLEV) - took 0.000, 0.099, 0.001 ms]
[compiling method 0x1de2d2e7a469 <JSFunction __importStar (sfi = 0x30fdce628569)> (target MAGLEV) OSR, mode: ConcurrencyMode::kConcurrent]
[completed compiling 0x1de2d2e7a469 <JSFunction __importStar (sfi = 0x30fdce628569)> (target MAGLEV) OSR - took 0.000, 0.097, 0.001 ms]
[compiling method 0x1de2d2e7a469 <JSFunction __importStar (sfi = 0x30fdce628569)> (target TURBOFAN_JS) OSR, mode: ConcurrencyMode::kConcurrent]
[bailout (kind: deopt-eager, reason: Insufficient type feedback for call): begin. deoptimizing 0x1de2d2e7a469 <JSFunction __importStar (sfi = 0x30fdce628569)>, 0x2c344b34f029 <Code MAGLEV>, opt id 158, bytecode offset 90, deopt exit 11, FP to SP delta 112, caller SP 0x00016f12e700, pc 0x00011779b960]
[completed compiling 0x1de2d2e7a469 <JSFunction __importStar (sfi = 0x30fdce628569)> (target TURBOFAN_JS) OSR - took 0.001, 1.297, 0.017 ms]
[completed optimizing 0x1de2d2e7a469 <JSFunction __importStar (sfi = 0x30fdce628569)> (target TURBOFAN_JS) OSR]
[marking 0x11abae9f3c09 <JSFunction (sfi = 0x5b3f3444281)> for optimization to MAGLEV, ConcurrencyMode::kConcurrent, reason: hot and stable]
[compiling method 0x11abae9f3c09 <JSFunction (sfi = 0x5b3f3444281)> (target MAGLEV), mode: ConcurrencyMode::kConcurrent]
[marking 0x11abae9f3d79 <JSFunction __importStar (sfi = 0x5b3f3444cb1)> for optimization to MAGLEV, ConcurrencyMode::kConcurrent, reason: hot and stable]
[compiling method 0x11abae9f3d79 <JSFunction __importStar (sfi = 0x5b3f3444cb1)> (target MAGLEV) OSR, mode: ConcurrencyMode::kConcurrent]
[completed compiling 0x11abae9f3c09 <JSFunction (sfi = 0x5b3f3444281)> (target MAGLEV) - took 0.000, 0.135, 0.003 ms]
[completed compiling 0x11abae9f3d79 <JSFunction __importStar (sfi = 0x5b3f3444cb1)> (target MAGLEV) OSR - took 0.000, 0.112, 0.001 ms]
[compiling method 0x11abae9f3d79 <JSFunction __importStar (sfi = 0x5b3f3444cb1)> (target TURBOFAN_JS) OSR, mode: ConcurrencyMode::kConcurrent]
[bailout (kind: deopt-eager, reason: Insufficient type feedback for call): begin. deoptimizing 0x11abae9f3d79 <JSFunction __importStar (sfi = 0x5b3f3444cb1)>, 0x2c344b34fb89 <Code MAGLEV>, opt id 161, bytecode offset 90, deopt exit 11, FP to SP delta 112, caller SP 0x00016f12e2f0, pc 0x00011779cc20]
[completed compiling 0x11abae9f3d79 <JSFunction __importStar (sfi = 0x5b3f3444cb1)> (target TURBOFAN_JS) OSR - took 0.002, 1.350, 0.020 ms]
[completed optimizing 0x11abae9f3d79 <JSFunction __importStar (sfi = 0x5b3f3444cb1)> (target TURBOFAN_JS) OSR]
[marking 0x303c84848ad1 <JSFunction (sfi = 0x5b3f3459621)> for optimization to MAGLEV, ConcurrencyMode::kConcurrent, reason: hot and stable]
[compiling method 0x303c84848ad1 <JSFunction (sfi = 0x5b3f3459621)> (target MAGLEV), mode: ConcurrencyMode::kConcurrent]
[87022:0xc6940c000:0]     1732 ms: GC: {"pause":1.034,"mutator":91.302,"gc":"s","reduce_memory":false,"time_to_safepoint":0,"stack":true,"reason":"allocation failure","collector_reason":"","start_object_size":69006240,"end_object_size":60222712,"start_memory_size":87293952,"end_memory_size":92274688,"start_holes_size":1242528,"end_holes_size":1487344,"pool_local_chunks":0,"pool_shared_chunks":0,"pool_total_chunks":0,"new_space_capacity":16777216,"old_gen_allocation_limit":53702023,"global_allocation_limit":53702023,"allocation_throughput":169095,"new_space_allocation_throughput":95233.5,"new_space_survive_rate":17.9038,"allocated":14935304,"promoted":4735616,"new_space_survived":3003576,"nodes_died_in_new":0,"nodes_copied_in_new":0,"nodes_promoted":0,"promotion_ratio":28.2282,"average_survival_ratio":57.7148,"promotion_rate":99.1603,"during_sweeping":false,"heap.prologue":0,"heap.epilogue":0.001,"heap.external.prologue":0,"heap.external.epilogue":0,"heap.external_weak_global_handles":0,"complete.sweep_array_buffers":0,"scavenge":1.01,"scavenge.free_remembered_set":0.013,"scavenge.roots":0.065,"scavenge.weak":0,"scavenge.weak_global_handles.identify":0,"scavenge.weak_global_handles.process":0,"scavenge.parallel":0.859,"scavenge.pin_objects_conservative":0,"scavenge.pin_objects_precise":0,"scavenge.restore_pinned":0.004,"scavenge.sweep_array_buffers":0.004,"scavenge.resize_new_space":0,"background.scavenge.parallel":2.478,"incremental.steps_count":0,"incremental.steps_took":0,"scavenge_throughput":8.54411e+06,"quarantined_size":0,"quarantined_pages":0}
[marking 0x14f00c106dc9 <JSFunction __importStar (sfi = 0x5b3f3459f51)> for optimization to MAGLEV, ConcurrencyMode::kConcurrent, reason: hot and stable]
[compiling method 0x14f00c106dc9 <JSFunction __importStar (sfi = 0x5b3f3459f51)> (target MAGLEV) OSR, mode: ConcurrencyMode::kConcurrent]
[completed compiling 0x14f00c106d21 <JSFunction (sfi = 0x5b3f3459621)> (target MAGLEV) - took 0.000, 1.306, 0.003 ms]
[marking 0x0bc9b8c589e1 <JSFunction (sfi = 0x917e107f649)> for optimization to MAGLEV, ConcurrencyMode::kConcurrent, reason: hot and stable]
[compiling method 0x0bc9b8c589e1 <JSFunction (sfi = 0x917e107f649)> (target MAGLEV), mode: ConcurrencyMode::kConcurrent]
[marking 0x0bc9b8c58b51 <JSFunction __importStar (sfi = 0x917e107fe09)> for optimization to MAGLEV, ConcurrencyMode::kConcurrent, reason: hot and stable]
[compiling method 0x0bc9b8c58b51 <JSFunction __importStar (sfi = 0x917e107fe09)> (target MAGLEV) OSR, mode: ConcurrencyMode::kConcurrent]
[marking 0x38268c563789 <JSFunction (sfi = 0x2f0de6525671)> for optimization to MAGLEV, ConcurrencyMode::kConcurrent, reason: hot and stable]
[compiling method 0x38268c563789 <JSFunction (sfi = 0x2f0de6525671)> (target MAGLEV), mode: ConcurrencyMode::kConcurrent]
[marking 0x38268c5638f9 <JSFunction __importStar (sfi = 0x2f0de6526941)> for optimization to MAGLEV, ConcurrencyMode::kConcurrent, reason: hot and stable]
[compiling method 0x38268c5638f9 <JSFunction __importStar (sfi = 0x2f0de6526941)> (target MAGLEV) OSR, mode: ConcurrencyMode::kConcurrent]
[marking 0x3ecc7c76d629 <JSFunction (sfi = 0x2f0de6537e01)> for optimization to MAGLEV, ConcurrencyMode::kConcurrent, reason: hot and stable]
[compiling method 0x3ecc7c76d629 <JSFunction (sfi = 0x2f0de6537e01)> (target MAGLEV), mode: ConcurrencyMode::kConcurrent]
[marking 0x3ecc7c76d799 <JSFunction __importStar (sfi = 0x2f0de65386e9)> for optimization to MAGLEV, ConcurrencyMode::kConcurrent, reason: hot and stable]
[compiling method 0x3ecc7c76d799 <JSFunction __importStar (sfi = 0x2f0de65386e9)> (target MAGLEV) OSR, mode: ConcurrencyMode::kConcurrent]
[completed compiling 0x0bc9b8c589e1 <JSFunction (sfi = 0x917e107f649)> (target MAGLEV) - took 0.000, 0.145, 0.003 ms]
[completed compiling 0x14f00c106dc9 <JSFunction __importStar (sfi = 0x5b3f3459f51)> (target MAGLEV) OSR - took 0.000, 0.232, 0.001 ms]
[completed compiling 0x0bc9b8c58b51 <JSFunction __importStar (sfi = 0x917e107fe09)> (target MAGLEV) OSR - took 0.000, 0.101, 0.000 ms]
[completed compiling 0x38268c563789 <JSFunction (sfi = 0x2f0de6525671)> (target MAGLEV) - took 0.000, 0.081, 0.001 ms]
[completed compiling 0x38268c5638f9 <JSFunction __importStar (sfi = 0x2f0de6526941)> (target MAGLEV) OSR - took 0.000, 0.110, 0.011 ms]
[completed compiling 0x3ecc7c76d629 <JSFunction (sfi = 0x2f0de6537e01)> (target MAGLEV) - took 0.000, 0.060, 0.002 ms]
[marking dependent code 0x1cd1d1a85819 <Code MAGLEV> (0x1f3f9ab15149 <SharedFunctionInfo mapDefined>) (opt id 64) for deoptimization, reason: embedded weak objects cleared]
[marking dependent code 0x1cd1d1a82461 <Code MAGLEV> (0x3df98d155141 <SharedFunctionInfo mapDefined>) (opt id 73) for deoptimization, reason: embedded weak objects cleared]
[87022:0xc6940c000:0]     1742 ms: GC: {"pause":2.092,"mutator":7.319,"gc":"mc","reduce_memory":false,"time_to_safepoint":0.006,"stack":true,"reason":"finalize incremental marking via stack guard","collector_reason":"GC in old space requested","start_object_size":64170304,"end_object_size":57265504,"start_memory_size":93585408,"end_memory_size":93683712,"start_holes_size":1670512,"end_holes_size":1245240,"pool_local_chunks":2,"pool_shared_chunks":0,"pool_total_chunks":2,"new_space_capacity":33554432,"old_gen_allocation_limit":57035256,"global_allocation_limit":57035256,"allocation_throughput":219412,"new_space_allocation_throughput":115351,"new_space_survive_rate":0,"allocated":3947592,"promoted":4301544,"new_space_survived":0,"nodes_died_in_new":0,"nodes_copied_in_new":0,"nodes_promoted":0,"promotion_ratio":62.0615,"average_survival_ratio":56.6667,"promotion_rate":143.214,"heap.prologue":0.001,"heap.embedder_tracing_epilogue":0.004,"heap.epilogue":0.001,"heap.external.prologue":0,"heap.external.epilogue":0,"heap.external.weak_global_handles":0,"clear":0.338,"clear.external_string_table":0.003,"clear.string_forwarding_table":0,"clear.weak_global_handles":0.002,"clear.dependent_code":0,"clear.maps":0.05,"clear.slots_buffer":0,"clear.weak_collections":0.002,"clear.weak_lists":0.016,"clear.weak_references_trivial":0.144,"clear.weak_references_non_trivial":0.034,"clear.js_weak_references":0.001,"clear.join_filter_job":0,"clear.join_job":0.332,"weakness_handling":0,"complete.sweep_array_buffers":0,"complete.sweeping":0,"epilogue":0,"evacuate":1.233,"evacuate.pin_pages":0,"evacuate.candidates":0,"evacuate.clean_up":0.001,"evacuate.copy":0.61,"evacuate.prologue":0.01,"evacuate.epilogue":0.032,"evacuate.rebalance":0,"evacuate.update_pointers":0.58,"evacuate.update_pointers.to_new_roots":0.394,"evacuate.update_pointers.slots.main":0.126,"evacuate.update_pointers.weak":0.002,"finish":0.021,"finish.sweep_array_buffers":0.002,"mark":0.414,"mark.finish_incremental":0.001,"mark.roots":0.042,"mark.full_closure_parallel":0.317,"mark.full_closure":0,"mark.ephemeron.marking":0.31,"mark.ephemeron.linear":0,"mark.embedder_prologue":0.006,"mark.embedder_tracing":0.001,"prologue":0.005,"sweep":0.111,"sweep.code":0.001,"sweep.map":0,"sweep.new":0,"sweep.new_lo":0,"sweep.old":0.012,"sweep.start_jobs":0.002,"is_incremental":true,"incremental":0.087,"incremental.finalize.external.prologue":0,"incremental.finalize.external.epilogue":0,"incremental.layout_change":0,"incremental.sweep_array_buffers":0.059,"incremental.sweeping":0,"incremental.embedder_tracing":0.019,"incremental_wrapper_tracing_longest_step":0.008,"incremental_longest_step":0.016,"incremental_steps_count":46,"incremental_marking_throughput":1.37454e+06,"incremental_walltime_duration":9.375,"background.mark":27.732,"background.sweep":0.117,"background.evacuate.copy":1.154,"background.evacuate.update_pointers":0.2,"conservative_stack_scanning":0,"compaction_speed":2.03105e+06}
[completed compiling 0x25140cefdfa9 <JSFunction __importStar (sfi = 0x2f0de65386e9)> (target MAGLEV) OSR - took 0.000, 2.267, 0.003 ms]
[marking 0x3c17d29177f1 <JSFunction tryFile (sfi = 0x1cf651ac9ce1)> for optimization to MAGLEV, ConcurrencyMode::kConcurrent, reason: hot and stable]
[compiling method 0x3c17d29177f1 <JSFunction tryFile (sfi = 0x1cf651ac9ce1)> (target MAGLEV), mode: ConcurrencyMode::kConcurrent]
[completed compiling 0x3c17d29177f1 <JSFunction tryFile (sfi = 0x1cf651ac9ce1)> (target MAGLEV) - took 0.000, 0.091, 0.002 ms]
[marking 0x0fb78c99e1a1 <JSFunction (sfi = 0x381e62642829)> for optimization to MAGLEV, ConcurrencyMode::kConcurrent, reason: hot and stable]
[compiling method 0x0fb78c99e1a1 <JSFunction (sfi = 0x381e62642829)> (target MAGLEV), mode: ConcurrencyMode::kConcurrent]
[completed compiling 0x0fb78c99e1a1 <JSFunction (sfi = 0x381e62642829)> (target MAGLEV) - took 0.000, 0.089, 0.002 ms]
[marking 0x0fb78c99e311 <JSFunction __importStar (sfi = 0x381e62643029)> for optimization to MAGLEV, ConcurrencyMode::kConcurrent, reason: hot and stable]
[compiling method 0x0fb78c99e311 <JSFunction __importStar (sfi = 0x381e62643029)> (target MAGLEV) OSR, mode: ConcurrencyMode::kConcurrent]
[completed compiling 0x0fb78c99e311 <JSFunction __importStar (sfi = 0x381e62643029)> (target MAGLEV) OSR - took 0.000, 0.104, 0.001 ms]
[compiling method 0x0fb78c99e311 <JSFunction __importStar (sfi = 0x381e62643029)> (target TURBOFAN_JS) OSR, mode: ConcurrencyMode::kConcurrent]
[bailout (kind: deopt-eager, reason: Insufficient type feedback for call): begin. deoptimizing 0x0fb78c99e311 <JSFunction __importStar (sfi = 0x381e62643029)>, 0x3f30166382e1 <Code MAGLEV>, opt id 173, bytecode offset 90, deopt exit 11, FP to SP delta 112, caller SP 0x00016f12dac0, pc 0x000117630e20]
[completed compiling 0x0fb78c99e311 <JSFunction __importStar (sfi = 0x381e62643029)> (target TURBOFAN_JS) OSR - took 0.002, 1.363, 0.017 ms]
[completed optimizing 0x0fb78c99e311 <JSFunction __importStar (sfi = 0x381e62643029)> (target TURBOFAN_JS) OSR]
[marking 0x37108e78a699 <JSFunction (sfi = 0x1a9cd8db3d21)> for optimization to MAGLEV, ConcurrencyMode::kConcurrent, reason: hot and stable]
[compiling method 0x37108e78a699 <JSFunction (sfi = 0x1a9cd8db3d21)> (target MAGLEV), mode: ConcurrencyMode::kConcurrent]
[marking 0x37108e78a809 <JSFunction __importStar (sfi = 0x1a9cd8db29f9)> for optimization to MAGLEV, ConcurrencyMode::kConcurrent, reason: hot and stable]
[compiling method 0x37108e78a809 <JSFunction __importStar (sfi = 0x1a9cd8db29f9)> (target MAGLEV) OSR, mode: ConcurrencyMode::kConcurrent]
[completed compiling 0x37108e78a699 <JSFunction (sfi = 0x1a9cd8db3d21)> (target MAGLEV) - took 0.000, 0.138, 0.002 ms]
[completed compiling 0x37108e78a809 <JSFunction __importStar (sfi = 0x1a9cd8db29f9)> (target MAGLEV) OSR - took 0.000, 0.090, 0.001 ms]
[compiling method 0x37108e78a809 <JSFunction __importStar (sfi = 0x1a9cd8db29f9)> (target TURBOFAN_JS) OSR, mode: ConcurrencyMode::kConcurrent]
[bailout (kind: deopt-eager, reason: Insufficient type feedback for call): begin. deoptimizing 0x37108e78a809 <JSFunction __importStar (sfi = 0x1a9cd8db29f9)>, 0x3f3016638e41 <Code MAGLEV>, opt id 176, bytecode offset 90, deopt exit 11, FP to SP delta 112, caller SP 0x00016f12de80, pc 0x0001176f11c0]
[marking 0x2846682e5441 <JSFunction (sfi = 0x366b9afbbc39)> for optimization to MAGLEV, ConcurrencyMode::kConcurrent, reason: hot and stable]
[compiling method 0x2846682e5441 <JSFunction (sfi = 0x366b9afbbc39)> (target MAGLEV), mode: ConcurrencyMode::kConcurrent]
[completed compiling 0x37108e78a809 <JSFunction __importStar (sfi = 0x1a9cd8db29f9)> (target TURBOFAN_JS) OSR - took 0.002, 1.316, 0.015 ms]
[completed optimizing 0x37108e78a809 <JSFunction __importStar (sfi = 0x1a9cd8db29f9)> (target TURBOFAN_JS) OSR]
[completed compiling 0x2846682e5441 <JSFunction (sfi = 0x366b9afbbc39)> (target MAGLEV) - took 0.000, 0.081, 0.002 ms]
[marking 0x2846682e55b1 <JSFunction __importStar (sfi = 0x366b9afbc0c1)> for optimization to MAGLEV, ConcurrencyMode::kConcurrent, reason: hot and stable]
[compiling method 0x2846682e55b1 <JSFunction __importStar (sfi = 0x366b9afbc0c1)> (target MAGLEV) OSR, mode: ConcurrencyMode::kConcurrent]
[completed compiling 0x2846682e55b1 <JSFunction __importStar (sfi = 0x366b9afbc0c1)> (target MAGLEV) OSR - took 0.000, 0.083, 0.001 ms]
[compiling method 0x2846682e55b1 <JSFunction __importStar (sfi = 0x366b9afbc0c1)> (target TURBOFAN_JS) OSR, mode: ConcurrencyMode::kConcurrent]
[bailout (kind: deopt-eager, reason: Insufficient type feedback for call): begin. deoptimizing 0x2846682e55b1 <JSFunction __importStar (sfi = 0x366b9afbc0c1)>, 0x3f3016605fb9 <Code MAGLEV>, opt id 179, bytecode offset 90, deopt exit 11, FP to SP delta 112, caller SP 0x00016f12dac0, pc 0x0001176f2480]
[marking 0x3beb3fb1c2d9 <JSFunction (sfi = 0x1a9cd8d93859)> for optimization to MAGLEV, ConcurrencyMode::kConcurrent, reason: hot and stable]
[compiling method 0x3beb3fb1c2d9 <JSFunction (sfi = 0x1a9cd8d93859)> (target MAGLEV), mode: ConcurrencyMode::kConcurrent]
[marking 0x3beb3fb1c449 <JSFunction __importStar (sfi = 0x1a9cd8d93c89)> for optimization to MAGLEV, ConcurrencyMode::kConcurrent, reason: hot and stable]
[compiling method 0x3beb3fb1c449 <JSFunction __importStar (sfi = 0x1a9cd8d93c89)> (target MAGLEV) OSR, mode: ConcurrencyMode::kConcurrent]
[completed compiling 0x3beb3fb1c2d9 <JSFunction (sfi = 0x1a9cd8d93859)> (target MAGLEV) - took 0.000, 0.122, 0.003 ms]
[completed compiling 0x2846682e55b1 <JSFunction __importStar (sfi = 0x366b9afbc0c1)> (target TURBOFAN_JS) OSR - took 0.001, 1.223, 0.007 ms]
[completed optimizing 0x2846682e55b1 <JSFunction __importStar (sfi = 0x366b9afbc0c1)> (target TURBOFAN_JS) OSR]
[completed compiling 0x3beb3fb1c449 <JSFunction __importStar (sfi = 0x1a9cd8d93c89)> (target MAGLEV) OSR - took 0.000, 0.083, 0.001 ms]
[compiling method 0x3beb3fb1c449 <JSFunction __importStar (sfi = 0x1a9cd8d93c89)> (target TURBOFAN_JS) OSR, mode: ConcurrencyMode::kConcurrent]
[bailout (kind: deopt-eager, reason: Insufficient type feedback for call): begin. deoptimizing 0x3beb3fb1c449 <JSFunction __importStar (sfi = 0x1a9cd8d93c89)>, 0x3f3016634fd9 <Code MAGLEV>, opt id 182, bytecode offset 90, deopt exit 11, FP to SP delta 112, caller SP 0x00016f12e350, pc 0x0001176f3060]
[completed compiling 0x3beb3fb1c449 <JSFunction __importStar (sfi = 0x1a9cd8d93c89)> (target TURBOFAN_JS) OSR - took 0.001, 1.221, 0.008 ms]
[completed optimizing 0x3beb3fb1c449 <JSFunction __importStar (sfi = 0x1a9cd8d93c89)> (target TURBOFAN_JS) OSR]
[marking 0x05ebc62e9689 <JSFunction (sfi = 0x1a9cd8da9491)> for optimization to MAGLEV, ConcurrencyMode::kConcurrent, reason: hot and stable]
[compiling method 0x05ebc62e9689 <JSFunction (sfi = 0x1a9cd8da9491)> (target MAGLEV), mode: ConcurrencyMode::kConcurrent]
[marking 0x05ebc62e97f9 <JSFunction __importStar (sfi = 0x1a9cd8d8cf09)> for optimization to MAGLEV, ConcurrencyMode::kConcurrent, reason: hot and stable]
[completed compiling 0x05ebc62e9689 <JSFunction (sfi = 0x1a9cd8da9491)> (target MAGLEV) - took 0.000, 0.087, 0.001 ms]
[compiling method 0x05ebc62e97f9 <JSFunction __importStar (sfi = 0x1a9cd8d8cf09)> (target MAGLEV) OSR, mode: ConcurrencyMode::kConcurrent]
[completed compiling 0x05ebc62e97f9 <JSFunction __importStar (sfi = 0x1a9cd8d8cf09)> (target MAGLEV) OSR - took 0.000, 0.067, 0.001 ms]
[compiling method 0x05ebc62e97f9 <JSFunction __importStar (sfi = 0x1a9cd8d8cf09)> (target TURBOFAN_JS) OSR, mode: ConcurrencyMode::kConcurrent]
[bailout (kind: deopt-eager, reason: Insufficient type feedback for call): begin. deoptimizing 0x05ebc62e97f9 <JSFunction __importStar (sfi = 0x1a9cd8d8cf09)>, 0x3f3016635c11 <Code MAGLEV>, opt id 185, bytecode offset 90, deopt exit 11, FP to SP delta 112, caller SP 0x00016f12e320, pc 0x0001176f46a0]
[completed compiling 0x05ebc62e97f9 <JSFunction __importStar (sfi = 0x1a9cd8d8cf09)> (target TURBOFAN_JS) OSR - took 0.000, 1.133, 0.010 ms]
[completed optimizing 0x05ebc62e97f9 <JSFunction __importStar (sfi = 0x1a9cd8d8cf09)> (target TURBOFAN_JS) OSR]
[marking 0x347954fb5341 <JSFunction (sfi = 0x381e62650f91)> for optimization to MAGLEV, ConcurrencyMode::kConcurrent, reason: hot and stable]
[compiling method 0x347954fb5341 <JSFunction (sfi = 0x381e62650f91)> (target MAGLEV), mode: ConcurrencyMode::kConcurrent]
[marking 0x347954fb54b1 <JSFunction __importStar (sfi = 0x381e62651571)> for optimization to MAGLEV, ConcurrencyMode::kConcurrent, reason: hot and stable]
[compiling method 0x347954fb54b1 <JSFunction __importStar (sfi = 0x381e62651571)> (target MAGLEV) OSR, mode: ConcurrencyMode::kConcurrent]
[completed compiling 0x347954fb5341 <JSFunction (sfi = 0x381e62650f91)> (target MAGLEV) - took 0.000, 0.088, 0.001 ms]
[completed compiling 0x347954fb54b1 <JSFunction __importStar (sfi = 0x381e62651571)> (target MAGLEV) OSR - took 0.000, 0.097, 0.001 ms]
[compiling method 0x347954fb54b1 <JSFunction __importStar (sfi = 0x381e62651571)> (target TURBOFAN_JS) OSR, mode: ConcurrencyMode::kConcurrent]
[bailout (kind: deopt-eager, reason: Insufficient type feedback for call): begin. deoptimizing 0x347954fb54b1 <JSFunction __importStar (sfi = 0x381e62651571)>, 0x3f3016636771 <Code MAGLEV>, opt id 188, bytecode offset 90, deopt exit 11, FP to SP delta 112, caller SP 0x00016f12e7c0, pc 0x0001176f5960]
[marking 0x3fcc0d53d179 <JSFunction (sfi = 0x37c1dfe63401)> for optimization to MAGLEV, ConcurrencyMode::kConcurrent, reason: hot and stable]
[compiling method 0x3fcc0d53d179 <JSFunction (sfi = 0x37c1dfe63401)> (target MAGLEV), mode: ConcurrencyMode::kConcurrent]
[completed compiling 0x347954fb54b1 <JSFunction __importStar (sfi = 0x381e62651571)> (target TURBOFAN_JS) OSR - took 0.001, 1.157, 0.008 ms]
[completed optimizing 0x347954fb54b1 <JSFunction __importStar (sfi = 0x381e62651571)> (target TURBOFAN_JS) OSR]
[completed compiling 0x3fcc0d53d179 <JSFunction (sfi = 0x37c1dfe63401)> (target MAGLEV) - took 0.000, 0.079, 0.002 ms]
[marking 0x3fcc0d53d2e9 <JSFunction __importStar (sfi = 0x37c1dfe61379)> for optimization to MAGLEV, ConcurrencyMode::kConcurrent, reason: hot and stable]
[compiling method 0x3fcc0d53d2e9 <JSFunction __importStar (sfi = 0x37c1dfe61379)> (target MAGLEV) OSR, mode: ConcurrencyMode::kConcurrent]
[completed compiling 0x3fcc0d53d2e9 <JSFunction __importStar (sfi = 0x37c1dfe61379)> (target MAGLEV) OSR - took 0.000, 0.068, 0.001 ms]
[compiling method 0x3fcc0d53d2e9 <JSFunction __importStar (sfi = 0x37c1dfe61379)> (target TURBOFAN_JS) OSR, mode: ConcurrencyMode::kConcurrent]
[bailout (kind: deopt-eager, reason: Insufficient type feedback for call): begin. deoptimizing 0x3fcc0d53d2e9 <JSFunction __importStar (sfi = 0x37c1dfe61379)>, 0x39911f4b2b11 <Code MAGLEV>, opt id 191, bytecode offset 90, deopt exit 11, FP to SP delta 112, caller SP 0x00016f12e3d0, pc 0x0001176f6f80]
[completed compiling 0x3fcc0d53d2e9 <JSFunction __importStar (sfi = 0x37c1dfe61379)> (target TURBOFAN_JS) OSR - took 0.000, 1.210, 0.013 ms]
[completed optimizing 0x3fcc0d53d2e9 <JSFunction __importStar (sfi = 0x37c1dfe61379)> (target TURBOFAN_JS) OSR]
[marking 0x3a935fc8bbf9 <JSFunction (sfi = 0xb1d6bc253a1)> for optimization to MAGLEV, ConcurrencyMode::kConcurrent, reason: hot and stable]
[compiling method 0x3a935fc8bbf9 <JSFunction (sfi = 0xb1d6bc253a1)> (target MAGLEV), mode: ConcurrencyMode::kConcurrent]
[marking 0x3a935fc8bd69 <JSFunction __importStar (sfi = 0xb1d6bc26269)> for optimization to MAGLEV, ConcurrencyMode::kConcurrent, reason: hot and stable]
[compiling method 0x3a935fc8bd69 <JSFunction __importStar (sfi = 0xb1d6bc26269)> (target MAGLEV) OSR, mode: ConcurrencyMode::kConcurrent]
[completed compiling 0x3a935fc8bbf9 <JSFunction (sfi = 0xb1d6bc253a1)> (target MAGLEV) - took 0.000, 0.146, 0.002 ms]
[completed compiling 0x3a935fc8bd69 <JSFunction __importStar (sfi = 0xb1d6bc26269)> (target MAGLEV) OSR - took 0.000, 0.117, 0.000 ms]
[compiling method 0x3a935fc8bd69 <JSFunction __importStar (sfi = 0xb1d6bc26269)> (target TURBOFAN_JS) OSR, mode: ConcurrencyMode::kConcurrent]
[completed compiling 0x3a935fc8bd69 <JSFunction __importStar (sfi = 0xb1d6bc26269)> (target TURBOFAN_JS) OSR - took 0.001, 1.096, 0.011 ms]
[completed optimizing 0x3a935fc8bd69 <JSFunction __importStar (sfi = 0xb1d6bc26269)> (target TURBOFAN_JS) OSR]
[marking 0x28bfe119eab1 <JSFunction (sfi = 0x37c1dfe42971)> for optimization to MAGLEV, ConcurrencyMode::kConcurrent, reason: hot and stable]
[compiling method 0x28bfe119eab1 <JSFunction (sfi = 0x37c1dfe42971)> (target MAGLEV), mode: ConcurrencyMode::kConcurrent]
[marking 0x28bfe119ec21 <JSFunction __importStar (sfi = 0x37c1dfe43049)> for optimization to MAGLEV, ConcurrencyMode::kConcurrent, reason: hot and stable]
[compiling method 0x28bfe119ec21 <JSFunction __importStar (sfi = 0x37c1dfe43049)> (target MAGLEV) OSR, mode: ConcurrencyMode::kConcurrent]
[completed compiling 0x28bfe119eab1 <JSFunction (sfi = 0x37c1dfe42971)> (target MAGLEV) - took 0.000, 0.109, 0.001 ms]
[completed compiling 0x28bfe119ec21 <JSFunction __importStar (sfi = 0x37c1dfe43049)> (target MAGLEV) OSR - took 0.001, 0.082, 0.001 ms]
[compiling method 0x28bfe119ec21 <JSFunction __importStar (sfi = 0x37c1dfe43049)> (target TURBOFAN_JS) OSR, mode: ConcurrencyMode::kConcurrent]
[bailout (kind: deopt-eager, reason: Insufficient type feedback for call): begin. deoptimizing 0x28bfe119ec21 <JSFunction __importStar (sfi = 0x37c1dfe43049)>, 0x39911f4b4269 <Code MAGLEV>, opt id 197, bytecode offset 90, deopt exit 11, FP to SP delta 112, caller SP 0x00016f12e310, pc 0x0001176f9720]
[marking 0x1eac1ecde481 <JSFunction (sfi = 0x3b09e37cb469)> for optimization to MAGLEV, ConcurrencyMode::kConcurrent, reason: hot and stable]
[compiling method 0x1eac1ecde481 <JSFunction (sfi = 0x3b09e37cb469)> (target MAGLEV), mode: ConcurrencyMode::kConcurrent]
[marking 0x1eac1ecde5f1 <JSFunction __importStar (sfi = 0x3b09e37cbc71)> for optimization to MAGLEV, ConcurrencyMode::kConcurrent, reason: hot and stable]
[completed compiling 0x28bfe119ec21 <JSFunction __importStar (sfi = 0x37c1dfe43049)> (target TURBOFAN_JS) OSR - took 0.000, 1.209, 0.008 ms]
[completed optimizing 0x28bfe119ec21 <JSFunction __importStar (sfi = 0x37c1dfe43049)> (target TURBOFAN_JS) OSR]
[completed compiling 0x1eac1ecde481 <JSFunction (sfi = 0x3b09e37cb469)> (target MAGLEV) - took 0.000, 0.083, 0.002 ms]
[compiling method 0x1eac1ecde5f1 <JSFunction __importStar (sfi = 0x3b09e37cbc71)> (target MAGLEV) OSR, mode: ConcurrencyMode::kConcurrent]
[completed compiling 0x1eac1ecde5f1 <JSFunction __importStar (sfi = 0x3b09e37cbc71)> (target MAGLEV) OSR - took 0.000, 0.088, 0.001 ms]
[compiling method 0x1eac1ecde5f1 <JSFunction __importStar (sfi = 0x3b09e37cbc71)> (target TURBOFAN_JS) OSR, mode: ConcurrencyMode::kConcurrent]
[bailout (kind: deopt-eager, reason: Insufficient type feedback for call): begin. deoptimizing 0x1eac1ecde5f1 <JSFunction __importStar (sfi = 0x3b09e37cbc71)>, 0x39911f4b4dc9 <Code MAGLEV>, opt id 200, bytecode offset 90, deopt exit 11, FP to SP delta 112, caller SP 0x00016f12e2f0, pc 0x0001176fa9e0]
[completed compiling 0x1eac1ecde5f1 <JSFunction __importStar (sfi = 0x3b09e37cbc71)> (target TURBOFAN_JS) OSR - took 0.000, 1.035, 0.016 ms]
[completed optimizing 0x1eac1ecde5f1 <JSFunction __importStar (sfi = 0x3b09e37cbc71)> (target TURBOFAN_JS) OSR]
[marking 0x210e56a689e1 <JSFunction (sfi = 0x3b09e37dc169)> for optimization to MAGLEV, ConcurrencyMode::kConcurrent, reason: hot and stable]
[compiling method 0x210e56a689e1 <JSFunction (sfi = 0x3b09e37dc169)> (target MAGLEV), mode: ConcurrencyMode::kConcurrent]
[marking 0x210e56a68b51 <JSFunction __importStar (sfi = 0x3b09e37dc8a9)> for optimization to MAGLEV, ConcurrencyMode::kConcurrent, reason: hot and stable]
[completed compiling 0x210e56a689e1 <JSFunction (sfi = 0x3b09e37dc169)> (target MAGLEV) - took 0.000, 0.091, 0.002 ms]
[compiling method 0x210e56a68b51 <JSFunction __importStar (sfi = 0x3b09e37dc8a9)> (target MAGLEV) OSR, mode: ConcurrencyMode::kConcurrent]
[completed compiling 0x210e56a68b51 <JSFunction __importStar (sfi = 0x3b09e37dc8a9)> (target MAGLEV) OSR - took 0.001, 0.079, 0.001 ms]
[compiling method 0x210e56a68b51 <JSFunction __importStar (sfi = 0x3b09e37dc8a9)> (target TURBOFAN_JS) OSR, mode: ConcurrencyMode::kConcurrent]
[bailout (kind: deopt-eager, reason: Insufficient type feedback for call): begin. deoptimizing 0x210e56a68b51 <JSFunction __importStar (sfi = 0x3b09e37dc8a9)>, 0x39911f4b5929 <Code MAGLEV>, opt id 203, bytecode offset 90, deopt exit 11, FP to SP delta 112, caller SP 0x00016f12e7a0, pc 0x0001176fbca0]
[completed compiling 0x210e56a68b51 <JSFunction __importStar (sfi = 0x3b09e37dc8a9)> (target TURBOFAN_JS) OSR - took 0.000, 1.060, 0.007 ms]
[completed optimizing 0x210e56a68b51 <JSFunction __importStar (sfi = 0x3b09e37dc8a9)> (target TURBOFAN_JS) OSR]
[marking 0x00efbe5f6a29 <JSFunction (sfi = 0x3b09e37ebb01)> for optimization to MAGLEV, ConcurrencyMode::kConcurrent, reason: hot and stable]
[compiling method 0x00efbe5f6a29 <JSFunction (sfi = 0x3b09e37ebb01)> (target MAGLEV), mode: ConcurrencyMode::kConcurrent]
[marking 0x00efbe5f6b99 <JSFunction __importStar (sfi = 0x3b09e37ec0b9)> for optimization to MAGLEV, ConcurrencyMode::kConcurrent, reason: hot and stable]
[completed compiling 0x00efbe5f6a29 <JSFunction (sfi = 0x3b09e37ebb01)> (target MAGLEV) - took 0.000, 0.085, 0.001 ms]
[compiling method 0x00efbe5f6b99 <JSFunction __importStar (sfi = 0x3b09e37ec0b9)> (target MAGLEV) OSR, mode: ConcurrencyMode::kConcurrent]
[completed compiling 0x00efbe5f6b99 <JSFunction __importStar (sfi = 0x3b09e37ec0b9)> (target MAGLEV) OSR - took 0.000, 0.095, 0.001 ms]
[compiling method 0x00efbe5f6b99 <JSFunction __importStar (sfi = 0x3b09e37ec0b9)> (target TURBOFAN_JS) OSR, mode: ConcurrencyMode::kConcurrent]
[completed compiling 0x00efbe5f6b99 <JSFunction __importStar (sfi = 0x3b09e37ec0b9)> (target TURBOFAN_JS) OSR - took 0.001, 0.924, 0.010 ms]
[completed optimizing 0x00efbe5f6b99 <JSFunction __importStar (sfi = 0x3b09e37ec0b9)> (target TURBOFAN_JS) OSR]
[marking 0x1de2d2e79089 <JSFunction (sfi = 0x3b09e37fbce9)> for optimization to MAGLEV, ConcurrencyMode::kConcurrent, reason: hot and stable]
[compiling method 0x1de2d2e79089 <JSFunction (sfi = 0x3b09e37fbce9)> (target MAGLEV), mode: ConcurrencyMode::kConcurrent]
[marking 0x1de2d2e791f9 <JSFunction __importStar (sfi = 0x3b09e37fc431)> for optimization to MAGLEV, ConcurrencyMode::kConcurrent, reason: hot and stable]
[compiling method 0x1de2d2e791f9 <JSFunction __importStar (sfi = 0x3b09e37fc431)> (target MAGLEV) OSR, mode: ConcurrencyMode::kConcurrent]
[completed compiling 0x1de2d2e79089 <JSFunction (sfi = 0x3b09e37fbce9)> (target MAGLEV) - took 0.000, 0.164, 0.002 ms]
[completed compiling 0x1de2d2e791f9 <JSFunction __importStar (sfi = 0x3b09e37fc431)> (target MAGLEV) OSR - took 0.000, 0.083, 0.000 ms]
[compiling method 0x1de2d2e791f9 <JSFunction __importStar (sfi = 0x3b09e37fc431)> (target TURBOFAN_JS) OSR, mode: ConcurrencyMode::kConcurrent]
[bailout (kind: deopt-eager, reason: Insufficient type feedback for call): begin. deoptimizing 0x1de2d2e791f9 <JSFunction __importStar (sfi = 0x3b09e37fc431)>, 0x39911f4b6ee9 <Code MAGLEV>, opt id 209, bytecode offset 90, deopt exit 11, FP to SP delta 112, caller SP 0x00016f12e790, pc 0x0001176fdd60]
[completed compiling 0x1de2d2e791f9 <JSFunction __importStar (sfi = 0x3b09e37fc431)> (target TURBOFAN_JS) OSR - took 0.000, 1.628, 0.019 ms]
[completed optimizing 0x1de2d2e791f9 <JSFunction __importStar (sfi = 0x3b09e37fc431)> (target TURBOFAN_JS) OSR]
[marking 0x3f722a73e1b1 <JSFunction (sfi = 0x8d4093c4f31)> for optimization to MAGLEV, ConcurrencyMode::kConcurrent, reason: hot and stable]
[compiling method 0x3f722a73e1b1 <JSFunction (sfi = 0x8d4093c4f31)> (target MAGLEV), mode: ConcurrencyMode::kConcurrent]
[marking 0x3f722a73e321 <JSFunction __importStar (sfi = 0x8d4093c5c09)> for optimization to MAGLEV, ConcurrencyMode::kConcurrent, reason: hot and stable]
[compiling method 0x3f722a73e321 <JSFunction __importStar (sfi = 0x8d4093c5c09)> (target MAGLEV) OSR, mode: ConcurrencyMode::kConcurrent]
[completed compiling 0x3f722a73e1b1 <JSFunction (sfi = 0x8d4093c4f31)> (target MAGLEV) - took 0.000, 0.115, 0.002 ms]
[completed compiling 0x3f722a73e321 <JSFunction __importStar (sfi = 0x8d4093c5c09)> (target MAGLEV) OSR - took 0.000, 0.085, 0.001 ms]
[compiling method 0x3f722a73e321 <JSFunction __importStar (sfi = 0x8d4093c5c09)> (target TURBOFAN_JS) OSR, mode: ConcurrencyMode::kConcurrent]
[bailout (kind: deopt-eager, reason: Insufficient type feedback for call): begin. deoptimizing 0x3f722a73e321 <JSFunction __importStar (sfi = 0x8d4093c5c09)>, 0x3f68bc105639 <Code MAGLEV>, opt id 212, bytecode offset 90, deopt exit 11, FP to SP delta 112, caller SP 0x00016f12e720, pc 0x0001176ff3a0]
[completed compiling 0x3f722a73e321 <JSFunction __importStar (sfi = 0x8d4093c5c09)> (target TURBOFAN_JS) OSR - took 0.001, 1.195, 0.009 ms]
[completed optimizing 0x3f722a73e321 <JSFunction __importStar (sfi = 0x8d4093c5c09)> (target TURBOFAN_JS) OSR]
[marking 0x2f60a68626a9 <JSFunction isLineTerminator (sfi = 0x2f60a6862391)> for optimization to MAGLEV, ConcurrencyMode::kConcurrent, reason: hot and stable]
[compiling method 0x2f60a68626a9 <JSFunction isLineTerminator (sfi = 0x2f60a6862391)> (target MAGLEV), mode: ConcurrencyMode::kConcurrent]
[completed compiling 0x2f60a68626a9 <JSFunction isLineTerminator (sfi = 0x2f60a6862391)> (target MAGLEV) - took 0.001, 0.059, 0.001 ms]
[marking 0x2f60a6862599 <JSFunction isWhiteSpace (sfi = 0x2f60a6862301)> for optimization to MAGLEV, ConcurrencyMode::kConcurrent, reason: hot and stable]
[compiling method 0x2f60a6862599 <JSFunction isWhiteSpace (sfi = 0x2f60a6862301)> (target MAGLEV), mode: ConcurrencyMode::kConcurrent]
[completed compiling 0x2f60a6862599 <JSFunction isWhiteSpace (sfi = 0x2f60a6862301)> (target MAGLEV) - took 0.000, 0.059, 0.001 ms]
[marking 0x0f695d800ad1 <JSFunction fileURLToPath (sfi = 0x3320f7546741)> for optimization to MAGLEV, ConcurrencyMode::kConcurrent, reason: hot and stable]
[compiling method 0x0f695d800ad1 <JSFunction fileURLToPath (sfi = 0x3320f7546741)> (target MAGLEV), mode: ConcurrencyMode::kConcurrent]
[completed compiling 0x0f695d800ad1 <JSFunction fileURLToPath (sfi = 0x3320f7546741)> (target MAGLEV) - took 0.000, 0.154, 0.003 ms]
[marking 0x22e498c440e9 <JSFunction tryStatSync (sfi = 0x321d476e8ad9)> for optimization to MAGLEV, ConcurrencyMode::kConcurrent, reason: hot and stable]
[compiling method 0x22e498c440e9 <JSFunction tryStatSync (sfi = 0x321d476e8ad9)> (target MAGLEV), mode: ConcurrencyMode::kConcurrent]
[completed compiling 0x22e498c440e9 <JSFunction tryStatSync (sfi = 0x321d476e8ad9)> (target MAGLEV) - took 0.000, 0.139, 0.002 ms]
[marking 0x0f695d8094b1 <JSFunction isBuildingSnapshot (sfi = 0x17675a8bfe51)> for optimization to MAGLEV, ConcurrencyMode::kConcurrent, reason: hot and stable]
[compiling method 0x0f695d8094b1 <JSFunction isBuildingSnapshot (sfi = 0x17675a8bfe51)> (target MAGLEV), mode: ConcurrencyMode::kConcurrent]
[completed compiling 0x0f695d8094b1 <JSFunction isBuildingSnapshot (sfi = 0x17675a8bfe51)> (target MAGLEV) - took 0.000, 0.043, 0.001 ms]
[marking 0x22e498c43e29 <JSFunction isErrorStackTraceLimitWritable (sfi = 0x321d476e86a1)> for optimization to MAGLEV, ConcurrencyMode::kConcurrent, reason: hot and stable]
[compiling method 0x22e498c43e29 <JSFunction isErrorStackTraceLimitWritable (sfi = 0x321d476e86a1)> (target MAGLEV), mode: ConcurrencyMode::kConcurrent]
[completed compiling 0x22e498c43e29 <JSFunction isErrorStackTraceLimitWritable (sfi = 0x321d476e86a1)> (target MAGLEV) - took 0.000, 0.140, 0.004 ms]
[bailout (kind: deopt-eager, reason: Insufficient type feedback for call): begin. deoptimizing 0x0f695d8001f9 <JSFunction resolve (sfi = 0x335285eb8c89)>, 0x34609ca00cd9 <Code MAGLEV>, opt id 37, bytecode offset 216, deopt exit 15, FP to SP delta 128, caller SP 0x00016f131338, pc 0x0001175da4d8]
[marking dependent code 0x3e2eac846f61 <Code MAGLEV> (0x37ee735298b1 <SharedFunctionInfo safeStringify>) (opt id 126) for deoptimization, reason: dependent prototype chain changed]
[marking dependent code 0x2a40908c23c9 <Code MAGLEV> (0x3320f7547191 <SharedFunctionInfo #updateContext>) (opt id 18) for deoptimization, reason: dependent prototype chain changed]
[marking 0x0295dd891a49 <JSFunction addUneditedChunk (sfi = 0x2b1ea952cc69)> for optimization to MAGLEV, ConcurrencyMode::kConcurrent, reason: hot and stable]
[marking 0x0295dd8943f1 <JSFunction write (sfi = 0x2b1ea952b4f9)> for optimization to MAGLEV, ConcurrencyMode::kConcurrent, reason: hot and stable]
[compiling method 0x0295dd8943f1 <JSFunction write (sfi = 0x2b1ea952b4f9)> (target MAGLEV), mode: ConcurrencyMode::kConcurrent]
[marking 0x0b4e6fd9ecb9 <JSFunction encodeInteger (sfi = 0x2b1ea951c779)> for optimization to MAGLEV, ConcurrencyMode::kConcurrent, reason: hot and stable]
[compiling method 0x0b4e6fd9ecb9 <JSFunction encodeInteger (sfi = 0x2b1ea951c779)> (target MAGLEV), mode: ConcurrencyMode::kConcurrent]
[completed compiling 0x0295dd8943f1 <JSFunction write (sfi = 0x2b1ea952b4f9)> (target MAGLEV) - took 0.000, 0.102, 0.002 ms]
[completed compiling 0x0b4e6fd9ecb9 <JSFunction encodeInteger (sfi = 0x2b1ea951c779)> (target MAGLEV) - took 0.000, 0.165, 0.002 ms]
[marking 0x0f695d800409 <JSFunction #updateContext (sfi = 0x3320f7547191)> for optimization to MAGLEV, ConcurrencyMode::kConcurrent, reason: hot and stable]
[compiling method 0x0f695d800409 <JSFunction #updateContext (sfi = 0x3320f7547191)> (target MAGLEV), mode: ConcurrencyMode::kConcurrent]
[completed compiling 0x0f695d800409 <JSFunction #updateContext (sfi = 0x3320f7547191)> (target MAGLEV) - took 0.000, 0.111, 0.005 ms]
[marking 0x0b4e6fdb5859 <JSFunction B (sfi = 0x2b1ea9522431)> for optimization to MAGLEV, ConcurrencyMode::kConcurrent, reason: hot and stable]
[compiling method 0x0b4e6fdb5859 <JSFunction B (sfi = 0x2b1ea9522431)> (target MAGLEV) OSR, mode: ConcurrencyMode::kConcurrent]
[completed compiling 0x0b4e6fdb5859 <JSFunction B (sfi = 0x2b1ea9522431)> (target MAGLEV) OSR - took 0.000, 0.124, 0.002 ms]
[marking 0x3947360b5ef9 <JSFunction convertNode (sfi = 0x184317cea309)> for optimization to MAGLEV, ConcurrencyMode::kConcurrent, reason: hot and stable]
[compiling method 0x3947360b5ef9 <JSFunction convertNode (sfi = 0x184317cea309)> (target MAGLEV), mode: ConcurrencyMode::kConcurrent]
[completed compiling 0x3947360b5ef9 <JSFunction convertNode (sfi = 0x184317cea309)> (target MAGLEV) - took 0.000, 0.087, 0.002 ms]
[marking 0x0295dd892621 <JSFunction visit (sfi = 0x2b1ea952ffa1)> for optimization to MAGLEV, ConcurrencyMode::kConcurrent, reason: hot and stable]
[compiling method 0x0295dd892621 <JSFunction visit (sfi = 0x2b1ea952ffa1)> (target MAGLEV), mode: ConcurrencyMode::kConcurrent]
[marking 0x12fe17092319 <JSFunction (sfi = 0x2e423bebad49)> for optimization to MAGLEV, ConcurrencyMode::kConcurrent, reason: hot and stable]
[compiling method 0x12fe17092319 <JSFunction (sfi = 0x2e423bebad49)> (target MAGLEV), mode: ConcurrencyMode::kConcurrent]
[completed compiling 0x12fe17092319 <JSFunction (sfi = 0x2e423bebad49)> (target MAGLEV) - took 0.000, 0.058, 0.002 ms]
[completed compiling 0x0295dd892621 <JSFunction visit (sfi = 0x2b1ea952ffa1)> (target MAGLEV) - took 0.000, 0.317, 0.003 ms]
[marking 0x0b4e6fdb7751 <JSFunction isNode (sfi = 0x2b1ea95235e9)> for optimization to MAGLEV, ConcurrencyMode::kConcurrent, reason: hot and stable]
[compiling method 0x0b4e6fdb7751 <JSFunction isNode (sfi = 0x2b1ea95235e9)> (target MAGLEV), mode: ConcurrencyMode::kConcurrent]
[marking 0x12fe1708d811 <JSFunction leave (sfi = 0x2e423beb9601)> for optimization to MAGLEV, ConcurrencyMode::kConcurrent, reason: hot and stable]
[compiling method 0x12fe1708d811 <JSFunction leave (sfi = 0x2e423beb9601)> (target MAGLEV), mode: ConcurrencyMode::kConcurrent]
[completed compiling 0x0b4e6fdb7751 <JSFunction isNode (sfi = 0x2b1ea95235e9)> (target MAGLEV) - took 0.000, 0.035, 0.001 ms]
[completed compiling 0x12fe1708d811 <JSFunction leave (sfi = 0x2e423beb9601)> (target MAGLEV) - took 0.000, 0.063, 0.001 ms]
[marking 0x0295dd891a49 <JSFunction addUneditedChunk (sfi = 0x2b1ea952cc69)> for optimization to MAGLEV, ConcurrencyMode::kConcurrent, reason: hot and stable]
[compiling method 0x0295dd891a49 <JSFunction addUneditedChunk (sfi = 0x2b1ea952cc69)> (target MAGLEV), mode: ConcurrencyMode::kConcurrent]
[marking 0x0b4e6fd9ee69 <JSFunction encode$1 (sfi = 0x2b1ea951c8e1)> for optimization to MAGLEV, ConcurrencyMode::kConcurrent, reason: hot and stable]
[completed compiling 0x0295dd891a49 <JSFunction addUneditedChunk (sfi = 0x2b1ea952cc69)> (target MAGLEV) - took 0.000, 0.336, 0.004 ms]
[compiling method 0x0b4e6fd9ee69 <JSFunction encode$1 (sfi = 0x2b1ea951c8e1)> (target MAGLEV) OSR, mode: ConcurrencyMode::kConcurrent]
[completed compiling 0x0b4e6fd9ee69 <JSFunction encode$1 (sfi = 0x2b1ea951c8e1)> (target MAGLEV) OSR - took 0.000, 0.269, 0.003 ms]
[marking 0x0295dd894349 <JSFunction next (sfi = 0x2b1ea952b5d1)> for optimization to MAGLEV, ConcurrencyMode::kConcurrent, reason: hot and stable]
[compiling method 0x0295dd894349 <JSFunction next (sfi = 0x2b1ea952b5d1)> (target MAGLEV), mode: ConcurrencyMode::kConcurrent]
[marking 0x0b4e6fd9ec79 <JSFunction decodeInteger (sfi = 0x2b1ea951c731)> for optimization to MAGLEV, ConcurrencyMode::kConcurrent, reason: hot and stable]
[compiling method 0x0b4e6fd9ec79 <JSFunction decodeInteger (sfi = 0x2b1ea951c731)> (target MAGLEV), mode: ConcurrencyMode::kConcurrent]
[completed compiling 0x0295dd894349 <JSFunction next (sfi = 0x2b1ea952b5d1)> (target MAGLEV) - took 0.000, 0.043, 0.001 ms]
[marking 0x0b4e6fd9ecf9 <JSFunction hasMoreVlq (sfi = 0x2b1ea951c7c1)> for optimization to MAGLEV, ConcurrencyMode::kConcurrent, reason: hot and stable]
[compiling method 0x0b4e6fd9ecf9 <JSFunction hasMoreVlq (sfi = 0x2b1ea951c7c1)> (target MAGLEV), mode: ConcurrencyMode::kConcurrent]
[marking 0x0295dd894381 <JSFunction peek (sfi = 0x2b1ea952b619)> for optimization to MAGLEV, ConcurrencyMode::kConcurrent, reason: hot and stable]
[compiling method 0x0295dd894381 <JSFunction peek (sfi = 0x2b1ea952b619)> (target MAGLEV), mode: ConcurrencyMode::kConcurrent]
[completed compiling 0x0b4e6fd9ec79 <JSFunction decodeInteger (sfi = 0x2b1ea951c731)> (target MAGLEV) - took 0.000, 0.129, 0.001 ms]
[completed compiling 0x0295dd894381 <JSFunction peek (sfi = 0x2b1ea952b619)> (target MAGLEV) - took 0.000, 0.028, 0.000 ms]
[completed compiling 0x0b4e6fd9ecf9 <JSFunction hasMoreVlq (sfi = 0x2b1ea951c7c1)> (target MAGLEV) - took 0.000, 0.058, 0.001 ms]
[marking 0x0b4e6fd9eda9 <JSFunction decode (sfi = 0x2b1ea951c809)> for optimization to MAGLEV, ConcurrencyMode::kConcurrent, reason: hot and stable]
[compiling method 0x0b4e6fd9eda9 <JSFunction decode (sfi = 0x2b1ea951c809)> (target MAGLEV) OSR, mode: ConcurrencyMode::kConcurrent]
[completed compiling 0x0b4e6fd9eda9 <JSFunction decode (sfi = 0x2b1ea951c809)> (target MAGLEV) OSR - took 0.000, 0.302, 0.002 ms]
[marking 0x0b4e6fd9f451 <JSFunction binarySearch (sfi = 0x2b1ea951cec9)> for optimization to MAGLEV, ConcurrencyMode::kConcurrent, reason: hot and stable]
[compiling method 0x0b4e6fd9f451 <JSFunction binarySearch (sfi = 0x2b1ea951cec9)> (target MAGLEV), mode: ConcurrencyMode::kConcurrent]
[marking 0x0b4e6fd9f5d1 <JSFunction cast$1 (sfi = 0x2b1ea951d079)> for optimization to MAGLEV, ConcurrencyMode::kConcurrent, reason: hot and stable]
[compiling method 0x0b4e6fd9f5d1 <JSFunction cast$1 (sfi = 0x2b1ea951d079)> (target MAGLEV), mode: ConcurrencyMode::kConcurrent]
[marking 0x0b4e6fd9fb09 <JSFunction assert$2 (sfi = 0x2b1ea951d619)> for optimization to MAGLEV, ConcurrencyMode::kConcurrent, reason: hot and stable]
[marking 0x0b4e6fd9f851 <JSFunction cast (sfi = 0x2b1ea951d349)> for optimization to MAGLEV, ConcurrencyMode::kConcurrent, reason: hot and stable]
[marking 0x0b4e6fd9f951 <JSFunction cast2 (sfi = 0x2b1ea951d469)> for optimization to MAGLEV, ConcurrencyMode::kConcurrent, reason: hot and stable]
[completed compiling 0x0b4e6fd9f5d1 <JSFunction cast$1 (sfi = 0x2b1ea951d079)> (target MAGLEV) - took 0.000, 0.021, 0.001 ms]
[compiling method 0x0b4e6fd9f851 <JSFunction cast (sfi = 0x2b1ea951d349)> (target MAGLEV), mode: ConcurrencyMode::kConcurrent]
[compiling method 0x0b4e6fd9f951 <JSFunction cast2 (sfi = 0x2b1ea951d469)> (target MAGLEV), mode: ConcurrencyMode::kConcurrent]
[compiling method 0x0b4e6fd9fb09 <JSFunction assert$2 (sfi = 0x2b1ea951d619)> (target MAGLEV), mode: ConcurrencyMode::kConcurrent]
[completed compiling 0x0b4e6fd9f851 <JSFunction cast (sfi = 0x2b1ea951d349)> (target MAGLEV) - took 0.000, 0.010, 0.000 ms]
[completed compiling 0x0b4e6fd9f951 <JSFunction cast2 (sfi = 0x2b1ea951d469)> (target MAGLEV) - took 0.000, 0.007, 0.000 ms]
[completed compiling 0x0b4e6fd9f451 <JSFunction binarySearch (sfi = 0x2b1ea951cec9)> (target MAGLEV) - took 0.000, 0.127, 0.001 ms]
[completed compiling 0x0b4e6fd9fb09 <JSFunction assert$2 (sfi = 0x2b1ea951d619)> (target MAGLEV) - took 0.000, 0.011, 0.000 ms]
[marking 0x0b4e6fd9f891 <JSFunction get$2 (sfi = 0x2b1ea951d391)> for optimization to MAGLEV, ConcurrencyMode::kConcurrent, reason: hot and stable]
[compiling method 0x0b4e6fd9f891 <JSFunction get$2 (sfi = 0x2b1ea951d391)> (target MAGLEV), mode: ConcurrencyMode::kConcurrent]
[completed compiling 0x0b4e6fd9f891 <JSFunction get$2 (sfi = 0x2b1ea951d391)> (target MAGLEV) - took 0.000, 0.032, 0.001 ms]
[marking 0x0b4e6fd9f991 <JSFunction maybeAddSegment (sfi = 0x2b1ea952b781)> for optimization to MAGLEV, ConcurrencyMode::kConcurrent, reason: hot and stable]
[compiling method 0x0b4e6fd9f991 <JSFunction maybeAddSegment (sfi = 0x2b1ea952b781)> (target MAGLEV), mode: ConcurrencyMode::kConcurrent]
[marking 0x0b4e6fd9fb49 <JSFunction getIndex (sfi = 0x2b1ea951d661)> for optimization to MAGLEV, ConcurrencyMode::kConcurrent, reason: hot and stable]
[completed compiling 0x0b4e6fd9f991 <JSFunction maybeAddSegment (sfi = 0x2b1ea952b781)> (target MAGLEV) - took 0.000, 0.023, 0.000 ms]
[compiling method 0x0b4e6fd9fb49 <JSFunction getIndex (sfi = 0x2b1ea951d661)> (target MAGLEV), mode: ConcurrencyMode::kConcurrent]
[marking 0x0b4e6fd9f651 <JSFunction decodedMappings (sfi = 0x2b1ea951d109)> for optimization to MAGLEV, ConcurrencyMode::kConcurrent, reason: hot and stable]
[marking 0x0b4e6fd9fd31 <JSFunction SegmentObject (sfi = 0x2b1ea951d811)> for optimization to MAGLEV, ConcurrencyMode::kConcurrent, reason: hot and stable]
[compiling method 0x0b4e6fd9f651 <JSFunction decodedMappings (sfi = 0x2b1ea951d109)> (target MAGLEV), mode: ConcurrencyMode::kConcurrent]
[marking 0x0b4e6fd9f551 <JSFunction memoizedBinarySearch (sfi = 0x2b1ea951cfe9)> for optimization to MAGLEV, ConcurrencyMode::kConcurrent, reason: hot and stable]
[marking 0x0b4e6fd9f811 <JSFunction traceSegmentInternal (sfi = 0x2b1ea951d301)> for optimization to MAGLEV, ConcurrencyMode::kConcurrent, reason: hot and stable]
[marking 0x0b4e6fd9f691 <JSFunction traceSegment (sfi = 0x2b1ea951d151)> for optimization to MAGLEV, ConcurrencyMode::kConcurrent, reason: hot and stable]
[completed compiling 0x0b4e6fd9f651 <JSFunction decodedMappings (sfi = 0x2b1ea951d109)> (target MAGLEV) - took 0.000, 0.027, 0.001 ms]
[completed compiling 0x0b4e6fd9fb49 <JSFunction getIndex (sfi = 0x2b1ea951d661)> (target MAGLEV) - took 0.000, 0.071, 0.001 ms]
[compiling method 0x0b4e6fd9fd31 <JSFunction SegmentObject (sfi = 0x2b1ea951d811)> (target MAGLEV), mode: ConcurrencyMode::kConcurrent]
[marking 0x0b4e6fd9fb89 <JSFunction getColumnIndex (sfi = 0x2b1ea951d6a9)> for optimization to MAGLEV, ConcurrencyMode::kConcurrent, reason: hot and stable]
[marking 0x0b4e6fd9f9c9 <JSFunction setSourceContent (sfi = 0x2b1ea951d4b1)> for optimization to MAGLEV, ConcurrencyMode::kConcurrent, reason: hot and stable]
[compiling method 0x0b4e6fd9f691 <JSFunction traceSegment (sfi = 0x2b1ea951d151)> (target MAGLEV), mode: ConcurrencyMode::kConcurrent]
[compiling method 0x0b4e6fd9f811 <JSFunction traceSegmentInternal (sfi = 0x2b1ea951d301)> (target MAGLEV), mode: ConcurrencyMode::kConcurrent]
[compiling method 0x0b4e6fd9f551 <JSFunction memoizedBinarySearch (sfi = 0x2b1ea951cfe9)> (target MAGLEV), mode: ConcurrencyMode::kConcurrent]
[completed compiling 0x0b4e6fd9fd31 <JSFunction SegmentObject (sfi = 0x2b1ea951d811)> (target MAGLEV) - took 0.000, 0.039, 0.002 ms]
[compiling method 0x0b4e6fd9fb89 <JSFunction getColumnIndex (sfi = 0x2b1ea951d6a9)> (target MAGLEV), mode: ConcurrencyMode::kConcurrent]
[compiling method 0x0b4e6fd9f9c9 <JSFunction setSourceContent (sfi = 0x2b1ea951d4b1)> (target MAGLEV), mode: ConcurrencyMode::kConcurrent]
[completed compiling 0x0b4e6fd9f811 <JSFunction traceSegmentInternal (sfi = 0x2b1ea951d301)> (target MAGLEV) - took 0.000, 0.052, 0.001 ms]
[completed compiling 0x0b4e6fd9f691 <JSFunction traceSegment (sfi = 0x2b1ea951d151)> (target MAGLEV) - took 0.000, 0.124, 0.002 ms]
[completed compiling 0x0b4e6fd9fb89 <JSFunction getColumnIndex (sfi = 0x2b1ea951d6a9)> (target MAGLEV) - took 0.000, 0.034, 0.000 ms]
[marking 0x0b4e6fd9fe71 <JSFunction originalPositionFor$1 (sfi = 0x2b1ea951d979)> for optimization to MAGLEV, ConcurrencyMode::kConcurrent, reason: hot and stable]
[compiling method 0x0b4e6fd9fe71 <JSFunction originalPositionFor$1 (sfi = 0x2b1ea951d979)> (target MAGLEV), mode: ConcurrencyMode::kConcurrent]
[completed compiling 0x0b4e6fd9f551 <JSFunction memoizedBinarySearch (sfi = 0x2b1ea951cfe9)> (target MAGLEV) - took 0.000, 0.153, 0.001 ms]
[completed compiling 0x0b4e6fd9f9c9 <JSFunction setSourceContent (sfi = 0x2b1ea951d4b1)> (target MAGLEV) - took 0.000, 0.088, 0.001 ms]
[marking 0x0b4e6fd9fe31 <JSFunction traceMappings (sfi = 0x2b1ea951d931)> for optimization to MAGLEV, ConcurrencyMode::kConcurrent, reason: hot and stable]
[completed compiling 0x0b4e6fd9fe71 <JSFunction originalPositionFor$1 (sfi = 0x2b1ea951d979)> (target MAGLEV) - took 0.001, 0.079, 0.002 ms]
[marking 0x0b4e6fd9fc89 <JSFunction skipSource (sfi = 0x2b1ea951d7c9)> for optimization to MAGLEV, ConcurrencyMode::kConcurrent, reason: hot and stable]
[compiling method 0x0b4e6fd9fc89 <JSFunction skipSource (sfi = 0x2b1ea951d7c9)> (target MAGLEV), mode: ConcurrencyMode::kConcurrent]
[compiling method 0x0b4e6fd9fe31 <JSFunction traceMappings (sfi = 0x2b1ea951d931)> (target MAGLEV) OSR, mode: ConcurrencyMode::kConcurrent]
[marking 0x0b4e6fd9fac9 <JSFunction addSegmentInternal (sfi = 0x2b1ea951d5d1)> for optimization to MAGLEV, ConcurrencyMode::kConcurrent, reason: hot and stable]
[compiling method 0x0b4e6fd9fac9 <JSFunction addSegmentInternal (sfi = 0x2b1ea951d5d1)> (target MAGLEV), mode: ConcurrencyMode::kConcurrent]
[completed compiling 0x0b4e6fd9fc89 <JSFunction skipSource (sfi = 0x2b1ea951d7c9)> (target MAGLEV) - took 0.000, 0.067, 0.000 ms]
[compiling method 0x0b4e6fd9ee69 <JSFunction encode$1 (sfi = 0x2b1ea951c8e1)> (target MAGLEV), mode: ConcurrencyMode::kConcurrent]
[bailout (kind: deopt-eager, reason: Insufficient type feedback for generic keyed access): begin. deoptimizing 0x0b4e6fd9ee69 <JSFunction encode$1 (sfi = 0x2b1ea951c8e1)>, 0x29039f9c4889 <Code MAGLEV>, opt id 230, bytecode offset 227, deopt exit 56, FP to SP delta 176, caller SP 0x00016f131270, pc 0x00011786b02c]
[completed compiling 0x0b4e6fd9fe31 <JSFunction traceMappings (sfi = 0x2b1ea951d931)> (target MAGLEV) OSR - took 0.000, 0.271, 0.002 ms]
[completed compiling 0x0b4e6fd9fac9 <JSFunction addSegmentInternal (sfi = 0x2b1ea951d5d1)> (target MAGLEV) - took 0.000, 0.355, 0.005 ms]
[completed compiling 0x0b4e6fd9ee69 <JSFunction encode$1 (sfi = 0x2b1ea951c8e1)> (target MAGLEV) - took 0.000, 0.279, 0.003 ms]
[compiling method 0x0b4e6fdb5859 <JSFunction B (sfi = 0x2b1ea9522431)> (target MAGLEV), mode: ConcurrencyMode::kConcurrent]
[completed compiling 0x0b4e6fdb5859 <JSFunction B (sfi = 0x2b1ea9522431)> (target MAGLEV) - took 0.000, 0.090, 0.002 ms]
[marking 0x0b4e6fdb7a71 <JSFunction isFunction$1 (sfi = 0x2b1ea95238d9)> for optimization to MAGLEV, ConcurrencyMode::kConcurrent, reason: hot and stable]
[compiling method 0x0b4e6fdb7a71 <JSFunction isFunction$1 (sfi = 0x2b1ea95238d9)> (target MAGLEV), mode: ConcurrencyMode::kConcurrent]
[completed compiling 0x0b4e6fdb7a71 <JSFunction isFunction$1 (sfi = 0x2b1ea95238d9)> (target MAGLEV) - took 0.000, 0.055, 0.002 ms]
[bailout (kind: deopt-eager, reason: Insufficient type feedback for call): begin. deoptimizing 0x0b4e6fd9f651 <JSFunction decodedMappings (sfi = 0x2b1ea951d109)>, 0x29039f9c9981 <Code MAGLEV>, opt id 243, bytecode offset 8, deopt exit 2, FP to SP delta 32, caller SP 0x00016f1312e0, pc 0x000117872044]
[bailout (kind: deopt-eager, reason: wrong map): begin. deoptimizing 0x0b4e6fd9fac9 <JSFunction addSegmentInternal (sfi = 0x2b1ea951d5d1)>, 0x29039f9cd9d9 <Code MAGLEV>, opt id 254, bytecode offset 0, deopt exit 3, FP to SP delta 112, caller SP 0x00016f1312e0, pc 0x000117875808]
[marking dependent code 0x098f66106419 <Code MAGLEV> (0x2b1ea9522431 <SharedFunctionInfo B>) (opt id 256) for deoptimization, reason: dependent property cell changed]
[marking dependent code 0x098f66103c19 <Code MAGLEV> (0x2b1ea951c8e1 <SharedFunctionInfo encode$1>) (opt id 255) for deoptimization, reason: dependent property cell changed]
[marking dependent code 0x29039f9c5819 <Code MAGLEV> (0x2b1ea951c731 <SharedFunctionInfo decodeInteger>) (opt id 232) for deoptimization, reason: dependent property cell changed]
[marking dependent code 0x3f30166064a1 <Code MAGLEV> (0x184317cea309 <SharedFunctionInfo convertNode>) (opt id 224) for deoptimization, reason: dependent property cell changed]
[marking dependent code 0x33233d333699 <Code MAGLEV> (0x2b1ea9522431 <SharedFunctionInfo B>) (opt id 223) for deoptimization, reason: dependent property cell changed]
[marking dependent code 0x3f68bc13fa39 <Code MAGLEV> (0x2b1ea952b4f9 <SharedFunctionInfo write>) (opt id 220) for deoptimization, reason: dependent property cell changed]
[marking dependent code 0x3f68bc108b61 <Code MAGLEV> (0x321d476e86a1 <SharedFunctionInfo isErrorStackTraceLimitWritable>) (opt id 219) for deoptimization, reason: dependent property cell changed]
[marking dependent code 0x3f68bc108641 <Code MAGLEV> (0x17675a8bfe51 <SharedFunctionInfo isBuildingSnapshot>) (opt id 218) for deoptimization, reason: dependent property cell changed]
[marking dependent code 0x39911f481ca1 <Code MAGLEV> (0x1cf651ac9a11 <SharedFunctionInfo wrapModuleLoad>) (opt id 85) for deoptimization, reason: dependent property cell changed]
[marking dependent code 0x37e1bd542241 <Code MAGLEV> (0x1cf651ad6681 <SharedFunctionInfo ensureTimerFlagsAreUpdated>) (opt id 48) for deoptimization, reason: dependent property cell changed]
[marking dependent code 0x281f633ffd49 <Code MAGLEV> (0x3320f7547191 <SharedFunctionInfo #updateContext>) (opt id 222) for deoptimization, reason: dependent property cell changed]
[marking dependent code 0x34609ca031f9 <Code MAGLEV> (0x3320f7571921 <SharedFunctionInfo realpathSync>) (opt id 41) for deoptimization, reason: dependent property cell changed]
[marking dependent code 0x39911f4b20d1 <Code MAGLEV> (0x2b1ea951c779 <SharedFunctionInfo encodeInteger>) (opt id 221) for deoptimization, reason: dependent property cell changed]
[marking dependent code 0x3f68bc101409 <Code MAGLEV> (0x3320f756fd89 <SharedFunctionInfo isFileType>) (opt id 25) for deoptimization, reason: dependent property cell changed]
[marking 0x0b4e6fdb5859 <JSFunction B (sfi = 0x2b1ea9522431)> for optimization to MAGLEV, ConcurrencyMode::kConcurrent, reason: hot and stable]
[compiling method 0x0b4e6fdb5859 <JSFunction B (sfi = 0x2b1ea9522431)> (target MAGLEV) OSR, mode: ConcurrencyMode::kConcurrent]
[completed compiling 0x0b4e6fdb5859 <JSFunction B (sfi = 0x2b1ea9522431)> (target MAGLEV) OSR - took 0.001, 0.133, 0.003 ms]
[compiling method 0x0b4e6fdb5859 <JSFunction B (sfi = 0x2b1ea9522431)> (target TURBOFAN_JS) OSR, mode: ConcurrencyMode::kConcurrent]
[completed compiling 0x0b4e6fdb5859 <JSFunction B (sfi = 0x2b1ea9522431)> (target TURBOFAN_JS) OSR - took 0.002, 0.901, 0.008 ms]
[completed optimizing 0x0b4e6fdb5859 <JSFunction B (sfi = 0x2b1ea9522431)> (target TURBOFAN_JS) OSR]
[marking 0x3947360b5ef9 <JSFunction convertNode (sfi = 0x184317cea309)> for optimization to MAGLEV, ConcurrencyMode::kConcurrent, reason: hot and stable]
[compiling method 0x3947360b5ef9 <JSFunction convertNode (sfi = 0x184317cea309)> (target MAGLEV), mode: ConcurrencyMode::kConcurrent]
[completed compiling 0x3947360b5ef9 <JSFunction convertNode (sfi = 0x184317cea309)> (target MAGLEV) - took 0.000, 0.083, 0.001 ms]
[marking 0x300619d9a021 <JSFunction toString (sfi = 0x1fae2e8b8319)> for optimization to MAGLEV, ConcurrencyMode::kConcurrent, reason: hot and stable]
[compiling method 0x300619d9a021 <JSFunction toString (sfi = 0x1fae2e8b8319)> (target MAGLEV), mode: ConcurrencyMode::kConcurrent]
[marking 0x0393aabfb699 <JSFunction convertString (sfi = 0x3b1de1d57979)> for optimization to MAGLEV, ConcurrencyMode::kConcurrent, reason: hot and stable]
[compiling method 0x0393aabfb699 <JSFunction convertString (sfi = 0x3b1de1d57979)> (target MAGLEV), mode: ConcurrencyMode::kConcurrent]
[completed compiling 0x300619d9a021 <JSFunction toString (sfi = 0x1fae2e8b8319)> (target MAGLEV) - took 0.000, 0.124, 0.002 ms]
[completed compiling 0x0393aabfb699 <JSFunction convertString (sfi = 0x3b1de1d57979)> (target MAGLEV) - took 0.000, 0.051, 0.001 ms]
[marking 0x0295dd8bda09 <JSFunction identifier (sfi = 0x184317ceb1c9)> for optimization to MAGLEV, ConcurrencyMode::kConcurrent, reason: hot and stable]
[compiling method 0x0295dd8bda09 <JSFunction identifier (sfi = 0x184317ceb1c9)> (target MAGLEV), mode: ConcurrencyMode::kConcurrent]
[completed compiling 0x0295dd8bda09 <JSFunction identifier (sfi = 0x184317ceb1c9)> (target MAGLEV) - took 0.000, 0.112, 0.002 ms]
[marking 0x0b4e6fd9b769 <JSFunction convertNodeList (sfi = 0x184317cea689)> for optimization to MAGLEV, ConcurrencyMode::kConcurrent, reason: hot and stable]
[compiling method 0x0b4e6fd9b769 <JSFunction convertNodeList (sfi = 0x184317cea689)> (target MAGLEV), mode: ConcurrencyMode::kConcurrent]
[completed compiling 0x0b4e6fd9b769 <JSFunction convertNodeList (sfi = 0x184317cea689)> (target MAGLEV) - took 0.000, 0.173, 0.002 ms]
[marking 0x0cc12701be81 <JSFunction isInScope (sfi = 0x2e423beb94e1)> for optimization to MAGLEV, ConcurrencyMode::kConcurrent, reason: hot and stable]
[compiling method 0x0cc12701be81 <JSFunction isInScope (sfi = 0x2e423beb94e1)> (target MAGLEV), mode: ConcurrencyMode::kConcurrent]
[marking 0x0cc12701c049 <JSFunction enter (sfi = 0x2e423beb95b9)> for optimization to MAGLEV, ConcurrencyMode::kConcurrent, reason: hot and stable]
[completed compiling 0x0cc12701be81 <JSFunction isInScope (sfi = 0x2e423beb94e1)> (target MAGLEV) - took 0.000, 0.045, 0.001 ms]
[compiling method 0x0cc12701c049 <JSFunction enter (sfi = 0x2e423beb95b9)> (target MAGLEV), mode: ConcurrencyMode::kConcurrent]
[completed compiling 0x0cc12701c049 <JSFunction enter (sfi = 0x2e423beb95b9)> (target MAGLEV) - took 0.000, 0.507, 0.007 ms]
[marking 0x0b4e6fdb7a01 <JSFunction isStaticPropertyKey (sfi = 0x2b1ea95300c1)> for optimization to MAGLEV, ConcurrencyMode::kConcurrent, reason: hot and stable]
[compiling method 0x0b4e6fdb7a01 <JSFunction isStaticPropertyKey (sfi = 0x2b1ea95300c1)> (target MAGLEV), mode: ConcurrencyMode::kConcurrent]
[marking 0x0b4e6fdb7911 <JSFunction isNodeInPattern (sfi = 0x2b1ea9530031)> for optimization to MAGLEV, ConcurrencyMode::kConcurrent, reason: hot and stable]
[completed compiling 0x0b4e6fdb7a01 <JSFunction isStaticPropertyKey (sfi = 0x2b1ea95300c1)> (target MAGLEV) - took 0.000, 0.052, 0.001 ms]
[compiling method 0x0b4e6fdb7911 <JSFunction isNodeInPattern (sfi = 0x2b1ea9530031)> (target MAGLEV), mode: ConcurrencyMode::kConcurrent]
[marking 0x0b4e6fdb79c9 <JSFunction isStaticProperty (sfi = 0x2b1ea9530079)> for optimization to MAGLEV, ConcurrencyMode::kConcurrent, reason: hot and stable]
[compiling method 0x0b4e6fdb79c9 <JSFunction isStaticProperty (sfi = 0x2b1ea9530079)> (target MAGLEV), mode: ConcurrencyMode::kConcurrent]
[completed compiling 0x0b4e6fdb7911 <JSFunction isNodeInPattern (sfi = 0x2b1ea9530031)> (target MAGLEV) - took 0.000, 0.023, 0.001 ms]
[completed compiling 0x0b4e6fdb79c9 <JSFunction isStaticProperty (sfi = 0x2b1ea9530079)> (target MAGLEV) - took 0.000, 0.027, 0.001 ms]
[marking 0x0295dd891bd1 <JSFunction contains (sfi = 0x2b1ea952c7e9)> for optimization to MAGLEV, ConcurrencyMode::kConcurrent, reason: hot and stable]
[compiling method 0x0295dd891bd1 <JSFunction contains (sfi = 0x2b1ea952c7e9)> (target MAGLEV), mode: ConcurrencyMode::kConcurrent]
[completed compiling 0x0295dd891bd1 <JSFunction contains (sfi = 0x2b1ea952c7e9)> (target MAGLEV) - took 0.000, 0.028, 0.001 ms]
[marking 0x3068d8fcdd21 <JSFunction locate (sfi = 0x2e423bebd749)> for optimization to MAGLEV, ConcurrencyMode::kConcurrent, reason: hot and stable]
[compiling method 0x3068d8fcdd21 <JSFunction locate (sfi = 0x2e423bebd749)> (target MAGLEV), mode: ConcurrencyMode::kConcurrent]
[completed compiling 0x3068d8fcdd21 <JSFunction locate (sfi = 0x2e423bebd749)> (target MAGLEV) - took 0.000, 0.101, 0.001 ms]
[bailout (kind: deopt-eager, reason: wrong map): begin. deoptimizing 0x0295dd891a49 <JSFunction addUneditedChunk (sfi = 0x2b1ea952cc69)>, 0x29039f9c3039 <Code MAGLEV>, opt id 229, bytecode offset 13, deopt exit 55, FP to SP delta 96, caller SP 0x00016f131330, pc 0x000117869ef8]
[marking 0x0295dd891a49 <JSFunction addUneditedChunk (sfi = 0x2b1ea952cc69)> for optimization to MAGLEV, ConcurrencyMode::kConcurrent, reason: hot and stable]
[compiling method 0x0295dd891a49 <JSFunction addUneditedChunk (sfi = 0x2b1ea952cc69)> (target MAGLEV) OSR, mode: ConcurrencyMode::kConcurrent]
[compiling method 0x0295dd891a49 <JSFunction addUneditedChunk (sfi = 0x2b1ea952cc69)> (target MAGLEV), mode: ConcurrencyMode::kConcurrent]
[marking 0x0b4e6fd9ee69 <JSFunction encode$1 (sfi = 0x2b1ea951c8e1)> for optimization to MAGLEV, ConcurrencyMode::kConcurrent, reason: hot and stable]
[marking 0x0295dd8943f1 <JSFunction write (sfi = 0x2b1ea952b4f9)> for optimization to MAGLEV, ConcurrencyMode::kConcurrent, reason: hot and stable]
[compiling method 0x0295dd8943f1 <JSFunction write (sfi = 0x2b1ea952b4f9)> (target MAGLEV), mode: ConcurrencyMode::kConcurrent]
[marking 0x0b4e6fd9ecb9 <JSFunction encodeInteger (sfi = 0x2b1ea951c779)> for optimization to MAGLEV, ConcurrencyMode::kConcurrent, reason: hot and stable]
[compiling method 0x0b4e6fd9ecb9 <JSFunction encodeInteger (sfi = 0x2b1ea951c779)> (target MAGLEV), mode: ConcurrencyMode::kConcurrent]
[compiling method 0x0b4e6fd9ee69 <JSFunction encode$1 (sfi = 0x2b1ea951c8e1)> (target MAGLEV) OSR, mode: ConcurrencyMode::kConcurrent]
[completed compiling 0x0295dd891a49 <JSFunction addUneditedChunk (sfi = 0x2b1ea952cc69)> (target MAGLEV) OSR - took 0.000, 0.404, 0.004 ms]
[completed compiling 0x0295dd891a49 <JSFunction addUneditedChunk (sfi = 0x2b1ea952cc69)> (target MAGLEV) - took 0.000, 0.377, 0.003 ms]
[completed compiling 0x0295dd8943f1 <JSFunction write (sfi = 0x2b1ea952b4f9)> (target MAGLEV) - took 0.000, 0.040, 0.000 ms]
[completed compiling 0x0b4e6fd9ecb9 <JSFunction encodeInteger (sfi = 0x2b1ea951c779)> (target MAGLEV) - took 0.000, 0.143, 0.001 ms]
[bailout (kind: deopt-eager, reason: Insufficient type feedback for generic named access): begin. deoptimizing 0x0b4e6fd9ecb9 <JSFunction encodeInteger (sfi = 0x2b1ea951c779)>, 0x29039f9cf9d9 <Code MAGLEV>, opt id 275, bytecode offset 32, deopt exit 23, FP to SP delta 48, caller SP 0x00016f131300, pc 0x0001178c2160]
[marking 0x0b4e6fd9ecb9 <JSFunction encodeInteger (sfi = 0x2b1ea951c779)> for optimization to MAGLEV, ConcurrencyMode::kConcurrent, reason: hot and stable]
[compiling method 0x0b4e6fd9ecb9 <JSFunction encodeInteger (sfi = 0x2b1ea951c779)> (target MAGLEV), mode: ConcurrencyMode::kConcurrent]
[completed compiling 0x0b4e6fd9ecb9 <JSFunction encodeInteger (sfi = 0x2b1ea951c779)> (target MAGLEV) - took 0.000, 0.176, 0.002 ms]
[completed compiling 0x0b4e6fd9ee69 <JSFunction encode$1 (sfi = 0x2b1ea951c8e1)> (target MAGLEV) OSR - took 0.000, 0.624, 0.002 ms]
[compiling method 0x0b4e6fd9ee69 <JSFunction encode$1 (sfi = 0x2b1ea951c8e1)> (target TURBOFAN_JS) OSR, mode: ConcurrencyMode::kConcurrent]
[marking 0x0b4e6fd9ec79 <JSFunction decodeInteger (sfi = 0x2b1ea951c731)> for optimization to MAGLEV, ConcurrencyMode::kConcurrent, reason: hot and stable]
[compiling method 0x0b4e6fd9ec79 <JSFunction decodeInteger (sfi = 0x2b1ea951c731)> (target MAGLEV), mode: ConcurrencyMode::kConcurrent]
[marking 0x0b4e6fd9eda9 <JSFunction decode (sfi = 0x2b1ea951c809)> for optimization to TURBOFAN_JS, ConcurrencyMode::kConcurrent, reason: hot and stable]
[completed compiling 0x0b4e6fd9ec79 <JSFunction decodeInteger (sfi = 0x2b1ea951c731)> (target MAGLEV) - took 0.000, 0.120, 0.002 ms]
[compiling method 0x0b4e6fd9eda9 <JSFunction decode (sfi = 0x2b1ea951c809)> (target TURBOFAN_JS) OSR, mode: ConcurrencyMode::kConcurrent]
[marking 0x0b4e6fd9ec79 <JSFunction decodeInteger (sfi = 0x2b1ea951c731)> for optimization to TURBOFAN_JS, ConcurrencyMode::kConcurrent, reason: hot and stable]
[compiling method 0x0b4e6fd9ec79 <JSFunction decodeInteger (sfi = 0x2b1ea951c731)> (target TURBOFAN_JS), mode: ConcurrencyMode::kConcurrent]
[marking 0x0b4e6fd9ecf9 <JSFunction hasMoreVlq (sfi = 0x2b1ea951c7c1)> for optimization to TURBOFAN_JS, ConcurrencyMode::kConcurrent, reason: hot and stable]
[compiling method 0x0b4e6fd9ecf9 <JSFunction hasMoreVlq (sfi = 0x2b1ea951c7c1)> (target TURBOFAN_JS), mode: ConcurrencyMode::kConcurrent]
[compiling method 0x0b4e6fd9eda9 <JSFunction decode (sfi = 0x2b1ea951c809)> (target TURBOFAN_JS), mode: ConcurrencyMode::kConcurrent]
[bailout (kind: deopt-eager, reason: Insufficient type feedback for call): begin. deoptimizing 0x0b4e6fd9eda9 <JSFunction decode (sfi = 0x2b1ea951c809)>, 0x29039f9c7709 <Code MAGLEV>, opt id 235, bytecode offset 139, deopt exit 39, FP to SP delta 192, caller SP 0x00016f1311a0, pc 0x00011786e6b8]
[bailout (kind: deopt-eager, reason: wrong map): begin. deoptimizing 0x0b4e6fd9fb49 <JSFunction getIndex (sfi = 0x2b1ea951d661)>, 0x29039f9c9eb9 <Code MAGLEV>, opt id 244, bytecode offset 0, deopt exit 0, FP to SP delta 48, caller SP 0x00016f1311c8, pc 0x00011787266c]
[completed compiling 0x0b4e6fd9ecf9 <JSFunction hasMoreVlq (sfi = 0x2b1ea951c7c1)> (target TURBOFAN_JS) - took 0.001, 0.547, 0.006 ms]
[completed optimizing 0x0b4e6fd9ecf9 <JSFunction hasMoreVlq (sfi = 0x2b1ea951c7c1)> (target TURBOFAN_JS)]
[marking 0x0b4e6fd9fe31 <JSFunction traceMappings (sfi = 0x2b1ea951d931)> for optimization to TURBOFAN_JS, ConcurrencyMode::kConcurrent, reason: hot and stable]
[marking 0x0b4e6fd9fbc9 <JSFunction insert (sfi = 0x2b1ea951d6f1)> for optimization to MAGLEV, ConcurrencyMode::kConcurrent, reason: hot and stable]
[marking 0x0b4e6fd9f4d1 <JSFunction lowerBound (sfi = 0x2b1ea951cf59)> for optimization to MAGLEV, ConcurrencyMode::kConcurrent, reason: hot and stable]
[compiling method 0x0b4e6fd9fbc9 <JSFunction insert (sfi = 0x2b1ea951d6f1)> (target MAGLEV), mode: ConcurrencyMode::kConcurrent]
[compiling method 0x0b4e6fd9f4d1 <JSFunction lowerBound (sfi = 0x2b1ea951cf59)> (target MAGLEV), mode: ConcurrencyMode::kConcurrent]
[marking 0x0b4e6fd9fb49 <JSFunction getIndex (sfi = 0x2b1ea951d661)> for optimization to MAGLEV, ConcurrencyMode::kConcurrent, reason: hot and stable]
[compiling method 0x0b4e6fd9fb49 <JSFunction getIndex (sfi = 0x2b1ea951d661)> (target MAGLEV), mode: ConcurrencyMode::kConcurrent]
[marking 0x0b4e6fd9f651 <JSFunction decodedMappings (sfi = 0x2b1ea951d109)> for optimization to MAGLEV, ConcurrencyMode::kConcurrent, reason: hot and stable]
[compiling method 0x0b4e6fd9f651 <JSFunction decodedMappings (sfi = 0x2b1ea951d109)> (target MAGLEV), mode: ConcurrencyMode::kConcurrent]
[compiling method 0x0b4e6fd9fe31 <JSFunction traceMappings (sfi = 0x2b1ea951d931)> (target TURBOFAN_JS) OSR, mode: ConcurrencyMode::kConcurrent]
[completed compiling 0x0b4e6fd9ec79 <JSFunction decodeInteger (sfi = 0x2b1ea951c731)> (target TURBOFAN_JS) - took 0.001, 1.021, 0.006 ms]
[completed optimizing 0x0b4e6fd9ec79 <JSFunction decodeInteger (sfi = 0x2b1ea951c731)> (target TURBOFAN_JS)]
[marking 0x0b4e6fd9fac9 <JSFunction addSegmentInternal (sfi = 0x2b1ea951d5d1)> for optimization to MAGLEV, ConcurrencyMode::kConcurrent, reason: hot and stable]
[compiling method 0x0b4e6fd9fac9 <JSFunction addSegmentInternal (sfi = 0x2b1ea951d5d1)> (target MAGLEV), mode: ConcurrencyMode::kConcurrent]
[completed compiling 0x0b4e6fd9fbc9 <JSFunction insert (sfi = 0x2b1ea951d6f1)> (target MAGLEV) - took 0.000, 0.078, 0.001 ms]
[completed compiling 0x0b4e6fd9f4d1 <JSFunction lowerBound (sfi = 0x2b1ea951cf59)> (target MAGLEV) - took 0.000, 0.036, 0.001 ms]
[completed compiling 0x0b4e6fd9fb49 <JSFunction getIndex (sfi = 0x2b1ea951d661)> (target MAGLEV) - took 0.000, 0.066, 0.001 ms]
[marking 0x0b4e6fd9f8d1 <JSFunction put (sfi = 0x2b1ea951d3d9)> for optimization to MAGLEV, ConcurrencyMode::kConcurrent, reason: hot and stable]
[completed compiling 0x0b4e6fd9f651 <JSFunction decodedMappings (sfi = 0x2b1ea951d109)> (target MAGLEV) - took 0.000, 0.039, 0.001 ms]
[compiling method 0x0b4e6fd9f8d1 <JSFunction put (sfi = 0x2b1ea951d3d9)> (target MAGLEV), mode: ConcurrencyMode::kConcurrent]
[completed compiling 0x0b4e6fd9fac9 <JSFunction addSegmentInternal (sfi = 0x2b1ea951d5d1)> (target MAGLEV) - took 0.000, 0.469, 0.004 ms]
[completed compiling 0x0b4e6fd9f8d1 <JSFunction put (sfi = 0x2b1ea951d3d9)> (target MAGLEV) - took 0.000, 0.101, 0.006 ms]
[compiling method 0x0b4e6fd9ee69 <JSFunction encode$1 (sfi = 0x2b1ea951c8e1)> (target MAGLEV), mode: ConcurrencyMode::kConcurrent]
[marking 0x0b4e6fd9ecb9 <JSFunction encodeInteger (sfi = 0x2b1ea951c779)> for optimization to TURBOFAN_JS, ConcurrencyMode::kConcurrent, reason: hot and stable]
[compiling method 0x0b4e6fd9ecb9 <JSFunction encodeInteger (sfi = 0x2b1ea951c779)> (target TURBOFAN_JS), mode: ConcurrencyMode::kConcurrent]
[marking 0x0f695d800409 <JSFunction #updateContext (sfi = 0x3320f7547191)> for optimization to MAGLEV, ConcurrencyMode::kConcurrent, reason: hot and stable]
[compiling method 0x0f695d800409 <JSFunction #updateContext (sfi = 0x3320f7547191)> (target MAGLEV), mode: ConcurrencyMode::kConcurrent]
[completed compiling 0x0b4e6fd9ee69 <JSFunction encode$1 (sfi = 0x2b1ea951c8e1)> (target TURBOFAN_JS) OSR - took 0.002, 4.450, 0.019 ms]
[completed optimizing 0x0b4e6fd9ee69 <JSFunction encode$1 (sfi = 0x2b1ea951c8e1)> (target TURBOFAN_JS) OSR]
[completed compiling 0x0b4e6fd9ecb9 <JSFunction encodeInteger (sfi = 0x2b1ea951c779)> (target TURBOFAN_JS) - took 0.001, 0.807, 0.009 ms]
[completed optimizing 0x0b4e6fd9ecb9 <JSFunction encodeInteger (sfi = 0x2b1ea951c779)> (target TURBOFAN_JS)]
[completed compiling 0x0b4e6fd9ee69 <JSFunction encode$1 (sfi = 0x2b1ea951c8e1)> (target MAGLEV) - took 0.000, 0.399, 0.003 ms]
[completed compiling 0x0f695d800409 <JSFunction #updateContext (sfi = 0x3320f7547191)> (target MAGLEV) - took 0.000, 0.124, 0.003 ms]
[completed compiling 0x0b4e6fd9fe31 <JSFunction traceMappings (sfi = 0x2b1ea951d931)> (target TURBOFAN_JS) OSR - took 0.001, 3.797, 0.023 ms]
[completed optimizing 0x0b4e6fd9fe31 <JSFunction traceMappings (sfi = 0x2b1ea951d931)> (target TURBOFAN_JS) OSR]
[marking 0x3947360bd4b9 <JSFunction normalizeString (sfi = 0x39473609c2c1)> for optimization to MAGLEV, ConcurrencyMode::kConcurrent, reason: hot and stable]
[compiling method 0x3947360bd4b9 <JSFunction normalizeString (sfi = 0x39473609c2c1)> (target MAGLEV), mode: ConcurrencyMode::kConcurrent]
[completed compiling 0x3947360bd4b9 <JSFunction normalizeString (sfi = 0x39473609c2c1)> (target MAGLEV) - took 0.000, 0.138, 0.001 ms]
[87022:0xc6940c000:0]     1880 ms: GC: {"pause":1.417,"mutator":136.731,"gc":"s","reduce_memory":false,"time_to_safepoint":0,"stack":true,"reason":"allocation failure","collector_reason":"","start_object_size":89537016,"end_object_size":68753344,"start_memory_size":107298816,"end_memory_size":107298816,"start_holes_size":2474600,"end_holes_size":2474600,"pool_local_chunks":0,"pool_shared_chunks":0,"pool_total_chunks":0,"new_space_capacity":33554432,"old_gen_allocation_limit":262626112,"global_allocation_limit":262626112,"allocation_throughput":247440,"new_space_allocation_throughput":169972,"new_space_survive_rate":23.4571,"allocated":32271512,"promoted":313416,"new_space_survived":6634064,"nodes_died_in_new":14,"nodes_copied_in_new":4,"nodes_promoted":1,"promotion_ratio":1.1082,"average_survival_ratio":53.7052,"promotion_rate":0,"during_sweeping":false,"heap.prologue":0,"heap.epilogue":0.001,"heap.external.prologue":0,"heap.external.epilogue":0,"heap.external_weak_global_handles":0.008,"complete.sweep_array_buffers":0,"scavenge":1.388,"scavenge.free_remembered_set":0.007,"scavenge.roots":0.009,"scavenge.weak":0,"scavenge.weak_global_handles.identify":0.001,"scavenge.weak_global_handles.process":0.003,"scavenge.parallel":1.256,"scavenge.pin_objects_conservative":0,"scavenge.pin_objects_precise":0,"scavenge.restore_pinned":0.009,"scavenge.sweep_array_buffers":0.004,"scavenge.resize_new_space":0,"background.scavenge.parallel":2.539,"incremental.steps_count":0,"incremental.steps_took":0,"scavenge_throughput":7.94275e+06,"quarantined_size":0,"quarantined_pages":0}
[completed compiling 0x0b4e6fd9eda9 <JSFunction decode (sfi = 0x2b1ea951c809)> (target TURBOFAN_JS) OSR - took 0.001, 8.283, 0.028 ms]
[completed optimizing 0x0b4e6fd9eda9 <JSFunction decode (sfi = 0x2b1ea951c809)> (target TURBOFAN_JS) OSR]
[completed compiling 0x0b4e6fd9eda9 <JSFunction decode (sfi = 0x2b1ea951c809)> (target TURBOFAN_JS) - took 0.002, 8.044, 0.022 ms]
[completed optimizing 0x0b4e6fd9eda9 <JSFunction decode (sfi = 0x2b1ea951c809)> (target TURBOFAN_JS)]
[compiling method 0x0b4e6fdb5859 <JSFunction B (sfi = 0x2b1ea9522431)> (target MAGLEV), mode: ConcurrencyMode::kConcurrent]
[completed compiling 0x0b4e6fdb5859 <JSFunction B (sfi = 0x2b1ea9522431)> (target MAGLEV) - took 0.000, 0.101, 0.002 ms]
[bailout (kind: deopt-eager, reason: wrong map): begin. deoptimizing 0x0295dd891a49 <JSFunction addUneditedChunk (sfi = 0x2b1ea952cc69)>, 0x29039f9cf019 <Code MAGLEV>, opt id 273, bytecode offset 13, deopt exit 55, FP to SP delta 96, caller SP 0x00016f131330, pc 0x0001178c1ab8]
[marking 0x0295dd891a49 <JSFunction addUneditedChunk (sfi = 0x2b1ea952cc69)> for optimization to MAGLEV, ConcurrencyMode::kConcurrent, reason: hot and stable]
[compiling method 0x0295dd891a49 <JSFunction addUneditedChunk (sfi = 0x2b1ea952cc69)> (target MAGLEV) OSR, mode: ConcurrencyMode::kConcurrent]
[compiling method 0x0295dd891a49 <JSFunction addUneditedChunk (sfi = 0x2b1ea952cc69)> (target MAGLEV), mode: ConcurrencyMode::kConcurrent]
[compiling method 0x0b4e6fd9fe31 <JSFunction traceMappings (sfi = 0x2b1ea951d931)> (target TURBOFAN_JS), mode: ConcurrencyMode::kConcurrent]
[completed compiling 0x0295dd891a49 <JSFunction addUneditedChunk (sfi = 0x2b1ea952cc69)> (target MAGLEV) OSR - took 0.000, 0.457, 0.005 ms]
[completed compiling 0x0295dd891a49 <JSFunction addUneditedChunk (sfi = 0x2b1ea952cc69)> (target MAGLEV) - took 0.000, 0.430, 0.003 ms]
[bailout (kind: deopt-eager, reason: not a Smi): begin. deoptimizing 0x0b4e6fd9fac9 <JSFunction addSegmentInternal (sfi = 0x2b1ea951d5d1)>, 0x098f66119a41 <Code MAGLEV>, opt id 289, bytecode offset 22, deopt exit 30, FP to SP delta 128, caller SP 0x00016f131220, pc 0x0001178abe0c]
[marking 0x0b4e6fd9fac9 <JSFunction addSegmentInternal (sfi = 0x2b1ea951d5d1)> for optimization to MAGLEV, ConcurrencyMode::kConcurrent, reason: hot and stable]
[compiling method 0x0b4e6fd9fac9 <JSFunction addSegmentInternal (sfi = 0x2b1ea951d5d1)> (target MAGLEV), mode: ConcurrencyMode::kConcurrent]
[completed compiling 0x0b4e6fd9fac9 <JSFunction addSegmentInternal (sfi = 0x2b1ea951d5d1)> (target MAGLEV) - took 0.000, 0.337, 0.003 ms]
[completed compiling 0x0b4e6fd9fe31 <JSFunction traceMappings (sfi = 0x2b1ea951d931)> (target TURBOFAN_JS) - took 0.003, 4.585, 0.032 ms]
[completed optimizing 0x0b4e6fd9fe31 <JSFunction traceMappings (sfi = 0x2b1ea951d931)> (target TURBOFAN_JS)]
[marking dependent code 0x098f6610ff61 <Code MAGLEV> (0x2e423beb95b9 <SharedFunctionInfo enter>) (opt id 266) for deoptimization, reason: dependent field type changed]
[marking 0x0295dd8be1c9 <JSFunction memberExpression (sfi = 0x184317ceba81)> for optimization to MAGLEV, ConcurrencyMode::kConcurrent, reason: hot and stable]
[compiling method 0x0295dd8be1c9 <JSFunction memberExpression (sfi = 0x184317ceba81)> (target MAGLEV), mode: ConcurrencyMode::kConcurrent]
[marking 0x2d192edd71d1 <JSFunction _split (sfi = 0x2b1ea952d491)> for optimization to MAGLEV, ConcurrencyMode::kConcurrent, reason: hot and stable]
[compiling method 0x2d192edd71d1 <JSFunction _split (sfi = 0x2b1ea952d491)> (target MAGLEV), mode: ConcurrencyMode::kConcurrent]
[marking 0x2f5c818c5351 <JSFunction enter (sfi = 0x2e423beb95b9)> for optimization to MAGLEV, ConcurrencyMode::kConcurrent, reason: hot and stable]
[completed compiling 0x0295dd8be1c9 <JSFunction memberExpression (sfi = 0x184317ceba81)> (target MAGLEV) - took 0.000, 0.176, 0.005 ms]
[compiling method 0x2f5c818c5351 <JSFunction enter (sfi = 0x2e423beb95b9)> (target MAGLEV), mode: ConcurrencyMode::kConcurrent]
[completed compiling 0x2d192edd71d1 <JSFunction _split (sfi = 0x2b1ea952d491)> (target MAGLEV) - took 0.000, 0.134, 0.003 ms]
[marking 0x0b4e6fdb7989 <JSFunction isRefIdentifier (sfi = 0x2b1ea9523891)> for optimization to MAGLEV, ConcurrencyMode::kConcurrent, reason: hot and stable]
[compiling method 0x0b4e6fdb7989 <JSFunction isRefIdentifier (sfi = 0x2b1ea9523891)> (target MAGLEV), mode: ConcurrencyMode::kConcurrent]
[completed compiling 0x2f5c818c5351 <JSFunction enter (sfi = 0x2e423beb95b9)> (target MAGLEV) - took 0.000, 0.406, 0.005 ms]
[completed compiling 0x0b4e6fdb7989 <JSFunction isRefIdentifier (sfi = 0x2b1ea9523891)> (target MAGLEV) - took 0.000, 0.192, 0.003 ms]
[bailout (kind: deopt-eager, reason: Insufficient type feedback for call): begin. deoptimizing 0x2f5c818c5351 <JSFunction enter (sfi = 0x2e423beb95b9)>, 0x29039f9dbab1 <Code MAGLEV>, opt id 302, bytecode offset 734, deopt exit 67, FP to SP delta 64, caller SP 0x00016f130a18, pc 0x0001178c5cc0]
[marking 0x2f5c818f25b9 <JSFunction (sfi = 0x2e423bebad49)> for optimization to TURBOFAN_JS, ConcurrencyMode::kConcurrent, reason: hot and stable]
[compiling method 0x2f5c818f25b9 <JSFunction (sfi = 0x2e423bebad49)> (target TURBOFAN_JS), mode: ConcurrencyMode::kConcurrent]
[marking 0x0b4e6fdb2e31 <JSFunction getLocator (sfi = 0x2b1ea951ff51)> for optimization to MAGLEV, ConcurrencyMode::kConcurrent, reason: hot and stable]
[compiling method 0x0b4e6fdb2e31 <JSFunction getLocator (sfi = 0x2b1ea951ff51)> (target MAGLEV) OSR, mode: ConcurrencyMode::kConcurrent]
[completed compiling 0x0b4e6fdb2e31 <JSFunction getLocator (sfi = 0x2b1ea951ff51)> (target MAGLEV) OSR - took 0.000, 0.098, 0.001 ms]
[completed compiling 0x2f5c818f25b9 <JSFunction (sfi = 0x2e423bebad49)> (target TURBOFAN_JS) - took 0.001, 0.318, 0.005 ms]
[completed optimizing 0x2f5c818f25b9 <JSFunction (sfi = 0x2e423bebad49)> (target TURBOFAN_JS)]
[compiling method 0x0b4e6fdb2e31 <JSFunction getLocator (sfi = 0x2b1ea951ff51)> (target MAGLEV), mode: ConcurrencyMode::kConcurrent]
[completed compiling 0x0b4e6fdb2e31 <JSFunction getLocator (sfi = 0x2b1ea951ff51)> (target MAGLEV) - took 0.000, 0.169, 0.003 ms]
[marking 0x0b4e6fdb7ae9 <JSFunction isBlock (sfi = 0x2b1ea9523921)> for optimization to MAGLEV, ConcurrencyMode::kConcurrent, reason: hot and stable]
[compiling method 0x0b4e6fdb7ae9 <JSFunction isBlock (sfi = 0x2b1ea9523921)> (target MAGLEV), mode: ConcurrencyMode::kConcurrent]
[completed compiling 0x0b4e6fdb7ae9 <JSFunction isBlock (sfi = 0x2b1ea9523921)> (target MAGLEV) - took 0.000, 0.057, 0.002 ms]
[marking 0x0f695d804019 <JSFunction getEncodingOps (sfi = 0x1fae2e8b6699)> for optimization to MAGLEV, ConcurrencyMode::kConcurrent, reason: hot and stable]
[compiling method 0x0f695d804019 <JSFunction getEncodingOps (sfi = 0x1fae2e8b6699)> (target MAGLEV), mode: ConcurrencyMode::kConcurrent]
[completed compiling 0x0f695d804019 <JSFunction getEncodingOps (sfi = 0x1fae2e8b6699)> (target MAGLEV) - took 0.000, 0.105, 0.002 ms]
[marking 0x0b4e6fdb2cb9 <JSFunction Chunk (sfi = 0x2b1ea952c6c9)> for optimization to MAGLEV, ConcurrencyMode::kConcurrent, reason: hot and stable]
[compiling method 0x0b4e6fdb2cb9 <JSFunction Chunk (sfi = 0x2b1ea952c6c9)> (target MAGLEV), mode: ConcurrencyMode::kConcurrent]
[completed compiling 0x0b4e6fdb2cb9 <JSFunction Chunk (sfi = 0x2b1ea952c6c9)> (target MAGLEV) - took 0.000, 0.058, 0.004 ms]
[marking 0x37a8cda77e51 <JSFunction enter (sfi = 0x2e423beb95b9)> for optimization to MAGLEV, ConcurrencyMode::kConcurrent, reason: hot and stable]
[compiling method 0x37a8cda77e51 <JSFunction enter (sfi = 0x2e423beb95b9)> (target MAGLEV), mode: ConcurrencyMode::kConcurrent]
[marking 0x0b4e6fd9fd31 <JSFunction SegmentObject (sfi = 0x2b1ea951d811)> for optimization to TURBOFAN_JS, ConcurrencyMode::kConcurrent, reason: hot and stable]
[compiling method 0x0b4e6fd9fd31 <JSFunction SegmentObject (sfi = 0x2b1ea951d811)> (target TURBOFAN_JS), mode: ConcurrencyMode::kConcurrent]
[marking 0x0295dd891d91 <JSFunction toString (sfi = 0x2b1ea952ca29)> for optimization to MAGLEV, ConcurrencyMode::kConcurrent, reason: hot and stable]
[compiling method 0x0295dd891d91 <JSFunction toString (sfi = 0x2b1ea952ca29)> (target MAGLEV), mode: ConcurrencyMode::kConcurrent]
[completed compiling 0x0295dd891d91 <JSFunction toString (sfi = 0x2b1ea952ca29)> (target MAGLEV) - took 0.000, 0.035, 0.001 ms]
[completed compiling 0x37a8cda77e51 <JSFunction enter (sfi = 0x2e423beb95b9)> (target MAGLEV) - took 0.000, 0.447, 0.006 ms]
[completed compiling 0x0b4e6fd9fd31 <JSFunction SegmentObject (sfi = 0x2b1ea951d811)> (target TURBOFAN_JS) - took 0.001, 0.281, 0.006 ms]
[completed optimizing 0x0b4e6fd9fd31 <JSFunction SegmentObject (sfi = 0x2b1ea951d811)> (target TURBOFAN_JS)]
[marking 0x2d192edd7199 <JSFunction _splitChunk (sfi = 0x2b1ea952d4d9)> for optimization to MAGLEV, ConcurrencyMode::kConcurrent, reason: hot and stable]
[compiling method 0x2d192edd7199 <JSFunction _splitChunk (sfi = 0x2b1ea952d4d9)> (target MAGLEV), mode: ConcurrencyMode::kConcurrent]
[marking 0x0295dd892621 <JSFunction visit (sfi = 0x2b1ea952ffa1)> for optimization to TURBOFAN_JS, ConcurrencyMode::kConcurrent, reason: hot and stable]
[compiling method 0x0295dd892621 <JSFunction visit (sfi = 0x2b1ea952ffa1)> (target TURBOFAN_JS), mode: ConcurrencyMode::kConcurrent]
[completed compiling 0x2d192edd7199 <JSFunction _splitChunk (sfi = 0x2b1ea952d4d9)> (target MAGLEV) - took 0.000, 0.109, 0.004 ms]
[marking 0x0295dd891d59 <JSFunction split (sfi = 0x2b1ea952c9e1)> for optimization to MAGLEV, ConcurrencyMode::kConcurrent, reason: hot and stable]
[compiling method 0x0295dd891d59 <JSFunction split (sfi = 0x2b1ea952c9e1)> (target MAGLEV), mode: ConcurrencyMode::kConcurrent]
[completed compiling 0x0295dd891d59 <JSFunction split (sfi = 0x2b1ea952c9e1)> (target MAGLEV) - took 0.000, 0.143, 0.004 ms]
[marking 0x0295dd891a81 <JSFunction advance (sfi = 0x2b1ea952ccb1)> for optimization to MAGLEV, ConcurrencyMode::kConcurrent, reason: hot and stable]
[compiling method 0x0295dd891a81 <JSFunction advance (sfi = 0x2b1ea952ccb1)> (target MAGLEV), mode: ConcurrencyMode::kConcurrent]
[completed compiling 0x0295dd891a81 <JSFunction advance (sfi = 0x2b1ea952ccb1)> (target MAGLEV) - took 0.000, 0.133, 0.003 ms]
[completed compiling 0x0295dd892621 <JSFunction visit (sfi = 0x2b1ea952ffa1)> (target TURBOFAN_JS) - took 0.001, 1.973, 0.020 ms]
[completed optimizing 0x0295dd892621 <JSFunction visit (sfi = 0x2b1ea952ffa1)> (target TURBOFAN_JS)]
[marking 0x251414ff8e11 <JSFunction setScope (sfi = 0x2e423beb9571)> for optimization to MAGLEV, ConcurrencyMode::kConcurrent, reason: hot and stable]
[compiling method 0x251414ff8e11 <JSFunction setScope (sfi = 0x2e423beb9571)> (target MAGLEV), mode: ConcurrencyMode::kConcurrent]
[marking 0x123d000a5c49 <JSFunction (sfi = 0x2e423bebd181)> for optimization to MAGLEV, ConcurrencyMode::kConcurrent, reason: hot and stable]
[compiling method 0x123d000a5c49 <JSFunction (sfi = 0x2e423bebd181)> (target MAGLEV), mode: ConcurrencyMode::kConcurrent]
[completed compiling 0x251414ff8e11 <JSFunction setScope (sfi = 0x2e423beb9571)> (target MAGLEV) - took 0.000, 0.110, 0.005 ms]
[marking 0x0295dd891a49 <JSFunction addUneditedChunk (sfi = 0x2b1ea952cc69)> for optimization to TURBOFAN_JS, ConcurrencyMode::kConcurrent, reason: hot and stable]
[compiling method 0x0295dd891a49 <JSFunction addUneditedChunk (sfi = 0x2b1ea952cc69)> (target TURBOFAN_JS), mode: ConcurrencyMode::kConcurrent]
[completed compiling 0x123d000a5c49 <JSFunction (sfi = 0x2e423bebd181)> (target MAGLEV) - took 0.000, 0.315, 0.006 ms]
[completed compiling 0x0295dd891a49 <JSFunction addUneditedChunk (sfi = 0x2b1ea952cc69)> (target TURBOFAN_JS) - took 0.001, 1.609, 0.015 ms]
[completed optimizing 0x0295dd891a49 <JSFunction addUneditedChunk (sfi = 0x2b1ea952cc69)> (target TURBOFAN_JS)]
[marking 0x0295dd8947c9 <JSFunction _write (sfi = 0xf695d82d7b9)> for optimization to MAGLEV, ConcurrencyMode::kConcurrent, reason: hot and stable]
[compiling method 0x0295dd8947c9 <JSFunction _write (sfi = 0xf695d82d7b9)> (target MAGLEV), mode: ConcurrencyMode::kConcurrent]
[completed compiling 0x0295dd8947c9 <JSFunction _write (sfi = 0xf695d82d7b9)> (target MAGLEV) - took 0.000, 0.105, 0.004 ms]
[marking 0x0295dd8bd449 <JSFunction callExpression (sfi = 0x184317ceab51)> for optimization to MAGLEV, ConcurrencyMode::kConcurrent, reason: hot and stable]
[compiling method 0x0295dd8bd449 <JSFunction callExpression (sfi = 0x184317ceab51)> (target MAGLEV), mode: ConcurrencyMode::kConcurrent]
[marking dependent code 0x098f661101f9 <Code MAGLEV> (0x2b1ea95300c1 <SharedFunctionInfo isStaticPropertyKey>) (opt id 267) for deoptimization, reason: dependent field type changed]
[marking 0x0b4e6fdb7a01 <JSFunction isStaticPropertyKey (sfi = 0x2b1ea95300c1)> for optimization to MAGLEV, ConcurrencyMode::kConcurrent, reason: hot and stable]
[compiling method 0x0b4e6fdb7a01 <JSFunction isStaticPropertyKey (sfi = 0x2b1ea95300c1)> (target MAGLEV), mode: ConcurrencyMode::kConcurrent]
[completed compiling 0x0b4e6fdb7a01 <JSFunction isStaticPropertyKey (sfi = 0x2b1ea95300c1)> (target MAGLEV) - took 0.000, 0.051, 0.002 ms]
[completed compiling 0x0295dd8bd449 <JSFunction callExpression (sfi = 0x184317ceab51)> (target MAGLEV) - took 0.000, 0.327, 0.004 ms]
[marking 0x0b4e6fdb5859 <JSFunction B (sfi = 0x2b1ea9522431)> for optimization to TURBOFAN_JS, ConcurrencyMode::kConcurrent, reason: hot and stable]
[compiling method 0x0b4e6fdb5859 <JSFunction B (sfi = 0x2b1ea9522431)> (target TURBOFAN_JS), mode: ConcurrencyMode::kConcurrent]
[completed compiling 0x0b4e6fdb5859 <JSFunction B (sfi = 0x2b1ea9522431)> (target TURBOFAN_JS) - took 0.002, 1.182, 0.009 ms]
[completed optimizing 0x0b4e6fdb5859 <JSFunction B (sfi = 0x2b1ea9522431)> (target TURBOFAN_JS)]
[marking 0x0295dd8be849 <JSFunction variableDeclaration (sfi = 0x184317cec1d1)> for optimization to MAGLEV, ConcurrencyMode::kConcurrent, reason: hot and stable]
[compiling method 0x0295dd8be849 <JSFunction variableDeclaration (sfi = 0x184317cec1d1)> (target MAGLEV), mode: ConcurrencyMode::kConcurrent]
[completed compiling 0x0295dd8be849 <JSFunction variableDeclaration (sfi = 0x184317cec1d1)> (target MAGLEV) - took 0.000, 0.133, 0.004 ms]
[marking 0x2b21d1b26321 <JSFunction onStatements (sfi = 0x3b1de1d559e1)> for optimization to MAGLEV, ConcurrencyMode::kConcurrent, reason: hot and stable]
[compiling method 0x2b21d1b26321 <JSFunction onStatements (sfi = 0x3b1de1d559e1)> (target MAGLEV), mode: ConcurrencyMode::kConcurrent]
[completed compiling 0x2b21d1b26321 <JSFunction onStatements (sfi = 0x3b1de1d559e1)> (target MAGLEV) - took 0.000, 0.169, 0.001 ms]
[marking 0x0b4e6fdb7b29 <JSFunction findParentScope (sfi = 0x2b1ea9523969)> for optimization to MAGLEV, ConcurrencyMode::kConcurrent, reason: hot and stable]
[compiling method 0x0b4e6fdb7b29 <JSFunction findParentScope (sfi = 0x2b1ea9523969)> (target MAGLEV), mode: ConcurrencyMode::kConcurrent]
[completed compiling 0x0b4e6fdb7b29 <JSFunction findParentScope (sfi = 0x2b1ea9523969)> (target MAGLEV) - took 0.000, 0.043, 0.001 ms]
[marking 0x11ed2d8c49a9 <JSFunction (sfi = 0x2e423beb9649)> for optimization to MAGLEV, ConcurrencyMode::kConcurrent, reason: hot and stable]
[compiling method 0x11ed2d8c49a9 <JSFunction (sfi = 0x2e423beb9649)> (target MAGLEV), mode: ConcurrencyMode::kConcurrent]
[marking 0x0295dd891c09 <JSFunction eachNext (sfi = 0x2b1ea952c831)> for optimization to MAGLEV, ConcurrencyMode::kConcurrent, reason: hot and stable]
[completed compiling 0x11ed2d8c49a9 <JSFunction (sfi = 0x2e423beb9649)> (target MAGLEV) - took 0.000, 0.177, 0.003 ms]
[marking 0x0b4e6fd9ee69 <JSFunction encode$1 (sfi = 0x2b1ea951c8e1)> for optimization to TURBOFAN_JS, ConcurrencyMode::kConcurrent, reason: hot and stable]
[marking 0x0b4e6fd9fe71 <JSFunction originalPositionFor$1 (sfi = 0x2b1ea951d979)> for optimization to TURBOFAN_JS, ConcurrencyMode::kConcurrent, reason: hot and stable]
[compiling method 0x0b4e6fd9fe71 <JSFunction originalPositionFor$1 (sfi = 0x2b1ea951d979)> (target TURBOFAN_JS), mode: ConcurrencyMode::kConcurrent]
[marking 0x0b4e6fd9fac9 <JSFunction addSegmentInternal (sfi = 0x2b1ea951d5d1)> for optimization to TURBOFAN_JS, ConcurrencyMode::kConcurrent, reason: hot and stable]
[compiling method 0x0b4e6fd9fac9 <JSFunction addSegmentInternal (sfi = 0x2b1ea951d5d1)> (target TURBOFAN_JS), mode: ConcurrencyMode::kConcurrent]
[compiling method 0x0b4e6fd9ee69 <JSFunction encode$1 (sfi = 0x2b1ea951c8e1)> (target TURBOFAN_JS), mode: ConcurrencyMode::kConcurrent]
[marking 0x2d192edd7161 <JSFunction toString (sfi = 0x2b1ea952d521)> for optimization to MAGLEV, ConcurrencyMode::kConcurrent, reason: hot and stable]
[completed compiling 0x0b4e6fd9fe71 <JSFunction originalPositionFor$1 (sfi = 0x2b1ea951d979)> (target TURBOFAN_JS) - took 0.003, 2.230, 0.021 ms]
[completed optimizing 0x0b4e6fd9fe71 <JSFunction originalPositionFor$1 (sfi = 0x2b1ea951d979)> (target TURBOFAN_JS)]
[completed compiling 0x0b4e6fd9fac9 <JSFunction addSegmentInternal (sfi = 0x2b1ea951d5d1)> (target TURBOFAN_JS) - took 0.000, 2.671, 0.019 ms]
[completed optimizing 0x0b4e6fd9fac9 <JSFunction addSegmentInternal (sfi = 0x2b1ea951d5d1)> (target TURBOFAN_JS)]
[marking 0x3db55a1986a9 <JSFunction writeUInt32LE (sfi = 0xf695d82c669)> for optimization to MAGLEV, ConcurrencyMode::kConcurrent, reason: hot and stable]
[compiling method 0x3db55a1986a9 <JSFunction writeUInt32LE (sfi = 0xf695d82c669)> (target MAGLEV), mode: ConcurrencyMode::kConcurrent]
[completed compiling 0x3db55a1986a9 <JSFunction writeUInt32LE (sfi = 0xf695d82c669)> (target MAGLEV) - took 0.000, 0.077, 0.002 ms]
[marking 0x0295dd8948a9 <JSFunction _read (sfi = 0xf695d82d8d9)> for optimization to MAGLEV, ConcurrencyMode::kConcurrent, reason: hot and stable]
[marking 0x2a1cef3f5c79 <JSFunction (sfi = 0x14f00c116379)> for optimization to MAGLEV, ConcurrencyMode::kConcurrent, reason: hot and stable]
[compiling method 0x2a1cef3f5ce9 <JSFunction (sfi = 0x14f00c116379)> (target MAGLEV), mode: ConcurrencyMode::kConcurrent]
[completed compiling 0x2a1cef3f5ce9 <JSFunction (sfi = 0x14f00c116379)> (target MAGLEV) - took 0.000, 0.119, 0.002 ms]
[marking 0x1506a4444b91 <JSFunction msFromTimeSpec (sfi = 0xb20cc0b5c41)> for optimization to MAGLEV, ConcurrencyMode::kConcurrent, reason: hot and stable]
[compiling method 0x1506a4444b91 <JSFunction msFromTimeSpec (sfi = 0xb20cc0b5c41)> (target MAGLEV), mode: ConcurrencyMode::kConcurrent]
[completed compiling 0x1506a4444b91 <JSFunction msFromTimeSpec (sfi = 0xb20cc0b5c41)> (target MAGLEV) - took 0.000, 0.035, 0.000 ms]
[compiling method 0x2d192edd7161 <JSFunction toString (sfi = 0x2b1ea952d521)> (target MAGLEV), mode: ConcurrencyMode::kConcurrent]
[completed compiling 0x0b4e6fd9ee69 <JSFunction encode$1 (sfi = 0x2b1ea951c8e1)> (target TURBOFAN_JS) - took 0.000, 4.894, 0.022 ms]
[completed optimizing 0x0b4e6fd9ee69 <JSFunction encode$1 (sfi = 0x2b1ea951c8e1)> (target TURBOFAN_JS)]
[completed compiling 0x2d192edd7161 <JSFunction toString (sfi = 0x2b1ea952d521)> (target MAGLEV) - took 0.000, 0.106, 0.004 ms]
[compiling method 0x0295dd891c09 <JSFunction eachNext (sfi = 0x2b1ea952c831)> (target MAGLEV), mode: ConcurrencyMode::kConcurrent]
[completed compiling 0x0295dd891c09 <JSFunction eachNext (sfi = 0x2b1ea952c831)> (target MAGLEV) - took 0.000, 0.069, 0.001 ms]
[marking 0x257a9e82a519 <JSFunction (sfi = 0x23a33470b119)> for optimization to MAGLEV, ConcurrencyMode::kConcurrent, reason: hot and stable]
[compiling method 0x257a9e82a519 <JSFunction (sfi = 0x23a33470b119)> (target MAGLEV), mode: ConcurrencyMode::kConcurrent]
[completed compiling 0x257a9e82a519 <JSFunction (sfi = 0x23a33470b119)> (target MAGLEV) - took 0.000, 0.044, 0.001 ms]
[marking 0x257a9e82bdc9 <JSFunction (sfi = 0x23a33470b161)> for optimization to MAGLEV, ConcurrencyMode::kConcurrent, reason: hot and stable]
[compiling method 0x257a9e82bdc9 <JSFunction (sfi = 0x23a33470b161)> (target MAGLEV), mode: ConcurrencyMode::kConcurrent]
[completed compiling 0x257a9e82bdc9 <JSFunction (sfi = 0x23a33470b161)> (target MAGLEV) - took 0.000, 0.071, 0.001 ms]
[marking 0x06bdc474faa1 <JSFunction Parser (sfi = 0x23a33472ea31)> for optimization to MAGLEV, ConcurrencyMode::kConcurrent, reason: hot and stable]
[compiling method 0x06bdc474faa1 <JSFunction Parser (sfi = 0x23a33472ea31)> (target MAGLEV), mode: ConcurrencyMode::kConcurrent]
[marking 0x06bdc474f0c9 <JSFunction Parser (sfi = 0x23a33472e2e1)> for optimization to MAGLEV, ConcurrencyMode::kConcurrent, reason: hot and stable]
[compiling method 0x06bdc474f0c9 <JSFunction Parser (sfi = 0x23a33472e2e1)> (target MAGLEV), mode: ConcurrencyMode::kConcurrent]
[marking 0x130c7a35f8f1 <JSFunction (sfi = 0x23a33472e299)> for optimization to MAGLEV, ConcurrencyMode::kConcurrent, reason: hot and stable]
[completed compiling 0x06bdc474faa1 <JSFunction Parser (sfi = 0x23a33472ea31)> (target MAGLEV) - took 0.000, 0.041, 0.001 ms]
[compiling method 0x130c7a35f8f1 <JSFunction (sfi = 0x23a33472e299)> (target MAGLEV), mode: ConcurrencyMode::kConcurrent]
[completed compiling 0x06bdc474f0c9 <JSFunction Parser (sfi = 0x23a33472e2e1)> (target MAGLEV) - took 0.000, 0.081, 0.002 ms]
[completed compiling 0x130c7a35f8f1 <JSFunction (sfi = 0x23a33472e299)> (target MAGLEV) - took 0.000, 0.028, 0.000 ms]
[marking 0x06eb8012e7b9 <JSFunction createParserContext (sfi = 0x23a3347359e9)> for optimization to MAGLEV, ConcurrencyMode::kConcurrent, reason: hot and stable]
[compiling method 0x06eb8012e7b9 <JSFunction createParserContext (sfi = 0x23a3347359e9)> (target MAGLEV), mode: ConcurrencyMode::kConcurrent]
[marking 0x06085b9ffc01 <JSFunction makeParser (sfi = 0x24356e0e3db1)> for optimization to MAGLEV, ConcurrencyMode::kConcurrent, reason: hot and stable]
[compiling method 0x06085b9ffc01 <JSFunction makeParser (sfi = 0x24356e0e3db1)> (target MAGLEV), mode: ConcurrencyMode::kConcurrent]
[marking 0x06085b9ffd81 <JSFunction string (sfi = 0x24356e0e3f61)> for optimization to MAGLEV, ConcurrencyMode::kConcurrent, reason: hot and stable]
[completed compiling 0x06eb8012e7b9 <JSFunction createParserContext (sfi = 0x23a3347359e9)> (target MAGLEV) - took 0.000, 0.042, 0.001 ms]
[completed compiling 0x06085b9ffc01 <JSFunction makeParser (sfi = 0x24356e0e3db1)> (target MAGLEV) - took 0.000, 0.037, 0.001 ms]
[compiling method 0x06085b9ffd81 <JSFunction string (sfi = 0x24356e0e3f61)> (target MAGLEV), mode: ConcurrencyMode::kConcurrent]
[marking 0x31677053c649 <JSFunction spanned (sfi = 0x23a33470b089)> for optimization to MAGLEV, ConcurrencyMode::kConcurrent, reason: hot and stable]
[marking 0x257a9e82f0a9 <JSFunction (sfi = 0x23a33470b1a9)> for optimization to MAGLEV, ConcurrencyMode::kConcurrent, reason: hot and stable]
[compiling method 0x257a9e82f0a9 <JSFunction (sfi = 0x23a33470b1a9)> (target MAGLEV), mode: ConcurrencyMode::kConcurrent]
[compiling method 0x31677053c649 <JSFunction spanned (sfi = 0x23a33470b089)> (target MAGLEV), mode: ConcurrencyMode::kConcurrent]
[marking 0x06eb8012ead9 <JSFunction (sfi = 0x23a334735b51)> for optimization to MAGLEV, ConcurrencyMode::kConcurrent, reason: hot and stable]
[completed compiling 0x257a9e82f0a9 <JSFunction (sfi = 0x23a33470b1a9)> (target MAGLEV) - took 0.000, 0.054, 0.001 ms]
[completed compiling 0x31677053c649 <JSFunction spanned (sfi = 0x23a33470b089)> (target MAGLEV) - took 0.000, 0.030, 0.000 ms]
[completed compiling 0x06085b9ffd81 <JSFunction string (sfi = 0x24356e0e3f61)> (target MAGLEV) - took 0.000, 0.126, 0.001 ms]
[compiling method 0x06eb8012ead9 <JSFunction (sfi = 0x23a334735b51)> (target MAGLEV), mode: ConcurrencyMode::kConcurrent]
[marking 0x130c7a35ed99 <JSFunction (sfi = 0x23a3347177f1)> for optimization to MAGLEV, ConcurrencyMode::kConcurrent, reason: hot and stable]
[compiling method 0x130c7a35ed99 <JSFunction (sfi = 0x23a3347177f1)> (target MAGLEV), mode: ConcurrencyMode::kConcurrent]
[completed compiling 0x06eb8012ead9 <JSFunction (sfi = 0x23a334735b51)> (target MAGLEV) - took 0.000, 0.013, 0.000 ms]
[completed compiling 0x130c7a35ed99 <JSFunction (sfi = 0x23a3347177f1)> (target MAGLEV) - took 0.000, 0.013, 0.000 ms]
[marking 0x130c7a35e939 <JSFunction (sfi = 0x23a334717251)> for optimization to MAGLEV, ConcurrencyMode::kConcurrent, reason: hot and stable]
[compiling method 0x130c7a35e939 <JSFunction (sfi = 0x23a334717251)> (target MAGLEV), mode: ConcurrencyMode::kConcurrent]
[marking 0x05fe4f480189 <JSFunction (sfi = 0x24356e0e4159)> for optimization to MAGLEV, ConcurrencyMode::kConcurrent, reason: hot and stable]
[completed compiling 0x130c7a35e939 <JSFunction (sfi = 0x23a334717251)> (target MAGLEV) - took 0.000, 0.010, 0.000 ms]
[compiling method 0x05fe4f480189 <JSFunction (sfi = 0x24356e0e4159)> (target MAGLEV), mode: ConcurrencyMode::kConcurrent]
[bailout (kind: deopt-eager, reason: Insufficient type feedback for generic named access): begin. deoptimizing 0x06085b9ffd81 <JSFunction string (sfi = 0x24356e0e3f61)>, 0x29039f9f64a9 <Code MAGLEV>, opt id 345, bytecode offset 66, deopt exit 3, FP to SP delta 64, caller SP 0x00016f131510, pc 0x000117911668]
[completed compiling 0x05fe4f480189 <JSFunction (sfi = 0x24356e0e4159)> (target MAGLEV) - took 0.000, 0.008, 0.000 ms]
[marking 0x32cfc131ad71 <JSFunction Grammar (sfi = 0x2d6dec28e451)> for optimization to MAGLEV, ConcurrencyMode::kConcurrent, reason: hot and stable]
[compiling method 0x32cfc131ad71 <JSFunction Grammar (sfi = 0x2d6dec28e451)> (target MAGLEV), mode: ConcurrencyMode::kConcurrent]
[marking 0x0816933a4de1 <JSFunction literal (sfi = 0x2d6dec28dfd1)> for optimization to MAGLEV, ConcurrencyMode::kConcurrent, reason: hot and stable]
[completed compiling 0x32cfc131ad71 <JSFunction Grammar (sfi = 0x2d6dec28e451)> (target MAGLEV) - took 0.000, 0.022, 0.001 ms]
[marking 0x32cfc131ae91 <JSFunction spanned (sfi = 0x2d6dec28e5b9)> for optimization to MAGLEV, ConcurrencyMode::kConcurrent, reason: hot and stable]
[marking 0x2ecd909998e9 <JSFunction (sfi = 0x23a33470b1f1)> for optimization to MAGLEV, ConcurrencyMode::kConcurrent, reason: hot and stable]
[compiling method 0x2ecd909998e9 <JSFunction (sfi = 0x23a33470b1f1)> (target MAGLEV), mode: ConcurrencyMode::kConcurrent]
[compiling method 0x0816933a4de1 <JSFunction literal (sfi = 0x2d6dec28dfd1)> (target MAGLEV), mode: ConcurrencyMode::kConcurrent]
[compiling method 0x32cfc131ae91 <JSFunction spanned (sfi = 0x2d6dec28e5b9)> (target MAGLEV), mode: ConcurrencyMode::kConcurrent]
[marking 0x0816933a5119 <JSFunction (sfi = 0x2d6dec28e331)> for optimization to MAGLEV, ConcurrencyMode::kConcurrent, reason: hot and stable]
[compiling method 0x0816933a5119 <JSFunction (sfi = 0x2d6dec28e331)> (target MAGLEV), mode: ConcurrencyMode::kConcurrent]
[completed compiling 0x0816933a4de1 <JSFunction literal (sfi = 0x2d6dec28dfd1)> (target MAGLEV) - took 0.000, 0.046, 0.001 ms]
[completed compiling 0x2ecd909998e9 <JSFunction (sfi = 0x23a33470b1f1)> (target MAGLEV) - took 0.000, 0.079, 0.004 ms]
[completed compiling 0x0816933a5119 <JSFunction (sfi = 0x2d6dec28e331)> (target MAGLEV) - took 0.000, 0.014, 0.000 ms]
[completed compiling 0x32cfc131ae91 <JSFunction spanned (sfi = 0x2d6dec28e5b9)> (target MAGLEV) - took 0.000, 0.043, 0.001 ms]
[marking 0x2ecd909be401 <JSFunction (sfi = 0x2d6dec29b9c9)> for optimization to MAGLEV, ConcurrencyMode::kConcurrent, reason: hot and stable]
[compiling method 0x2ecd909be401 <JSFunction (sfi = 0x2d6dec29b9c9)> (target MAGLEV), mode: ConcurrencyMode::kConcurrent]
[completed compiling 0x2ecd909be401 <JSFunction (sfi = 0x2d6dec29b9c9)> (target MAGLEV) - took 0.000, 0.016, 0.001 ms]
[marking 0x0816933a4fa1 <JSFunction buildTerminalTable (sfi = 0x2d6dec28e1c9)> for optimization to MAGLEV, ConcurrencyMode::kConcurrent, reason: hot and stable]
[compiling method 0x0816933a4fa1 <JSFunction buildTerminalTable (sfi = 0x2d6dec28e1c9)> (target MAGLEV) OSR, mode: ConcurrencyMode::kConcurrent]
[completed compiling 0x0816933a4fa1 <JSFunction buildTerminalTable (sfi = 0x2d6dec28e1c9)> (target MAGLEV) OSR - took 0.000, 0.403, 0.004 ms]
[compiling method 0x0816933a4fa1 <JSFunction buildTerminalTable (sfi = 0x2d6dec28e1c9)> (target MAGLEV) OSR, mode: ConcurrencyMode::kConcurrent]
[completed compiling 0x0816933a4fa1 <JSFunction buildTerminalTable (sfi = 0x2d6dec28e1c9)> (target MAGLEV) OSR - took 0.000, 0.729, 0.006 ms]
[marking 0x0fcad8cf6179 <JSFunction (sfi = 0x23a33470b239)> for optimization to MAGLEV, ConcurrencyMode::kConcurrent, reason: hot and stable]
[compiling method 0x0fcad8cf6179 <JSFunction (sfi = 0x23a33470b239)> (target MAGLEV), mode: ConcurrencyMode::kConcurrent]
[completed compiling 0x0fcad8cf6179 <JSFunction (sfi = 0x23a33470b239)> (target MAGLEV) - took 0.000, 0.036, 0.000 ms]
[marking 0x0fcad8cf5e89 <JSFunction (sfi = 0x2d6dec29d539)> for optimization to MAGLEV, ConcurrencyMode::kConcurrent, reason: hot and stable]
[compiling method 0x0fcad8cf5e89 <JSFunction (sfi = 0x2d6dec29d539)> (target MAGLEV), mode: ConcurrencyMode::kConcurrent]
[completed compiling 0x0fcad8cf5e89 <JSFunction (sfi = 0x2d6dec29d539)> (target MAGLEV) - took 0.000, 0.235, 0.005 ms]
[marking 0x32cfc131aa59 <JSFunction RunState (sfi = 0x2d6dec293b21)> for optimization to MAGLEV, ConcurrencyMode::kConcurrent, reason: hot and stable]
[marking 0x32cfc131a7b9 <JSFunction RunState (sfi = 0x2d6dec2939b9)> for optimization to MAGLEV, ConcurrencyMode::kConcurrent, reason: hot and stable]
[marking 0x32cfc131ab99 <JSFunction parseState (sfi = 0x2d6dec293bb1)> for optimization to MAGLEV, ConcurrencyMode::kConcurrent, reason: hot and stable]
[marking 0x0fcad8cfd5b9 <JSFunction parse (sfi = 0x23a33470b2c9)> for optimization to MAGLEV, ConcurrencyMode::kConcurrent, reason: hot and stable]
[compiling method 0x0fcad8cfd5b9 <JSFunction parse (sfi = 0x23a33470b2c9)> (target MAGLEV), mode: ConcurrencyMode::kConcurrent]
[compiling method 0x32cfc131ab99 <JSFunction parseState (sfi = 0x2d6dec293bb1)> (target MAGLEV), mode: ConcurrencyMode::kConcurrent]
[compiling method 0x32cfc131a7b9 <JSFunction RunState (sfi = 0x2d6dec2939b9)> (target MAGLEV), mode: ConcurrencyMode::kConcurrent]
[compiling method 0x32cfc131aa59 <JSFunction RunState (sfi = 0x2d6dec293b21)> (target MAGLEV), mode: ConcurrencyMode::kConcurrent]
[completed compiling 0x0fcad8cfd5b9 <JSFunction parse (sfi = 0x23a33470b2c9)> (target MAGLEV) - took 0.000, 0.025, 0.001 ms]
[marking 0x06bdc474b929 <JSFunction (sfi = 0x24356e0f2ff9)> for optimization to MAGLEV, ConcurrencyMode::kConcurrent, reason: hot and stable]
[marking 0x06bdc474b9a1 <JSFunction (sfi = 0x24356e0f3041)> for optimization to MAGLEV, ConcurrencyMode::kConcurrent, reason: hot and stable]
[completed compiling 0x32cfc131a7b9 <JSFunction RunState (sfi = 0x2d6dec2939b9)> (target MAGLEV) - took 0.000, 0.083, 0.004 ms]
[completed compiling 0x32cfc131aa59 <JSFunction RunState (sfi = 0x2d6dec293b21)> (target MAGLEV) - took 0.000, 0.031, 0.001 ms]
[completed compiling 0x32cfc131ab99 <JSFunction parseState (sfi = 0x2d6dec293bb1)> (target MAGLEV) - took 0.000, 0.142, 0.003 ms]
[compiling method 0x06bdc474b929 <JSFunction (sfi = 0x24356e0f2ff9)> (target MAGLEV), mode: ConcurrencyMode::kConcurrent]
[marking 0x3bd2a4966711 <JSFunction (sfi = 0x24356e0d72f1)> for optimization to MAGLEV, ConcurrencyMode::kConcurrent, reason: hot and stable]
[compiling method 0x06bdc474b9a1 <JSFunction (sfi = 0x24356e0f3041)> (target MAGLEV), mode: ConcurrencyMode::kConcurrent]
[completed compiling 0x06bdc474b929 <JSFunction (sfi = 0x24356e0f2ff9)> (target MAGLEV) - took 0.000, 0.012, 0.000 ms]
[completed compiling 0x06bdc474b9a1 <JSFunction (sfi = 0x24356e0f3041)> (target MAGLEV) - took 0.000, 0.008, 0.000 ms]
[compiling method 0x3bd2a4966711 <JSFunction (sfi = 0x24356e0d72f1)> (target MAGLEV), mode: ConcurrencyMode::kConcurrent]
[completed compiling 0x3bd2a4966711 <JSFunction (sfi = 0x24356e0d72f1)> (target MAGLEV) - took 0.000, 0.008, 0.000 ms]
[87022:0xc6940c000:0]     1958 ms: GC: {"pause":1.24,"mutator":77.047,"gc":"s","reduce_memory":false,"time_to_safepoint":0,"stack":true,"reason":"allocation failure","collector_reason":"","start_object_size":98134616,"end_object_size":73523848,"start_memory_size":128581632,"end_memory_size":134610944,"start_holes_size":2128656,"end_holes_size":1939744,"pool_local_chunks":0,"pool_shared_chunks":0,"pool_total_chunks":0,"new_space_capacity":33554432,"old_gen_allocation_limit":262626112,"global_allocation_limit":262626112,"allocation_throughput":295826,"new_space_allocation_throughput":241242,"new_space_survive_rate":6.89868,"allocated":29381272,"promoted":7836856,"new_space_survived":2426360,"nodes_died_in_new":32,"nodes_copied_in_new":1,"nodes_promoted":2,"promotion_ratio":22.2819,"average_survival_ratio":50.0631,"promotion_rate":118.131,"during_sweeping":false,"heap.prologue":0,"heap.epilogue":0,"heap.external.prologue":0,"heap.external.epilogue":0,"heap.external_weak_global_handles":0.003,"complete.sweep_array_buffers":0,"scavenge":1.225,"scavenge.free_remembered_set":0.021,"scavenge.roots":0.023,"scavenge.weak":0,"scavenge.weak_global_handles.identify":0,"scavenge.weak_global_handles.process":0.003,"scavenge.parallel":0.892,"scavenge.pin_objects_conservative":0,"scavenge.pin_objects_precise":0,"scavenge.restore_pinned":0.006,"scavenge.sweep_array_buffers":0.002,"scavenge.resize_new_space":0,"background.scavenge.parallel":3.656,"incremental.steps_count":0,"incremental.steps_took":0,"scavenge_throughput":8.15183e+06,"quarantined_size":0,"quarantined_pages":0}
[marking dependent code 0x29039f9f7b39 <Code MAGLEV> (0x2d6dec28e5b9 <SharedFunctionInfo spanned>) (opt id 354) for deoptimization, reason: dependent allocation site tenuring changed]
[marking dependent code 0x21f993100401 <Code MAGLEV> (0x23a33470b1f1 <SharedFunctionInfo>) (opt id 352) for deoptimization, reason: dependent allocation site tenuring changed]
[marking dependent code 0x29039f9f7821 <Code MAGLEV> (0x2d6dec28dfd1 <SharedFunctionInfo literal>) (opt id 351) for deoptimization, reason: dependent allocation site tenuring changed]
[marking dependent code 0x29039f9f56d1 <Code MAGLEV> (0x23a3347359e9 <SharedFunctionInfo createParserContext>) (opt id 341) for deoptimization, reason: dependent allocation site tenuring changed]
[marking 0x0fb78c981909 <JSFunction (sfi = 0x2d6dec29d539)> for optimization to TURBOFAN_JS, ConcurrencyMode::kConcurrent, reason: hot and stable]
[compiling method 0x0fb78c981909 <JSFunction (sfi = 0x2d6dec29d539)> (target TURBOFAN_JS), mode: ConcurrencyMode::kConcurrent]
[marking 0x1cd874316a91 <JSFunction (sfi = 0x23a33470adf9)> for optimization to MAGLEV, ConcurrencyMode::kConcurrent, reason: hot and stable]
[compiling method 0x1cd874316a91 <JSFunction (sfi = 0x23a33470adf9)> (target MAGLEV) OSR, mode: ConcurrencyMode::kConcurrent]
[marking 0x0fb78c981a29 <JSFunction parseState (sfi = 0x2d6dec293bb1)> for optimization to TURBOFAN_JS, ConcurrencyMode::kConcurrent, reason: hot and stable]
[compiling method 0x0fb78c981a29 <JSFunction parseState (sfi = 0x2d6dec293bb1)> (target TURBOFAN_JS), mode: ConcurrencyMode::kConcurrent]
[completed compiling 0x1cd874316a91 <JSFunction (sfi = 0x23a33470adf9)> (target MAGLEV) OSR - took 0.000, 0.174, 0.002 ms]
[compiling method 0x1cd874316a91 <JSFunction (sfi = 0x23a33470adf9)> (target TURBOFAN_JS) OSR, mode: ConcurrencyMode::kConcurrent]
[completed compiling 0x0fb78c981a29 <JSFunction parseState (sfi = 0x2d6dec293bb1)> (target TURBOFAN_JS) - took 0.000, 0.920, 0.030 ms]
[completed optimizing 0x0fb78c981a29 <JSFunction parseState (sfi = 0x2d6dec293bb1)> (target TURBOFAN_JS)]
[completed compiling 0x0fb78c981909 <JSFunction (sfi = 0x2d6dec29d539)> (target TURBOFAN_JS) - took 0.003, 2.051, 0.017 ms]
[completed optimizing 0x0fb78c981909 <JSFunction (sfi = 0x2d6dec29d539)> (target TURBOFAN_JS)]
[marking 0x0fb78c9adaa9 <JSFunction (sfi = 0x24356e0f3041)> for optimization to TURBOFAN_JS, ConcurrencyMode::kConcurrent, reason: hot and stable]
[compiling method 0x0fb78c9adaa9 <JSFunction (sfi = 0x24356e0f3041)> (target TURBOFAN_JS), mode: ConcurrencyMode::kConcurrent]
[marking 0x0fb78c9ada71 <JSFunction (sfi = 0x24356e0f2ff9)> for optimization to TURBOFAN_JS, ConcurrencyMode::kConcurrent, reason: hot and stable]
[compiling method 0x0fb78c9ada71 <JSFunction (sfi = 0x24356e0f2ff9)> (target TURBOFAN_JS), mode: ConcurrencyMode::kConcurrent]
[marking 0x0fb78c9adc71 <JSFunction (sfi = 0x24356e0d72f1)> for optimization to TURBOFAN_JS, ConcurrencyMode::kConcurrent, reason: hot and stable]
[compiling method 0x0fb78c9adc71 <JSFunction (sfi = 0x24356e0d72f1)> (target TURBOFAN_JS), mode: ConcurrencyMode::kConcurrent]
[completed compiling 0x0fb78c9adaa9 <JSFunction (sfi = 0x24356e0f3041)> (target TURBOFAN_JS) - took 0.001, 0.078, 0.003 ms]
[completed optimizing 0x0fb78c9adaa9 <JSFunction (sfi = 0x24356e0f3041)> (target TURBOFAN_JS)]
[completed compiling 0x0fb78c9ada71 <JSFunction (sfi = 0x24356e0f2ff9)> (target TURBOFAN_JS) - took 0.001, 0.070, 0.001 ms]
[completed optimizing 0x0fb78c9ada71 <JSFunction (sfi = 0x24356e0f2ff9)> (target TURBOFAN_JS)]
[completed compiling 0x1cd874316a91 <JSFunction (sfi = 0x23a33470adf9)> (target TURBOFAN_JS) OSR - took 0.000, 1.414, 0.011 ms]
[completed optimizing 0x1cd874316a91 <JSFunction (sfi = 0x23a33470adf9)> (target TURBOFAN_JS) OSR]
[completed compiling 0x0fb78c9adc71 <JSFunction (sfi = 0x24356e0d72f1)> (target TURBOFAN_JS) - took 0.000, 0.064, 0.001 ms]
[completed optimizing 0x0fb78c9adc71 <JSFunction (sfi = 0x24356e0d72f1)> (target TURBOFAN_JS)]
[bailout (kind: deopt-eager, reason: prepare for on stack replacement (OSR)): begin. deoptimizing 0x1cd874316a91 <JSFunction (sfi = 0x23a33470adf9)>, 0x098f6613de39 <Code MAGLEV>, opt id 369, bytecode offset 1015, deopt exit 17, FP to SP delta 288, caller SP 0x00016f1317d0, pc 0x0001177fb1d0]
[87022:0xc6940c000:0]     1965 ms: GC: {"pause":0.34,"mutator":6.784,"gc":"s","reduce_memory":false,"time_to_safepoint":0,"stack":true,"reason":"allocation failure","collector_reason":"","start_object_size":104375456,"end_object_size":73242432,"start_memory_size":140115968,"end_memory_size":141688832,"start_holes_size":1916760,"end_holes_size":1137912,"pool_local_chunks":0,"pool_shared_chunks":0,"pool_total_chunks":0,"new_space_capacity":33554432,"old_gen_allocation_limit":262626112,"global_allocation_limit":262626112,"allocation_throughput":544193,"new_space_allocation_throughput":438897,"new_space_survive_rate":0.00739143,"allocated":30851608,"promoted":2351616,"new_space_survived":2480,"nodes_died_in_new":0,"nodes_copied_in_new":0,"nodes_promoted":1,"promotion_ratio":7.00879,"average_survival_ratio":45.6645,"promotion_rate":96.9195,"during_sweeping":false,"heap.prologue":0,"heap.epilogue":0,"heap.external.prologue":0,"heap.external.epilogue":0,"heap.external_weak_global_handles":0,"complete.sweep_array_buffers":0,"scavenge":0.326,"scavenge.free_remembered_set":0.01,"scavenge.roots":0.015,"scavenge.weak":0,"scavenge.weak_global_handles.identify":0,"scavenge.weak_global_handles.process":0.001,"scavenge.parallel":0.123,"scavenge.pin_objects_conservative":0,"scavenge.pin_objects_precise":0,"scavenge.restore_pinned":0.001,"scavenge.sweep_array_buffers":0.002,"scavenge.resize_new_space":0,"background.scavenge.parallel":0.798,"incremental.steps_count":0,"incremental.steps_took":0,"scavenge_throughput":8.25806e+06,"quarantined_size":0,"quarantined_pages":0}
[bailout (kind: deopt-eager, reason: Insufficient type feedback for generic named access): begin. deoptimizing 0x1cd874316a91 <JSFunction (sfi = 0x23a33470adf9)>, 0x21f993101189 <Code TURBOFAN_JS>, opt id 370, bytecode offset 1023, deopt exit 15, FP to SP delta 352, caller SP 0x00016f1317d0, pc 0x0001177fd458]
[marking 0x14958e831db1 <JSFunction parse (sfi = 0x23a33470b2c9)> for optimization to TURBOFAN_JS, ConcurrencyMode::kConcurrent, reason: hot and stable]
[compiling method 0x14958e831db1 <JSFunction parse (sfi = 0x23a33470b2c9)> (target TURBOFAN_JS), mode: ConcurrencyMode::kConcurrent]
[compiling method 0x1cd874316a91 <JSFunction (sfi = 0x23a33470adf9)> (target MAGLEV) OSR, mode: ConcurrencyMode::kConcurrent]
[completed compiling 0x1cd874316a91 <JSFunction (sfi = 0x23a33470adf9)> (target MAGLEV) OSR - took 0.000, 0.168, 0.002 ms]
[compiling method 0x1cd874316a91 <JSFunction (sfi = 0x23a33470adf9)> (target TURBOFAN_JS) OSR, mode: ConcurrencyMode::kConcurrent]
[completed compiling 0x14958e831db1 <JSFunction parse (sfi = 0x23a33470b2c9)> (target TURBOFAN_JS) - took 0.003, 0.951, 0.010 ms]
[completed optimizing 0x14958e831db1 <JSFunction parse (sfi = 0x23a33470b2c9)> (target TURBOFAN_JS)]
[completed compiling 0x1cd874316a91 <JSFunction (sfi = 0x23a33470adf9)> (target TURBOFAN_JS) OSR - took 0.000, 1.394, 0.011 ms]
[completed optimizing 0x1cd874316a91 <JSFunction (sfi = 0x23a33470adf9)> (target TURBOFAN_JS) OSR]
[bailout (kind: deopt-eager, reason: prepare for on stack replacement (OSR)): begin. deoptimizing 0x1cd874316a91 <JSFunction (sfi = 0x23a33470adf9)>, 0x21f993101c49 <Code MAGLEV>, opt id 375, bytecode offset 1085, deopt exit 17, FP to SP delta 288, caller SP 0x00016f1317d0, pc 0x0001177fdca0]
[87022:0xc6940c000:0]     1973 ms: GC: {"pause":0.105,"mutator":7.179,"gc":"s","reduce_memory":false,"time_to_safepoint":0,"stack":true,"reason":"allocation failure","collector_reason":"","start_object_size":106740552,"end_object_size":73255000,"start_memory_size":141688832,"end_memory_size":141688832,"start_holes_size":1124432,"end_holes_size":1123272,"pool_local_chunks":0,"pool_shared_chunks":0,"pool_total_chunks":0,"new_space_capacity":33554432,"old_gen_allocation_limit":262626112,"global_allocation_limit":262626112,"allocation_throughput":760177,"new_space_allocation_throughput":644002,"new_space_survive_rate":0.0067715,"allocated":33498120,"promoted":1160,"new_space_survived":2272,"nodes_died_in_new":0,"nodes_copied_in_new":0,"nodes_promoted":0,"promotion_ratio":0.00345728,"average_survival_ratio":39.6276,"promotion_rate":46.7742,"during_sweeping":false,"heap.prologue":0,"heap.epilogue":0.001,"heap.external.prologue":0,"heap.external.epilogue":0,"heap.external_weak_global_handles":0,"complete.sweep_array_buffers":0,"scavenge":0.091,"scavenge.free_remembered_set":0.001,"scavenge.roots":0.01,"scavenge.weak":0,"scavenge.weak_global_handles.identify":0.001,"scavenge.weak_global_handles.process":0,"scavenge.parallel":0.001,"scavenge.pin_objects_conservative":0,"scavenge.pin_objects_precise":0,"scavenge.restore_pinned":0,"scavenge.sweep_array_buffers":0,"scavenge.resize_new_space":0.001,"background.scavenge.parallel":0.017,"incremental.steps_count":0,"incremental.steps_took":0,"scavenge_throughput":8.35723e+06,"quarantined_size":0,"quarantined_pages":0}
[87022:0xc6940c000:0]     1978 ms: GC: {"pause":0.066,"mutator":5.249,"gc":"s","reduce_memory":false,"time_to_safepoint":0,"stack":true,"reason":"allocation failure","collector_reason":"","start_object_size":106741712,"end_object_size":73191600,"start_memory_size":141688832,"end_memory_size":141688832,"start_holes_size":1123272,"end_holes_size":1121120,"pool_local_chunks":0,"pool_shared_chunks":0,"pool_total_chunks":0,"new_space_capacity":33554432,"old_gen_allocation_limit":262626112,"global_allocation_limit":262626112,"allocation_throughput":960959,"new_space_allocation_throughput":848928,"new_space_survive_rate":0.00035765,"allocated":33486712,"promoted":2152,"new_space_survived":120,"nodes_died_in_new":0,"nodes_copied_in_new":0,"nodes_promoted":0,"promotion_ratio":0.00641385,"average_survival_ratio":34.0961,"promotion_rate":94.7183,"during_sweeping":false,"heap.prologue":0,"heap.epilogue":0,"heap.external.prologue":0,"heap.external.epilogue":0,"heap.external_weak_global_handles":0,"complete.sweep_array_buffers":0,"scavenge":0.06,"scavenge.free_remembered_set":0.001,"scavenge.roots":0.009,"scavenge.weak":0,"scavenge.weak_global_handles.identify":0,"scavenge.weak_global_handles.process":0,"scavenge.parallel":0.001,"scavenge.pin_objects_conservative":0,"scavenge.pin_objects_precise":0,"scavenge.restore_pinned":0.001,"scavenge.sweep_array_buffers":0,"scavenge.resize_new_space":0,"background.scavenge.parallel":0.01,"incremental.steps_count":0,"incremental.steps_took":0,"scavenge_throughput":8.63282e+06,"quarantined_size":0,"quarantined_pages":0}
[87022:0xc6940c000:0]     1983 ms: GC: {"pause":0.082,"mutator":5.245,"gc":"s","reduce_memory":false,"time_to_safepoint":0,"stack":true,"reason":"allocation failure","collector_reason":"","start_object_size":106743864,"end_object_size":73191480,"start_memory_size":141688832,"end_memory_size":141688832,"start_holes_size":1121120,"end_holes_size":1121120,"pool_local_chunks":0,"pool_shared_chunks":0,"pool_total_chunks":0,"new_space_capacity":33554432,"old_gen_allocation_limit":262626112,"global_allocation_limit":262626112,"allocation_throughput":1.15505e+06,"new_space_allocation_throughput":1.047e+06,"new_space_survive_rate":0,"allocated":33552264,"promoted":0,"new_space_survived":0,"nodes_died_in_new":0,"nodes_copied_in_new":0,"nodes_promoted":0,"promotion_ratio":0,"average_survival_ratio":29.3119,"promotion_rate":0,"during_sweeping":false,"heap.prologue":0,"heap.epilogue":0.001,"heap.external.prologue":0,"heap.external.epilogue":0,"heap.external_weak_global_handles":0,"complete.sweep_array_buffers":0,"scavenge":0.074,"scavenge.free_remembered_set":0,"scavenge.roots":0.009,"scavenge.weak":0,"scavenge.weak_global_handles.identify":0,"scavenge.weak_global_handles.process":0,"scavenge.parallel":0,"scavenge.pin_objects_conservative":0,"scavenge.pin_objects_precise":0,"scavenge.restore_pinned":0,"scavenge.sweep_array_buffers":0,"scavenge.resize_new_space":0,"background.scavenge.parallel":0,"incremental.steps_count":0,"incremental.steps_took":0,"scavenge_throughput":8.73912e+06,"quarantined_size":0,"quarantined_pages":0}
[87022:0xc6940c000:0]     1989 ms: GC: {"pause":0.057,"mutator":5.248,"gc":"s","reduce_memory":false,"time_to_safepoint":0,"stack":true,"reason":"allocation failure","collector_reason":"","start_object_size":106743864,"end_object_size":73191480,"start_memory_size":141688832,"end_memory_size":141688832,"start_holes_size":1121120,"end_holes_size":1121120,"pool_local_chunks":0,"pool_shared_chunks":0,"pool_total_chunks":0,"new_space_capacity":33554432,"old_gen_allocation_limit":262626112,"global_allocation_limit":262626112,"allocation_throughput":1.34217e+06,"new_space_allocation_throughput":1.23798e+06,"new_space_survive_rate":0,"allocated":33552384,"promoted":0,"new_space_survived":0,"nodes_died_in_new":0,"nodes_copied_in_new":0,"nodes_promoted":0,"promotion_ratio":0,"average_survival_ratio":22.0367,"promotion_rate":0,"during_sweeping":false,"heap.prologue":0,"heap.epilogue":0,"heap.external.prologue":0,"heap.external.epilogue":0,"heap.external_weak_global_handles":0,"complete.sweep_array_buffers":0,"scavenge":0.05,"scavenge.free_remembered_set":0,"scavenge.roots":0.006,"scavenge.weak":0,"scavenge.weak_global_handles.identify":0,"scavenge.weak_global_handles.process":0,"scavenge.parallel":0,"scavenge.pin_objects_conservative":0,"scavenge.pin_objects_precise":0,"scavenge.restore_pinned":0.001,"scavenge.sweep_array_buffers":0,"scavenge.resize_new_space":0,"background.scavenge.parallel":0,"incremental.steps_count":0,"incremental.steps_took":0,"scavenge_throughput":8.50901e+06,"quarantined_size":0,"quarantined_pages":0}
[87022:0xc6940c000:0]     1994 ms: GC: {"pause":0.069,"mutator":5.3,"gc":"s","reduce_memory":false,"time_to_safepoint":0,"stack":true,"reason":"allocation failure","collector_reason":"","start_object_size":106743864,"end_object_size":73191480,"start_memory_size":141688832,"end_memory_size":141688832,"start_holes_size":1121120,"end_holes_size":1121120,"pool_local_chunks":0,"pool_shared_chunks":0,"pool_total_chunks":0,"new_space_capacity":33554432,"old_gen_allocation_limit":262626112,"global_allocation_limit":262626112,"allocation_throughput":1.52209e+06,"new_space_allocation_throughput":1.42167e+06,"new_space_survive_rate":0,"allocated":33552384,"promoted":0,"new_space_survived":0,"nodes_died_in_new":0,"nodes_copied_in_new":0,"nodes_promoted":0,"promotion_ratio":0,"average_survival_ratio":16.8973,"promotion_rate":0,"during_sweeping":false,"heap.prologue":0,"heap.epilogue":0,"heap.external.prologue":0,"heap.external.epilogue":0,"heap.external_weak_global_handles":0,"complete.sweep_array_buffers":0,"scavenge":0.063,"scavenge.free_remembered_set":0,"scavenge.roots":0.007,"scavenge.weak":0,"scavenge.weak_global_handles.identify":0,"scavenge.weak_global_handles.process":0,"scavenge.parallel":0,"scavenge.pin_objects_conservative":0,"scavenge.pin_objects_precise":0,"scavenge.restore_pinned":0.001,"scavenge.sweep_array_buffers":0,"scavenge.resize_new_space":0,"background.scavenge.parallel":0,"incremental.steps_count":0,"incremental.steps_took":0,"scavenge_throughput":6.89356e+06,"quarantined_size":0,"quarantined_pages":0}
[87022:0xc6940c000:0]     1999 ms: GC: {"pause":0.06,"mutator":5.21,"gc":"s","reduce_memory":false,"time_to_safepoint":0,"stack":true,"reason":"allocation failure","collector_reason":"","start_object_size":106743864,"end_object_size":73191480,"start_memory_size":141688832,"end_memory_size":141688832,"start_holes_size":1121120,"end_holes_size":1121120,"pool_local_chunks":0,"pool_shared_chunks":0,"pool_total_chunks":0,"new_space_capacity":33554432,"old_gen_allocation_limit":262626112,"global_allocation_limit":262626112,"allocation_throughput":1.69652e+06,"new_space_allocation_throughput":1.59966e+06,"new_space_survive_rate":0,"allocated":33552384,"promoted":0,"new_space_survived":0,"nodes_died_in_new":0,"nodes_copied_in_new":0,"nodes_promoted":0,"promotion_ratio":0,"average_survival_ratio":12.2841,"promotion_rate":0,"during_sweeping":false,"heap.prologue":0,"heap.epilogue":0,"heap.external.prologue":0,"heap.external.epilogue":0,"heap.external_weak_global_handles":0,"complete.sweep_array_buffers":0,"scavenge":0.054,"scavenge.free_remembered_set":0,"scavenge.roots":0.005,"scavenge.weak":0,"scavenge.weak_global_handles.identify":0,"scavenge.weak_global_handles.process":0,"scavenge.parallel":0,"scavenge.pin_objects_conservative":0,"scavenge.pin_objects_precise":0,"scavenge.restore_pinned":0.001,"scavenge.sweep_array_buffers":0,"scavenge.resize_new_space":0,"background.scavenge.parallel":0,"incremental.steps_count":0,"incremental.steps_took":0,"scavenge_throughput":6.10955e+06,"quarantined_size":0,"quarantined_pages":0}
[87022:0xc6940c000:0]     2005 ms: GC: {"pause":0.086,"mutator":5.229,"gc":"s","reduce_memory":false,"time_to_safepoint":0,"stack":true,"reason":"allocation failure","collector_reason":"","start_object_size":106743864,"end_object_size":73191480,"start_memory_size":141688832,"end_memory_size":141688832,"start_holes_size":1121120,"end_holes_size":1121120,"pool_local_chunks":0,"pool_shared_chunks":0,"pool_total_chunks":0,"new_space_capacity":33554432,"old_gen_allocation_limit":262626112,"global_allocation_limit":262626112,"allocation_throughput":1.86454e+06,"new_space_allocation_throughput":1.77112e+06,"new_space_survive_rate":0,"allocated":33552384,"promoted":0,"new_space_survived":0,"nodes_died_in_new":0,"nodes_copied_in_new":0,"nodes_promoted":0,"promotion_ratio":0,"average_survival_ratio":6.07791,"promotion_rate":0,"during_sweeping":false,"heap.prologue":0,"heap.epilogue":0,"heap.external.prologue":0,"heap.external.epilogue":0,"heap.external_weak_global_handles":0,"complete.sweep_array_buffers":0,"scavenge":0.077,"scavenge.free_remembered_set":0,"scavenge.roots":0.01,"scavenge.weak":0,"scavenge.weak_global_handles.identify":0,"scavenge.weak_global_handles.process":0,"scavenge.parallel":0,"scavenge.pin_objects_conservative":0,"scavenge.pin_objects_precise":0,"scavenge.restore_pinned":0.001,"scavenge.sweep_array_buffers":0,"scavenge.resize_new_space":0.001,"background.scavenge.parallel":0,"incremental.steps_count":0,"incremental.steps_took":0,"scavenge_throughput":5.55664e+06,"quarantined_size":0,"quarantined_pages":0}
[87022:0xc6940c000:0]     2010 ms: GC: {"pause":0.066,"mutator":5.327,"gc":"s","reduce_memory":false,"time_to_safepoint":0,"stack":true,"reason":"allocation failure","collector_reason":"","start_object_size":106743864,"end_object_size":73191480,"start_memory_size":141688832,"end_memory_size":141688832,"start_holes_size":1121120,"end_holes_size":1121120,"pool_local_chunks":0,"pool_shared_chunks":0,"pool_total_chunks":0,"new_space_capacity":33554432,"old_gen_allocation_limit":262626112,"global_allocation_limit":262626112,"allocation_throughput":2.02526e+06,"new_space_allocation_throughput":1.93523e+06,"new_space_survive_rate":0,"allocated":33552384,"promoted":0,"new_space_survived":0,"nodes_died_in_new":0,"nodes_copied_in_new":0,"nodes_promoted":0,"promotion_ratio":0,"average_survival_ratio":3.62138,"promotion_rate":0,"during_sweeping":false,"heap.prologue":0,"heap.epilogue":0.001,"heap.external.prologue":0,"heap.external.epilogue":0,"heap.external_weak_global_handles":0,"complete.sweep_array_buffers":0,"scavenge":0.057,"scavenge.free_remembered_set":0,"scavenge.roots":0.008,"scavenge.weak":0,"scavenge.weak_global_handles.identify":0.001,"scavenge.weak_global_handles.process":0,"scavenge.parallel":0,"scavenge.pin_objects_conservative":0,"scavenge.pin_objects_precise":0,"scavenge.restore_pinned":0,"scavenge.sweep_array_buffers":0,"scavenge.resize_new_space":0.001,"background.scavenge.parallel":0,"incremental.steps_count":0,"incremental.steps_took":0,"scavenge_throughput":5.81438e+06,"quarantined_size":0,"quarantined_pages":0}
[87022:0xc6940c000:0]     2015 ms: GC: {"pause":0.09,"mutator":5.422,"gc":"s","reduce_memory":false,"time_to_safepoint":0,"stack":true,"reason":"allocation failure","collector_reason":"","start_object_size":106743864,"end_object_size":73191480,"start_memory_size":141688832,"end_memory_size":141688832,"start_holes_size":1121120,"end_holes_size":1121120,"pool_local_chunks":0,"pool_shared_chunks":0,"pool_total_chunks":0,"new_space_capacity":33554432,"old_gen_allocation_limit":262626112,"global_allocation_limit":262626112,"allocation_throughput":2.17879e+06,"new_space_allocation_throughput":2.09209e+06,"new_space_survive_rate":0,"allocated":33552384,"promoted":0,"new_space_survived":0,"nodes_died_in_new":0,"nodes_copied_in_new":0,"nodes_promoted":0,"promotion_ratio":0,"average_survival_ratio":0.703318,"promotion_rate":0,"during_sweeping":false,"heap.prologue":0,"heap.epilogue":0.001,"heap.external.prologue":0,"heap.external.epilogue":0,"heap.external_weak_global_handles":0,"complete.sweep_array_buffers":0,"scavenge":0.08,"scavenge.free_remembered_set":0,"scavenge.roots":0.009,"scavenge.weak":0,"scavenge.weak_global_handles.identify":0,"scavenge.weak_global_handles.process":0,"scavenge.parallel":0,"scavenge.pin_objects_conservative":0,"scavenge.pin_objects_precise":0,"scavenge.restore_pinned":0,"scavenge.sweep_array_buffers":0,"scavenge.resize_new_space":0,"background.scavenge.parallel":0,"incremental.steps_count":0,"incremental.steps_took":0,"scavenge_throughput":2.31126e+06,"quarantined_size":0,"quarantined_pages":0}
[87022:0xc6940c000:0]     2021 ms: GC: {"pause":0.06,"mutator":5.309,"gc":"s","reduce_memory":false,"time_to_safepoint":0,"stack":true,"reason":"allocation failure","collector_reason":"","start_object_size":106743864,"end_object_size":73191480,"start_memory_size":141688832,"end_memory_size":141688832,"start_holes_size":1121120,"end_holes_size":1121120,"pool_local_chunks":0,"pool_shared_chunks":0,"pool_total_chunks":0,"new_space_capacity":33554432,"old_gen_allocation_limit":262626112,"global_allocation_limit":262626112,"allocation_throughput":2.3284e+06,"new_space_allocation_throughput":2.24482e+06,"new_space_survive_rate":0,"allocated":33552384,"promoted":0,"new_space_survived":0,"nodes_died_in_new":0,"nodes_copied_in_new":0,"nodes_promoted":0,"promotion_ratio":0,"average_survival_ratio":0.00170003,"promotion_rate":0,"during_sweeping":false,"heap.prologue":0,"heap.epilogue":0.001,"heap.external.prologue":0,"heap.external.epilogue":0,"heap.external_weak_global_handles":0,"complete.sweep_array_buffers":0,"scavenge":0.052,"scavenge.free_remembered_set":0,"scavenge.roots":0.006,"scavenge.weak":0,"scavenge.weak_global_handles.identify":0,"scavenge.weak_global_handles.process":0,"scavenge.parallel":0,"scavenge.pin_objects_conservative":0,"scavenge.pin_objects_precise":0,"scavenge.restore_pinned":0.001,"scavenge.sweep_array_buffers":0,"scavenge.resize_new_space":0,"background.scavenge.parallel":0,"incremental.steps_count":0,"incremental.steps_took":0,"scavenge_throughput":7697.71,"quarantined_size":0,"quarantined_pages":0}
[87022:0xc6940c000:0]     2027 ms: GC: {"pause":0.093,"mutator":5.791,"gc":"s","reduce_memory":false,"time_to_safepoint":0,"stack":true,"reason":"allocation failure","collector_reason":"","start_object_size":106743864,"end_object_size":73191480,"start_memory_size":141688832,"end_memory_size":141688832,"start_holes_size":1121120,"end_holes_size":1121120,"pool_local_chunks":0,"pool_shared_chunks":0,"pool_total_chunks":0,"new_space_capacity":33554432,"old_gen_allocation_limit":262626112,"global_allocation_limit":262626112,"allocation_throughput":2.46473e+06,"new_space_allocation_throughput":2.38445e+06,"new_space_survive_rate":0,"allocated":33552384,"promoted":0,"new_space_survived":0,"nodes_died_in_new":0,"nodes_copied_in_new":0,"nodes_promoted":0,"promotion_ratio":0,"average_survival_ratio":0.00067715,"promotion_rate":0,"during_sweeping":false,"heap.prologue":0,"heap.epilogue":0.001,"heap.external.prologue":0,"heap.external.epilogue":0,"heap.external_weak_global_handles":0,"complete.sweep_array_buffers":0,"scavenge":0.081,"scavenge.free_remembered_set":0,"scavenge.roots":0.009,"scavenge.weak":0,"scavenge.weak_global_handles.identify":0.001,"scavenge.weak_global_handles.process":0,"scavenge.parallel":0,"scavenge.pin_objects_conservative":0,"scavenge.pin_objects_precise":0,"scavenge.restore_pinned":0.001,"scavenge.sweep_array_buffers":0,"scavenge.resize_new_space":0,"background.scavenge.parallel":0,"incremental.steps_count":0,"incremental.steps_took":0,"scavenge_throughput":3116.6,"quarantined_size":0,"quarantined_pages":0}
[87022:0xc6940c000:0]     2032 ms: GC: {"pause":0.064,"mutator":5.342,"gc":"s","reduce_memory":false,"time_to_safepoint":0,"stack":true,"reason":"allocation failure","collector_reason":"","start_object_size":106743864,"end_object_size":73191480,"start_memory_size":141688832,"end_memory_size":141688832,"start_holes_size":1121120,"end_holes_size":1121120,"pool_local_chunks":0,"pool_shared_chunks":0,"pool_total_chunks":0,"new_space_capacity":33554432,"old_gen_allocation_limit":262626112,"global_allocation_limit":262626112,"allocation_throughput":2.60342e+06,"new_space_allocation_throughput":2.52605e+06,"new_space_survive_rate":0,"allocated":33552384,"promoted":0,"new_space_survived":0,"nodes_died_in_new":0,"nodes_copied_in_new":0,"nodes_promoted":0,"promotion_ratio":0,"average_survival_ratio":0,"promotion_rate":0,"during_sweeping":false,"heap.prologue":0,"heap.epilogue":0.001,"heap.external.prologue":0,"heap.external.epilogue":0,"heap.external_weak_global_handles":0,"complete.sweep_array_buffers":0,"scavenge":0.055,"scavenge.free_remembered_set":0,"scavenge.roots":0.008,"scavenge.weak":0,"scavenge.weak_global_handles.identify":0,"scavenge.weak_global_handles.process":0,"scavenge.parallel":0,"scavenge.pin_objects_conservative":0,"scavenge.pin_objects_precise":0,"scavenge.restore_pinned":0.001,"scavenge.sweep_array_buffers":0,"scavenge.resize_new_space":0,"background.scavenge.parallel":0,"incremental.steps_count":0,"incremental.steps_took":0,"scavenge_throughput":1,"quarantined_size":0,"quarantined_pages":0}
[87022:0xc6940c000:0]     2038 ms: GC: {"pause":0.088,"mutator":5.342,"gc":"s","reduce_memory":false,"time_to_safepoint":0,"stack":true,"reason":"allocation failure","collector_reason":"","start_object_size":106743864,"end_object_size":73191480,"start_memory_size":141688832,"end_memory_size":141688832,"start_holes_size":1121120,"end_holes_size":1121120,"pool_local_chunks":0,"pool_shared_chunks":0,"pool_total_chunks":0,"new_space_capacity":33554432,"old_gen_allocation_limit":262626112,"global_allocation_limit":262626112,"allocation_throughput":2.73706e+06,"new_space_allocation_throughput":2.66251e+06,"new_space_survive_rate":0,"allocated":33552384,"promoted":0,"new_space_survived":0,"nodes_died_in_new":0,"nodes_copied_in_new":0,"nodes_promoted":0,"promotion_ratio":0,"average_survival_ratio":0,"promotion_rate":0,"during_sweeping":false,"heap.prologue":0,"heap.epilogue":0.001,"heap.external.prologue":0,"heap.external.epilogue":0,"heap.external_weak_global_handles":0,"complete.sweep_array_buffers":0,"scavenge":0.077,"scavenge.free_remembered_set":0,"scavenge.roots":0.009,"scavenge.weak":0,"scavenge.weak_global_handles.identify":0,"scavenge.weak_global_handles.process":0,"scavenge.parallel":0,"scavenge.pin_objects_conservative":0,"scavenge.pin_objects_precise":0,"scavenge.restore_pinned":0.001,"scavenge.sweep_array_buffers":0,"scavenge.resize_new_space":0,"background.scavenge.parallel":0,"incremental.steps_count":0,"incremental.steps_took":0,"scavenge_throughput":1,"quarantined_size":0,"quarantined_pages":0}
[87022:0xc6940c000:0]     2043 ms: GC: {"pause":0.11,"mutator":5.348,"gc":"s","reduce_memory":false,"time_to_safepoint":0,"stack":true,"reason":"allocation failure","collector_reason":"","start_object_size":106743864,"end_object_size":73191480,"start_memory_size":141688832,"end_memory_size":141688832,"start_holes_size":1121120,"end_holes_size":1121120,"pool_local_chunks":0,"pool_shared_chunks":0,"pool_total_chunks":0,"new_space_capacity":33554432,"old_gen_allocation_limit":262626112,"global_allocation_limit":262626112,"allocation_throughput":2.86573e+06,"new_space_allocation_throughput":2.79389e+06,"new_space_survive_rate":0,"allocated":33552384,"promoted":0,"new_space_survived":0,"nodes_died_in_new":0,"nodes_copied_in_new":0,"nodes_promoted":0,"promotion_ratio":0,"average_survival_ratio":0,"promotion_rate":0,"during_sweeping":false,"heap.prologue":0,"heap.epilogue":0.001,"heap.external.prologue":0,"heap.external.epilogue":0,"heap.external_weak_global_handles":0,"complete.sweep_array_buffers":0,"scavenge":0.096,"scavenge.free_remembered_set":0,"scavenge.roots":0.009,"scavenge.weak":0,"scavenge.weak_global_handles.identify":0,"scavenge.weak_global_handles.process":0,"scavenge.parallel":0,"scavenge.pin_objects_conservative":0,"scavenge.pin_objects_precise":0,"scavenge.restore_pinned":0.003,"scavenge.sweep_array_buffers":0,"scavenge.resize_new_space":0.001,"background.scavenge.parallel":0,"incremental.steps_count":0,"incremental.steps_took":0,"scavenge_throughput":1,"quarantined_size":0,"quarantined_pages":0}
[87022:0xc6940c000:0]     2049 ms: GC: {"pause":0.194,"mutator":5.38,"gc":"s","reduce_memory":false,"time_to_safepoint":0,"stack":true,"reason":"allocation failure","collector_reason":"","start_object_size":106743864,"end_object_size":73191480,"start_memory_size":141688832,"end_memory_size":141688832,"start_holes_size":1121120,"end_holes_size":1121120,"pool_local_chunks":0,"pool_shared_chunks":0,"pool_total_chunks":0,"new_space_capacity":33554432,"old_gen_allocation_limit":262626112,"global_allocation_limit":262626112,"allocation_throughput":2.98909e+06,"new_space_allocation_throughput":2.91988e+06,"new_space_survive_rate":0,"allocated":33552384,"promoted":0,"new_space_survived":0,"nodes_died_in_new":0,"nodes_copied_in_new":0,"nodes_promoted":0,"promotion_ratio":0,"average_survival_ratio":0,"promotion_rate":0,"during_sweeping":false,"heap.prologue":0,"heap.epilogue":0.001,"heap.external.prologue":0,"heap.external.epilogue":0,"heap.external_weak_global_handles":0,"complete.sweep_array_buffers":0,"scavenge":0.182,"scavenge.free_remembered_set":0,"scavenge.roots":0.021,"scavenge.weak":0,"scavenge.weak_global_handles.identify":0,"scavenge.weak_global_handles.process":0.001,"scavenge.parallel":0,"scavenge.pin_objects_conservative":0,"scavenge.pin_objects_precise":0,"scavenge.restore_pinned":0.013,"scavenge.sweep_array_buffers":0,"scavenge.resize_new_space":0,"background.scavenge.parallel":0,"incremental.steps_count":0,"incremental.steps_took":0,"scavenge_throughput":1,"quarantined_size":0,"quarantined_pages":0}
[87022:0xc6940c000:0]     2054 ms: GC: {"pause":0.086,"mutator":5.312,"gc":"s","reduce_memory":false,"time_to_safepoint":0,"stack":true,"reason":"allocation failure","collector_reason":"","start_object_size":106743864,"end_object_size":73191480,"start_memory_size":141688832,"end_memory_size":141688832,"start_holes_size":1121120,"end_holes_size":1121120,"pool_local_chunks":0,"pool_shared_chunks":0,"pool_total_chunks":0,"new_space_capacity":33554432,"old_gen_allocation_limit":262626112,"global_allocation_limit":262626112,"allocation_throughput":3.10933e+06,"new_space_allocation_throughput":3.04263e+06,"new_space_survive_rate":0,"allocated":33552384,"promoted":0,"new_space_survived":0,"nodes_died_in_new":0,"nodes_copied_in_new":0,"nodes_promoted":0,"promotion_ratio":0,"average_survival_ratio":0,"promotion_rate":0,"during_sweeping":false,"heap.prologue":0,"heap.epilogue":0,"heap.external.prologue":0,"heap.external.epilogue":0,"heap.external_weak_global_handles":0,"complete.sweep_array_buffers":0,"scavenge":0.077,"scavenge.free_remembered_set":0,"scavenge.roots":0.009,"scavenge.weak":0,"scavenge.weak_global_handles.identify":0,"scavenge.weak_global_handles.process":0,"scavenge.parallel":0,"scavenge.pin_objects_conservative":0,"scavenge.pin_objects_precise":0,"scavenge.restore_pinned":0,"scavenge.sweep_array_buffers":0,"scavenge.resize_new_space":0,"background.scavenge.parallel":0,"incremental.steps_count":0,"incremental.steps_took":0,"scavenge_throughput":1,"quarantined_size":0,"quarantined_pages":0}
[87022:0xc6940c000:0]     2059 ms: GC: {"pause":0.062,"mutator":5.058,"gc":"s","reduce_memory":false,"time_to_safepoint":0,"stack":true,"reason":"allocation failure","collector_reason":"","start_object_size":106743864,"end_object_size":73191480,"start_memory_size":141688832,"end_memory_size":141688832,"start_holes_size":1121120,"end_holes_size":1121120,"pool_local_chunks":0,"pool_shared_chunks":0,"pool_total_chunks":0,"new_space_capacity":33554432,"old_gen_allocation_limit":262626112,"global_allocation_limit":262626112,"allocation_throughput":3.23073e+06,"new_space_allocation_throughput":3.16632e+06,"new_space_survive_rate":0,"allocated":33552384,"promoted":0,"new_space_survived":0,"nodes_died_in_new":0,"nodes_copied_in_new":0,"nodes_promoted":0,"promotion_ratio":0,"average_survival_ratio":0,"promotion_rate":0,"during_sweeping":false,"heap.prologue":0,"heap.epilogue":0.001,"heap.external.prologue":0,"heap.external.epilogue":0,"heap.external_weak_global_handles":0,"complete.sweep_array_buffers":0,"scavenge":0.055,"scavenge.free_remembered_set":0,"scavenge.roots":0.005,"scavenge.weak":0,"scavenge.weak_global_handles.identify":0,"scavenge.weak_global_handles.process":0,"scavenge.parallel":0,"scavenge.pin_objects_conservative":0,"scavenge.pin_objects_precise":0,"scavenge.restore_pinned":0,"scavenge.sweep_array_buffers":0,"scavenge.resize_new_space":0,"background.scavenge.parallel":0,"incremental.steps_count":0,"incremental.steps_took":0,"scavenge_throughput":1,"quarantined_size":0,"quarantined_pages":0}
[87022:0xc6940c000:0]     2065 ms: GC: {"pause":0.093,"mutator":5.586,"gc":"s","reduce_memory":false,"time_to_safepoint":0,"stack":true,"reason":"allocation failure","collector_reason":"","start_object_size":106743864,"end_object_size":73191480,"start_memory_size":141688832,"end_memory_size":141688832,"start_holes_size":1121120,"end_holes_size":1121120,"pool_local_chunks":0,"pool_shared_chunks":0,"pool_total_chunks":0,"new_space_capacity":33554432,"old_gen_allocation_limit":262626112,"global_allocation_limit":262626112,"allocation_throughput":3.33613e+06,"new_space_allocation_throughput":3.27417e+06,"new_space_survive_rate":0,"allocated":33552384,"promoted":0,"new_space_survived":0,"nodes_died_in_new":0,"nodes_copied_in_new":0,"nodes_promoted":0,"promotion_ratio":0,"average_survival_ratio":0,"promotion_rate":0,"during_sweeping":false,"heap.prologue":0,"heap.epilogue":0.001,"heap.external.prologue":0,"heap.external.epilogue":0,"heap.external_weak_global_handles":0,"complete.sweep_array_buffers":0,"scavenge":0.082,"scavenge.free_remembered_set":0,"scavenge.roots":0.01,"scavenge.weak":0,"scavenge.weak_global_handles.identify":0,"scavenge.weak_global_handles.process":0,"scavenge.parallel":0,"scavenge.pin_objects_conservative":0,"scavenge.pin_objects_precise":0,"scavenge.restore_pinned":0.001,"scavenge.sweep_array_buffers":0,"scavenge.resize_new_space":0,"background.scavenge.parallel":0,"incremental.steps_count":0,"incremental.steps_took":0,"scavenge_throughput":1,"quarantined_size":0,"quarantined_pages":0}
[87022:0xc6940c000:0]     2070 ms: GC: {"pause":0.083,"mutator":5.156,"gc":"s","reduce_memory":false,"time_to_safepoint":0,"stack":true,"reason":"allocation failure","collector_reason":"","start_object_size":106743864,"end_object_size":73191480,"start_memory_size":141688832,"end_memory_size":141688832,"start_holes_size":1121120,"end_holes_size":1121120,"pool_local_chunks":0,"pool_shared_chunks":0,"pool_total_chunks":0,"new_space_capacity":33554432,"old_gen_allocation_limit":262626112,"global_allocation_limit":262626112,"allocation_throughput":3.44742e+06,"new_space_allocation_throughput":3.38763e+06,"new_space_survive_rate":0,"allocated":33552384,"promoted":0,"new_space_survived":0,"nodes_died_in_new":0,"nodes_copied_in_new":0,"nodes_promoted":0,"promotion_ratio":0,"average_survival_ratio":0,"promotion_rate":0,"during_sweeping":false,"heap.prologue":0,"heap.epilogue":0.001,"heap.external.prologue":0,"heap.external.epilogue":0,"heap.external_weak_global_handles":0,"complete.sweep_array_buffers":0,"scavenge":0.073,"scavenge.free_remembered_set":0,"scavenge.roots":0.009,"scavenge.weak":0,"scavenge.weak_global_handles.identify":0.001,"scavenge.weak_global_handles.process":0,"scavenge.parallel":0,"scavenge.pin_objects_conservative":0,"scavenge.pin_objects_precise":0,"scavenge.restore_pinned":0.001,"scavenge.sweep_array_buffers":0,"scavenge.resize_new_space":0,"background.scavenge.parallel":0,"incremental.steps_count":0,"incremental.steps_took":0,"scavenge_throughput":1,"quarantined_size":0,"quarantined_pages":0}
[87022:0xc6940c000:0]     2075 ms: GC: {"pause":0.084,"mutator":5.131,"gc":"s","reduce_memory":false,"time_to_safepoint":0,"stack":true,"reason":"allocation failure","collector_reason":"","start_object_size":106743864,"end_object_size":73191480,"start_memory_size":141688832,"end_memory_size":141688832,"start_holes_size":1121120,"end_holes_size":1121120,"pool_local_chunks":0,"pool_shared_chunks":0,"pool_total_chunks":0,"new_space_capacity":33554432,"old_gen_allocation_limit":262626112,"global_allocation_limit":262626112,"allocation_throughput":3.5554e+06,"new_space_allocation_throughput":3.4977e+06,"new_space_survive_rate":0,"allocated":33552384,"promoted":0,"new_space_survived":0,"nodes_died_in_new":0,"nodes_copied_in_new":0,"nodes_promoted":0,"promotion_ratio":0,"average_survival_ratio":0,"promotion_rate":0,"during_sweeping":false,"heap.prologue":0,"heap.epilogue":0.001,"heap.external.prologue":0,"heap.external.epilogue":0,"heap.external_weak_global_handles":0,"complete.sweep_array_buffers":0,"scavenge":0.076,"scavenge.free_remembered_set":0,"scavenge.roots":0.007,"scavenge.weak":0,"scavenge.weak_global_handles.identify":0,"scavenge.weak_global_handles.process":0,"scavenge.parallel":0,"scavenge.pin_objects_conservative":0,"scavenge.pin_objects_precise":0,"scavenge.restore_pinned":0,"scavenge.sweep_array_buffers":0,"scavenge.resize_new_space":0,"background.scavenge.parallel":0,"incremental.steps_count":0,"incremental.steps_took":0,"scavenge_throughput":1,"quarantined_size":0,"quarantined_pages":0}
[87022:0xc6940c000:0]     2081 ms: GC: {"pause":0.072,"mutator":5.245,"gc":"s","reduce_memory":false,"time_to_safepoint":0,"stack":true,"reason":"allocation failure","collector_reason":"","start_object_size":106743864,"end_object_size":73191480,"start_memory_size":141688832,"end_memory_size":141688832,"start_holes_size":1121120,"end_holes_size":1121120,"pool_local_chunks":0,"pool_shared_chunks":0,"pool_total_chunks":0,"new_space_capacity":33554432,"old_gen_allocation_limit":262626112,"global_allocation_limit":262626112,"allocation_throughput":3.6568e+06,"new_space_allocation_throughput":3.60117e+06,"new_space_survive_rate":0,"allocated":33552384,"promoted":0,"new_space_survived":0,"nodes_died_in_new":0,"nodes_copied_in_new":0,"nodes_promoted":0,"promotion_ratio":0,"average_survival_ratio":0,"promotion_rate":0,"during_sweeping":false,"heap.prologue":0,"heap.epilogue":0.001,"heap.external.prologue":0,"heap.external.epilogue":0,"heap.external_weak_global_handles":0,"complete.sweep_array_buffers":0,"scavenge":0.063,"scavenge.free_remembered_set":0,"scavenge.roots":0.009,"scavenge.weak":0,"scavenge.weak_global_handles.identify":0.001,"scavenge.weak_global_handles.process":0,"scavenge.parallel":0,"scavenge.pin_objects_conservative":0,"scavenge.pin_objects_precise":0,"scavenge.restore_pinned":0.001,"scavenge.sweep_array_buffers":0,"scavenge.resize_new_space":0.001,"background.scavenge.parallel":0,"incremental.steps_count":0,"incremental.steps_took":0,"scavenge_throughput":1,"quarantined_size":0,"quarantined_pages":0}
[87022:0xc6940c000:0]     2086 ms: GC: {"pause":0.09,"mutator":5.297,"gc":"s","reduce_memory":false,"time_to_safepoint":0,"stack":true,"reason":"allocation failure","collector_reason":"","start_object_size":106743864,"end_object_size":73191480,"start_memory_size":141688832,"end_memory_size":141688832,"start_holes_size":1121120,"end_holes_size":1121120,"pool_local_chunks":0,"pool_shared_chunks":0,"pool_total_chunks":0,"new_space_capacity":33554432,"old_gen_allocation_limit":262626112,"global_allocation_limit":262626112,"allocation_throughput":3.7533e+06,"new_space_allocation_throughput":3.69967e+06,"new_space_survive_rate":0,"allocated":33552384,"promoted":0,"new_space_survived":0,"nodes_died_in_new":0,"nodes_copied_in_new":0,"nodes_promoted":0,"promotion_ratio":0,"average_survival_ratio":0,"promotion_rate":0,"during_sweeping":false,"heap.prologue":0,"heap.epilogue":0.001,"heap.external.prologue":0,"heap.external.epilogue":0,"heap.external_weak_global_handles":0,"complete.sweep_array_buffers":0,"scavenge":0.079,"scavenge.free_remembered_set":0,"scavenge.roots":0.009,"scavenge.weak":0,"scavenge.weak_global_handles.identify":0.001,"scavenge.weak_global_handles.process":0,"scavenge.parallel":0,"scavenge.pin_objects_conservative":0,"scavenge.pin_objects_precise":0,"scavenge.restore_pinned":0,"scavenge.sweep_array_buffers":0,"scavenge.resize_new_space":0,"background.scavenge.parallel":0,"incremental.steps_count":0,"incremental.steps_took":0,"scavenge_throughput":1,"quarantined_size":0,"quarantined_pages":0}
[87022:0xc6940c000:0]     2091 ms: GC: {"pause":0.059,"mutator":5.103,"gc":"s","reduce_memory":false,"time_to_safepoint":0,"stack":true,"reason":"allocation failure","collector_reason":"","start_object_size":106743864,"end_object_size":73191480,"start_memory_size":141688832,"end_memory_size":141688832,"start_holes_size":1121120,"end_holes_size":1121120,"pool_local_chunks":0,"pool_shared_chunks":0,"pool_total_chunks":0,"new_space_capacity":33554432,"old_gen_allocation_limit":262626112,"global_allocation_limit":262626112,"allocation_throughput":3.85131e+06,"new_space_allocation_throughput":3.79955e+06,"new_space_survive_rate":0,"allocated":33552384,"promoted":0,"new_space_survived":0,"nodes_died_in_new":0,"nodes_copied_in_new":0,"nodes_promoted":0,"promotion_ratio":0,"average_survival_ratio":0,"promotion_rate":0,"during_sweeping":false,"heap.prologue":0,"heap.epilogue":0,"heap.external.prologue":0,"heap.external.epilogue":0,"heap.external_weak_global_handles":0,"complete.sweep_array_buffers":0,"scavenge":0.05,"scavenge.free_remembered_set":0,"scavenge.roots":0.008,"scavenge.weak":0,"scavenge.weak_global_handles.identify":0.001,"scavenge.weak_global_handles.process":0,"scavenge.parallel":0,"scavenge.pin_objects_conservative":0,"scavenge.pin_objects_precise":0,"scavenge.restore_pinned":0.001,"scavenge.sweep_array_buffers":0,"scavenge.resize_new_space":0,"background.scavenge.parallel":0,"incremental.steps_count":0,"incremental.steps_took":0,"scavenge_throughput":1,"quarantined_size":0,"quarantined_pages":0}
[87022:0xc6940c000:0]     2096 ms: GC: {"pause":0.082,"mutator":5.11,"gc":"s","reduce_memory":false,"time_to_safepoint":0,"stack":true,"reason":"allocation failure","collector_reason":"","start_object_size":106743864,"end_object_size":73191480,"start_memory_size":141688832,"end_memory_size":141688832,"start_holes_size":1121120,"end_holes_size":1121120,"pool_local_chunks":0,"pool_shared_chunks":0,"pool_total_chunks":0,"new_space_capacity":33554432,"old_gen_allocation_limit":262626112,"global_allocation_limit":262626112,"allocation_throughput":3.94575e+06,"new_space_allocation_throughput":3.89579e+06,"new_space_survive_rate":0,"allocated":33552384,"promoted":0,"new_space_survived":0,"nodes_died_in_new":0,"nodes_copied_in_new":0,"nodes_promoted":0,"promotion_ratio":0,"average_survival_ratio":0,"promotion_rate":0,"during_sweeping":false,"heap.prologue":0,"heap.epilogue":0,"heap.external.prologue":0,"heap.external.epilogue":0,"heap.external_weak_global_handles":0,"complete.sweep_array_buffers":0,"scavenge":0.073,"scavenge.free_remembered_set":0,"scavenge.roots":0.008,"scavenge.weak":0,"scavenge.weak_global_handles.identify":0.001,"scavenge.weak_global_handles.process":0.001,"scavenge.parallel":0,"scavenge.pin_objects_conservative":0,"scavenge.pin_objects_precise":0,"scavenge.restore_pinned":0.001,"scavenge.sweep_array_buffers":0,"scavenge.resize_new_space":0.001,"background.scavenge.parallel":0,"incremental.steps_count":0,"incremental.steps_took":0,"scavenge_throughput":1,"quarantined_size":0,"quarantined_pages":0}
[87022:0xc6940c000:0]     2102 ms: GC: {"pause":0.065,"mutator":5.21,"gc":"s","reduce_memory":false,"time_to_safepoint":0,"stack":true,"reason":"allocation failure","collector_reason":"","start_object_size":106743864,"end_object_size":73191480,"start_memory_size":141688832,"end_memory_size":141688832,"start_holes_size":1121120,"end_holes_size":1121120,"pool_local_chunks":0,"pool_shared_chunks":0,"pool_total_chunks":0,"new_space_capacity":33554432,"old_gen_allocation_limit":262626112,"global_allocation_limit":262626112,"allocation_throughput":4.03419e+06,"new_space_allocation_throughput":3.986e+06,"new_space_survive_rate":0,"allocated":33552384,"promoted":0,"new_space_survived":0,"nodes_died_in_new":0,"nodes_copied_in_new":0,"nodes_promoted":0,"promotion_ratio":0,"average_survival_ratio":0,"promotion_rate":0,"during_sweeping":false,"heap.prologue":0,"heap.epilogue":0,"heap.external.prologue":0,"heap.external.epilogue":0,"heap.external_weak_global_handles":0,"complete.sweep_array_buffers":0,"scavenge":0.059,"scavenge.free_remembered_set":0,"scavenge.roots":0.005,"scavenge.weak":0,"scavenge.weak_global_handles.identify":0,"scavenge.weak_global_handles.process":0.001,"scavenge.parallel":0,"scavenge.pin_objects_conservative":0,"scavenge.pin_objects_precise":0,"scavenge.restore_pinned":0.001,"scavenge.sweep_array_buffers":0,"scavenge.resize_new_space":0,"background.scavenge.parallel":0,"incremental.steps_count":0,"incremental.steps_took":0,"scavenge_throughput":1,"quarantined_size":0,"quarantined_pages":0}
[87022:0xc6940c000:0]     2107 ms: GC: {"pause":0.087,"mutator":5.827,"gc":"s","reduce_memory":false,"time_to_safepoint":0,"stack":true,"reason":"allocation failure","collector_reason":"","start_object_size":106743864,"end_object_size":73191480,"start_memory_size":141688832,"end_memory_size":141688832,"start_holes_size":1121120,"end_holes_size":1121120,"pool_local_chunks":0,"pool_shared_chunks":0,"pool_total_chunks":0,"new_space_capacity":33554432,"old_gen_allocation_limit":262626112,"global_allocation_limit":262626112,"allocation_throughput":4.10243e+06,"new_space_allocation_throughput":4.05615e+06,"new_space_survive_rate":0,"allocated":33552384,"promoted":0,"new_space_survived":0,"nodes_died_in_new":0,"nodes_copied_in_new":0,"nodes_promoted":0,"promotion_ratio":0,"average_survival_ratio":0,"promotion_rate":0,"during_sweeping":false,"heap.prologue":0,"heap.epilogue":0.001,"heap.external.prologue":0,"heap.external.epilogue":0,"heap.external_weak_global_handles":0,"complete.sweep_array_buffers":0,"scavenge":0.077,"scavenge.free_remembered_set":0,"scavenge.roots":0.008,"scavenge.weak":0,"scavenge.weak_global_handles.identify":0,"scavenge.weak_global_handles.process":0,"scavenge.parallel":0,"scavenge.pin_objects_conservative":0,"scavenge.pin_objects_precise":0,"scavenge.restore_pinned":0.001,"scavenge.sweep_array_buffers":0,"scavenge.resize_new_space":0,"background.scavenge.parallel":0,"incremental.steps_count":0,"incremental.steps_took":0,"scavenge_throughput":1,"quarantined_size":0,"quarantined_pages":0}
[87022:0xc6940c000:0]     2113 ms: GC: {"pause":0.041,"mutator":5.059,"gc":"s","reduce_memory":false,"time_to_safepoint":0,"stack":true,"reason":"allocation failure","collector_reason":"","start_object_size":106743864,"end_object_size":73191480,"start_memory_size":141688832,"end_memory_size":141688832,"start_holes_size":1121120,"end_holes_size":1121120,"pool_local_chunks":0,"pool_shared_chunks":0,"pool_total_chunks":0,"new_space_capacity":33554432,"old_gen_allocation_limit":262626112,"global_allocation_limit":262626112,"allocation_throughput":4.18955e+06,"new_space_allocation_throughput":4.14486e+06,"new_space_survive_rate":0,"allocated":33552384,"promoted":0,"new_space_survived":0,"nodes_died_in_new":0,"nodes_copied_in_new":0,"nodes_promoted":0,"promotion_ratio":0,"average_survival_ratio":0,"promotion_rate":0,"during_sweeping":false,"heap.prologue":0,"heap.epilogue":0,"heap.external.prologue":0,"heap.external.epilogue":0,"heap.external_weak_global_handles":0,"complete.sweep_array_buffers":0,"scavenge":0.036,"scavenge.free_remembered_set":0,"scavenge.roots":0.004,"scavenge.weak":0,"scavenge.weak_global_handles.identify":0,"scavenge.weak_global_handles.process":0,"scavenge.parallel":0,"scavenge.pin_objects_conservative":0,"scavenge.pin_objects_precise":0,"scavenge.restore_pinned":0,"scavenge.sweep_array_buffers":0,"scavenge.resize_new_space":0,"background.scavenge.parallel":0,"incremental.steps_count":0,"incremental.steps_took":0,"scavenge_throughput":1,"quarantined_size":0,"quarantined_pages":0}
[87022:0xc6940c000:0]     2118 ms: GC: {"pause":0.071,"mutator":5.077,"gc":"s","reduce_memory":false,"time_to_safepoint":0,"stack":true,"reason":"allocation failure","collector_reason":"","start_object_size":106743864,"end_object_size":73191480,"start_memory_size":141688832,"end_memory_size":141688832,"start_holes_size":1121120,"end_holes_size":1121120,"pool_local_chunks":0,"pool_shared_chunks":0,"pool_total_chunks":0,"new_space_capacity":33554432,"old_gen_allocation_limit":262626112,"global_allocation_limit":262626112,"allocation_throughput":4.27317e+06,"new_space_allocation_throughput":4.23003e+06,"new_space_survive_rate":0,"allocated":33552384,"promoted":0,"new_space_survived":0,"nodes_died_in_new":0,"nodes_copied_in_new":0,"nodes_promoted":0,"promotion_ratio":0,"average_survival_ratio":0,"promotion_rate":0,"during_sweeping":false,"heap.prologue":0,"heap.epilogue":0.001,"heap.external.prologue":0,"heap.external.epilogue":0,"heap.external_weak_global_handles":0,"complete.sweep_array_buffers":0,"scavenge":0.063,"scavenge.free_remembered_set":0,"scavenge.roots":0.007,"scavenge.weak":0,"scavenge.weak_global_handles.identify":0.001,"scavenge.weak_global_handles.process":0,"scavenge.parallel":0,"scavenge.pin_objects_conservative":0,"scavenge.pin_objects_precise":0,"scavenge.restore_pinned":0.001,"scavenge.sweep_array_buffers":0,"scavenge.resize_new_space":0,"background.scavenge.parallel":0,"incremental.steps_count":0,"incremental.steps_took":0,"scavenge_throughput":1,"quarantined_size":0,"quarantined_pages":0}
[87022:0xc6940c000:0]     2123 ms: GC: {"pause":0.055,"mutator":5.089,"gc":"s","reduce_memory":false,"time_to_safepoint":0,"stack":true,"reason":"allocation failure","collector_reason":"","start_object_size":106743864,"end_object_size":73191480,"start_memory_size":141688832,"end_memory_size":141688832,"start_holes_size":1121120,"end_holes_size":1121120,"pool_local_chunks":0,"pool_shared_chunks":0,"pool_total_chunks":0,"new_space_capacity":33554432,"old_gen_allocation_limit":262626112,"global_allocation_limit":262626112,"allocation_throughput":4.35355e+06,"new_space_allocation_throughput":4.31191e+06,"new_space_survive_rate":0,"allocated":33552384,"promoted":0,"new_space_survived":0,"nodes_died_in_new":0,"nodes_copied_in_new":0,"nodes_promoted":0,"promotion_ratio":0,"average_survival_ratio":0,"promotion_rate":0,"during_sweeping":false,"heap.prologue":0,"heap.epilogue":0.001,"heap.external.prologue":0,"heap.external.epilogue":0,"heap.external_weak_global_handles":0,"complete.sweep_array_buffers":0,"scavenge":0.049,"scavenge.free_remembered_set":0,"scavenge.roots":0.005,"scavenge.weak":0,"scavenge.weak_global_handles.identify":0,"scavenge.weak_global_handles.process":0.001,"scavenge.parallel":0,"scavenge.pin_objects_conservative":0,"scavenge.pin_objects_precise":0,"scavenge.restore_pinned":0.001,"scavenge.sweep_array_buffers":0,"scavenge.resize_new_space":0.001,"background.scavenge.parallel":0,"incremental.steps_count":0,"incremental.steps_took":0,"scavenge_throughput":1,"quarantined_size":0,"quarantined_pages":0}
[87022:0xc6940c000:0]     2128 ms: GC: {"pause":0.087,"mutator":5.083,"gc":"s","reduce_memory":false,"time_to_safepoint":0,"stack":true,"reason":"allocation failure","collector_reason":"","start_object_size":106743864,"end_object_size":73191480,"start_memory_size":141688832,"end_memory_size":141688832,"start_holes_size":1121120,"end_holes_size":1121120,"pool_local_chunks":0,"pool_shared_chunks":0,"pool_total_chunks":0,"new_space_capacity":33554432,"old_gen_allocation_limit":262626112,"global_allocation_limit":262626112,"allocation_throughput":4.43132e+06,"new_space_allocation_throughput":4.39112e+06,"new_space_survive_rate":0,"allocated":33552384,"promoted":0,"new_space_survived":0,"nodes_died_in_new":0,"nodes_copied_in_new":0,"nodes_promoted":0,"promotion_ratio":0,"average_survival_ratio":0,"promotion_rate":0,"during_sweeping":false,"heap.prologue":0,"heap.epilogue":0.001,"heap.external.prologue":0,"heap.external.epilogue":0,"heap.external_weak_global_handles":0,"complete.sweep_array_buffers":0,"scavenge":0.077,"scavenge.free_remembered_set":0,"scavenge.roots":0.01,"scavenge.weak":0,"scavenge.weak_global_handles.identify":0,"scavenge.weak_global_handles.process":0,"scavenge.parallel":0,"scavenge.pin_objects_conservative":0,"scavenge.pin_objects_precise":0,"scavenge.restore_pinned":0.001,"scavenge.sweep_array_buffers":0,"scavenge.resize_new_space":0.001,"background.scavenge.parallel":0,"incremental.steps_count":0,"incremental.steps_took":0,"scavenge_throughput":1,"quarantined_size":0,"quarantined_pages":0}
[bailout (kind: deopt-eager, reason: Insufficient type feedback for generic named access): begin. deoptimizing 0x1cd874316a91 <JSFunction (sfi = 0x23a33470adf9)>, 0x21f993103141 <Code TURBOFAN_JS>, opt id 376, bytecode offset 1098, deopt exit 17, FP to SP delta 352, caller SP 0x00016f1317d0, pc 0x0001177feb58]
{"mode":"staged","shape":"sequence","elapsedMs":164.9481249999999,"final":{"suggestions":[],"secondarySpans":[],"diagnostics":[],"liveDepth":0,"maxDepth":0,"src":"clip-rule:","value":[{"value":"clip-rule","span":{"start":0,"end":9}},{"value":":","span":{"start":9,"end":10}}],"offset":10,"isError":false,"furthest":0},"plan":{"terminals":754,"states":4838,"asciiAlphabet":27,"asciiCells":130626,"coldEdges":0,"tableBytes":282240}}
[87022:0xc6940c000:0]     2134 ms: GC: {"pause":0.098,"mutator":5.608,"gc":"s","reduce_memory":false,"time_to_safepoint":0,"stack":true,"reason":"allocation failure","collector_reason":"","start_object_size":100471192,"end_object_size":73313456,"start_memory_size":141688832,"end_memory_size":141688832,"start_holes_size":1099536,"end_holes_size":1099536,"pool_local_chunks":0,"pool_shared_chunks":0,"pool_total_chunks":0,"new_space_capacity":33554432,"old_gen_allocation_limit":262626112,"global_allocation_limit":262626112,"allocation_throughput":4.44778e+06,"new_space_allocation_throughput":4.40896e+06,"new_space_survive_rate":0.0172572,"allocated":27279712,"promoted":0,"new_space_survived":4704,"nodes_died_in_new":0,"nodes_copied_in_new":0,"nodes_promoted":0,"promotion_ratio":0,"average_survival_ratio":0.00172572,"promotion_rate":0,"during_sweeping":false,"heap.prologue":0,"heap.epilogue":0,"heap.external.prologue":0,"heap.external.epilogue":0,"heap.external_weak_global_handles":0,"complete.sweep_array_buffers":0,"scavenge":0.093,"scavenge.free_remembered_set":0.002,"scavenge.roots":0.003,"scavenge.weak":0,"scavenge.weak_global_handles.identify":0,"scavenge.weak_global_handles.process":0,"scavenge.parallel":0.007,"scavenge.pin_objects_conservative":0,"scavenge.pin_objects_precise":0,"scavenge.restore_pinned":0.003,"scavenge.sweep_array_buffers":0,"scavenge.resize_new_space":0,"background.scavenge.parallel":0.016,"incremental.steps_count":0,"incremental.steps_took":0,"scavenge_throughput":6400,"quarantined_size":0,"quarantined_pages":0}
