[marking 0x31c9be392e11 <JSFunction getNewKey (sfi = 0x1549f506ba9)> for optimization to MAGLEV, ConcurrencyMode::kConcurrent, reason: hot and stable]
[compiling method 0x31c9be392e11 <JSFunction getNewKey (sfi = 0x1549f506ba9)> (target MAGLEV), mode: ConcurrencyMode::kConcurrent]
[completed compiling 0x31c9be392e11 <JSFunction getNewKey (sfi = 0x1549f506ba9)> (target MAGLEV) - took 0.002, 0.264, 0.003 ms]
[74519:0xb1340c000:0]       19 ms: Memory pool: Removed pages: 0, removed large pages: 0
, removed zone reservations: 0
[74519:0xb1340c000:0]       19 ms: GC: {"pause":0.314,"mutator":14.034,"gc":"s","reduce_memory":false,"time_to_safepoint":0,"stack":true,"reason":"allocation failure","collector_reason":"","start_object_size":1499568,"end_object_size":783400,"start_memory_size":2621440,"end_memory_size":3145728,"start_holes_size":1121696,"end_holes_size":1121696,"pool_local_chunks":0,"pool_shared_chunks":0,"pool_total_chunks":0,"new_space_capacity":1048576,"old_gen_allocation_limit":143131168,"global_allocation_limit":286262336,"allocation_throughput":9904.66,"new_space_allocation_throughput":6925.43,"new_space_survive_rate":26.6603,"allocated":1499568,"promoted":0,"new_space_survived":279536,"nodes_died_in_new":0,"nodes_copied_in_new":18,"nodes_promoted":0,"promotion_ratio":0,"average_survival_ratio":26.6603,"promotion_rate":0,"during_sweeping":false,"heap.prologue":0,"heap.epilogue":0.001,"heap.external.prologue":0,"heap.external.epilogue":0,"heap.external_weak_global_handles":0,"complete.sweep_array_buffers":0,"scavenge":0.293,"scavenge.free_remembered_set":0,"scavenge.roots":0.048,"scavenge.weak":0,"scavenge.weak_global_handles.identify":0,"scavenge.weak_global_handles.process":0,"scavenge.parallel":0,"scavenge.pin_objects_conservative":0,"scavenge.pin_objects_precise":0,"scavenge.restore_pinned":0,"scavenge.sweep_array_buffers":0.004,"scavenge.resize_new_space":0,"background.scavenge.parallel":0.305,"incremental.steps_count":0,"incremental.steps_took":0,"scavenge_throughput":890242,"quarantined_size":0,"quarantined_pages":0}
[74519:0xb1340c000:0]       23 ms: GC: {"pause":0.198,"mutator":4.035,"gc":"s","reduce_memory":false,"time_to_safepoint":0,"stack":true,"reason":"allocation failure","collector_reason":"","start_object_size":1919744,"end_object_size":1585368,"start_memory_size":4194304,"end_memory_size":4456448,"start_holes_size":1225760,"end_holes_size":1246952,"pool_local_chunks":0,"pool_shared_chunks":0,"pool_total_chunks":0,"new_space_capacity":1048576,"old_gen_allocation_limit":65944149,"global_allocation_limit":131888299,"allocation_throughput":17398.8,"new_space_allocation_throughput":11629.7,"new_space_survive_rate":42.506,"allocated":1136344,"promoted":240936,"new_space_survived":445680,"nodes_died_in_new":0,"nodes_copied_in_new":6,"nodes_promoted":20,"promotion_ratio":22.9789,"average_survival_ratio":46.0725,"promotion_rate":86.1914,"during_sweeping":false,"heap.prologue":0,"heap.epilogue":0,"heap.external.prologue":0,"heap.external.epilogue":0,"heap.external_weak_global_handles":0,"complete.sweep_array_buffers":0,"scavenge":0.184,"scavenge.free_remembered_set":0.002,"scavenge.roots":0.013,"scavenge.weak":0,"scavenge.weak_global_handles.identify":0,"scavenge.weak_global_handles.process":0,"scavenge.parallel":0,"scavenge.pin_objects_conservative":0,"scavenge.pin_objects_precise":0,"scavenge.restore_pinned":0,"scavenge.sweep_array_buffers":0.002,"scavenge.resize_new_space":0,"background.scavenge.parallel":0.277,"incremental.steps_count":0,"incremental.steps_took":0,"scavenge_throughput":1.88702e+06,"quarantined_size":0,"quarantined_pages":0}
[marking 0x1a91b1bf1639 <JSFunction (sfi = 0x3c4e2f5dfb19)> for optimization to MAGLEV, ConcurrencyMode::kConcurrent, reason: hot and stable]
[compiling method 0x1a91b1bf1639 <JSFunction (sfi = 0x3c4e2f5dfb19)> (target MAGLEV), mode: ConcurrencyMode::kConcurrent]
[completed compiling 0x1a91b1bf1639 <JSFunction (sfi = 0x3c4e2f5dfb19)> (target MAGLEV) - took 0.000, 0.052, 0.001 ms]
[74519:0xb1340c000:0]       33 ms: GC: {"pause":0.218,"mutator":9.881,"gc":"s","reduce_memory":false,"time_to_safepoint":0,"stack":true,"reason":"allocation failure","collector_reason":"","start_object_size":3164160,"end_object_size":2922400,"start_memory_size":5128192,"end_memory_size":5652480,"start_holes_size":898816,"end_holes_size":978600,"pool_local_chunks":0,"pool_shared_chunks":0,"pool_total_chunks":0,"new_space_capacity":2097152,"old_gen_allocation_limit":36131151,"global_allocation_limit":72262304,"allocation_throughput":28438,"new_space_allocation_throughput":14714,"new_space_survive_rate":29.8358,"allocated":1578792,"promoted":444472,"new_space_survived":312832,"nodes_died_in_new":0,"nodes_copied_in_new":18,"nodes_promoted":11,"promotion_ratio":42.3907,"average_survival_ratio":54.7905,"promotion_rate":99.729,"during_sweeping":false,"heap.prologue":0,"heap.epilogue":0,"heap.external.prologue":0,"heap.external.epilogue":0,"heap.external_weak_global_handles":0,"complete.sweep_array_buffers":0,"scavenge":0.206,"scavenge.free_remembered_set":0.001,"scavenge.roots":0.015,"scavenge.weak":0,"scavenge.weak_global_handles.identify":0.001,"scavenge.weak_global_handles.process":0.004,"scavenge.parallel":0,"scavenge.pin_objects_conservative":0,"scavenge.pin_objects_precise":0,"scavenge.restore_pinned":0,"scavenge.sweep_array_buffers":0.003,"scavenge.resize_new_space":0,"background.scavenge.parallel":0.326,"incremental.steps_count":0,"incremental.steps_took":0,"scavenge_throughput":2.3609e+06,"quarantined_size":0,"quarantined_pages":0}
[marking 0x020203c17a71 <JSFunction next (sfi = 0x1549f5097c1)> for optimization to MAGLEV, ConcurrencyMode::kConcurrent, reason: hot and stable]
[compiling method 0x020203c17a71 <JSFunction next (sfi = 0x1549f5097c1)> (target MAGLEV), mode: ConcurrencyMode::kConcurrent]
[completed compiling 0x020203c17a71 <JSFunction next (sfi = 0x1549f5097c1)> (target MAGLEV) - took 0.000, 0.076, 0.002 ms]
[bailout (kind: deopt-eager, reason: wrong map): begin. deoptimizing 0x020203c165e9 <JSFunction next (sfi = 0x1549f5097c1)>, 0x13b41d6c1f11 <Code MAGLEV>, opt id 2, bytecode offset 3, deopt exit 0, FP to SP delta 32, caller SP 0x00016af7da28, pc 0x0001276453b4]
[marking 0x2da10de7d251 <JSFunction isPosixPathSeparator (sfi = 0x1d63aca39299)> for optimization to MAGLEV, ConcurrencyMode::kConcurrent, reason: hot and stable]
[compiling method 0x2da10de7d251 <JSFunction isPosixPathSeparator (sfi = 0x1d63aca39299)> (target MAGLEV), mode: ConcurrencyMode::kConcurrent]
[completed compiling 0x2da10de7d251 <JSFunction isPosixPathSeparator (sfi = 0x1d63aca39299)> (target MAGLEV) - took 0.001, 0.067, 0.001 ms]
[marking 0x2da10de7d331 <JSFunction normalizeString (sfi = 0x1d63aca39371)> for optimization to MAGLEV, ConcurrencyMode::kConcurrent, reason: hot and stable]
[compiling method 0x2da10de7d331 <JSFunction normalizeString (sfi = 0x1d63aca39371)> (target MAGLEV), mode: ConcurrencyMode::kConcurrent]
[completed compiling 0x2da10de7d331 <JSFunction normalizeString (sfi = 0x1d63aca39371)> (target MAGLEV) - took 0.000, 0.313, 0.001 ms]
[marking 0x2da10de78431 <JSFunction getPathFromURLPosix (sfi = 0x3bfe314c66b1)> for optimization to MAGLEV, ConcurrencyMode::kConcurrent, reason: hot and stable]
[compiling method 0x2da10de78431 <JSFunction getPathFromURLPosix (sfi = 0x3bfe314c66b1)> (target MAGLEV), mode: ConcurrencyMode::kConcurrent]
[completed compiling 0x2da10de78431 <JSFunction getPathFromURLPosix (sfi = 0x3bfe314c66b1)> (target MAGLEV) - took 0.000, 0.127, 0.002 ms]
[marking 0x3c4e2f5fd3e1 <JSFunction requireBuiltin (sfi = 0x1549f51e749)> for optimization to MAGLEV, ConcurrencyMode::kConcurrent, reason: hot and stable]
[compiling method 0x3c4e2f5fd3e1 <JSFunction requireBuiltin (sfi = 0x1549f51e749)> (target MAGLEV), mode: ConcurrencyMode::kConcurrent]
[completed compiling 0x3c4e2f5fd3e1 <JSFunction requireBuiltin (sfi = 0x1549f51e749)> (target MAGLEV) - took 0.000, 0.107, 0.004 ms]
[74519:0xb1340c000:0]       80 ms: GC: {"pause":0.402,"mutator":46.88,"gc":"s","reduce_memory":false,"time_to_safepoint":0,"stack":true,"reason":"allocation failure","collector_reason":"","start_object_size":8423432,"end_object_size":7456720,"start_memory_size":10321920,"end_memory_size":11108352,"start_holes_size":815216,"end_holes_size":1298752,"pool_local_chunks":0,"pool_shared_chunks":0,"pool_total_chunks":0,"new_space_capacity":2097152,"old_gen_allocation_limit":19745344,"global_allocation_limit":39490689,"allocation_throughput":54730.2,"new_space_allocation_throughput":20897.9,"new_space_survive_rate":33.3836,"allocated":5501032,"promoted":472376,"new_space_survived":756656,"nodes_died_in_new":0,"nodes_copied_in_new":37,"nodes_promoted":26,"promotion_ratio":20.8412,"average_survival_ratio":54.6491,"promotion_rate":151,"during_sweeping":false,"heap.prologue":0,"heap.epilogue":0.001,"heap.external.prologue":0,"heap.external.epilogue":0,"heap.external_weak_global_handles":0,"complete.sweep_array_buffers":0,"scavenge":0.392,"scavenge.free_remembered_set":0.003,"scavenge.roots":0.059,"scavenge.weak":0,"scavenge.weak_global_handles.identify":0,"scavenge.weak_global_handles.process":0.001,"scavenge.parallel":0,"scavenge.pin_objects_conservative":0,"scavenge.pin_objects_precise":0,"scavenge.restore_pinned":0,"scavenge.sweep_array_buffers":0.002,"scavenge.resize_new_space":0,"background.scavenge.parallel":0.988,"incremental.steps_count":0,"incremental.steps_took":0,"scavenge_throughput":2.6082e+06,"quarantined_size":0,"quarantined_pages":0}
[marking 0x020203c18409 <JSFunction getOwn (sfi = 0x1549f51e8f9)> for optimization to MAGLEV, ConcurrencyMode::kConcurrent, reason: hot and stable]
[compiling method 0x020203c18409 <JSFunction getOwn (sfi = 0x1549f51e8f9)> (target MAGLEV), mode: ConcurrencyMode::kConcurrent]
[completed compiling 0x020203c18409 <JSFunction getOwn (sfi = 0x1549f51e8f9)> (target MAGLEV) - took 0.000, 0.075, 0.001 ms]
[marking 0x020203c15f61 <JSFunction syncExports (sfi = 0x1549f51ede1)> for optimization to MAGLEV, ConcurrencyMode::kConcurrent, reason: hot and stable]
[compiling method 0x020203c15f61 <JSFunction syncExports (sfi = 0x1549f51ede1)> (target MAGLEV), mode: ConcurrencyMode::kConcurrent]
[completed compiling 0x020203c15f61 <JSFunction syncExports (sfi = 0x1549f51ede1)> (target MAGLEV) - took 0.000, 0.273, 0.005 ms]
[74519:0xb1340c000:0]       96 ms: GC: {"pause":0.308,"mutator":15.541,"gc":"s","reduce_memory":false,"time_to_safepoint":0,"stack":true,"reason":"allocation failure","collector_reason":"","start_object_size":9705120,"end_object_size":9067688,"start_memory_size":12943360,"end_memory_size":13729792,"start_holes_size":1106296,"end_holes_size":1164056,"pool_local_chunks":0,"pool_shared_chunks":0,"pool_total_chunks":0,"new_space_capacity":4194304,"old_gen_allocation_limit":16725480,"global_allocation_limit":22449414,"allocation_throughput":67018.9,"new_space_allocation_throughput":27105.9,"new_space_survive_rate":30.8948,"allocated":2248400,"promoted":728624,"new_space_survived":647872,"nodes_died_in_new":0,"nodes_copied_in_new":24,"nodes_promoted":40,"promotion_ratio":34.7456,"average_survival_ratio":56.8474,"promotion_rate":96.2953,"during_sweeping":false,"heap.prologue":0,"heap.epilogue":0.001,"heap.external.prologue":0,"heap.external.epilogue":0,"heap.external_weak_global_handles":0,"complete.sweep_array_buffers":0,"scavenge":0.298,"scavenge.free_remembered_set":0.006,"scavenge.roots":0.034,"scavenge.weak":0,"scavenge.weak_global_handles.identify":0,"scavenge.weak_global_handles.process":0.001,"scavenge.parallel":0,"scavenge.pin_objects_conservative":0,"scavenge.pin_objects_precise":0,"scavenge.restore_pinned":0,"scavenge.sweep_array_buffers":0.002,"scavenge.resize_new_space":0.001,"background.scavenge.parallel":0.728,"incremental.steps_count":0,"incremental.steps_took":0,"scavenge_throughput":3.00624e+06,"quarantined_size":0,"quarantined_pages":0}
[marking 0x376285fc2c39 <JSFunction (sfi = 0x3c4e2f5f0bd9)> for optimization to MAGLEV, ConcurrencyMode::kConcurrent, reason: hot and stable]
[compiling method 0x376285fc2c39 <JSFunction (sfi = 0x3c4e2f5f0bd9)> (target MAGLEV), mode: ConcurrencyMode::kConcurrent]
[completed compiling 0x376285fc2c39 <JSFunction (sfi = 0x3c4e2f5f0bd9)> (target MAGLEV) - took 0.000, 0.042, 0.000 ms]
[bailout (kind: deopt-eager, reason: wrong map): begin. deoptimizing 0x3c4e2f5fd3e1 <JSFunction requireBuiltin (sfi = 0x1549f51e749)>, 0x364acad436b1 <Code MAGLEV>, opt id 6, bytecode offset 4, deopt exit 0, FP to SP delta 32, caller SP 0x00016af799e0, pc 0x000127665b6c]
[marking 0x2b8b2a338851 <JSFunction _TstNode (sfi = 0x12ec6b1eb9b9)> for optimization to MAGLEV, ConcurrencyMode::kConcurrent, reason: hot and stable]
[compiling method 0x2b8b2a338851 <JSFunction _TstNode (sfi = 0x12ec6b1eb9b9)> (target MAGLEV), mode: ConcurrencyMode::kConcurrent]
[marking 0x2b8b2a338661 <JSFunction _TstNode (sfi = 0x12ec6b1eb8e1)> for optimization to MAGLEV, ConcurrencyMode::kConcurrent, reason: hot and stable]
[compiling method 0x2b8b2a338661 <JSFunction _TstNode (sfi = 0x12ec6b1eb8e1)> (target MAGLEV), mode: ConcurrencyMode::kConcurrent]
[aborted compiling 0x2b8b2a338851 <JSFunction _TstNode (sfi = 0x12ec6b1eb9b9)> (target MAGLEV) because: Bailed out due to dependency change]
[marking 0x2b8b2a3386a1 <JSFunction add (sfi = 0x12ec6b1eb929)> for optimization to MAGLEV, ConcurrencyMode::kConcurrent, reason: hot and stable]
[compiling method 0x2b8b2a3386a1 <JSFunction add (sfi = 0x12ec6b1eb929)> (target MAGLEV), mode: ConcurrencyMode::kConcurrent]
[completed compiling 0x2b8b2a338661 <JSFunction _TstNode (sfi = 0x12ec6b1eb8e1)> (target MAGLEV) - took 0.000, 0.129, 0.003 ms]
[completed compiling 0x2b8b2a3386a1 <JSFunction add (sfi = 0x12ec6b1eb929)> (target MAGLEV) - took 0.000, 0.223, 0.002 ms]
[bailout (kind: deopt-lazy, reason: (unknown)): begin. deoptimizing 0x3c4e2f5fd3e1 <JSFunction requireBuiltin (sfi = 0x1549f51e749)>, 0x364acad436b1 <Code MAGLEV>, opt id 6, bytecode offset 72, deopt exit 4, FP to SP delta 32, caller SP 0x00016af7a170, pc 0x000127665b7c]
[marking 0x376285fc03a1 <JSFunction #ensureSearchParamsUpdated (sfi = 0x3bfe314c7149)> for optimization to MAGLEV, ConcurrencyMode::kConcurrent, reason: hot and stable]
[compiling method 0x376285fc03a1 <JSFunction #ensureSearchParamsUpdated (sfi = 0x3bfe314c7149)> (target MAGLEV), mode: ConcurrencyMode::kConcurrent]
[completed compiling 0x376285fc03a1 <JSFunction #ensureSearchParamsUpdated (sfi = 0x3bfe314c7149)> (target MAGLEV) - took 0.000, 0.173, 0.005 ms]
[marking 0x376285fc04f9 <JSFunction get protocol (sfi = 0x3bfe314c7441)> for optimization to MAGLEV, ConcurrencyMode::kConcurrent, reason: hot and stable]
[compiling method 0x376285fc04f9 <JSFunction get protocol (sfi = 0x3bfe314c7441)> (target MAGLEV), mode: ConcurrencyMode::kConcurrent]
[completed compiling 0x376285fc04f9 <JSFunction get protocol (sfi = 0x3bfe314c7441)> (target MAGLEV) - took 0.000, 0.070, 0.002 ms]
[marking 0x3bfe314f3e81 <JSFunction assert (sfi = 0x1549f53a089)> for optimization to MAGLEV, ConcurrencyMode::kConcurrent, reason: hot and stable]
[compiling method 0x3bfe314f3e81 <JSFunction assert (sfi = 0x1549f53a089)> (target MAGLEV), mode: ConcurrencyMode::kConcurrent]
[completed compiling 0x3bfe314f3e81 <JSFunction assert (sfi = 0x1549f53a089)> (target MAGLEV) - took 0.000, 0.033, 0.001 ms]
[marking 0x376285fc04c1 <JSFunction get href (sfi = 0x3bfe314c7311)> for optimization to MAGLEV, ConcurrencyMode::kConcurrent, reason: hot and stable]
[compiling method 0x376285fc04c1 <JSFunction get href (sfi = 0x3bfe314c7311)> (target MAGLEV), mode: ConcurrencyMode::kConcurrent]
[marking 0x376285fc0489 <JSFunction #updateContext (sfi = 0x3bfe314c7191)> for optimization to MAGLEV, ConcurrencyMode::kConcurrent, reason: hot and stable]
[compiling method 0x376285fc0489 <JSFunction #updateContext (sfi = 0x3bfe314c7191)> (target MAGLEV), mode: ConcurrencyMode::kConcurrent]
[completed compiling 0x376285fc04c1 <JSFunction get href (sfi = 0x3bfe314c7311)> (target MAGLEV) - took 0.000, 0.074, 0.002 ms]
[completed compiling 0x376285fc0489 <JSFunction #updateContext (sfi = 0x3bfe314c7191)> (target MAGLEV) - took 0.000, 0.137, 0.004 ms]
[marking 0x376285fc03d9 <JSFunction URLContext (sfi = 0x3bfe314c6a29)> for optimization to MAGLEV, ConcurrencyMode::kConcurrent, reason: hot and stable]
[marking 0x376285fc01c1 <JSFunction URLContext (sfi = 0x3bfe314c68a9)> for optimization to MAGLEV, ConcurrencyMode::kConcurrent, reason: hot and stable]
[marking 0x376285fc0411 <JSFunction URL (sfi = 0x3bfe314c7c39)> for optimization to MAGLEV, ConcurrencyMode::kConcurrent, reason: hot and stable]
[marking 0x376285fc0449 <JSFunction markTransferMode (sfi = 0x1d63aca14b09)> for optimization to MAGLEV, ConcurrencyMode::kConcurrent, reason: hot and stable]
[compiling method 0x376285fc0411 <JSFunction URL (sfi = 0x3bfe314c7c39)> (target MAGLEV), mode: ConcurrencyMode::kConcurrent]
[compiling method 0x376285fc01c1 <JSFunction URLContext (sfi = 0x3bfe314c68a9)> (target MAGLEV), mode: ConcurrencyMode::kConcurrent]
[compiling method 0x376285fc03d9 <JSFunction URLContext (sfi = 0x3bfe314c6a29)> (target MAGLEV), mode: ConcurrencyMode::kConcurrent]
[compiling method 0x376285fc0449 <JSFunction markTransferMode (sfi = 0x1d63aca14b09)> (target MAGLEV), mode: ConcurrencyMode::kConcurrent]
[marking 0x376285fc0169 <JSFunction URL (sfi = 0x3bfe314c71d9)> for optimization to MAGLEV, ConcurrencyMode::kConcurrent, reason: hot and stable]
[compiling method 0x376285fc0169 <JSFunction URL (sfi = 0x3bfe314c71d9)> (target MAGLEV), mode: ConcurrencyMode::kConcurrent]
[completed compiling 0x376285fc01c1 <JSFunction URLContext (sfi = 0x3bfe314c68a9)> (target MAGLEV) - took 0.000, 0.063, 0.003 ms]
[completed compiling 0x376285fc03d9 <JSFunction URLContext (sfi = 0x3bfe314c6a29)> (target MAGLEV) - took 0.000, 0.035, 0.001 ms]
[completed compiling 0x376285fc0411 <JSFunction URL (sfi = 0x3bfe314c7c39)> (target MAGLEV) - took 0.000, 0.117, 0.002 ms]
[completed compiling 0x376285fc0449 <JSFunction markTransferMode (sfi = 0x1d63aca14b09)> (target MAGLEV) - took 0.000, 0.047, 0.000 ms]
[completed compiling 0x376285fc0169 <JSFunction URL (sfi = 0x3bfe314c71d9)> (target MAGLEV) - took 0.000, 0.171, 0.003 ms]
[marking 0x376285fc0bb9 <JSFunction noop (sfi = 0xb94fd95f3c9)> for optimization to MAGLEV, ConcurrencyMode::kConcurrent, reason: hot and stable]
[compiling method 0x376285fc0bb9 <JSFunction noop (sfi = 0xb94fd95f3c9)> (target MAGLEV), mode: ConcurrencyMode::kConcurrent]
[completed compiling 0x376285fc0bb9 <JSFunction noop (sfi = 0xb94fd95f3c9)> (target MAGLEV) - took 0.000, 0.011, 0.000 ms]
[marking 0x376285fc02b1 <JSFunction isFileType (sfi = 0x3bfe314efb91)> for optimization to MAGLEV, ConcurrencyMode::kConcurrent, reason: hot and stable]
[compiling method 0x376285fc02b1 <JSFunction isFileType (sfi = 0x3bfe314efb91)> (target MAGLEV), mode: ConcurrencyMode::kConcurrent]
[completed compiling 0x376285fc02b1 <JSFunction isFileType (sfi = 0x3bfe314efb91)> (target MAGLEV) - took 0.000, 0.066, 0.002 ms]
[marking 0x376285fc00d1 <JSFunction wrappedFn (sfi = 0x3c4e2f5c0759)> for optimization to MAGLEV, ConcurrencyMode::kConcurrent, reason: hot and stable]
[compiling method 0x3d4d60f56ef9 <JSFunction wrappedFn (sfi = 0x3c4e2f5c0759)> (target MAGLEV), mode: ConcurrencyMode::kConcurrent]
[completed compiling 0x3d4d60f56ef9 <JSFunction wrappedFn (sfi = 0x3c4e2f5c0759)> (target MAGLEV) - took 0.000, 0.123, 0.002 ms]
[marking 0x2b7050154cb1 <JSFunction Module._nodeModulePaths (sfi = 0x2b7050148411)> for optimization to MAGLEV, ConcurrencyMode::kConcurrent, reason: hot and stable]
[compiling method 0x2b7050154cb1 <JSFunction Module._nodeModulePaths (sfi = 0x2b7050148411)> (target MAGLEV), mode: ConcurrencyMode::kConcurrent]
[completed compiling 0x2b7050154cb1 <JSFunction Module._nodeModulePaths (sfi = 0x2b7050148411)> (target MAGLEV) - took 0.000, 0.250, 0.003 ms]
[74519:0xb1340c000:0]      154 ms: GC: {"pause":0.437,"mutator":57.269,"gc":"s","reduce_memory":false,"time_to_safepoint":0,"stack":true,"reason":"allocation failure","collector_reason":"","start_object_size":15135040,"end_object_size":13173296,"start_memory_size":18743296,"end_memory_size":19791872,"start_holes_size":1461304,"end_holes_size":1871632,"pool_local_chunks":0,"pool_shared_chunks":0,"pool_total_chunks":0,"new_space_capacity":4194304,"old_gen_allocation_limit":16725480,"global_allocation_limit":20096976,"allocation_throughput":83940.5,"new_space_allocation_throughput":38037.2,"new_space_survive_rate":35.5382,"allocated":6067352,"promoted":638184,"new_space_survived":1490488,"nodes_died_in_new":0,"nodes_copied_in_new":45,"nodes_promoted":68,"promotion_ratio":15.2164,"average_survival_ratio":55.8319,"promotion_rate":98.5046,"during_sweeping":false,"heap.prologue":0,"heap.epilogue":0,"heap.external.prologue":0,"heap.external.epilogue":0,"heap.external_weak_global_handles":0,"complete.sweep_array_buffers":0,"scavenge":0.426,"scavenge.free_remembered_set":0.006,"scavenge.roots":0.027,"scavenge.weak":0,"scavenge.weak_global_handles.identify":0,"scavenge.weak_global_handles.process":0.001,"scavenge.parallel":0.291,"scavenge.pin_objects_conservative":0,"scavenge.pin_objects_precise":0,"scavenge.restore_pinned":0,"scavenge.sweep_array_buffers":0.003,"scavenge.resize_new_space":0,"background.scavenge.parallel":1.15,"incremental.steps_count":0,"incremental.steps_took":0,"scavenge_throughput":3.44041e+06,"quarantined_size":0,"quarantined_pages":0}
[marking 0x1a91b1bd5651 <JSFunction __copyProps (sfi = 0xca20786cba1)> for optimization to MAGLEV, ConcurrencyMode::kConcurrent, reason: hot and stable]
[marking 0x14164ca9a769 <JSFunction get hasSubscribers (sfi = 0x1d63aca1e1f9)> for optimization to MAGLEV, ConcurrencyMode::kConcurrent, reason: hot and stable]
[compiling method 0x1a91b1bd5651 <JSFunction __copyProps (sfi = 0xca20786cba1)> (target MAGLEV), mode: ConcurrencyMode::kConcurrent]
[compiling method 0x14164ca9a769 <JSFunction get hasSubscribers (sfi = 0x1d63aca1e1f9)> (target MAGLEV), mode: ConcurrencyMode::kConcurrent]
[completed compiling 0x14164ca9a769 <JSFunction get hasSubscribers (sfi = 0x1d63aca1e1f9)> (target MAGLEV) - took 0.000, 0.029, 0.001 ms]
[completed compiling 0x1a91b1bd5651 <JSFunction __copyProps (sfi = 0xca20786cba1)> (target MAGLEV) - took 0.000, 0.241, 0.003 ms]
[marking 0x376285fc0111 <JSFunction normalizeString (sfi = 0x1d63aca39371)> for optimization to TURBOFAN_JS, ConcurrencyMode::kConcurrent, reason: hot and stable]
[compiling method 0x376285fc0111 <JSFunction normalizeString (sfi = 0x1d63aca39371)> (target TURBOFAN_JS), mode: ConcurrencyMode::kConcurrent]
[completed compiling 0x376285fc0111 <JSFunction normalizeString (sfi = 0x1d63aca39371)> (target TURBOFAN_JS) - took 0.019, 1.671, 0.006 ms]
[completed optimizing 0x376285fc0111 <JSFunction normalizeString (sfi = 0x1d63aca39371)> (target TURBOFAN_JS)]
[bailout (kind: deopt-eager, reason: Insufficient type feedback for compare operation): begin. deoptimizing 0x376285fc0111 <JSFunction normalizeString (sfi = 0x1d63aca39371)>, 0x04607aa790d1 <Code TURBOFAN_JS>, opt id 29, bytecode offset 266, deopt exit 8, FP to SP delta 96, caller SP 0x00016af7d638, pc 0x0001276d141c]
[marking 0x376285fc0111 <JSFunction normalizeString (sfi = 0x1d63aca39371)> for optimization to MAGLEV, ConcurrencyMode::kConcurrent, reason: hot and stable]
[compiling method 0x376285fc0111 <JSFunction normalizeString (sfi = 0x1d63aca39371)> (target MAGLEV), mode: ConcurrencyMode::kConcurrent]
[completed compiling 0x376285fc0111 <JSFunction normalizeString (sfi = 0x1d63aca39371)> (target MAGLEV) - took 0.000, 0.337, 0.002 ms]
[74519:0xb1340c000:0]      180 ms: GC: {"pause":0.439,"mutator":25.392,"gc":"s","reduce_memory":false,"time_to_safepoint":0,"stack":true,"reason":"allocation failure","collector_reason":"","start_object_size":16461536,"end_object_size":15254960,"start_memory_size":21544960,"end_memory_size":23642112,"start_holes_size":622200,"end_holes_size":1259640,"pool_local_chunks":0,"pool_shared_chunks":0,"pool_total_chunks":0,"new_space_capacity":8388608,"old_gen_allocation_limit":16725480,"global_allocation_limit":20096976,"allocation_throughput":95348.6,"new_space_allocation_throughput":43711.4,"new_space_survive_rate":19.9175,"allocated":3288240,"promoted":1459584,"new_space_survived":687704,"nodes_died_in_new":2,"nodes_copied_in_new":13,"nodes_promoted":51,"promotion_ratio":42.2729,"average_survival_ratio":56.7402,"promotion_rate":97.9266,"during_sweeping":false,"heap.prologue":0,"heap.epilogue":0,"heap.external.prologue":0,"heap.external.epilogue":0,"heap.external_weak_global_handles":0.002,"complete.sweep_array_buffers":0,"scavenge":0.421,"scavenge.free_remembered_set":0.011,"scavenge.roots":0.008,"scavenge.weak":0,"scavenge.weak_global_handles.identify":0.001,"scavenge.weak_global_handles.process":0.002,"scavenge.parallel":0.295,"scavenge.pin_objects_conservative":0,"scavenge.pin_objects_precise":0,"scavenge.restore_pinned":0.001,"scavenge.sweep_array_buffers":0.002,"scavenge.resize_new_space":0,"background.scavenge.parallel":1.349,"incremental.steps_count":0,"incremental.steps_took":0,"scavenge_throughput":3.71543e+06,"quarantined_size":0,"quarantined_pages":0}
[bailout (kind: deopt-eager, reason: Insufficient type feedback for binary operation): begin. deoptimizing 0x376285fc0449 <JSFunction markTransferMode (sfi = 0x1d63aca14b09)>, 0x22925aac2b41 <Code MAGLEV>, opt id 21, bytecode offset 69, deopt exit 1, FP to SP delta 32, caller SP 0x00016af75560, pc 0x00012766b810]
[74519:0xb1340c000:0]      185 ms: GC: {"pause":0.811,"mutator":4.13,"gc":"mc","reduce_memory":false,"time_to_safepoint":0,"stack":false,"reason":"finalize incremental marking via task","collector_reason":"GC in old space requested","start_object_size":15508392,"end_object_size":12823704,"start_memory_size":23904256,"end_memory_size":23232512,"start_holes_size":893920,"end_holes_size":55296,"pool_local_chunks":2,"pool_shared_chunks":0,"pool_total_chunks":2,"new_space_capacity":8388608,"old_gen_allocation_limit":17292905,"global_allocation_limit":20096976,"allocation_throughput":104362,"new_space_allocation_throughput":43220.7,"new_space_survive_rate":0,"allocated":253432,"promoted":719472,"new_space_survived":0,"nodes_died_in_new":23,"nodes_copied_in_new":0,"nodes_promoted":0,"promotion_ratio":80.3556,"average_survival_ratio":59.6922,"promotion_rate":104.619,"heap.prologue":0,"heap.embedder_tracing_epilogue":0.004,"heap.epilogue":0,"heap.external.prologue":0,"heap.external.epilogue":0,"heap.external.weak_global_handles":0,"clear":0.162,"clear.external_string_table":0.004,"clear.string_forwarding_table":0.002,"clear.weak_global_handles":0.014,"clear.dependent_code":0,"clear.maps":0.034,"clear.slots_buffer":0,"clear.weak_collections":0.003,"clear.weak_lists":0.017,"clear.weak_references_trivial":0.061,"clear.weak_references_non_trivial":0.022,"clear.js_weak_references":0.009,"clear.join_filter_job":0,"clear.join_job":0.129,"weakness_handling":0,"complete.sweep_array_buffers":0,"complete.sweeping":0,"epilogue":0.001,"evacuate":0.527,"evacuate.pin_pages":0,"evacuate.candidates":0,"evacuate.clean_up":0.001,"evacuate.copy":0.23,"evacuate.prologue":0.004,"evacuate.epilogue":0.003,"evacuate.rebalance":0,"evacuate.update_pointers":0.288,"evacuate.update_pointers.to_new_roots":0.224,"evacuate.update_pointers.slots.main":0.044,"evacuate.update_pointers.weak":0.002,"finish":0.031,"finish.sweep_array_buffers":0.003,"mark":0.046,"mark.finish_incremental":0.001,"mark.roots":0.019,"mark.full_closure_parallel":0.018,"mark.full_closure":0,"mark.ephemeron.marking":0.009,"mark.ephemeron.linear":0,"mark.embedder_prologue":0.009,"mark.embedder_tracing":0,"prologue":0.005,"sweep":0.012,"sweep.code":0,"sweep.map":0,"sweep.new":0,"sweep.new_lo":0,"sweep.old":0.006,"sweep.start_jobs":0.009,"is_incremental":true,"incremental":0.057,"incremental.finalize.external.prologue":0,"incremental.finalize.external.epilogue":0,"incremental.layout_change":0,"incremental.sweep_array_buffers":0.05,"incremental.sweeping":0,"incremental.embedder_tracing":0.006,"incremental_wrapper_tracing_longest_step":0.003,"incremental_longest_step":0.027,"incremental_steps_count":8,"incremental_marking_throughput":2.12645e+06,"incremental_walltime_duration":4.895,"background.mark":8.252,"background.sweep":0.019,"background.evacuate.copy":0.202,"background.evacuate.update_pointers":0.062,"conservative_stack_scanning":0,"compaction_speed":2.03378e+06}
[marking dependent code 0x22925aac23a9 <Code MAGLEV> (0x3bfe314c7191 <SharedFunctionInfo #updateContext>) (opt id 17) for deoptimization, reason: dependent prototype chain changed]
[marking 0x28d70d214c81 <JSFunction addUneditedChunk (sfi = 0x26cbdc3acc69)> for optimization to MAGLEV, ConcurrencyMode::kConcurrent, reason: hot and stable]
[marking 0x28d70d215469 <JSFunction write (sfi = 0x26cbdc3ab4f9)> for optimization to MAGLEV, ConcurrencyMode::kConcurrent, reason: hot and stable]
[compiling method 0x28d70d215469 <JSFunction write (sfi = 0x26cbdc3ab4f9)> (target MAGLEV), mode: ConcurrencyMode::kConcurrent]
[marking 0x039c1aa469b9 <JSFunction encodeInteger (sfi = 0x26cbdc39c779)> for optimization to MAGLEV, ConcurrencyMode::kConcurrent, reason: hot and stable]
[compiling method 0x039c1aa469b9 <JSFunction encodeInteger (sfi = 0x26cbdc39c779)> (target MAGLEV), mode: ConcurrencyMode::kConcurrent]
[completed compiling 0x28d70d215469 <JSFunction write (sfi = 0x26cbdc3ab4f9)> (target MAGLEV) - took 0.000, 0.095, 0.003 ms]
[completed compiling 0x039c1aa469b9 <JSFunction encodeInteger (sfi = 0x26cbdc39c779)> (target MAGLEV) - took 0.000, 0.174, 0.002 ms]
[marking 0x376285fc0489 <JSFunction #updateContext (sfi = 0x3bfe314c7191)> for optimization to MAGLEV, ConcurrencyMode::kConcurrent, reason: hot and stable]
[compiling method 0x376285fc0489 <JSFunction #updateContext (sfi = 0x3bfe314c7191)> (target MAGLEV), mode: ConcurrencyMode::kConcurrent]
[completed compiling 0x376285fc0489 <JSFunction #updateContext (sfi = 0x3bfe314c7191)> (target MAGLEV) - took 0.000, 0.120, 0.004 ms]
[marking 0x1dfdd110f661 <JSFunction nextPart (sfi = 0x3bfe314f1ce1)> for optimization to MAGLEV, ConcurrencyMode::kConcurrent, reason: hot and stable]
[compiling method 0x1dfdd110f661 <JSFunction nextPart (sfi = 0x3bfe314f1ce1)> (target MAGLEV), mode: ConcurrencyMode::kConcurrent]
[completed compiling 0x1dfdd110f661 <JSFunction nextPart (sfi = 0x3bfe314f1ce1)> (target MAGLEV) - took 0.000, 0.040, 0.001 ms]
[marking 0x039c1aa4d109 <JSFunction B (sfi = 0x26cbdc3a2431)> for optimization to MAGLEV, ConcurrencyMode::kConcurrent, reason: hot and stable]
[compiling method 0x039c1aa4d109 <JSFunction B (sfi = 0x26cbdc3a2431)> (target MAGLEV) OSR, mode: ConcurrencyMode::kConcurrent]
[completed compiling 0x039c1aa4d109 <JSFunction B (sfi = 0x26cbdc3a2431)> (target MAGLEV) OSR - took 0.000, 0.127, 0.003 ms]
[marking 0x28d70d20ede1 <JSFunction visit (sfi = 0x26cbdc3affa1)> for optimization to MAGLEV, ConcurrencyMode::kConcurrent, reason: hot and stable]
[compiling method 0x28d70d20ede1 <JSFunction visit (sfi = 0x26cbdc3affa1)> (target MAGLEV), mode: ConcurrencyMode::kConcurrent]
[marking 0x0cddc88c3741 <JSFunction (sfi = 0x29f816e3b0e1)> for optimization to MAGLEV, ConcurrencyMode::kConcurrent, reason: hot and stable]
[compiling method 0x0cddc88c3741 <JSFunction (sfi = 0x29f816e3b0e1)> (target MAGLEV), mode: ConcurrencyMode::kConcurrent]
[completed compiling 0x0cddc88c3741 <JSFunction (sfi = 0x29f816e3b0e1)> (target MAGLEV) - took 0.000, 0.061, 0.003 ms]
[completed compiling 0x28d70d20ede1 <JSFunction visit (sfi = 0x26cbdc3affa1)> (target MAGLEV) - took 0.000, 0.317, 0.003 ms]
[marking 0x28d70d214c81 <JSFunction addUneditedChunk (sfi = 0x26cbdc3acc69)> for optimization to MAGLEV, ConcurrencyMode::kConcurrent, reason: hot and stable]
[compiling method 0x28d70d214c81 <JSFunction addUneditedChunk (sfi = 0x26cbdc3acc69)> (target MAGLEV), mode: ConcurrencyMode::kConcurrent]
[marking 0x039c1aa46b69 <JSFunction encode$1 (sfi = 0x26cbdc39c8e1)> for optimization to MAGLEV, ConcurrencyMode::kConcurrent, reason: hot and stable]
[completed compiling 0x28d70d214c81 <JSFunction addUneditedChunk (sfi = 0x26cbdc3acc69)> (target MAGLEV) - took 0.000, 0.409, 0.006 ms]
[marking 0x28d70d2153c1 <JSFunction next (sfi = 0x26cbdc3ab5d1)> for optimization to MAGLEV, ConcurrencyMode::kConcurrent, reason: hot and stable]
[compiling method 0x28d70d2153c1 <JSFunction next (sfi = 0x26cbdc3ab5d1)> (target MAGLEV), mode: ConcurrencyMode::kConcurrent]
[marking 0x039c1aa46979 <JSFunction decodeInteger (sfi = 0x26cbdc39c731)> for optimization to MAGLEV, ConcurrencyMode::kConcurrent, reason: hot and stable]
[compiling method 0x039c1aa46979 <JSFunction decodeInteger (sfi = 0x26cbdc39c731)> (target MAGLEV), mode: ConcurrencyMode::kConcurrent]
[completed compiling 0x28d70d2153c1 <JSFunction next (sfi = 0x26cbdc3ab5d1)> (target MAGLEV) - took 0.000, 0.040, 0.001 ms]
[marking 0x039c1aa469f9 <JSFunction hasMoreVlq (sfi = 0x26cbdc39c7c1)> for optimization to MAGLEV, ConcurrencyMode::kConcurrent, reason: hot and stable]
[compiling method 0x039c1aa469f9 <JSFunction hasMoreVlq (sfi = 0x26cbdc39c7c1)> (target MAGLEV), mode: ConcurrencyMode::kConcurrent]
[marking 0x28d70d2153f9 <JSFunction peek (sfi = 0x26cbdc3ab619)> for optimization to MAGLEV, ConcurrencyMode::kConcurrent, reason: hot and stable]
[compiling method 0x28d70d2153f9 <JSFunction peek (sfi = 0x26cbdc3ab619)> (target MAGLEV), mode: ConcurrencyMode::kConcurrent]
[completed compiling 0x039c1aa469f9 <JSFunction hasMoreVlq (sfi = 0x26cbdc39c7c1)> (target MAGLEV) - took 0.000, 0.057, 0.001 ms]
[completed compiling 0x039c1aa46979 <JSFunction decodeInteger (sfi = 0x26cbdc39c731)> (target MAGLEV) - took 0.000, 0.143, 0.001 ms]
[completed compiling 0x28d70d2153f9 <JSFunction peek (sfi = 0x26cbdc3ab619)> (target MAGLEV) - took 0.000, 0.026, 0.001 ms]
[marking 0x039c1aa46aa9 <JSFunction decode (sfi = 0x26cbdc39c809)> for optimization to MAGLEV, ConcurrencyMode::kConcurrent, reason: hot and stable]
[marking 0x039c1aa47151 <JSFunction binarySearch (sfi = 0x26cbdc39cec9)> for optimization to MAGLEV, ConcurrencyMode::kConcurrent, reason: hot and stable]
[compiling method 0x039c1aa47151 <JSFunction binarySearch (sfi = 0x26cbdc39cec9)> (target MAGLEV), mode: ConcurrencyMode::kConcurrent]
[marking 0x039c1aa47551 <JSFunction cast (sfi = 0x26cbdc39d349)> for optimization to MAGLEV, ConcurrencyMode::kConcurrent, reason: hot and stable]
[compiling method 0x039c1aa47551 <JSFunction cast (sfi = 0x26cbdc39d349)> (target MAGLEV), mode: ConcurrencyMode::kConcurrent]
[marking 0x039c1aa472d1 <JSFunction cast$1 (sfi = 0x26cbdc39d079)> for optimization to MAGLEV, ConcurrencyMode::kConcurrent, reason: hot and stable]
[compiling method 0x039c1aa472d1 <JSFunction cast$1 (sfi = 0x26cbdc39d079)> (target MAGLEV), mode: ConcurrencyMode::kConcurrent]
[completed compiling 0x039c1aa47551 <JSFunction cast (sfi = 0x26cbdc39d349)> (target MAGLEV) - took 0.000, 0.012, 0.000 ms]
[marking 0x039c1aa47809 <JSFunction assert$2 (sfi = 0x26cbdc39d619)> for optimization to MAGLEV, ConcurrencyMode::kConcurrent, reason: hot and stable]
[completed compiling 0x039c1aa472d1 <JSFunction cast$1 (sfi = 0x26cbdc39d079)> (target MAGLEV) - took 0.000, 0.015, 0.000 ms]
[marking 0x039c1aa47651 <JSFunction cast2 (sfi = 0x26cbdc39d469)> for optimization to MAGLEV, ConcurrencyMode::kConcurrent, reason: hot and stable]
[compiling method 0x039c1aa47651 <JSFunction cast2 (sfi = 0x26cbdc39d469)> (target MAGLEV), mode: ConcurrencyMode::kConcurrent]
[completed compiling 0x039c1aa47151 <JSFunction binarySearch (sfi = 0x26cbdc39cec9)> (target MAGLEV) - took 0.000, 0.126, 0.001 ms]
[completed compiling 0x039c1aa47651 <JSFunction cast2 (sfi = 0x26cbdc39d469)> (target MAGLEV) - took 0.000, 0.009, 0.000 ms]
[compiling method 0x039c1aa47809 <JSFunction assert$2 (sfi = 0x26cbdc39d619)> (target MAGLEV), mode: ConcurrencyMode::kConcurrent]
[completed compiling 0x039c1aa47809 <JSFunction assert$2 (sfi = 0x26cbdc39d619)> (target MAGLEV) - took 0.000, 0.023, 0.000 ms]
[marking 0x039c1aa47691 <JSFunction maybeAddSegment (sfi = 0x26cbdc3ab781)> for optimization to MAGLEV, ConcurrencyMode::kConcurrent, reason: hot and stable]
[compiling method 0x039c1aa47691 <JSFunction maybeAddSegment (sfi = 0x26cbdc3ab781)> (target MAGLEV), mode: ConcurrencyMode::kConcurrent]
[marking 0x039c1aa47591 <JSFunction get$2 (sfi = 0x26cbdc39d391)> for optimization to MAGLEV, ConcurrencyMode::kConcurrent, reason: hot and stable]
[compiling method 0x039c1aa47591 <JSFunction get$2 (sfi = 0x26cbdc39d391)> (target MAGLEV), mode: ConcurrencyMode::kConcurrent]
[marking 0x039c1aa47849 <JSFunction getIndex (sfi = 0x26cbdc39d661)> for optimization to MAGLEV, ConcurrencyMode::kConcurrent, reason: hot and stable]
[completed compiling 0x039c1aa47691 <JSFunction maybeAddSegment (sfi = 0x26cbdc3ab781)> (target MAGLEV) - took 0.000, 0.125, 0.001 ms]
[completed compiling 0x039c1aa47591 <JSFunction get$2 (sfi = 0x26cbdc39d391)> (target MAGLEV) - took 0.000, 0.109, 0.001 ms]
[compiling method 0x039c1aa47849 <JSFunction getIndex (sfi = 0x26cbdc39d661)> (target MAGLEV), mode: ConcurrencyMode::kConcurrent]
[marking 0x039c1aa47351 <JSFunction decodedMappings (sfi = 0x26cbdc39d109)> for optimization to MAGLEV, ConcurrencyMode::kConcurrent, reason: hot and stable]
[marking 0x039c1aa47a31 <JSFunction SegmentObject (sfi = 0x26cbdc39d811)> for optimization to MAGLEV, ConcurrencyMode::kConcurrent, reason: hot and stable]
[compiling method 0x039c1aa47351 <JSFunction decodedMappings (sfi = 0x26cbdc39d109)> (target MAGLEV), mode: ConcurrencyMode::kConcurrent]
[marking 0x039c1aa47251 <JSFunction memoizedBinarySearch (sfi = 0x26cbdc39cfe9)> for optimization to MAGLEV, ConcurrencyMode::kConcurrent, reason: hot and stable]
[marking 0x039c1aa47511 <JSFunction traceSegmentInternal (sfi = 0x26cbdc39d301)> for optimization to MAGLEV, ConcurrencyMode::kConcurrent, reason: hot and stable]
[marking 0x039c1aa47391 <JSFunction traceSegment (sfi = 0x26cbdc39d151)> for optimization to MAGLEV, ConcurrencyMode::kConcurrent, reason: hot and stable]
[completed compiling 0x039c1aa47351 <JSFunction decodedMappings (sfi = 0x26cbdc39d109)> (target MAGLEV) - took 0.001, 0.051, 0.003 ms]
[completed compiling 0x039c1aa47849 <JSFunction getIndex (sfi = 0x26cbdc39d661)> (target MAGLEV) - took 0.000, 0.121, 0.001 ms]
[compiling method 0x039c1aa47a31 <JSFunction SegmentObject (sfi = 0x26cbdc39d811)> (target MAGLEV), mode: ConcurrencyMode::kConcurrent]
[marking 0x039c1aa47889 <JSFunction getColumnIndex (sfi = 0x26cbdc39d6a9)> for optimization to MAGLEV, ConcurrencyMode::kConcurrent, reason: hot and stable]
[marking 0x039c1aa476c9 <JSFunction setSourceContent (sfi = 0x26cbdc39d4b1)> for optimization to MAGLEV, ConcurrencyMode::kConcurrent, reason: hot and stable]
[compiling method 0x039c1aa47391 <JSFunction traceSegment (sfi = 0x26cbdc39d151)> (target MAGLEV), mode: ConcurrencyMode::kConcurrent]
[compiling method 0x039c1aa47511 <JSFunction traceSegmentInternal (sfi = 0x26cbdc39d301)> (target MAGLEV), mode: ConcurrencyMode::kConcurrent]
[compiling method 0x039c1aa47251 <JSFunction memoizedBinarySearch (sfi = 0x26cbdc39cfe9)> (target MAGLEV), mode: ConcurrencyMode::kConcurrent]
[completed compiling 0x039c1aa47a31 <JSFunction SegmentObject (sfi = 0x26cbdc39d811)> (target MAGLEV) - took 0.000, 0.075, 0.002 ms]
[compiling method 0x039c1aa47889 <JSFunction getColumnIndex (sfi = 0x26cbdc39d6a9)> (target MAGLEV), mode: ConcurrencyMode::kConcurrent]
[compiling method 0x039c1aa476c9 <JSFunction setSourceContent (sfi = 0x26cbdc39d4b1)> (target MAGLEV), mode: ConcurrencyMode::kConcurrent]
[marking 0x039c1aa47b71 <JSFunction originalPositionFor$1 (sfi = 0x26cbdc39d979)> for optimization to MAGLEV, ConcurrencyMode::kConcurrent, reason: hot and stable]
[completed compiling 0x039c1aa47511 <JSFunction traceSegmentInternal (sfi = 0x26cbdc39d301)> (target MAGLEV) - took 0.000, 0.099, 0.002 ms]
[compiling method 0x039c1aa47b71 <JSFunction originalPositionFor$1 (sfi = 0x26cbdc39d979)> (target MAGLEV), mode: ConcurrencyMode::kConcurrent]
[completed compiling 0x039c1aa47391 <JSFunction traceSegment (sfi = 0x26cbdc39d151)> (target MAGLEV) - took 0.000, 0.157, 0.003 ms]
[completed compiling 0x039c1aa47889 <JSFunction getColumnIndex (sfi = 0x26cbdc39d6a9)> (target MAGLEV) - took 0.000, 0.041, 0.001 ms]
[marking 0x039c1aa47b31 <JSFunction traceMappings (sfi = 0x26cbdc39d931)> for optimization to MAGLEV, ConcurrencyMode::kConcurrent, reason: hot and stable]
[marking 0x039c1aa47989 <JSFunction skipSource (sfi = 0x26cbdc39d7c9)> for optimization to MAGLEV, ConcurrencyMode::kConcurrent, reason: hot and stable]
[compiling method 0x039c1aa47989 <JSFunction skipSource (sfi = 0x26cbdc39d7c9)> (target MAGLEV), mode: ConcurrencyMode::kConcurrent]
[completed compiling 0x039c1aa47251 <JSFunction memoizedBinarySearch (sfi = 0x26cbdc39cfe9)> (target MAGLEV) - took 0.000, 0.244, 0.001 ms]
[completed compiling 0x039c1aa476c9 <JSFunction setSourceContent (sfi = 0x26cbdc39d4b1)> (target MAGLEV) - took 0.000, 0.188, 0.003 ms]
[completed compiling 0x039c1aa47b71 <JSFunction originalPositionFor$1 (sfi = 0x26cbdc39d979)> (target MAGLEV) - took 0.000, 0.099, 0.001 ms]
[completed compiling 0x039c1aa47989 <JSFunction skipSource (sfi = 0x26cbdc39d7c9)> (target MAGLEV) - took 0.000, 0.086, 0.001 ms]
[compiling method 0x039c1aa46b69 <JSFunction encode$1 (sfi = 0x26cbdc39c8e1)> (target MAGLEV), mode: ConcurrencyMode::kConcurrent]
[completed compiling 0x039c1aa46b69 <JSFunction encode$1 (sfi = 0x26cbdc39c8e1)> (target MAGLEV) - took 0.000, 0.512, 0.018 ms]
[compiling method 0x039c1aa4d109 <JSFunction B (sfi = 0x26cbdc3a2431)> (target MAGLEV), mode: ConcurrencyMode::kConcurrent]
[completed compiling 0x039c1aa4d109 <JSFunction B (sfi = 0x26cbdc3a2431)> (target MAGLEV) - took 0.000, 0.102, 0.003 ms]
[marking 0x03db3e8f24e9 <JSFunction convertNode (sfi = 0x2a4a0a0281d1)> for optimization to MAGLEV, ConcurrencyMode::kConcurrent, reason: hot and stable]
[compiling method 0x03db3e8f24e9 <JSFunction convertNode (sfi = 0x2a4a0a0281d1)> (target MAGLEV), mode: ConcurrencyMode::kConcurrent]
[completed compiling 0x03db3e8f24e9 <JSFunction convertNode (sfi = 0x2a4a0a0281d1)> (target MAGLEV) - took 0.000, 0.063, 0.002 ms]
[marking 0x039c1aa4efc9 <JSFunction isNode (sfi = 0x26cbdc3a35e9)> for optimization to MAGLEV, ConcurrencyMode::kConcurrent, reason: hot and stable]
[compiling method 0x039c1aa4efc9 <JSFunction isNode (sfi = 0x26cbdc3a35e9)> (target MAGLEV), mode: ConcurrencyMode::kConcurrent]
[marking 0x1ae9b75a3899 <JSFunction leave (sfi = 0x29f816e38a41)> for optimization to MAGLEV, ConcurrencyMode::kConcurrent, reason: hot and stable]
[compiling method 0x1ae9b75a3899 <JSFunction leave (sfi = 0x29f816e38a41)> (target MAGLEV), mode: ConcurrencyMode::kConcurrent]
[completed compiling 0x039c1aa4efc9 <JSFunction isNode (sfi = 0x26cbdc3a35e9)> (target MAGLEV) - took 0.000, 0.042, 0.001 ms]
[completed compiling 0x1ae9b75a3899 <JSFunction leave (sfi = 0x29f816e38a41)> (target MAGLEV) - took 0.000, 0.071, 0.001 ms]
[bailout (kind: deopt-eager, reason: Insufficient type feedback for call): begin. deoptimizing 0x039c1aa47351 <JSFunction decodedMappings (sfi = 0x26cbdc39d109)>, 0x230626d80731 <Code MAGLEV>, opt id 50, bytecode offset 8, deopt exit 2, FP to SP delta 32, caller SP 0x00016af75260, pc 0x0001277669e4]
[bailout (kind: deopt-eager, reason: wrong map): begin. deoptimizing 0x039c1aa47849 <JSFunction getIndex (sfi = 0x26cbdc39d661)>, 0x1679d88c44b9 <Code MAGLEV>, opt id 51, bytecode offset 0, deopt exit 0, FP to SP delta 48, caller SP 0x00016af750c8, pc 0x0001277827ac]
[marking dependent code 0x1679d88cca51 <Code MAGLEV> (0x2a4a0a0281d1 <SharedFunctionInfo convertNode>) (opt id 62) for deoptimization, reason: dependent property cell changed]
[marking dependent code 0x1679d88c9eb9 <Code MAGLEV> (0x26cbdc3a2431 <SharedFunctionInfo B>) (opt id 61) for deoptimization, reason: dependent property cell changed]
[marking dependent code 0x1679d88c7c79 <Code MAGLEV> (0x26cbdc39c8e1 <SharedFunctionInfo encode$1>) (opt id 60) for deoptimization, reason: dependent property cell changed]
[marking dependent code 0x230626d801e1 <Code MAGLEV> (0x26cbdc39c731 <SharedFunctionInfo decodeInteger>) (opt id 41) for deoptimization, reason: dependent property cell changed]
[marking dependent code 0x1aca9d5c2b09 <Code MAGLEV> (0x26cbdc3a2431 <SharedFunctionInfo B>) (opt id 35) for deoptimization, reason: dependent property cell changed]
[marking dependent code 0x189df03c70c9 <Code MAGLEV> (0x3bfe314c7191 <SharedFunctionInfo #updateContext>) (opt id 33) for deoptimization, reason: dependent property cell changed]
[marking dependent code 0x189df03c68b1 <Code MAGLEV> (0x26cbdc39c779 <SharedFunctionInfo encodeInteger>) (opt id 32) for deoptimization, reason: dependent property cell changed]
[marking dependent code 0x189df03c6011 <Code MAGLEV> (0x26cbdc3ab4f9 <SharedFunctionInfo write>) (opt id 31) for deoptimization, reason: dependent property cell changed]
[marking dependent code 0x189df03c1409 <Code MAGLEV> (0x3bfe314efb91 <SharedFunctionInfo isFileType>) (opt id 24) for deoptimization, reason: dependent property cell changed]
[marking 0x039c1aa4d109 <JSFunction B (sfi = 0x26cbdc3a2431)> for optimization to MAGLEV, ConcurrencyMode::kConcurrent, reason: hot and stable]
[compiling method 0x039c1aa4d109 <JSFunction B (sfi = 0x26cbdc3a2431)> (target MAGLEV) OSR, mode: ConcurrencyMode::kConcurrent]
[completed compiling 0x039c1aa4d109 <JSFunction B (sfi = 0x26cbdc3a2431)> (target MAGLEV) OSR - took 0.000, 0.111, 0.002 ms]
[compiling method 0x039c1aa4d109 <JSFunction B (sfi = 0x26cbdc3a2431)> (target TURBOFAN_JS) OSR, mode: ConcurrencyMode::kConcurrent]
[completed compiling 0x039c1aa4d109 <JSFunction B (sfi = 0x26cbdc3a2431)> (target TURBOFAN_JS) OSR - took 0.002, 1.211, 0.014 ms]
[completed optimizing 0x039c1aa4d109 <JSFunction B (sfi = 0x26cbdc3a2431)> (target TURBOFAN_JS) OSR]
[marking 0x03db3e8f24e9 <JSFunction convertNode (sfi = 0x2a4a0a0281d1)> for optimization to MAGLEV, ConcurrencyMode::kConcurrent, reason: hot and stable]
[compiling method 0x03db3e8f24e9 <JSFunction convertNode (sfi = 0x2a4a0a0281d1)> (target MAGLEV), mode: ConcurrencyMode::kConcurrent]
[completed compiling 0x03db3e8f24e9 <JSFunction convertNode (sfi = 0x2a4a0a0281d1)> (target MAGLEV) - took 0.000, 0.141, 0.002 ms]
[marking 0x26f9bccfb4c9 <JSFunction convertString (sfi = 0x29f816e32cf1)> for optimization to MAGLEV, ConcurrencyMode::kConcurrent, reason: hot and stable]
[compiling method 0x26f9bccfb4c9 <JSFunction convertString (sfi = 0x29f816e32cf1)> (target MAGLEV), mode: ConcurrencyMode::kConcurrent]
[marking 0x14164ca9dc69 <JSFunction toString (sfi = 0xb94fd978ee1)> for optimization to MAGLEV, ConcurrencyMode::kConcurrent, reason: hot and stable]
[compiling method 0x14164ca9dc69 <JSFunction toString (sfi = 0xb94fd978ee1)> (target MAGLEV), mode: ConcurrencyMode::kConcurrent]
[completed compiling 0x26f9bccfb4c9 <JSFunction convertString (sfi = 0x29f816e32cf1)> (target MAGLEV) - took 0.000, 0.084, 0.003 ms]
[marking 0x28d70d201959 <JSFunction identifier (sfi = 0x2a4a0a029091)> for optimization to MAGLEV, ConcurrencyMode::kConcurrent, reason: hot and stable]
[compiling method 0x28d70d201959 <JSFunction identifier (sfi = 0x2a4a0a029091)> (target MAGLEV), mode: ConcurrencyMode::kConcurrent]
[marking 0x039c1aa43769 <JSFunction convertNodeList (sfi = 0x2a4a0a028551)> for optimization to MAGLEV, ConcurrencyMode::kConcurrent, reason: hot and stable]
[completed compiling 0x14164ca9dc69 <JSFunction toString (sfi = 0xb94fd978ee1)> (target MAGLEV) - took 0.000, 0.140, 0.002 ms]
[compiling method 0x039c1aa43769 <JSFunction convertNodeList (sfi = 0x2a4a0a028551)> (target MAGLEV), mode: ConcurrencyMode::kConcurrent]
[completed compiling 0x28d70d201959 <JSFunction identifier (sfi = 0x2a4a0a029091)> (target MAGLEV) - took 0.000, 0.102, 0.002 ms]
[completed compiling 0x039c1aa43769 <JSFunction convertNodeList (sfi = 0x2a4a0a028551)> (target MAGLEV) - took 0.000, 0.171, 0.003 ms]
[marking 0x039c1aa4f2e9 <JSFunction isFunction$1 (sfi = 0x26cbdc3a38d9)> for optimization to MAGLEV, ConcurrencyMode::kConcurrent, reason: hot and stable]
[compiling method 0x039c1aa4f2e9 <JSFunction isFunction$1 (sfi = 0x26cbdc3a38d9)> (target MAGLEV), mode: ConcurrencyMode::kConcurrent]
[completed compiling 0x039c1aa4f2e9 <JSFunction isFunction$1 (sfi = 0x26cbdc3a38d9)> (target MAGLEV) - took 0.000, 0.028, 0.001 ms]
[marking 0x3751e6b9d171 <JSFunction isInScope (sfi = 0x29f816e38921)> for optimization to MAGLEV, ConcurrencyMode::kConcurrent, reason: hot and stable]
[compiling method 0x3751e6b9d171 <JSFunction isInScope (sfi = 0x29f816e38921)> (target MAGLEV), mode: ConcurrencyMode::kConcurrent]
[marking 0x3751e6b9d339 <JSFunction enter (sfi = 0x29f816e389f9)> for optimization to MAGLEV, ConcurrencyMode::kConcurrent, reason: hot and stable]
[compiling method 0x3751e6b9d339 <JSFunction enter (sfi = 0x29f816e389f9)> (target MAGLEV), mode: ConcurrencyMode::kConcurrent]
[completed compiling 0x3751e6b9d171 <JSFunction isInScope (sfi = 0x29f816e38921)> (target MAGLEV) - took 0.000, 0.037, 0.002 ms]
[completed compiling 0x3751e6b9d339 <JSFunction enter (sfi = 0x29f816e389f9)> (target MAGLEV) - took 0.000, 0.434, 0.005 ms]
[marking 0x039c1aa4f279 <JSFunction isStaticPropertyKey (sfi = 0x26cbdc3b00c1)> for optimization to MAGLEV, ConcurrencyMode::kConcurrent, reason: hot and stable]
[compiling method 0x039c1aa4f279 <JSFunction isStaticPropertyKey (sfi = 0x26cbdc3b00c1)> (target MAGLEV), mode: ConcurrencyMode::kConcurrent]
[completed compiling 0x039c1aa4f279 <JSFunction isStaticPropertyKey (sfi = 0x26cbdc3b00c1)> (target MAGLEV) - took 0.000, 0.033, 0.001 ms]
[marking 0x039c1aa4f189 <JSFunction isNodeInPattern (sfi = 0x26cbdc3b0031)> for optimization to MAGLEV, ConcurrencyMode::kConcurrent, reason: hot and stable]
[compiling method 0x039c1aa4f189 <JSFunction isNodeInPattern (sfi = 0x26cbdc3b0031)> (target MAGLEV), mode: ConcurrencyMode::kConcurrent]
[marking 0x039c1aa4f241 <JSFunction isStaticProperty (sfi = 0x26cbdc3b0079)> for optimization to MAGLEV, ConcurrencyMode::kConcurrent, reason: hot and stable]
[compiling method 0x039c1aa4f241 <JSFunction isStaticProperty (sfi = 0x26cbdc3b0079)> (target MAGLEV), mode: ConcurrencyMode::kConcurrent]
[completed compiling 0x039c1aa4f189 <JSFunction isNodeInPattern (sfi = 0x26cbdc3b0031)> (target MAGLEV) - took 0.000, 0.017, 0.001 ms]
[completed compiling 0x039c1aa4f241 <JSFunction isStaticProperty (sfi = 0x26cbdc3b0079)> (target MAGLEV) - took 0.000, 0.025, 0.000 ms]
[marking 0x28d70d214e09 <JSFunction contains (sfi = 0x26cbdc3ac7e9)> for optimization to MAGLEV, ConcurrencyMode::kConcurrent, reason: hot and stable]
[compiling method 0x28d70d214e09 <JSFunction contains (sfi = 0x26cbdc3ac7e9)> (target MAGLEV), mode: ConcurrencyMode::kConcurrent]
[completed compiling 0x28d70d214e09 <JSFunction contains (sfi = 0x26cbdc3ac7e9)> (target MAGLEV) - took 0.001, 0.029, 0.000 ms]
[marking 0x0558ba4cdd21 <JSFunction locate (sfi = 0x29f816e3db19)> for optimization to MAGLEV, ConcurrencyMode::kConcurrent, reason: hot and stable]
[compiling method 0x0558ba4cdd21 <JSFunction locate (sfi = 0x29f816e3db19)> (target MAGLEV), mode: ConcurrencyMode::kConcurrent]
[completed compiling 0x0558ba4cdd21 <JSFunction locate (sfi = 0x29f816e3db19)> (target MAGLEV) - took 0.000, 0.097, 0.001 ms]
[bailout (kind: deopt-eager, reason: wrong map): begin. deoptimizing 0x28d70d214c81 <JSFunction addUneditedChunk (sfi = 0x26cbdc3acc69)>, 0x1679d88c1391 <Code MAGLEV>, opt id 38, bytecode offset 13, deopt exit 55, FP to SP delta 96, caller SP 0x00016af752b0, pc 0x000127761458]
[marking 0x28d70d214c81 <JSFunction addUneditedChunk (sfi = 0x26cbdc3acc69)> for optimization to MAGLEV, ConcurrencyMode::kConcurrent, reason: hot and stable]
[compiling method 0x28d70d214c81 <JSFunction addUneditedChunk (sfi = 0x26cbdc3acc69)> (target MAGLEV) OSR, mode: ConcurrencyMode::kConcurrent]
[compiling method 0x28d70d214c81 <JSFunction addUneditedChunk (sfi = 0x26cbdc3acc69)> (target MAGLEV), mode: ConcurrencyMode::kConcurrent]
[marking 0x039c1aa46b69 <JSFunction encode$1 (sfi = 0x26cbdc39c8e1)> for optimization to MAGLEV, ConcurrencyMode::kConcurrent, reason: hot and stable]
[completed compiling 0x28d70d214c81 <JSFunction addUneditedChunk (sfi = 0x26cbdc3acc69)> (target MAGLEV) OSR - took 0.000, 0.401, 0.004 ms]
[completed compiling 0x28d70d214c81 <JSFunction addUneditedChunk (sfi = 0x26cbdc3acc69)> (target MAGLEV) - took 0.000, 0.381, 0.003 ms]
[marking 0x28d70d215469 <JSFunction write (sfi = 0x26cbdc3ab4f9)> for optimization to MAGLEV, ConcurrencyMode::kConcurrent, reason: hot and stable]
[compiling method 0x28d70d215469 <JSFunction write (sfi = 0x26cbdc3ab4f9)> (target MAGLEV), mode: ConcurrencyMode::kConcurrent]
[marking 0x039c1aa469b9 <JSFunction encodeInteger (sfi = 0x26cbdc39c779)> for optimization to MAGLEV, ConcurrencyMode::kConcurrent, reason: hot and stable]
[compiling method 0x039c1aa469b9 <JSFunction encodeInteger (sfi = 0x26cbdc39c779)> (target MAGLEV), mode: ConcurrencyMode::kConcurrent]
[compiling method 0x039c1aa46b69 <JSFunction encode$1 (sfi = 0x26cbdc39c8e1)> (target MAGLEV) OSR, mode: ConcurrencyMode::kConcurrent]
[completed compiling 0x28d70d215469 <JSFunction write (sfi = 0x26cbdc3ab4f9)> (target MAGLEV) - took 0.000, 0.044, 0.001 ms]
[completed compiling 0x039c1aa469b9 <JSFunction encodeInteger (sfi = 0x26cbdc39c779)> (target MAGLEV) - took 0.000, 0.126, 0.003 ms]
[bailout (kind: deopt-eager, reason: Insufficient type feedback for generic named access): begin. deoptimizing 0x039c1aa469b9 <JSFunction encodeInteger (sfi = 0x26cbdc39c779)>, 0x230626d89499 <Code MAGLEV>, opt id 83, bytecode offset 32, deopt exit 23, FP to SP delta 48, caller SP 0x00016af75280, pc 0x000127770520]
[marking 0x039c1aa469b9 <JSFunction encodeInteger (sfi = 0x26cbdc39c779)> for optimization to MAGLEV, ConcurrencyMode::kConcurrent, reason: hot and stable]
[compiling method 0x039c1aa469b9 <JSFunction encodeInteger (sfi = 0x26cbdc39c779)> (target MAGLEV), mode: ConcurrencyMode::kConcurrent]
[completed compiling 0x039c1aa469b9 <JSFunction encodeInteger (sfi = 0x26cbdc39c779)> (target MAGLEV) - took 0.001, 0.155, 0.003 ms]
[completed compiling 0x039c1aa46b69 <JSFunction encode$1 (sfi = 0x26cbdc39c8e1)> (target MAGLEV) OSR - took 0.000, 0.602, 0.001 ms]
[compiling method 0x039c1aa46b69 <JSFunction encode$1 (sfi = 0x26cbdc39c8e1)> (target TURBOFAN_JS) OSR, mode: ConcurrencyMode::kConcurrent]
[marking 0x039c1aa46979 <JSFunction decodeInteger (sfi = 0x26cbdc39c731)> for optimization to MAGLEV, ConcurrencyMode::kConcurrent, reason: hot and stable]
[compiling method 0x039c1aa46979 <JSFunction decodeInteger (sfi = 0x26cbdc39c731)> (target MAGLEV), mode: ConcurrencyMode::kConcurrent]
[marking 0x039c1aa46aa9 <JSFunction decode (sfi = 0x26cbdc39c809)> for optimization to MAGLEV, ConcurrencyMode::kConcurrent, reason: hot and stable]
[completed compiling 0x039c1aa46979 <JSFunction decodeInteger (sfi = 0x26cbdc39c731)> (target MAGLEV) - took 0.000, 0.130, 0.003 ms]
[compiling method 0x039c1aa46aa9 <JSFunction decode (sfi = 0x26cbdc39c809)> (target MAGLEV) OSR, mode: ConcurrencyMode::kConcurrent]
[marking 0x039c1aa46979 <JSFunction decodeInteger (sfi = 0x26cbdc39c731)> for optimization to TURBOFAN_JS, ConcurrencyMode::kConcurrent, reason: hot and stable]
[compiling method 0x039c1aa46979 <JSFunction decodeInteger (sfi = 0x26cbdc39c731)> (target TURBOFAN_JS), mode: ConcurrencyMode::kConcurrent]
[completed compiling 0x039c1aa46aa9 <JSFunction decode (sfi = 0x26cbdc39c809)> (target MAGLEV) OSR - took 0.000, 0.341, 0.003 ms]
[compiling method 0x039c1aa46aa9 <JSFunction decode (sfi = 0x26cbdc39c809)> (target TURBOFAN_JS) OSR, mode: ConcurrencyMode::kConcurrent]
[marking 0x039c1aa469f9 <JSFunction hasMoreVlq (sfi = 0x26cbdc39c7c1)> for optimization to TURBOFAN_JS, ConcurrencyMode::kConcurrent, reason: hot and stable]
[compiling method 0x039c1aa469f9 <JSFunction hasMoreVlq (sfi = 0x26cbdc39c7c1)> (target TURBOFAN_JS), mode: ConcurrencyMode::kConcurrent]
[compiling method 0x039c1aa46aa9 <JSFunction decode (sfi = 0x26cbdc39c809)> (target MAGLEV), mode: ConcurrencyMode::kConcurrent]
[marking 0x039c1aa47b31 <JSFunction traceMappings (sfi = 0x26cbdc39d931)> for optimization to MAGLEV, ConcurrencyMode::kConcurrent, reason: hot and stable]
[completed compiling 0x039c1aa469f9 <JSFunction hasMoreVlq (sfi = 0x26cbdc39c7c1)> (target TURBOFAN_JS) - took 0.000, 0.482, 0.029 ms]
[completed optimizing 0x039c1aa469f9 <JSFunction hasMoreVlq (sfi = 0x26cbdc39c7c1)> (target TURBOFAN_JS)]
[completed compiling 0x039c1aa46979 <JSFunction decodeInteger (sfi = 0x26cbdc39c731)> (target TURBOFAN_JS) - took 0.001, 1.048, 0.023 ms]
[completed optimizing 0x039c1aa46979 <JSFunction decodeInteger (sfi = 0x26cbdc39c731)> (target TURBOFAN_JS)]
[completed compiling 0x039c1aa46b69 <JSFunction encode$1 (sfi = 0x26cbdc39c8e1)> (target TURBOFAN_JS) OSR - took 0.001, 4.264, 0.037 ms]
[completed optimizing 0x039c1aa46b69 <JSFunction encode$1 (sfi = 0x26cbdc39c8e1)> (target TURBOFAN_JS) OSR]
[completed compiling 0x039c1aa46aa9 <JSFunction decode (sfi = 0x26cbdc39c809)> (target MAGLEV) - took 0.000, 0.347, 0.009 ms]
[marking 0x039c1aa477c9 <JSFunction addSegmentInternal (sfi = 0x26cbdc39d5d1)> for optimization to MAGLEV, ConcurrencyMode::kConcurrent, reason: hot and stable]
[compiling method 0x039c1aa477c9 <JSFunction addSegmentInternal (sfi = 0x26cbdc39d5d1)> (target MAGLEV), mode: ConcurrencyMode::kConcurrent]
[compiling method 0x039c1aa47b31 <JSFunction traceMappings (sfi = 0x26cbdc39d931)> (target MAGLEV) OSR, mode: ConcurrencyMode::kConcurrent]
[marking 0x039c1aa478c9 <JSFunction insert (sfi = 0x26cbdc39d6f1)> for optimization to MAGLEV, ConcurrencyMode::kConcurrent, reason: hot and stable]
[compiling method 0x039c1aa478c9 <JSFunction insert (sfi = 0x26cbdc39d6f1)> (target MAGLEV), mode: ConcurrencyMode::kConcurrent]
[marking 0x039c1aa471d1 <JSFunction lowerBound (sfi = 0x26cbdc39cf59)> for optimization to MAGLEV, ConcurrencyMode::kConcurrent, reason: hot and stable]
[compiling method 0x039c1aa471d1 <JSFunction lowerBound (sfi = 0x26cbdc39cf59)> (target MAGLEV), mode: ConcurrencyMode::kConcurrent]
[marking 0x039c1aa47849 <JSFunction getIndex (sfi = 0x26cbdc39d661)> for optimization to MAGLEV, ConcurrencyMode::kConcurrent, reason: hot and stable]
[compiling method 0x039c1aa47849 <JSFunction getIndex (sfi = 0x26cbdc39d661)> (target MAGLEV), mode: ConcurrencyMode::kConcurrent]
[marking 0x039c1aa47351 <JSFunction decodedMappings (sfi = 0x26cbdc39d109)> for optimization to MAGLEV, ConcurrencyMode::kConcurrent, reason: hot and stable]
[compiling method 0x039c1aa47351 <JSFunction decodedMappings (sfi = 0x26cbdc39d109)> (target MAGLEV), mode: ConcurrencyMode::kConcurrent]
[marking 0x039c1aa475d1 <JSFunction put (sfi = 0x26cbdc39d3d9)> for optimization to MAGLEV, ConcurrencyMode::kConcurrent, reason: hot and stable]
[compiling method 0x039c1aa475d1 <JSFunction put (sfi = 0x26cbdc39d3d9)> (target MAGLEV), mode: ConcurrencyMode::kConcurrent]
[completed compiling 0x039c1aa47b31 <JSFunction traceMappings (sfi = 0x26cbdc39d931)> (target MAGLEV) OSR - took 0.000, 0.336, 0.004 ms]
[completed compiling 0x039c1aa478c9 <JSFunction insert (sfi = 0x26cbdc39d6f1)> (target MAGLEV) - took 0.001, 0.045, 0.001 ms]
[completed compiling 0x039c1aa471d1 <JSFunction lowerBound (sfi = 0x26cbdc39cf59)> (target MAGLEV) - took 0.000, 0.037, 0.001 ms]
[completed compiling 0x039c1aa477c9 <JSFunction addSegmentInternal (sfi = 0x26cbdc39d5d1)> (target MAGLEV) - took 0.000, 0.495, 0.004 ms]
[completed compiling 0x039c1aa47351 <JSFunction decodedMappings (sfi = 0x26cbdc39d109)> (target MAGLEV) - took 0.000, 0.042, 0.001 ms]
[completed compiling 0x039c1aa47849 <JSFunction getIndex (sfi = 0x26cbdc39d661)> (target MAGLEV) - took 0.000, 0.095, 0.000 ms]
[completed compiling 0x039c1aa475d1 <JSFunction put (sfi = 0x26cbdc39d3d9)> (target MAGLEV) - took 0.000, 0.084, 0.001 ms]
[compiling method 0x039c1aa47b31 <JSFunction traceMappings (sfi = 0x26cbdc39d931)> (target TURBOFAN_JS) OSR, mode: ConcurrencyMode::kConcurrent]
[bailout (kind: deopt-eager, reason: not a Smi): begin. deoptimizing 0x039c1aa475d1 <JSFunction put (sfi = 0x26cbdc39d3d9)>, 0x1679d88d5019 <Code MAGLEV>, opt id 99, bytecode offset 22, deopt exit 7, FP to SP delta 48, caller SP 0x00016af75178, pc 0x0001277adf30]
[compiling method 0x039c1aa46b69 <JSFunction encode$1 (sfi = 0x26cbdc39c8e1)> (target MAGLEV), mode: ConcurrencyMode::kConcurrent]
[completed compiling 0x039c1aa46b69 <JSFunction encode$1 (sfi = 0x26cbdc39c8e1)> (target MAGLEV) - took 0.000, 0.341, 0.002 ms]
[marking 0x376285fc0489 <JSFunction #updateContext (sfi = 0x3bfe314c7191)> for optimization to MAGLEV, ConcurrencyMode::kConcurrent, reason: hot and stable]
[compiling method 0x376285fc0489 <JSFunction #updateContext (sfi = 0x3bfe314c7191)> (target MAGLEV), mode: ConcurrencyMode::kConcurrent]
[completed compiling 0x376285fc0489 <JSFunction #updateContext (sfi = 0x3bfe314c7191)> (target MAGLEV) - took 0.000, 0.127, 0.002 ms]
[completed compiling 0x039c1aa46aa9 <JSFunction decode (sfi = 0x26cbdc39c809)> (target TURBOFAN_JS) OSR - took 0.001, 7.316, 0.027 ms]
[completed optimizing 0x039c1aa46aa9 <JSFunction decode (sfi = 0x26cbdc39c809)> (target TURBOFAN_JS) OSR]
[marking 0x03db3e8f9aa9 <JSFunction normalizeString (sfi = 0x3db3e8d88b1)> for optimization to MAGLEV, ConcurrencyMode::kConcurrent, reason: hot and stable]
[74519:0xb1340c000:0]      228 ms: GC: {"pause":0.293,"mutator":43.357,"gc":"s","reduce_memory":false,"time_to_safepoint":0,"stack":true,"reason":"allocation failure","collector_reason":"","start_object_size":22064392,"end_object_size":15579584,"start_memory_size":28540928,"end_memory_size":28540928,"start_holes_size":2932184,"end_holes_size":2932184,"pool_local_chunks":0,"pool_shared_chunks":0,"pool_total_chunks":0,"new_space_capacity":8388608,"old_gen_allocation_limit":59683808,"global_allocation_limit":59683904,"allocation_throughput":135023,"new_space_allocation_throughput":77035.8,"new_space_survive_rate":10.7908,"allocated":9240688,"promoted":313720,"new_space_survived":845568,"nodes_died_in_new":7,"nodes_copied_in_new":8,"nodes_promoted":44,"promotion_ratio":4.00359,"average_survival_ratio":54.7035,"promotion_rate":0,"during_sweeping":false,"heap.prologue":0,"heap.epilogue":0,"heap.external.prologue":0,"heap.external.epilogue":0,"heap.external_weak_global_handles":0.003,"complete.sweep_array_buffers":0,"scavenge":0.276,"scavenge.free_remembered_set":0.002,"scavenge.roots":0.009,"scavenge.weak":0,"scavenge.weak_global_handles.identify":0.001,"scavenge.weak_global_handles.process":0.002,"scavenge.parallel":0.063,"scavenge.pin_objects_conservative":0,"scavenge.pin_objects_precise":0,"scavenge.restore_pinned":0.001,"scavenge.sweep_array_buffers":0.003,"scavenge.resize_new_space":0.001,"background.scavenge.parallel":0.391,"incremental.steps_count":0,"incremental.steps_took":0,"scavenge_throughput":3.74252e+06,"quarantined_size":0,"quarantined_pages":0}
[completed compiling 0x039c1aa47b31 <JSFunction traceMappings (sfi = 0x26cbdc39d931)> (target TURBOFAN_JS) OSR - took 0.002, 3.627, 0.029 ms]
[completed optimizing 0x039c1aa47b31 <JSFunction traceMappings (sfi = 0x26cbdc39d931)> (target TURBOFAN_JS) OSR]
[compiling method 0x039c1aa4d109 <JSFunction B (sfi = 0x26cbdc3a2431)> (target MAGLEV), mode: ConcurrencyMode::kConcurrent]
[completed compiling 0x039c1aa4d109 <JSFunction B (sfi = 0x26cbdc3a2431)> (target MAGLEV) - took 0.000, 0.097, 0.001 ms]
[bailout (kind: deopt-eager, reason: wrong map): begin. deoptimizing 0x28d70d214c81 <JSFunction addUneditedChunk (sfi = 0x26cbdc3acc69)>, 0x230626d886c9 <Code MAGLEV>, opt id 81, bytecode offset 13, deopt exit 55, FP to SP delta 96, caller SP 0x00016af752b0, pc 0x00012776fc38]
[marking 0x28d70d214c81 <JSFunction addUneditedChunk (sfi = 0x26cbdc3acc69)> for optimization to MAGLEV, ConcurrencyMode::kConcurrent, reason: hot and stable]
[compiling method 0x28d70d214c81 <JSFunction addUneditedChunk (sfi = 0x26cbdc3acc69)> (target MAGLEV) OSR, mode: ConcurrencyMode::kConcurrent]
[compiling method 0x28d70d214c81 <JSFunction addUneditedChunk (sfi = 0x26cbdc3acc69)> (target MAGLEV), mode: ConcurrencyMode::kConcurrent]
[marking 0x039c1aa469b9 <JSFunction encodeInteger (sfi = 0x26cbdc39c779)> for optimization to TURBOFAN_JS, ConcurrencyMode::kConcurrent, reason: hot and stable]
[compiling method 0x039c1aa469b9 <JSFunction encodeInteger (sfi = 0x26cbdc39c779)> (target TURBOFAN_JS), mode: ConcurrencyMode::kConcurrent]
[compiling method 0x039c1aa47b31 <JSFunction traceMappings (sfi = 0x26cbdc39d931)> (target MAGLEV), mode: ConcurrencyMode::kConcurrent]
[bailout (kind: deopt-eager, reason: not a Smi): begin. deoptimizing 0x039c1aa477c9 <JSFunction addSegmentInternal (sfi = 0x26cbdc39d5d1)>, 0x1679d88d4631 <Code MAGLEV>, opt id 96, bytecode offset 22, deopt exit 30, FP to SP delta 128, caller SP 0x00016af751a0, pc 0x0001277ad68c]
[completed compiling 0x28d70d214c81 <JSFunction addUneditedChunk (sfi = 0x26cbdc3acc69)> (target MAGLEV) OSR - took 0.000, 0.410, 0.005 ms]
[marking 0x039c1aa477c9 <JSFunction addSegmentInternal (sfi = 0x26cbdc39d5d1)> for optimization to MAGLEV, ConcurrencyMode::kConcurrent, reason: hot and stable]
[compiling method 0x039c1aa477c9 <JSFunction addSegmentInternal (sfi = 0x26cbdc39d5d1)> (target MAGLEV), mode: ConcurrencyMode::kConcurrent]
[completed compiling 0x28d70d214c81 <JSFunction addUneditedChunk (sfi = 0x26cbdc3acc69)> (target MAGLEV) - took 0.000, 0.407, 0.003 ms]
[completed compiling 0x039c1aa47b31 <JSFunction traceMappings (sfi = 0x26cbdc39d931)> (target MAGLEV) - took 0.000, 0.440, 0.008 ms]
[completed compiling 0x039c1aa469b9 <JSFunction encodeInteger (sfi = 0x26cbdc39c779)> (target TURBOFAN_JS) - took 0.002, 1.026, 0.011 ms]
[completed optimizing 0x039c1aa469b9 <JSFunction encodeInteger (sfi = 0x26cbdc39c779)> (target TURBOFAN_JS)]
[completed compiling 0x039c1aa477c9 <JSFunction addSegmentInternal (sfi = 0x26cbdc39d5d1)> (target MAGLEV) - took 0.000, 0.723, 0.006 ms]
[compiling method 0x03db3e8f9aa9 <JSFunction normalizeString (sfi = 0x3db3e8d88b1)> (target MAGLEV), mode: ConcurrencyMode::kConcurrent]
[completed compiling 0x03db3e8f9aa9 <JSFunction normalizeString (sfi = 0x3db3e8d88b1)> (target MAGLEV) - took 0.000, 0.186, 0.002 ms]
[marking dependent code 0x230626d849b9 <Code MAGLEV> (0x29f816e389f9 <SharedFunctionInfo enter>) (opt id 74) for deoptimization, reason: dependent field type changed]
[marking 0x28d70d202119 <JSFunction memberExpression (sfi = 0x2a4a0a029949)> for optimization to MAGLEV, ConcurrencyMode::kConcurrent, reason: hot and stable]
[compiling method 0x28d70d202119 <JSFunction memberExpression (sfi = 0x2a4a0a029949)> (target MAGLEV), mode: ConcurrencyMode::kConcurrent]
[marking 0x28d70d214891 <JSFunction _split (sfi = 0x26cbdc3ad491)> for optimization to MAGLEV, ConcurrencyMode::kConcurrent, reason: hot and stable]
[compiling method 0x28d70d214891 <JSFunction _split (sfi = 0x26cbdc3ad491)> (target MAGLEV), mode: ConcurrencyMode::kConcurrent]
[marking 0x1532d3e29231 <JSFunction enter (sfi = 0x29f816e389f9)> for optimization to MAGLEV, ConcurrencyMode::kConcurrent, reason: hot and stable]
[compiling method 0x1532d3e29231 <JSFunction enter (sfi = 0x29f816e389f9)> (target MAGLEV), mode: ConcurrencyMode::kConcurrent]
[completed compiling 0x28d70d202119 <JSFunction memberExpression (sfi = 0x2a4a0a029949)> (target MAGLEV) - took 0.000, 0.250, 0.004 ms]
[completed compiling 0x28d70d214891 <JSFunction _split (sfi = 0x26cbdc3ad491)> (target MAGLEV) - took 0.000, 0.156, 0.003 ms]
[marking 0x039c1aa4f201 <JSFunction isRefIdentifier (sfi = 0x26cbdc3a3891)> for optimization to MAGLEV, ConcurrencyMode::kConcurrent, reason: hot and stable]
[compiling method 0x039c1aa4f201 <JSFunction isRefIdentifier (sfi = 0x26cbdc3a3891)> (target MAGLEV), mode: ConcurrencyMode::kConcurrent]
[completed compiling 0x1532d3e29231 <JSFunction enter (sfi = 0x29f816e389f9)> (target MAGLEV) - took 0.000, 0.432, 0.005 ms]
[completed compiling 0x039c1aa4f201 <JSFunction isRefIdentifier (sfi = 0x26cbdc3a3891)> (target MAGLEV) - took 0.000, 0.189, 0.003 ms]
[marking 0x112183a1d909 <JSFunction (sfi = 0x29f816e3b0e1)> for optimization to TURBOFAN_JS, ConcurrencyMode::kConcurrent, reason: hot and stable]
[compiling method 0x112183a1d909 <JSFunction (sfi = 0x29f816e3b0e1)> (target TURBOFAN_JS), mode: ConcurrencyMode::kConcurrent]
[marking 0x039c1aa4a7e1 <JSFunction getLocator (sfi = 0x26cbdc39ff51)> for optimization to MAGLEV, ConcurrencyMode::kConcurrent, reason: hot and stable]
[compiling method 0x039c1aa4a7e1 <JSFunction getLocator (sfi = 0x26cbdc39ff51)> (target MAGLEV) OSR, mode: ConcurrencyMode::kConcurrent]
[completed compiling 0x039c1aa4a7e1 <JSFunction getLocator (sfi = 0x26cbdc39ff51)> (target MAGLEV) OSR - took 0.000, 0.106, 0.000 ms]
[completed compiling 0x112183a1d909 <JSFunction (sfi = 0x29f816e3b0e1)> (target TURBOFAN_JS) - took 0.001, 0.292, 0.005 ms]
[completed optimizing 0x112183a1d909 <JSFunction (sfi = 0x29f816e3b0e1)> (target TURBOFAN_JS)]
[marking 0x039c1aa47b71 <JSFunction originalPositionFor$1 (sfi = 0x26cbdc39d979)> for optimization to TURBOFAN_JS, ConcurrencyMode::kConcurrent, reason: hot and stable]
[compiling method 0x039c1aa47b71 <JSFunction originalPositionFor$1 (sfi = 0x26cbdc39d979)> (target TURBOFAN_JS), mode: ConcurrencyMode::kConcurrent]
[completed compiling 0x039c1aa47b71 <JSFunction originalPositionFor$1 (sfi = 0x26cbdc39d979)> (target TURBOFAN_JS) - took 0.001, 2.037, 0.014 ms]
[completed optimizing 0x039c1aa47b71 <JSFunction originalPositionFor$1 (sfi = 0x26cbdc39d979)> (target TURBOFAN_JS)]
[compiling method 0x039c1aa4a7e1 <JSFunction getLocator (sfi = 0x26cbdc39ff51)> (target MAGLEV), mode: ConcurrencyMode::kConcurrent]
[completed compiling 0x039c1aa4a7e1 <JSFunction getLocator (sfi = 0x26cbdc39ff51)> (target MAGLEV) - took 0.000, 0.129, 0.002 ms]
[marking 0x039c1aa4f361 <JSFunction isBlock (sfi = 0x26cbdc3a3921)> for optimization to MAGLEV, ConcurrencyMode::kConcurrent, reason: hot and stable]
[compiling method 0x039c1aa4f361 <JSFunction isBlock (sfi = 0x26cbdc3a3921)> (target MAGLEV), mode: ConcurrencyMode::kConcurrent]
[completed compiling 0x039c1aa4f361 <JSFunction isBlock (sfi = 0x26cbdc3a3921)> (target MAGLEV) - took 0.000, 0.162, 0.004 ms]
[marking 0x14164caabe41 <JSFunction getEncodingOps (sfi = 0xb94fd977261)> for optimization to MAGLEV, ConcurrencyMode::kConcurrent, reason: hot and stable]
[compiling method 0x14164caabe41 <JSFunction getEncodingOps (sfi = 0xb94fd977261)> (target MAGLEV), mode: ConcurrencyMode::kConcurrent]
[marking 0x0a23e5c2ba29 <JSFunction Chunk (sfi = 0x26cbdc3ac6c9)> for optimization to MAGLEV, ConcurrencyMode::kConcurrent, reason: hot and stable]
[completed compiling 0x14164caabe41 <JSFunction getEncodingOps (sfi = 0xb94fd977261)> (target MAGLEV) - took 0.000, 0.174, 0.001 ms]
[compiling method 0x0a23e5c2ba29 <JSFunction Chunk (sfi = 0x26cbdc3ac6c9)> (target MAGLEV), mode: ConcurrencyMode::kConcurrent]
[completed compiling 0x0a23e5c2ba29 <JSFunction Chunk (sfi = 0x26cbdc3ac6c9)> (target MAGLEV) - took 0.000, 0.086, 0.004 ms]
[marking 0x28d70d214fc9 <JSFunction toString (sfi = 0x26cbdc3aca29)> for optimization to MAGLEV, ConcurrencyMode::kConcurrent, reason: hot and stable]
[compiling method 0x28d70d214fc9 <JSFunction toString (sfi = 0x26cbdc3aca29)> (target MAGLEV), mode: ConcurrencyMode::kConcurrent]
[completed compiling 0x28d70d214fc9 <JSFunction toString (sfi = 0x26cbdc3aca29)> (target MAGLEV) - took 0.000, 0.054, 0.003 ms]
[marking 0x376285fc0bf1 <JSFunction isUint8Array (sfi = 0xb94fd940bd9)> for optimization to MAGLEV, ConcurrencyMode::kConcurrent, reason: hot and stable]
[compiling method 0x376285fc0bf1 <JSFunction isUint8Array (sfi = 0xb94fd940bd9)> (target MAGLEV), mode: ConcurrencyMode::kConcurrent]
[74519:0xb1340c000:0]      250 ms: GC: {"pause":0.286,"mutator":21.208,"gc":"s","reduce_memory":false,"time_to_safepoint":0,"stack":true,"reason":"allocation failure","collector_reason":"","start_object_size":22561448,"end_object_size":16522360,"start_memory_size":32997376,"end_memory_size":33259520,"start_holes_size":2603736,"end_holes_size":2349840,"pool_local_chunks":0,"pool_shared_chunks":0,"pool_total_chunks":0,"new_space_capacity":8388608,"old_gen_allocation_limit":59683808,"global_allocation_limit":59683904,"allocation_throughput":163591,"new_space_allocation_throughput":107703,"new_space_survive_rate":8.51416,"allocated":6981864,"promoted":516024,"new_space_survived":632496,"nodes_died_in_new":11,"nodes_copied_in_new":3,"nodes_promoted":43,"promotion_ratio":6.94631,"average_survival_ratio":50.7792,"promotion_rate":61.0269,"during_sweeping":false,"heap.prologue":0,"heap.epilogue":0.001,"heap.external.prologue":0,"heap.external.epilogue":0,"heap.external_weak_global_handles":0.002,"complete.sweep_array_buffers":0,"scavenge":0.253,"scavenge.free_remembered_set":0.011,"scavenge.roots":0.008,"scavenge.weak":0,"scavenge.weak_global_handles.identify":0.001,"scavenge.weak_global_handles.process":0.002,"scavenge.parallel":0.142,"scavenge.pin_objects_conservative":0,"scavenge.pin_objects_precise":0,"scavenge.restore_pinned":0.001,"scavenge.sweep_array_buffers":0.002,"scavenge.resize_new_space":0,"background.scavenge.parallel":0.357,"incremental.steps_count":0,"incremental.steps_took":0,"scavenge_throughput":3.76952e+06,"quarantined_size":0,"quarantined_pages":0}
[completed compiling 0x376285fc0bf1 <JSFunction isUint8Array (sfi = 0xb94fd940bd9)> (target MAGLEV) - took 0.000, 0.379, 0.001 ms]
[marking 0x28d70d2148c9 <JSFunction _splitChunk (sfi = 0x26cbdc3ad4d9)> for optimization to MAGLEV, ConcurrencyMode::kConcurrent, reason: hot and stable]
[compiling method 0x28d70d2148c9 <JSFunction _splitChunk (sfi = 0x26cbdc3ad4d9)> (target MAGLEV), mode: ConcurrencyMode::kConcurrent]
[marking 0x28d70d20ede1 <JSFunction visit (sfi = 0x26cbdc3affa1)> for optimization to TURBOFAN_JS, ConcurrencyMode::kConcurrent, reason: hot and stable]
[compiling method 0x28d70d20ede1 <JSFunction visit (sfi = 0x26cbdc3affa1)> (target TURBOFAN_JS), mode: ConcurrencyMode::kConcurrent]
[marking 0x28d70d214f91 <JSFunction split (sfi = 0x26cbdc3ac9e1)> for optimization to MAGLEV, ConcurrencyMode::kConcurrent, reason: hot and stable]
[compiling method 0x28d70d214f91 <JSFunction split (sfi = 0x26cbdc3ac9e1)> (target MAGLEV), mode: ConcurrencyMode::kConcurrent]
[completed compiling 0x28d70d2148c9 <JSFunction _splitChunk (sfi = 0x26cbdc3ad4d9)> (target MAGLEV) - took 0.000, 0.132, 0.003 ms]
[marking 0x28d70d214cb9 <JSFunction advance (sfi = 0x26cbdc3accb1)> for optimization to MAGLEV, ConcurrencyMode::kConcurrent, reason: hot and stable]
[compiling method 0x28d70d214cb9 <JSFunction advance (sfi = 0x26cbdc3accb1)> (target MAGLEV), mode: ConcurrencyMode::kConcurrent]
[completed compiling 0x28d70d214f91 <JSFunction split (sfi = 0x26cbdc3ac9e1)> (target MAGLEV) - took 0.000, 0.182, 0.003 ms]
[completed compiling 0x28d70d214cb9 <JSFunction advance (sfi = 0x26cbdc3accb1)> (target MAGLEV) - took 0.000, 0.138, 0.013 ms]
[marking 0x039c1aa476c9 <JSFunction setSourceContent (sfi = 0x26cbdc39d4b1)> for optimization to TURBOFAN_JS, ConcurrencyMode::kConcurrent, reason: hot and stable]
[compiling method 0x039c1aa476c9 <JSFunction setSourceContent (sfi = 0x26cbdc39d4b1)> (target TURBOFAN_JS), mode: ConcurrencyMode::kConcurrent]
[completed compiling 0x039c1aa476c9 <JSFunction setSourceContent (sfi = 0x26cbdc39d4b1)> (target TURBOFAN_JS) - took 0.001, 0.770, 0.035 ms]
[completed optimizing 0x039c1aa476c9 <JSFunction setSourceContent (sfi = 0x26cbdc39d4b1)> (target TURBOFAN_JS)]
[completed compiling 0x28d70d20ede1 <JSFunction visit (sfi = 0x26cbdc3affa1)> (target TURBOFAN_JS) - took 0.002, 2.743, 0.031 ms]
[completed optimizing 0x28d70d20ede1 <JSFunction visit (sfi = 0x26cbdc3affa1)> (target TURBOFAN_JS)]
[marking 0x376285fc0931 <JSFunction isURL (sfi = 0x3bfe314c63b9)> for optimization to MAGLEV, ConcurrencyMode::kConcurrent, reason: hot and stable]
[compiling method 0x376285fc0931 <JSFunction isURL (sfi = 0x3bfe314c63b9)> (target MAGLEV), mode: ConcurrencyMode::kConcurrent]
[completed compiling 0x376285fc0931 <JSFunction isURL (sfi = 0x3bfe314c63b9)> (target MAGLEV) - took 0.000, 0.097, 0.003 ms]
[marking 0x224a80d49761 <JSFunction (sfi = 0x29f816e3d551)> for optimization to MAGLEV, ConcurrencyMode::kConcurrent, reason: hot and stable]
[compiling method 0x224a80d49761 <JSFunction (sfi = 0x29f816e3d551)> (target MAGLEV), mode: ConcurrencyMode::kConcurrent]
[marking 0x28d70d214c81 <JSFunction addUneditedChunk (sfi = 0x26cbdc3acc69)> for optimization to TURBOFAN_JS, ConcurrencyMode::kConcurrent, reason: hot and stable]
[compiling method 0x28d70d214c81 <JSFunction addUneditedChunk (sfi = 0x26cbdc3acc69)> (target TURBOFAN_JS), mode: ConcurrencyMode::kConcurrent]
[completed compiling 0x224a80d49761 <JSFunction (sfi = 0x29f816e3d551)> (target MAGLEV) - took 0.000, 0.345, 0.008 ms]
[completed compiling 0x28d70d214c81 <JSFunction addUneditedChunk (sfi = 0x26cbdc3acc69)> (target TURBOFAN_JS) - took 0.002, 1.860, 0.016 ms]
[completed optimizing 0x28d70d214c81 <JSFunction addUneditedChunk (sfi = 0x26cbdc3acc69)> (target TURBOFAN_JS)]
[marking 0x2b4764f1a6c9 <JSFunction setScope (sfi = 0x29f816e389b1)> for optimization to MAGLEV, ConcurrencyMode::kConcurrent, reason: hot and stable]
[compiling method 0x2b4764f1a6c9 <JSFunction setScope (sfi = 0x29f816e389b1)> (target MAGLEV), mode: ConcurrencyMode::kConcurrent]
[completed compiling 0x2b4764f1a6c9 <JSFunction setScope (sfi = 0x29f816e389b1)> (target MAGLEV) - took 0.001, 0.104, 0.003 ms]
[marking 0x376285fc0649 <JSFunction dirname (sfi = 0x1d63aca399a1)> for optimization to MAGLEV, ConcurrencyMode::kConcurrent, reason: hot and stable]
[compiling method 0x376285fc0649 <JSFunction dirname (sfi = 0x1d63aca399a1)> (target MAGLEV), mode: ConcurrencyMode::kConcurrent]
[completed compiling 0x376285fc0649 <JSFunction dirname (sfi = 0x1d63aca399a1)> (target MAGLEV) - took 0.000, 0.141, 0.001 ms]
[marking 0x376285fc0111 <JSFunction normalizeString (sfi = 0x1d63aca39371)> for optimization to TURBOFAN_JS, ConcurrencyMode::kConcurrent, reason: hot and stable]
[compiling method 0x376285fc0111 <JSFunction normalizeString (sfi = 0x1d63aca39371)> (target TURBOFAN_JS), mode: ConcurrencyMode::kConcurrent]
[marking 0x28d70d216529 <JSFunction _write (sfi = 0x376285fd11e9)> for optimization to MAGLEV, ConcurrencyMode::kConcurrent, reason: hot and stable]
[compiling method 0x28d70d216529 <JSFunction _write (sfi = 0x376285fd11e9)> (target MAGLEV), mode: ConcurrencyMode::kConcurrent]
[completed compiling 0x28d70d216529 <JSFunction _write (sfi = 0x376285fd11e9)> (target MAGLEV) - took 0.000, 0.167, 0.005 ms]
[marking 0x28d70d201399 <JSFunction callExpression (sfi = 0x2a4a0a028a19)> for optimization to MAGLEV, ConcurrencyMode::kConcurrent, reason: hot and stable]
[compiling method 0x28d70d201399 <JSFunction callExpression (sfi = 0x2a4a0a028a19)> (target MAGLEV), mode: ConcurrencyMode::kConcurrent]
[marking dependent code 0x230626d84c51 <Code MAGLEV> (0x26cbdc3b00c1 <SharedFunctionInfo isStaticPropertyKey>) (opt id 75) for deoptimization, reason: dependent field type changed]
[marking 0x039c1aa4f279 <JSFunction isStaticPropertyKey (sfi = 0x26cbdc3b00c1)> for optimization to MAGLEV, ConcurrencyMode::kConcurrent, reason: hot and stable]
[compiling method 0x039c1aa4f279 <JSFunction isStaticPropertyKey (sfi = 0x26cbdc3b00c1)> (target MAGLEV), mode: ConcurrencyMode::kConcurrent]
[completed compiling 0x039c1aa4f279 <JSFunction isStaticPropertyKey (sfi = 0x26cbdc3b00c1)> (target MAGLEV) - took 0.000, 0.068, 0.005 ms]
[completed compiling 0x28d70d201399 <JSFunction callExpression (sfi = 0x2a4a0a028a19)> (target MAGLEV) - took 0.001, 0.383, 0.005 ms]
[completed compiling 0x376285fc0111 <JSFunction normalizeString (sfi = 0x1d63aca39371)> (target TURBOFAN_JS) - took 0.002, 2.653, 0.007 ms]
[completed optimizing 0x376285fc0111 <JSFunction normalizeString (sfi = 0x1d63aca39371)> (target TURBOFAN_JS)]
[marking 0x039c1aa4d109 <JSFunction B (sfi = 0x26cbdc3a2431)> for optimization to TURBOFAN_JS, ConcurrencyMode::kConcurrent, reason: hot and stable]
[compiling method 0x039c1aa4d109 <JSFunction B (sfi = 0x26cbdc3a2431)> (target TURBOFAN_JS), mode: ConcurrencyMode::kConcurrent]
[marking 0x1dfdd113c2f9 <JSFunction (sfi = 0x3a2d720f9139)> for optimization to MAGLEV, ConcurrencyMode::kConcurrent, reason: hot and stable]
[compiling method 0x1dfdd113c2f9 <JSFunction (sfi = 0x3a2d720f9139)> (target MAGLEV), mode: ConcurrencyMode::kConcurrent]
[74519:0xb1340c000:0]      269 ms: GC: {"pause":0.236,"mutator":19.376,"gc":"s","reduce_memory":false,"time_to_safepoint":0,"stack":true,"reason":"allocation failure","collector_reason":"","start_object_size":22811936,"end_object_size":17447184,"start_memory_size":33783808,"end_memory_size":34570240,"start_holes_size":2468200,"end_holes_size":2632656,"pool_local_chunks":0,"pool_shared_chunks":0,"pool_total_chunks":0,"new_space_capacity":8388608,"old_gen_allocation_limit":59683808,"global_allocation_limit":59683904,"allocation_throughput":187170,"new_space_allocation_throughput":132327,"new_space_survive_rate":9.00092,"allocated":6289576,"promoted":621928,"new_space_survived":608224,"nodes_died_in_new":13,"nodes_copied_in_new":2,"nodes_promoted":45,"promotion_ratio":9.20372,"average_survival_ratio":49.9337,"promotion_rate":98.3292,"during_sweeping":false,"heap.prologue":0,"heap.epilogue":0,"heap.external.prologue":0,"heap.external.epilogue":0,"heap.external_weak_global_handles":0.002,"complete.sweep_array_buffers":0,"scavenge":0.218,"scavenge.free_remembered_set":0.009,"scavenge.roots":0.008,"scavenge.weak":0,"scavenge.weak_global_handles.identify":0,"scavenge.weak_global_handles.process":0.001,"scavenge.parallel":0.109,"scavenge.pin_objects_conservative":0,"scavenge.pin_objects_precise":0,"scavenge.restore_pinned":0.001,"scavenge.sweep_array_buffers":0.003,"scavenge.resize_new_space":0.001,"background.scavenge.parallel":0.264,"incremental.steps_count":0,"incremental.steps_took":0,"scavenge_throughput":3.87828e+06,"quarantined_size":0,"quarantined_pages":0}
[completed compiling 0x1dfdd113c2f9 <JSFunction (sfi = 0x3a2d720f9139)> (target MAGLEV) - took 0.000, 0.405, 0.003 ms]
[completed compiling 0x039c1aa4d109 <JSFunction B (sfi = 0x26cbdc3a2431)> (target TURBOFAN_JS) - took 0.002, 1.104, 0.008 ms]
[completed optimizing 0x039c1aa4d109 <JSFunction B (sfi = 0x26cbdc3a2431)> (target TURBOFAN_JS)]
[marking 0x1dfdd113c2c1 <JSFunction (sfi = 0x3a2d720f90f1)> for optimization to MAGLEV, ConcurrencyMode::kConcurrent, reason: hot and stable]
[compiling method 0x1dfdd113c2c1 <JSFunction (sfi = 0x3a2d720f90f1)> (target MAGLEV), mode: ConcurrencyMode::kConcurrent]
[completed compiling 0x1dfdd113c2c1 <JSFunction (sfi = 0x3a2d720f90f1)> (target MAGLEV) - took 0.000, 0.086, 0.000 ms]
[marking 0x179e7ad128c9 <JSFunction onStatements (sfi = 0x29f816e1e919)> for optimization to MAGLEV, ConcurrencyMode::kConcurrent, reason: hot and stable]
[compiling method 0x179e7ad128c9 <JSFunction onStatements (sfi = 0x29f816e1e919)> (target MAGLEV), mode: ConcurrencyMode::kConcurrent]
[marking 0x039c1aa4f3a1 <JSFunction findParentScope (sfi = 0x26cbdc3a3969)> for optimization to MAGLEV, ConcurrencyMode::kConcurrent, reason: hot and stable]
[compiling method 0x039c1aa4f3a1 <JSFunction findParentScope (sfi = 0x26cbdc3a3969)> (target MAGLEV), mode: ConcurrencyMode::kConcurrent]
[completed compiling 0x179e7ad128c9 <JSFunction onStatements (sfi = 0x29f816e1e919)> (target MAGLEV) - took 0.000, 0.199, 0.001 ms]
[completed compiling 0x039c1aa4f3a1 <JSFunction findParentScope (sfi = 0x26cbdc3a3969)> (target MAGLEV) - took 0.000, 0.040, 0.001 ms]
[marking 0x28d70d214e41 <JSFunction eachNext (sfi = 0x26cbdc3ac831)> for optimization to MAGLEV, ConcurrencyMode::kConcurrent, reason: hot and stable]
[marking 0x039c1aa46aa9 <JSFunction decode (sfi = 0x26cbdc39c809)> for optimization to TURBOFAN_JS, ConcurrencyMode::kConcurrent, reason: hot and stable]
[marking 0x101a4d6ce9c1 <JSFunction (sfi = 0x2644176c1dc1)> for optimization to MAGLEV, ConcurrencyMode::kConcurrent, reason: hot and stable]
[compiling method 0x101a4d6ce9c1 <JSFunction (sfi = 0x2644176c1dc1)> (target MAGLEV), mode: ConcurrencyMode::kConcurrent]
[completed compiling 0x101a4d6ce9c1 <JSFunction (sfi = 0x2644176c1dc1)> (target MAGLEV) - took 0.001, 0.062, 0.001 ms]
[marking 0x2b8b2a30e341 <JSFunction Parser (sfi = 0x28d70d236071)> for optimization to MAGLEV, ConcurrencyMode::kConcurrent, reason: hot and stable]
[compiling method 0x2b8b2a30e341 <JSFunction Parser (sfi = 0x28d70d236071)> (target MAGLEV), mode: ConcurrencyMode::kConcurrent]
[marking 0x2b8b2a308fc1 <JSFunction Parser (sfi = 0x28d70d235921)> for optimization to MAGLEV, ConcurrencyMode::kConcurrent, reason: hot and stable]
[compiling method 0x2b8b2a308fc1 <JSFunction Parser (sfi = 0x28d70d235921)> (target MAGLEV), mode: ConcurrencyMode::kConcurrent]
[marking 0x14164ca90f89 <JSFunction (sfi = 0x28d70d2358d9)> for optimization to MAGLEV, ConcurrencyMode::kConcurrent, reason: hot and stable]
[compiling method 0x14164ca90f89 <JSFunction (sfi = 0x28d70d2358d9)> (target MAGLEV), mode: ConcurrencyMode::kConcurrent]
[completed compiling 0x2b8b2a30e341 <JSFunction Parser (sfi = 0x28d70d236071)> (target MAGLEV) - took 0.000, 0.112, 0.002 ms]
[completed compiling 0x14164ca90f89 <JSFunction (sfi = 0x28d70d2358d9)> (target MAGLEV) - took 0.000, 0.015, 0.000 ms]
[completed compiling 0x2b8b2a308fc1 <JSFunction Parser (sfi = 0x28d70d235921)> (target MAGLEV) - took 0.000, 0.089, 0.002 ms]
[marking 0x0c1079789341 <JSFunction createParserContext (sfi = 0x3620fa6ef261)> for optimization to MAGLEV, ConcurrencyMode::kConcurrent, reason: hot and stable]
[compiling method 0x0c1079789341 <JSFunction createParserContext (sfi = 0x3620fa6ef261)> (target MAGLEV), mode: ConcurrencyMode::kConcurrent]
[marking 0x2b8b2a33be81 <JSFunction makeParser (sfi = 0x39c1aa7a901)> for optimization to MAGLEV, ConcurrencyMode::kConcurrent, reason: hot and stable]
[compiling method 0x2b8b2a33be81 <JSFunction makeParser (sfi = 0x39c1aa7a901)> (target MAGLEV), mode: ConcurrencyMode::kConcurrent]
[marking 0x039c1aa729d9 <JSFunction spanned (sfi = 0x2644176c1d31)> for optimization to MAGLEV, ConcurrencyMode::kConcurrent, reason: hot and stable]
[marking 0x101a4d6d0289 <JSFunction (sfi = 0x2644176c1e09)> for optimization to MAGLEV, ConcurrencyMode::kConcurrent, reason: hot and stable]
[compiling method 0x101a4d6d0289 <JSFunction (sfi = 0x2644176c1e09)> (target MAGLEV), mode: ConcurrencyMode::kConcurrent]
[completed compiling 0x0c1079789341 <JSFunction createParserContext (sfi = 0x3620fa6ef261)> (target MAGLEV) - took 0.000, 0.040, 0.002 ms]
[compiling method 0x039c1aa729d9 <JSFunction spanned (sfi = 0x2644176c1d31)> (target MAGLEV), mode: ConcurrencyMode::kConcurrent]
[completed compiling 0x2b8b2a33be81 <JSFunction makeParser (sfi = 0x39c1aa7a901)> (target MAGLEV) - took 0.000, 0.087, 0.001 ms]
[completed compiling 0x101a4d6d0289 <JSFunction (sfi = 0x2644176c1e09)> (target MAGLEV) - took 0.000, 0.070, 0.001 ms]
[completed compiling 0x039c1aa729d9 <JSFunction spanned (sfi = 0x2644176c1d31)> (target MAGLEV) - took 0.000, 0.048, 0.001 ms]
[marking 0x3e77d3daa601 <JSFunction (sfi = 0x3620fa6ef3c9)> for optimization to MAGLEV, ConcurrencyMode::kConcurrent, reason: hot and stable]
[compiling method 0x3e77d3daa601 <JSFunction (sfi = 0x3620fa6ef3c9)> (target MAGLEV), mode: ConcurrencyMode::kConcurrent]
[marking 0x37dfb34f74b1 <JSFunction (sfi = 0x1d63aca151a9)> for optimization to MAGLEV, ConcurrencyMode::kConcurrent, reason: hot and stable]
[compiling method 0x37dfb34f74b1 <JSFunction (sfi = 0x1d63aca151a9)> (target MAGLEV), mode: ConcurrencyMode::kConcurrent]
[completed compiling 0x3e77d3daa601 <JSFunction (sfi = 0x3620fa6ef3c9)> (target MAGLEV) - took 0.000, 0.010, 0.000 ms]
[marking 0x1d9d63e3d4a1 <JSFunction (sfi = 0xca207872c99)> for optimization to MAGLEV, ConcurrencyMode::kConcurrent, reason: hot and stable]
[completed compiling 0x37dfb34f74b1 <JSFunction (sfi = 0x1d63aca151a9)> (target MAGLEV) - took 0.000, 0.013, 0.000 ms]
[compiling method 0x1d9d63e3d4a1 <JSFunction (sfi = 0xca207872c99)> (target MAGLEV), mode: ConcurrencyMode::kConcurrent]
[marking 0x2b8b2a313209 <JSFunction (sfi = 0x39c1aa7aca9)> for optimization to MAGLEV, ConcurrencyMode::kConcurrent, reason: hot and stable]
[compiling method 0x2b8b2a313209 <JSFunction (sfi = 0x39c1aa7aca9)> (target MAGLEV), mode: ConcurrencyMode::kConcurrent]
[completed compiling 0x1d9d63e3d4a1 <JSFunction (sfi = 0xca207872c99)> (target MAGLEV) - took 0.000, 0.010, 0.000 ms]
[completed compiling 0x2b8b2a313209 <JSFunction (sfi = 0x39c1aa7aca9)> (target MAGLEV) - took 0.000, 0.008, 0.000 ms]
[marking 0x2609331c0921 <JSFunction Grammar (sfi = 0xc10797b93d9)> for optimization to MAGLEV, ConcurrencyMode::kConcurrent, reason: hot and stable]
[compiling method 0x2609331c0921 <JSFunction Grammar (sfi = 0xc10797b93d9)> (target MAGLEV), mode: ConcurrencyMode::kConcurrent]
[marking 0x397f03abd181 <JSFunction literal (sfi = 0xc10797b9031)> for optimization to MAGLEV, ConcurrencyMode::kConcurrent, reason: hot and stable]
[marking 0x2609331c0a09 <JSFunction spanned (sfi = 0xc10797b94f9)> for optimization to MAGLEV, ConcurrencyMode::kConcurrent, reason: hot and stable]
[marking 0x0c43aad3ab51 <JSFunction (sfi = 0x2644176c1e51)> for optimization to MAGLEV, ConcurrencyMode::kConcurrent, reason: hot and stable]
[compiling method 0x0c43aad3ab51 <JSFunction (sfi = 0x2644176c1e51)> (target MAGLEV), mode: ConcurrencyMode::kConcurrent]
[completed compiling 0x2609331c0921 <JSFunction Grammar (sfi = 0xc10797b93d9)> (target MAGLEV) - took 0.000, 0.027, 0.001 ms]
[compiling method 0x397f03abd181 <JSFunction literal (sfi = 0xc10797b9031)> (target MAGLEV), mode: ConcurrencyMode::kConcurrent]
[compiling method 0x2609331c0a09 <JSFunction spanned (sfi = 0xc10797b94f9)> (target MAGLEV), mode: ConcurrencyMode::kConcurrent]
[marking 0x397f03abd3f9 <JSFunction (sfi = 0xc10797b92b9)> for optimization to MAGLEV, ConcurrencyMode::kConcurrent, reason: hot and stable]
[compiling method 0x397f03abd3f9 <JSFunction (sfi = 0xc10797b92b9)> (target MAGLEV), mode: ConcurrencyMode::kConcurrent]
[completed compiling 0x397f03abd181 <JSFunction literal (sfi = 0xc10797b9031)> (target MAGLEV) - took 0.000, 0.034, 0.001 ms]
[completed compiling 0x0c43aad3ab51 <JSFunction (sfi = 0x2644176c1e51)> (target MAGLEV) - took 0.000, 0.084, 0.002 ms]
[completed compiling 0x2609331c0a09 <JSFunction spanned (sfi = 0xc10797b94f9)> (target MAGLEV) - took 0.000, 0.037, 0.001 ms]
[completed compiling 0x397f03abd3f9 <JSFunction (sfi = 0xc10797b92b9)> (target MAGLEV) - took 0.000, 0.012, 0.000 ms]
[marking 0x0cd6fca9df29 <JSFunction (sfi = 0x3c4e2f5fd041)> for optimization to MAGLEV, ConcurrencyMode::kConcurrent, reason: hot and stable]
[compiling method 0x0cd6fca9df29 <JSFunction (sfi = 0x3c4e2f5fd041)> (target MAGLEV), mode: ConcurrencyMode::kConcurrent]
[completed compiling 0x0cd6fca9df29 <JSFunction (sfi = 0x3c4e2f5fd041)> (target MAGLEV) - took 0.000, 0.013, 0.000 ms]
[marking 0x397f03abd301 <JSFunction flatten (sfi = 0xc10797b91e1)> for optimization to MAGLEV, ConcurrencyMode::kConcurrent, reason: hot and stable]
[compiling method 0x397f03abd301 <JSFunction flatten (sfi = 0xc10797b91e1)> (target MAGLEV), mode: ConcurrencyMode::kConcurrent]
[completed compiling 0x397f03abd301 <JSFunction flatten (sfi = 0xc10797b91e1)> (target MAGLEV) - took 0.000, 0.114, 0.003 ms]
[marking 0x397f03abd2c1 <JSFunction compileTerminals (sfi = 0xc10797b9199)> for optimization to MAGLEV, ConcurrencyMode::kConcurrent, reason: hot and stable]
[compiling method 0x397f03abd2c1 <JSFunction compileTerminals (sfi = 0xc10797b9199)> (target MAGLEV) OSR, mode: ConcurrencyMode::kConcurrent]
[completed compiling 0x397f03abd2c1 <JSFunction compileTerminals (sfi = 0xc10797b9199)> (target MAGLEV) OSR - took 0.000, 0.459, 0.006 ms]
[compiling method 0x397f03abd2c1 <JSFunction compileTerminals (sfi = 0xc10797b9199)> (target MAGLEV) OSR, mode: ConcurrencyMode::kConcurrent]
[74519:0xb1340c000:0]      280 ms: GC: {"pause":0.325,"mutator":10.075,"gc":"s","reduce_memory":false,"time_to_safepoint":0,"stack":true,"reason":"allocation failure","collector_reason":"","start_object_size":26887112,"end_object_size":19603808,"start_memory_size":36978688,"end_memory_size":35880960,"start_holes_size":2429152,"end_holes_size":2361992,"pool_local_chunks":0,"pool_shared_chunks":0,"pool_total_chunks":0,"new_space_capacity":8388608,"old_gen_allocation_limit":59683808,"global_allocation_limit":59683904,"allocation_throughput":231065,"new_space_allocation_throughput":174396,"new_space_survive_rate":19.5201,"allocated":9439928,"promoted":591416,"new_space_survived":1953400,"nodes_died_in_new":1,"nodes_copied_in_new":2,"nodes_promoted":9,"promotion_ratio":5.90997,"average_survival_ratio":45.9282,"promotion_rate":97.2365,"during_sweeping":false,"heap.prologue":0,"heap.epilogue":0,"heap.external.prologue":0,"heap.external.epilogue":0,"heap.external_weak_global_handles":0.001,"complete.sweep_array_buffers":0,"scavenge":0.305,"scavenge.free_remembered_set":0.003,"scavenge.roots":0.02,"scavenge.weak":0,"scavenge.weak_global_handles.identify":0,"scavenge.weak_global_handles.process":0,"scavenge.parallel":0.213,"scavenge.pin_objects_conservative":0,"scavenge.pin_objects_precise":0,"scavenge.restore_pinned":0,"scavenge.sweep_array_buffers":0.002,"scavenge.resize_new_space":0,"background.scavenge.parallel":0.712,"incremental.steps_count":0,"incremental.steps_took":0,"scavenge_throughput":4.58567e+06,"quarantined_size":0,"quarantined_pages":0}
[marking dependent code 0x230626db33e9 <Code MAGLEV> (0x0c10797b91e1 <SharedFunctionInfo flatten>) (opt id 160) for deoptimization, reason: dependent allocation site tenuring changed]
[marking dependent code 0x230626db2621 <Code MAGLEV> (0x0c10797b94f9 <SharedFunctionInfo spanned>) (opt id 157) for deoptimization, reason: dependent allocation site tenuring changed]
[marking dependent code 0x1679d88dca91 <Code MAGLEV> (0x2644176c1e51 <SharedFunctionInfo>) (opt id 156) for deoptimization, reason: dependent allocation site tenuring changed]
[marking dependent code 0x230626db2309 <Code MAGLEV> (0x0c10797b9031 <SharedFunctionInfo literal>) (opt id 155) for deoptimization, reason: dependent allocation site tenuring changed]
[marking dependent code 0x230626db0939 <Code MAGLEV> (0x3620fa6ef261 <SharedFunctionInfo createParserContext>) (opt id 146) for deoptimization, reason: dependent allocation site tenuring changed]
[completed compiling 0x31c9be3802c9 <JSFunction compileTerminals (sfi = 0xc10797b9199)> (target MAGLEV) OSR - took 0.000, 0.817, 0.004 ms]
[compiling method 0x31c9be3802c9 <JSFunction compileTerminals (sfi = 0xc10797b9199)> (target TURBOFAN_JS) OSR, mode: ConcurrencyMode::kConcurrent]
[bailout (kind: deopt-eager, reason: Insufficient type feedback for compare operation): begin. deoptimizing 0x31c9be3802c9 <JSFunction compileTerminals (sfi = 0xc10797b9199)>, 0x1aca9d5f23c9 <Code MAGLEV>, opt id 162, bytecode offset 1338, deopt exit 54, FP to SP delta 400, caller SP 0x00016af75318, pc 0x000127807f84]
[marking 0x0ad3d5840b91 <JSFunction (sfi = 0x28d70d203e71)> for optimization to MAGLEV, ConcurrencyMode::kConcurrent, reason: hot and stable]
[compiling method 0x0ad3d5840b91 <JSFunction (sfi = 0x28d70d203e71)> (target MAGLEV), mode: ConcurrencyMode::kConcurrent]
[completed compiling 0x0ad3d5840b91 <JSFunction (sfi = 0x28d70d203e71)> (target MAGLEV) - took 0.000, 0.025, 0.001 ms]
[marking 0x31c9be398199 <JSFunction flatten (sfi = 0xc10797b91e1)> for optimization to MAGLEV, ConcurrencyMode::kConcurrent, reason: hot and stable]
[marking 0x0ad3d584e389 <JSFunction (sfi = 0x2644176c1e99)> for optimization to MAGLEV, ConcurrencyMode::kConcurrent, reason: hot and stable]
[compiling method 0x0ad3d584e389 <JSFunction (sfi = 0x2644176c1e99)> (target MAGLEV), mode: ConcurrencyMode::kConcurrent]
[completed compiling 0x0ad3d584e389 <JSFunction (sfi = 0x2644176c1e99)> (target MAGLEV) - took 0.000, 0.017, 0.000 ms]
[marking 0x2b6a0f4a46f1 <JSFunction (sfi = 0xc10797bff91)> for optimization to MAGLEV, ConcurrencyMode::kConcurrent, reason: hot and stable]
[compiling method 0x2b6a0f4a4681 <JSFunction (sfi = 0xc10797bff91)> (target MAGLEV), mode: ConcurrencyMode::kConcurrent]
[marking 0x34168d0575d1 <JSFunction mergeErrorState (sfi = 0x323d9ac83649)> for optimization to MAGLEV, ConcurrencyMode::kConcurrent, reason: hot and stable]
[compiling method 0x34168d0575d1 <JSFunction mergeErrorState (sfi = 0x323d9ac83649)> (target MAGLEV), mode: ConcurrencyMode::kConcurrent]
[marking 0x34168d05f939 <JSFunction rollback (sfi = 0x3620fa6ef531)> for optimization to MAGLEV, ConcurrencyMode::kConcurrent, reason: hot and stable]
[compiling method 0x34168d05f939 <JSFunction rollback (sfi = 0x3620fa6ef531)> (target MAGLEV), mode: ConcurrencyMode::kConcurrent]
[marking 0x2b6a0f4b0921 <JSFunction stringParser (sfi = 0x104cfbab1b79)> for optimization to MAGLEV, ConcurrencyMode::kConcurrent, reason: hot and stable]
[completed compiling 0x2b6a0f4a4681 <JSFunction (sfi = 0xc10797bff91)> (target MAGLEV) - took 0.000, 0.055, 0.003 ms]
[compiling method 0x2b6a0f4b0989 <JSFunction stringParser (sfi = 0x104cfbab1b79)> (target MAGLEV), mode: ConcurrencyMode::kConcurrent]
[completed compiling 0x34168d0575d1 <JSFunction mergeErrorState (sfi = 0x323d9ac83649)> (target MAGLEV) - took 0.000, 0.070, 0.002 ms]
[completed compiling 0x34168d05f939 <JSFunction rollback (sfi = 0x3620fa6ef531)> (target MAGLEV) - took 0.000, 0.052, 0.001 ms]
[marking 0x0f3121537809 <JSFunction (sfi = 0x323d9ac83919)> for optimization to MAGLEV, ConcurrencyMode::kConcurrent, reason: hot and stable]
[compiling method 0x0f3121537809 <JSFunction (sfi = 0x323d9ac83919)> (target MAGLEV), mode: ConcurrencyMode::kConcurrent]
[completed compiling 0x2b6a0f4b0989 <JSFunction stringParser (sfi = 0x104cfbab1b79)> (target MAGLEV) - took 0.000, 0.063, 0.002 ms]
[completed compiling 0x0f3121537809 <JSFunction (sfi = 0x323d9ac83919)> (target MAGLEV) - took 0.000, 0.011, 0.000 ms]
[marking 0x1c406b7d2bb9 <JSFunction anyParser (sfi = 0x104cfbab5529)> for optimization to MAGLEV, ConcurrencyMode::kConcurrent, reason: hot and stable]
[compiling method 0x1c406b7d2bb9 <JSFunction anyParser (sfi = 0x104cfbab5529)> (target MAGLEV), mode: ConcurrencyMode::kConcurrent]
[completed compiling 0x1c406b7d2bb9 <JSFunction anyParser (sfi = 0x104cfbab5529)> (target MAGLEV) - took 0.000, 0.263, 0.003 ms]
[marking 0x34168d0575d1 <JSFunction mergeErrorState (sfi = 0x323d9ac83649)> for optimization to TURBOFAN_JS, ConcurrencyMode::kConcurrent, reason: hot and stable]
[compiling method 0x34168d0575d1 <JSFunction mergeErrorState (sfi = 0x323d9ac83649)> (target TURBOFAN_JS), mode: ConcurrencyMode::kConcurrent]
[marking 0x2b6a0f4b2ee9 <JSFunction stringParser (sfi = 0x104cfbab1b79)> for optimization to TURBOFAN_JS, ConcurrencyMode::kConcurrent, reason: hot and stable]
[compiling method 0x2b6a0f4b2f51 <JSFunction stringParser (sfi = 0x104cfbab1b79)> (target TURBOFAN_JS), mode: ConcurrencyMode::kConcurrent]
[marking 0x34168d05f9e1 <JSFunction unsafeSetValue (sfi = 0x3620fa6ef609)> for optimization to MAGLEV, ConcurrencyMode::kConcurrent, reason: hot and stable]
[compiling method 0x34168d05f9e1 <JSFunction unsafeSetValue (sfi = 0x3620fa6ef609)> (target MAGLEV), mode: ConcurrencyMode::kConcurrent]
[completed compiling 0x34168d05f9e1 <JSFunction unsafeSetValue (sfi = 0x3620fa6ef609)> (target MAGLEV) - took 0.000, 0.022, 0.001 ms]
[completed compiling 0x31c9be3802c9 <JSFunction compileTerminals (sfi = 0xc10797b9199)> (target TURBOFAN_JS) OSR - took 0.001, 2.090, 0.011 ms]
[completed optimizing 0x31c9be3802c9 <JSFunction compileTerminals (sfi = 0xc10797b9199)> (target TURBOFAN_JS) OSR]
[marking 0x0f3121537809 <JSFunction (sfi = 0x323d9ac83919)> for optimization to TURBOFAN_JS, ConcurrencyMode::kConcurrent, reason: hot and stable]
[compiling method 0x0f3121537809 <JSFunction (sfi = 0x323d9ac83919)> (target TURBOFAN_JS), mode: ConcurrencyMode::kConcurrent]
[completed compiling 0x34168d0575d1 <JSFunction mergeErrorState (sfi = 0x323d9ac83649)> (target TURBOFAN_JS) - took 0.001, 0.560, 0.004 ms]
[completed optimizing 0x34168d0575d1 <JSFunction mergeErrorState (sfi = 0x323d9ac83649)> (target TURBOFAN_JS)]
[completed compiling 0x0f3121537809 <JSFunction (sfi = 0x323d9ac83919)> (target TURBOFAN_JS) - took 0.000, 0.064, 0.001 ms]
[completed optimizing 0x0f3121537809 <JSFunction (sfi = 0x323d9ac83919)> (target TURBOFAN_JS)]
[marking 0x34168d057819 <JSFunction ParserState (sfi = 0x3620fa6ef849)> for optimization to MAGLEV, ConcurrencyMode::kConcurrent, reason: hot and stable]
[marking 0x0f312152e261 <JSFunction ParserState (sfi = 0x3620fa6ef411)> for optimization to MAGLEV, ConcurrencyMode::kConcurrent, reason: hot and stable]
[compiling method 0x0f312152e261 <JSFunction ParserState (sfi = 0x3620fa6ef411)> (target MAGLEV), mode: ConcurrencyMode::kConcurrent]
[compiling method 0x34168d057819 <JSFunction ParserState (sfi = 0x3620fa6ef849)> (target MAGLEV), mode: ConcurrencyMode::kConcurrent]
[completed compiling 0x34168d057819 <JSFunction ParserState (sfi = 0x3620fa6ef849)> (target MAGLEV) - took 0.000, 0.041, 0.001 ms]
[completed compiling 0x0f312152e261 <JSFunction ParserState (sfi = 0x3620fa6ef411)> (target MAGLEV) - took 0.000, 0.092, 0.003 ms]
[marking 0x1c406b7d2bb9 <JSFunction anyParser (sfi = 0x104cfbab5529)> for optimization to TURBOFAN_JS, ConcurrencyMode::kConcurrent, reason: hot and stable]
[compiling method 0x1c406b7d2bb9 <JSFunction anyParser (sfi = 0x104cfbab5529)> (target TURBOFAN_JS), mode: ConcurrencyMode::kConcurrent]
[marking 0x31c9be3909a9 <JSFunction (sfi = 0x3c4e2f5dddf1)> for optimization to MAGLEV, ConcurrencyMode::kConcurrent, reason: hot and stable]
[compiling method 0x31c9be3909a9 <JSFunction (sfi = 0x3c4e2f5dddf1)> (target MAGLEV), mode: ConcurrencyMode::kConcurrent]
[completed compiling 0x31c9be3909a9 <JSFunction (sfi = 0x3c4e2f5dddf1)> (target MAGLEV) - took 0.000, 0.147, 0.005 ms]
[marking 0x3e77d3da30e1 <JSFunction (sfi = 0x3620fa6ef339)> for optimization to MAGLEV, ConcurrencyMode::kConcurrent, reason: hot and stable]
[compiling method 0x3e77d3da30e1 <JSFunction (sfi = 0x3620fa6ef339)> (target MAGLEV), mode: ConcurrencyMode::kConcurrent]
[completed compiling 0x3e77d3da30e1 <JSFunction (sfi = 0x3620fa6ef339)> (target MAGLEV) - took 0.000, 0.013, 0.001 ms]
[completed compiling 0x1c406b7d2bb9 <JSFunction anyParser (sfi = 0x104cfbab5529)> (target TURBOFAN_JS) - took 0.000, 0.980, 0.018 ms]
[completed optimizing 0x1c406b7d2bb9 <JSFunction anyParser (sfi = 0x104cfbab5529)> (target TURBOFAN_JS)]
[completed compiling 0x2b6a0f4b2f51 <JSFunction stringParser (sfi = 0x104cfbab1b79)> (target TURBOFAN_JS) - took 0.000, 1.934, 0.019 ms]
[completed optimizing 0x2b6a0f4b2f51 <JSFunction stringParser (sfi = 0x104cfbab1b79)> (target TURBOFAN_JS)]
[marking 0x31c9be392699 <JSFunction stringParser (sfi = 0x104cfbab1b31)> for optimization to MAGLEV, ConcurrencyMode::kConcurrent, reason: hot and stable]
[compiling method 0x1ae9b75b3ed9 <JSFunction stringParser (sfi = 0x104cfbab1b31)> (target MAGLEV), mode: ConcurrencyMode::kConcurrent]
[completed compiling 0x1ae9b75b3ed9 <JSFunction stringParser (sfi = 0x104cfbab1b31)> (target MAGLEV) - took 0.000, 0.115, 0.003 ms]
[marking 0x376285fe3131 <JSFunction parseStateInner (sfi = 0x28d70d2359b1)> for optimization to MAGLEV, ConcurrencyMode::kConcurrent, reason: hot and stable]
[marking 0x376285fe37f9 <JSFunction parseState (sfi = 0x28d70d235969)> for optimization to MAGLEV, ConcurrencyMode::kConcurrent, reason: hot and stable]
[marking 0x0ad3d58557c9 <JSFunction (sfi = 0x2644176c1ee1)> for optimization to MAGLEV, ConcurrencyMode::kConcurrent, reason: hot and stable]
[compiling method 0x0ad3d58557c9 <JSFunction (sfi = 0x2644176c1ee1)> (target MAGLEV), mode: ConcurrencyMode::kConcurrent]
[compiling method 0x376285fe37f9 <JSFunction parseState (sfi = 0x28d70d235969)> (target MAGLEV), mode: ConcurrencyMode::kConcurrent]
[compiling method 0x376285fe3131 <JSFunction parseStateInner (sfi = 0x28d70d2359b1)> (target MAGLEV), mode: ConcurrencyMode::kConcurrent]
[completed compiling 0x376285fe37f9 <JSFunction parseState (sfi = 0x28d70d235969)> (target MAGLEV) - took 0.000, 0.104, 0.003 ms]
[completed compiling 0x0ad3d58557c9 <JSFunction (sfi = 0x2644176c1ee1)> (target MAGLEV) - took 0.000, 0.169, 0.002 ms]
[completed compiling 0x376285fe3131 <JSFunction parseStateInner (sfi = 0x28d70d2359b1)> (target MAGLEV) - took 0.000, 0.115, 0.003 ms]
[marking 0x34168d057591 <JSFunction isDiagnosticsEnabled (sfi = 0x323d9ac83601)> for optimization to MAGLEV, ConcurrencyMode::kConcurrent, reason: hot and stable]
[compiling method 0x34168d057591 <JSFunction isDiagnosticsEnabled (sfi = 0x323d9ac83601)> (target MAGLEV), mode: ConcurrencyMode::kConcurrent]
[completed compiling 0x34168d057591 <JSFunction isDiagnosticsEnabled (sfi = 0x323d9ac83601)> (target MAGLEV) - took 0.000, 0.014, 0.000 ms]
[marking 0x34168d05f891 <JSFunction ok (sfi = 0x3620fa6ef459)> for optimization to MAGLEV, ConcurrencyMode::kConcurrent, reason: hot and stable]
[compiling method 0x34168d05f891 <JSFunction ok (sfi = 0x3620fa6ef459)> (target MAGLEV), mode: ConcurrencyMode::kConcurrent]
[completed compiling 0x34168d05f891 <JSFunction ok (sfi = 0x3620fa6ef459)> (target MAGLEV) - took 0.000, 0.048, 0.002 ms]
[marking 0x34168d078af1 <JSFunction (sfi = 0x104cfbaa8269)> for optimization to MAGLEV, ConcurrencyMode::kConcurrent, reason: hot and stable]
[marking 0x34168d078b29 <JSFunction (sfi = 0x104cfbaa82b1)> for optimization to MAGLEV, ConcurrencyMode::kConcurrent, reason: hot and stable]
[compiling method 0x34168d078af1 <JSFunction (sfi = 0x104cfbaa8269)> (target MAGLEV), mode: ConcurrencyMode::kConcurrent]
[completed compiling 0x34168d078af1 <JSFunction (sfi = 0x104cfbaa8269)> (target MAGLEV) - took 0.000, 0.011, 0.001 ms]
[compiling method 0x34168d078b29 <JSFunction (sfi = 0x104cfbaa82b1)> (target MAGLEV), mode: ConcurrencyMode::kConcurrent]
[completed compiling 0x34168d078b29 <JSFunction (sfi = 0x104cfbaa82b1)> (target MAGLEV) - took 0.000, 0.012, 0.000 ms]
[marking 0x0f31215396f9 <JSFunction (sfi = 0x323d9ac838d1)> for optimization to MAGLEV, ConcurrencyMode::kConcurrent, reason: hot and stable]
[compiling method 0x0f31215396f9 <JSFunction (sfi = 0x323d9ac838d1)> (target MAGLEV), mode: ConcurrencyMode::kConcurrent]
[completed compiling 0x0f31215396f9 <JSFunction (sfi = 0x323d9ac838d1)> (target MAGLEV) - took 0.000, 0.015, 0.000 ms]
[74519:0xb1340c000:0]      344 ms: GC: {"pause":0.289,"mutator":63.711,"gc":"s","reduce_memory":false,"time_to_safepoint":0,"stack":true,"reason":"allocation failure","collector_reason":"","start_object_size":25979552,"end_object_size":18772856,"start_memory_size":36929536,"end_memory_size":37715968,"start_holes_size":2504080,"end_holes_size":2346176,"pool_local_chunks":0,"pool_shared_chunks":0,"pool_total_chunks":0,"new_space_capacity":8388608,"old_gen_allocation_limit":59683808,"global_allocation_limit":59683904,"allocation_throughput":187613,"new_space_allocation_throughput":147188,"new_space_survive_rate":1.10232,"allocated":6375744,"promoted":944288,"new_space_survived":92464,"nodes_died_in_new":0,"nodes_copied_in_new":0,"nodes_promoted":2,"promotion_ratio":11.2575,"average_survival_ratio":39.9415,"promotion_rate":48.3407,"during_sweeping":false,"heap.prologue":0,"heap.epilogue":0.001,"heap.external.prologue":0,"heap.external.epilogue":0,"heap.external_weak_global_handles":0,"complete.sweep_array_buffers":0,"scavenge":0.274,"scavenge.free_remembered_set":0.005,"scavenge.roots":0.023,"scavenge.weak":0,"scavenge.weak_global_handles.identify":0,"scavenge.weak_global_handles.process":0,"scavenge.parallel":0.156,"scavenge.pin_objects_conservative":0,"scavenge.pin_objects_precise":0,"scavenge.restore_pinned":0.001,"scavenge.sweep_array_buffers":0.002,"scavenge.resize_new_space":0,"background.scavenge.parallel":0.547,"incremental.steps_count":0,"incremental.steps_took":0,"scavenge_throughput":4.5649e+06,"quarantined_size":0,"quarantined_pages":0}
[marking 0x1292c4f801d9 <JSFunction stringParser (sfi = 0x104cfbab1b31)> for optimization to TURBOFAN_JS, ConcurrencyMode::kConcurrent, reason: hot and stable]
[compiling method 0x1292c4fae4c9 <JSFunction stringParser (sfi = 0x104cfbab1b31)> (target TURBOFAN_JS), mode: ConcurrencyMode::kConcurrent]
[completed compiling 0x1292c4fae4c9 <JSFunction stringParser (sfi = 0x104cfbab1b31)> (target TURBOFAN_JS) - took 0.003, 1.194, 0.016 ms]
[completed optimizing 0x1292c4fae4c9 <JSFunction stringParser (sfi = 0x104cfbab1b31)> (target TURBOFAN_JS)]
[marking 0x1292c4f80109 <JSFunction (sfi = 0xc10797bff91)> for optimization to TURBOFAN_JS, ConcurrencyMode::kConcurrent, reason: hot and stable]
[compiling method 0x1292c4f80109 <JSFunction (sfi = 0xc10797bff91)> (target TURBOFAN_JS), mode: ConcurrencyMode::kConcurrent]
[completed compiling 0x1292c4f80109 <JSFunction (sfi = 0xc10797bff91)> (target TURBOFAN_JS) - took 0.001, 0.494, 0.008 ms]
[completed optimizing 0x1292c4f80109 <JSFunction (sfi = 0xc10797bff91)> (target TURBOFAN_JS)]
[marking 0x0f312152e261 <JSFunction ParserState (sfi = 0x3620fa6ef411)> for optimization to TURBOFAN_JS, ConcurrencyMode::kConcurrent, reason: hot and stable]
[compiling method 0x0f312152e261 <JSFunction ParserState (sfi = 0x3620fa6ef411)> (target TURBOFAN_JS), mode: ConcurrencyMode::kConcurrent]
[completed compiling 0x0f312152e261 <JSFunction ParserState (sfi = 0x3620fa6ef411)> (target TURBOFAN_JS) - took 0.002, 0.522, 0.012 ms]
[completed optimizing 0x0f312152e261 <JSFunction ParserState (sfi = 0x3620fa6ef411)> (target TURBOFAN_JS)]
[marking 0x039c1aa72421 <JSFunction (sfi = 0x2644176c1ae9)> for optimization to MAGLEV, ConcurrencyMode::kConcurrent, reason: hot and stable]
[marking 0x0f312151b699 <JSFunction (sfi = 0x3c4e2f5dddf1)> for optimization to TURBOFAN_JS, ConcurrencyMode::kConcurrent, reason: hot and stable]
[compiling method 0x0f312151b699 <JSFunction (sfi = 0x3c4e2f5dddf1)> (target TURBOFAN_JS), mode: ConcurrencyMode::kConcurrent]
[completed compiling 0x0f312151b699 <JSFunction (sfi = 0x3c4e2f5dddf1)> (target TURBOFAN_JS) - took 0.004, 1.143, 0.024 ms]
[completed optimizing 0x0f312151b699 <JSFunction (sfi = 0x3c4e2f5dddf1)> (target TURBOFAN_JS)]
[compiling method 0x039c1aa72421 <JSFunction (sfi = 0x2644176c1ae9)> (target MAGLEV) OSR, mode: ConcurrencyMode::kConcurrent]
[completed compiling 0x039c1aa72421 <JSFunction (sfi = 0x2644176c1ae9)> (target MAGLEV) OSR - took 0.000, 0.216, 0.004 ms]
[compiling method 0x039c1aa72421 <JSFunction (sfi = 0x2644176c1ae9)> (target TURBOFAN_JS) OSR, mode: ConcurrencyMode::kConcurrent]
[completed compiling 0x039c1aa72421 <JSFunction (sfi = 0x2644176c1ae9)> (target TURBOFAN_JS) OSR - took 0.005, 2.377, 0.021 ms]
[completed optimizing 0x039c1aa72421 <JSFunction (sfi = 0x2644176c1ae9)> (target TURBOFAN_JS) OSR]
[bailout (kind: deopt-eager, reason: prepare for on stack replacement (OSR)): begin. deoptimizing 0x039c1aa72421 <JSFunction (sfi = 0x2644176c1ae9)>, 0x1aca9d5f6359 <Code MAGLEV>, opt id 194, bytecode offset 759, deopt exit 17, FP to SP delta 240, caller SP 0x00016af75750, pc 0x00012780e548]
[marking 0x3e77d3da30e1 <JSFunction (sfi = 0x3620fa6ef339)> for optimization to TURBOFAN_JS, ConcurrencyMode::kConcurrent, reason: hot and stable]
[compiling method 0x3e77d3da30e1 <JSFunction (sfi = 0x3620fa6ef339)> (target TURBOFAN_JS), mode: ConcurrencyMode::kConcurrent]
[completed compiling 0x3e77d3da30e1 <JSFunction (sfi = 0x3620fa6ef339)> (target TURBOFAN_JS) - took 0.003, 0.162, 0.008 ms]
[completed optimizing 0x3e77d3da30e1 <JSFunction (sfi = 0x3620fa6ef339)> (target TURBOFAN_JS)]
[74519:0xb1340c000:0]      448 ms: GC: {"pause":0.243,"mutator":103.544,"gc":"s","reduce_memory":false,"time_to_safepoint":0,"stack":true,"reason":"allocation failure","collector_reason":"","start_object_size":26949320,"end_object_size":18686232,"start_memory_size":37715968,"end_memory_size":37715968,"start_holes_size":2320696,"end_holes_size":2231312,"pool_local_chunks":0,"pool_shared_chunks":0,"pool_total_chunks":0,"new_space_capacity":8388608,"old_gen_allocation_limit":59683808,"global_allocation_limit":59683904,"allocation_throughput":136640,"new_space_allocation_throughput":112122,"new_space_survive_rate":0.0450162,"allocated":8176464,"promoted":89384,"new_space_survived":3776,"nodes_died_in_new":0,"nodes_copied_in_new":0,"nodes_promoted":0,"promotion_ratio":1.06561,"average_survival_ratio":34.6301,"promotion_rate":96.669,"during_sweeping":false,"heap.prologue":0,"heap.epilogue":0,"heap.external.prologue":0,"heap.external.epilogue":0,"heap.external_weak_global_handles":0,"complete.sweep_array_buffers":0,"scavenge":0.223,"scavenge.free_remembered_set":0.005,"scavenge.roots":0.037,"scavenge.weak":0,"scavenge.weak_global_handles.identify":0,"scavenge.weak_global_handles.process":0,"scavenge.parallel":0.073,"scavenge.pin_objects_conservative":0,"scavenge.pin_objects_precise":0,"scavenge.restore_pinned":0.002,"scavenge.sweep_array_buffers":0.004,"scavenge.resize_new_space":0.001,"background.scavenge.parallel":0.199,"incremental.steps_count":0,"incremental.steps_took":0,"scavenge_throughput":4.32602e+06,"quarantined_size":0,"quarantined_pages":0}
[marking 0x34168d078af1 <JSFunction (sfi = 0x104cfbaa8269)> for optimization to TURBOFAN_JS, ConcurrencyMode::kConcurrent, reason: hot and stable]
[compiling method 0x34168d078af1 <JSFunction (sfi = 0x104cfbaa8269)> (target TURBOFAN_JS), mode: ConcurrencyMode::kConcurrent]
[marking 0x34168d078b29 <JSFunction (sfi = 0x104cfbaa82b1)> for optimization to TURBOFAN_JS, ConcurrencyMode::kConcurrent, reason: hot and stable]
[compiling method 0x34168d078b29 <JSFunction (sfi = 0x104cfbaa82b1)> (target TURBOFAN_JS), mode: ConcurrencyMode::kConcurrent]
[completed compiling 0x34168d078b29 <JSFunction (sfi = 0x104cfbaa82b1)> (target TURBOFAN_JS) - took 0.001, 0.131, 0.015 ms]
[completed optimizing 0x34168d078b29 <JSFunction (sfi = 0x104cfbaa82b1)> (target TURBOFAN_JS)]
[completed compiling 0x34168d078af1 <JSFunction (sfi = 0x104cfbaa8269)> (target TURBOFAN_JS) - took 0.004, 0.163, 0.002 ms]
[completed optimizing 0x34168d078af1 <JSFunction (sfi = 0x104cfbaa8269)> (target TURBOFAN_JS)]
[74519:0xb1340c000:0]      575 ms: GC: {"pause":0.082,"mutator":126.828,"gc":"s","reduce_memory":false,"time_to_safepoint":0,"stack":true,"reason":"allocation failure","collector_reason":"","start_object_size":27040016,"end_object_size":18688640,"start_memory_size":37715968,"end_memory_size":37715968,"start_holes_size":2230000,"end_holes_size":2226224,"pool_local_chunks":0,"pool_shared_chunks":0,"pool_total_chunks":0,"new_space_capacity":8388608,"old_gen_allocation_limit":59683808,"global_allocation_limit":59683904,"allocation_throughput":95660.4,"new_space_allocation_throughput":85063.6,"new_space_survive_rate":0.0042918,"allocated":8353784,"promoted":3776,"new_space_survived":360,"nodes_died_in_new":0,"nodes_copied_in_new":0,"nodes_promoted":0,"promotion_ratio":0.0450162,"average_survival_ratio":28.071,"promotion_rate":100,"during_sweeping":false,"heap.prologue":0,"heap.epilogue":0,"heap.external.prologue":0,"heap.external.epilogue":0,"heap.external_weak_global_handles":0,"complete.sweep_array_buffers":0,"scavenge":0.066,"scavenge.free_remembered_set":0.002,"scavenge.roots":0.011,"scavenge.weak":0,"scavenge.weak_global_handles.identify":0,"scavenge.weak_global_handles.process":0,"scavenge.parallel":0,"scavenge.pin_objects_conservative":0,"scavenge.pin_objects_precise":0,"scavenge.restore_pinned":0.001,"scavenge.sweep_array_buffers":0,"scavenge.resize_new_space":0,"background.scavenge.parallel":0.029,"incremental.steps_count":0,"incremental.steps_took":0,"scavenge_throughput":4.38029e+06,"quarantined_size":0,"quarantined_pages":0}
[marking 0x0f31215396f9 <JSFunction (sfi = 0x323d9ac838d1)> for optimization to TURBOFAN_JS, ConcurrencyMode::kConcurrent, reason: hot and stable]
[compiling method 0x0f31215396f9 <JSFunction (sfi = 0x323d9ac838d1)> (target TURBOFAN_JS), mode: ConcurrencyMode::kConcurrent]
[completed compiling 0x0f31215396f9 <JSFunction (sfi = 0x323d9ac838d1)> (target TURBOFAN_JS) - took 0.004, 0.160, 0.012 ms]
[completed optimizing 0x0f31215396f9 <JSFunction (sfi = 0x323d9ac838d1)> (target TURBOFAN_JS)]
[74519:0xb1340c000:0]      694 ms: GC: {"pause":0.064,"mutator":119.714,"gc":"s","reduce_memory":false,"time_to_safepoint":0,"stack":true,"reason":"allocation failure","collector_reason":"","start_object_size":27044448,"end_object_size":18656352,"start_memory_size":37715968,"end_memory_size":37715968,"start_holes_size":2225568,"end_holes_size":2225568,"pool_local_chunks":0,"pool_shared_chunks":0,"pool_total_chunks":0,"new_space_capacity":8388608,"old_gen_allocation_limit":59683808,"global_allocation_limit":59683904,"allocation_throughput":81095,"new_space_allocation_throughput":76452.5,"new_space_survive_rate":0,"allocated":8355808,"promoted":0,"new_space_survived":0,"nodes_died_in_new":0,"nodes_copied_in_new":0,"nodes_promoted":0,"promotion_ratio":0,"average_survival_ratio":22.9955,"promotion_rate":0,"during_sweeping":false,"heap.prologue":0,"heap.epilogue":0.001,"heap.external.prologue":0,"heap.external.epilogue":0,"heap.external_weak_global_handles":0,"complete.sweep_array_buffers":0,"scavenge":0.049,"scavenge.free_remembered_set":0,"scavenge.roots":0.007,"scavenge.weak":0,"scavenge.weak_global_handles.identify":0.001,"scavenge.weak_global_handles.process":0,"scavenge.parallel":0,"scavenge.pin_objects_conservative":0,"scavenge.pin_objects_precise":0,"scavenge.restore_pinned":0.001,"scavenge.sweep_array_buffers":0,"scavenge.resize_new_space":0.001,"background.scavenge.parallel":0,"incremental.steps_count":0,"incremental.steps_took":0,"scavenge_throughput":4.26607e+06,"quarantined_size":0,"quarantined_pages":0}
[74519:0xb1340c000:0]      819 ms: GC: {"pause":0.066,"mutator":124.705,"gc":"s","reduce_memory":false,"time_to_safepoint":0,"stack":true,"reason":"allocation failure","collector_reason":"","start_object_size":27044448,"end_object_size":18689216,"start_memory_size":37715968,"end_memory_size":37715968,"start_holes_size":2225568,"end_holes_size":2225568,"pool_local_chunks":0,"pool_shared_chunks":0,"pool_total_chunks":0,"new_space_capacity":8388608,"old_gen_allocation_limit":59683808,"global_allocation_limit":59683904,"allocation_throughput":73090.5,"new_space_allocation_throughput":71134.6,"new_space_survive_rate":0.00333806,"allocated":8388096,"promoted":0,"new_space_survived":280,"nodes_died_in_new":0,"nodes_copied_in_new":0,"nodes_promoted":0,"promotion_ratio":0,"average_survival_ratio":16.7768,"promotion_rate":0,"during_sweeping":false,"heap.prologue":0,"heap.epilogue":0.001,"heap.external.prologue":0,"heap.external.epilogue":0,"heap.external_weak_global_handles":0,"complete.sweep_array_buffers":0,"scavenge":0.056,"scavenge.free_remembered_set":0,"scavenge.roots":0.016,"scavenge.weak":0,"scavenge.weak_global_handles.identify":0,"scavenge.weak_global_handles.process":0,"scavenge.parallel":0.001,"scavenge.pin_objects_conservative":0,"scavenge.pin_objects_precise":0,"scavenge.restore_pinned":0,"scavenge.sweep_array_buffers":0,"scavenge.resize_new_space":0,"background.scavenge.parallel":0,"incremental.steps_count":0,"incremental.steps_took":0,"scavenge_throughput":4.03116e+06,"quarantined_size":0,"quarantined_pages":0}
[74519:0xb1340c000:0]      947 ms: GC: {"pause":0.054,"mutator":127.562,"gc":"s","reduce_memory":false,"time_to_safepoint":0,"stack":true,"reason":"allocation failure","collector_reason":"","start_object_size":27044448,"end_object_size":18656352,"start_memory_size":37715968,"end_memory_size":37715968,"start_holes_size":2225568,"end_holes_size":2225568,"pool_local_chunks":0,"pool_shared_chunks":0,"pool_total_chunks":0,"new_space_capacity":8388608,"old_gen_allocation_limit":59683808,"global_allocation_limit":59683904,"allocation_throughput":68634.6,"new_space_allocation_throughput":67826.7,"new_space_survive_rate":0,"allocated":8355232,"promoted":0,"new_space_survived":0,"nodes_died_in_new":0,"nodes_copied_in_new":0,"nodes_promoted":0,"promotion_ratio":0,"average_survival_ratio":8.74127,"promotion_rate":0,"during_sweeping":false,"heap.prologue":0,"heap.epilogue":0.001,"heap.external.prologue":0,"heap.external.epilogue":0,"heap.external_weak_global_handles":0,"complete.sweep_array_buffers":0,"scavenge":0.042,"scavenge.free_remembered_set":0,"scavenge.roots":0.009,"scavenge.weak":0,"scavenge.weak_global_handles.identify":0.001,"scavenge.weak_global_handles.process":0,"scavenge.parallel":0,"scavenge.pin_objects_conservative":0,"scavenge.pin_objects_precise":0,"scavenge.restore_pinned":0,"scavenge.sweep_array_buffers":0,"scavenge.resize_new_space":0,"background.scavenge.parallel":0,"incremental.steps_count":0,"incremental.steps_took":0,"scavenge_throughput":3.724e+06,"quarantined_size":0,"quarantined_pages":0}
[bailout (kind: deopt-eager, reason: Insufficient type feedback for generic named access): begin. deoptimizing 0x039c1aa72421 <JSFunction (sfi = 0x2644176c1ae9)>, 0x230626dbd8a9 <Code TURBOFAN_JS>, opt id 195, bytecode offset 766, deopt exit 21, FP to SP delta 320, caller SP 0x00016af75750, pc 0x000127866d20]
[marking 0x376285fe3131 <JSFunction parseStateInner (sfi = 0x28d70d2359b1)> for optimization to TURBOFAN_JS, ConcurrencyMode::kConcurrent, reason: hot and stable]
[compiling method 0x376285fe3131 <JSFunction parseStateInner (sfi = 0x28d70d2359b1)> (target TURBOFAN_JS), mode: ConcurrencyMode::kConcurrent]
[completed compiling 0x376285fe3131 <JSFunction parseStateInner (sfi = 0x28d70d2359b1)> (target TURBOFAN_JS) - took 0.004, 2.192, 0.057 ms]
[completed optimizing 0x376285fe3131 <JSFunction parseStateInner (sfi = 0x28d70d2359b1)> (target TURBOFAN_JS)]
[marking 0x0669750ca1a1 <JSFunction (sfi = 0x2644176c1ee1)> for optimization to TURBOFAN_JS, ConcurrencyMode::kConcurrent, reason: hot and stable]
[compiling method 0x0669750ca1a1 <JSFunction (sfi = 0x2644176c1ee1)> (target TURBOFAN_JS), mode: ConcurrencyMode::kConcurrent]
[completed compiling 0x0669750ca1a1 <JSFunction (sfi = 0x2644176c1ee1)> (target TURBOFAN_JS) - took 0.004, 0.781, 0.012 ms]
[completed optimizing 0x0669750ca1a1 <JSFunction (sfi = 0x2644176c1ee1)> (target TURBOFAN_JS)]
[74519:0xb1340c000:0]     1075 ms: GC: {"pause":0.116,"mutator":128.111,"gc":"s","reduce_memory":false,"time_to_safepoint":0,"stack":true,"reason":"allocation failure","collector_reason":"","start_object_size":27053456,"end_object_size":18698448,"start_memory_size":37715968,"end_memory_size":37715968,"start_holes_size":2216560,"end_holes_size":2216560,"pool_local_chunks":0,"pool_shared_chunks":0,"pool_total_chunks":0,"new_space_capacity":8388608,"old_gen_allocation_limit":59683808,"global_allocation_limit":59683904,"allocation_throughput":66816,"new_space_allocation_throughput":66442.2,"new_space_survive_rate":0.0340483,"allocated":8397104,"promoted":0,"new_space_survived":2856,"nodes_died_in_new":0,"nodes_copied_in_new":0,"nodes_promoted":0,"promotion_ratio":0,"average_survival_ratio":7.26523,"promotion_rate":0,"during_sweeping":false,"heap.prologue":0,"heap.epilogue":0,"heap.external.prologue":0,"heap.external.epilogue":0,"heap.external_weak_global_handles":0,"complete.sweep_array_buffers":0,"scavenge":0.069,"scavenge.free_remembered_set":0,"scavenge.roots":0.014,"scavenge.weak":0,"scavenge.weak_global_handles.identify":0.001,"scavenge.weak_global_handles.process":0,"scavenge.parallel":0.002,"scavenge.pin_objects_conservative":0,"scavenge.pin_objects_precise":0,"scavenge.restore_pinned":0,"scavenge.sweep_array_buffers":0,"scavenge.resize_new_space":0,"background.scavenge.parallel":0.008,"incremental.steps_count":0,"incremental.steps_took":0,"scavenge_throughput":3.44161e+06,"quarantined_size":0,"quarantined_pages":0}
[compiling method 0x039c1aa72421 <JSFunction (sfi = 0x2644176c1ae9)> (target MAGLEV) OSR, mode: ConcurrencyMode::kConcurrent]
[completed compiling 0x039c1aa72421 <JSFunction (sfi = 0x2644176c1ae9)> (target MAGLEV) OSR - took 0.001, 0.240, 0.004 ms]
[compiling method 0x039c1aa72421 <JSFunction (sfi = 0x2644176c1ae9)> (target TURBOFAN_JS) OSR, mode: ConcurrencyMode::kConcurrent]
[completed compiling 0x039c1aa72421 <JSFunction (sfi = 0x2644176c1ae9)> (target TURBOFAN_JS) OSR - took 0.005, 1.227, 0.024 ms]
[completed optimizing 0x039c1aa72421 <JSFunction (sfi = 0x2644176c1ae9)> (target TURBOFAN_JS) OSR]
[bailout (kind: deopt-eager, reason: prepare for on stack replacement (OSR)): begin. deoptimizing 0x039c1aa72421 <JSFunction (sfi = 0x2644176c1ae9)>, 0x1aca9d5f6cf9 <Code MAGLEV>, opt id 202, bytecode offset 825, deopt exit 17, FP to SP delta 240, caller SP 0x00016af75750, pc 0x000127868678]
[74519:0xb1340c000:0]     1201 ms: GC: {"pause":0.115,"mutator":126.091,"gc":"s","reduce_memory":false,"time_to_safepoint":0,"stack":true,"reason":"allocation failure","collector_reason":"","start_object_size":27061976,"end_object_size":18741568,"start_memory_size":37715968,"end_memory_size":37715968,"start_holes_size":2208040,"end_holes_size":2205984,"pool_local_chunks":0,"pool_shared_chunks":0,"pool_total_chunks":0,"new_space_capacity":8388608,"old_gen_allocation_limit":59683808,"global_allocation_limit":59683904,"allocation_throughput":66532.1,"new_space_allocation_throughput":66336.7,"new_space_survive_rate":0.00591314,"allocated":8363528,"promoted":2056,"new_space_survived":496,"nodes_died_in_new":0,"nodes_copied_in_new":0,"nodes_promoted":0,"promotion_ratio":0.0245109,"average_survival_ratio":5.72223,"promotion_rate":71.9888,"during_sweeping":false,"heap.prologue":0,"heap.epilogue":0.001,"heap.external.prologue":0,"heap.external.epilogue":0,"heap.external_weak_global_handles":0,"complete.sweep_array_buffers":0,"scavenge":0.1,"scavenge.free_remembered_set":0.002,"scavenge.roots":0.014,"scavenge.weak":0,"scavenge.weak_global_handles.identify":0.001,"scavenge.weak_global_handles.process":0,"scavenge.parallel":0.005,"scavenge.pin_objects_conservative":0,"scavenge.pin_objects_precise":0,"scavenge.restore_pinned":0.001,"scavenge.sweep_array_buffers":0,"scavenge.resize_new_space":0,"background.scavenge.parallel":0.022,"incremental.steps_count":0,"incremental.steps_took":0,"scavenge_throughput":3.09101e+06,"quarantined_size":0,"quarantined_pages":0}
[74519:0xb1340c000:0]     1321 ms: GC: {"pause":0.059,"mutator":119.708,"gc":"s","reduce_memory":false,"time_to_safepoint":0,"stack":true,"reason":"allocation failure","collector_reason":"","start_object_size":27064032,"end_object_size":18676152,"start_memory_size":37715968,"end_memory_size":37715968,"start_holes_size":2205984,"end_holes_size":2205768,"pool_local_chunks":0,"pool_shared_chunks":0,"pool_total_chunks":0,"new_space_capacity":8388608,"old_gen_allocation_limit":59683808,"global_allocation_limit":59683904,"allocation_throughput":68227.9,"new_space_allocation_throughput":68133,"new_space_survive_rate":0,"allocated":8322464,"promoted":216,"new_space_survived":0,"nodes_died_in_new":0,"nodes_copied_in_new":0,"nodes_promoted":0,"promotion_ratio":0.00257508,"average_survival_ratio":3.90202,"promotion_rate":43.5484,"during_sweeping":false,"heap.prologue":0,"heap.epilogue":0.001,"heap.external.prologue":0,"heap.external.epilogue":0,"heap.external_weak_global_handles":0,"complete.sweep_array_buffers":0,"scavenge":0.048,"scavenge.free_remembered_set":0,"scavenge.roots":0.011,"scavenge.weak":0,"scavenge.weak_global_handles.identify":0,"scavenge.weak_global_handles.process":0,"scavenge.parallel":0,"scavenge.pin_objects_conservative":0,"scavenge.pin_objects_precise":0,"scavenge.restore_pinned":0.001,"scavenge.sweep_array_buffers":0,"scavenge.resize_new_space":0,"background.scavenge.parallel":0.006,"incremental.steps_count":0,"incremental.steps_took":0,"scavenge_throughput":2.60776e+06,"quarantined_size":0,"quarantined_pages":0}
[74519:0xb1340c000:0]     1442 ms: GC: {"pause":0.06,"mutator":121.004,"gc":"s","reduce_memory":false,"time_to_safepoint":0,"stack":true,"reason":"allocation failure","collector_reason":"","start_object_size":27064248,"end_object_size":18709096,"start_memory_size":37715968,"end_memory_size":37715968,"start_holes_size":2205768,"end_holes_size":2205768,"pool_local_chunks":0,"pool_shared_chunks":0,"pool_total_chunks":0,"new_space_capacity":8388608,"old_gen_allocation_limit":59683808,"global_allocation_limit":59683904,"allocation_throughput":68849.1,"new_space_allocation_throughput":68807,"new_space_survive_rate":0.0042918,"allocated":8388096,"promoted":0,"new_space_survived":360,"nodes_died_in_new":0,"nodes_copied_in_new":0,"nodes_promoted":0,"promotion_ratio":0,"average_survival_ratio":1.35944,"promotion_rate":0,"during_sweeping":false,"heap.prologue":0,"heap.epilogue":0,"heap.external.prologue":0,"heap.external.epilogue":0,"heap.external_weak_global_handles":0,"complete.sweep_array_buffers":0,"scavenge":0.05,"scavenge.free_remembered_set":0,"scavenge.roots":0.011,"scavenge.weak":0,"scavenge.weak_global_handles.identify":0,"scavenge.weak_global_handles.process":0,"scavenge.parallel":0.002,"scavenge.pin_objects_conservative":0,"scavenge.pin_objects_precise":0,"scavenge.restore_pinned":0,"scavenge.sweep_array_buffers":0,"scavenge.resize_new_space":0,"background.scavenge.parallel":0,"incremental.steps_count":0,"incremental.steps_took":0,"scavenge_throughput":993303,"quarantined_size":0,"quarantined_pages":0}
[74519:0xb1340c000:0]     1562 ms: GC: {"pause":0.071,"mutator":120.158,"gc":"s","reduce_memory":false,"time_to_safepoint":0,"stack":true,"reason":"allocation failure","collector_reason":"","start_object_size":27064248,"end_object_size":18676152,"start_memory_size":37715968,"end_memory_size":37715968,"start_holes_size":2205768,"end_holes_size":2205768,"pool_local_chunks":0,"pool_shared_chunks":0,"pool_total_chunks":0,"new_space_capacity":8388608,"old_gen_allocation_limit":59683808,"global_allocation_limit":59683904,"allocation_throughput":69236.3,"new_space_allocation_throughput":69218,"new_space_survive_rate":0,"allocated":8355152,"promoted":0,"new_space_survived":0,"nodes_died_in_new":0,"nodes_copied_in_new":0,"nodes_promoted":0,"promotion_ratio":0,"average_survival_ratio":0.123461,"promotion_rate":0,"during_sweeping":false,"heap.prologue":0,"heap.epilogue":0.002,"heap.external.prologue":0,"heap.external.epilogue":0,"heap.external_weak_global_handles":0,"complete.sweep_array_buffers":0,"scavenge":0.06,"scavenge.free_remembered_set":0,"scavenge.roots":0.018,"scavenge.weak":0,"scavenge.weak_global_handles.identify":0,"scavenge.weak_global_handles.process":0,"scavenge.parallel":0,"scavenge.pin_objects_conservative":0,"scavenge.pin_objects_precise":0,"scavenge.restore_pinned":0,"scavenge.sweep_array_buffers":0,"scavenge.resize_new_space":0,"background.scavenge.parallel":0,"incremental.steps_count":0,"incremental.steps_took":0,"scavenge_throughput":111355,"quarantined_size":0,"quarantined_pages":0}
[74519:0xb1340c000:0]     1685 ms: GC: {"pause":0.077,"mutator":122.394,"gc":"s","reduce_memory":false,"time_to_safepoint":0,"stack":true,"reason":"allocation failure","collector_reason":"","start_object_size":27064248,"end_object_size":18709016,"start_memory_size":37715968,"end_memory_size":37715968,"start_holes_size":2205768,"end_holes_size":2205768,"pool_local_chunks":0,"pool_shared_chunks":0,"pool_total_chunks":0,"new_space_capacity":8388608,"old_gen_allocation_limit":59683808,"global_allocation_limit":59683904,"allocation_throughput":68833.8,"new_space_allocation_throughput":68825.9,"new_space_survive_rate":0.00333806,"allocated":8388096,"promoted":0,"new_space_survived":280,"nodes_died_in_new":0,"nodes_copied_in_new":0,"nodes_promoted":0,"promotion_ratio":0,"average_survival_ratio":0.0127323,"promotion_rate":0,"during_sweeping":false,"heap.prologue":0,"heap.epilogue":0,"heap.external.prologue":0,"heap.external.epilogue":0,"heap.external_weak_global_handles":0,"complete.sweep_array_buffers":0,"scavenge":0.064,"scavenge.free_remembered_set":0,"scavenge.roots":0.013,"scavenge.weak":0,"scavenge.weak_global_handles.identify":0.001,"scavenge.weak_global_handles.process":0,"scavenge.parallel":0.002,"scavenge.pin_objects_conservative":0,"scavenge.pin_objects_precise":0,"scavenge.restore_pinned":0.001,"scavenge.sweep_array_buffers":0,"scavenge.resize_new_space":0.001,"background.scavenge.parallel":0,"incremental.steps_count":0,"incremental.steps_took":0,"scavenge_throughput":13979.1,"quarantined_size":0,"quarantined_pages":0}
[74519:0xb1340c000:0]     1803 ms: GC: {"pause":0.056,"mutator":117.856,"gc":"s","reduce_memory":false,"time_to_safepoint":0,"stack":true,"reason":"allocation failure","collector_reason":"","start_object_size":27064248,"end_object_size":18676152,"start_memory_size":37715968,"end_memory_size":37715968,"start_holes_size":2205768,"end_holes_size":2205768,"pool_local_chunks":0,"pool_shared_chunks":0,"pool_total_chunks":0,"new_space_capacity":8388608,"old_gen_allocation_limit":59683808,"global_allocation_limit":59683904,"allocation_throughput":69983.2,"new_space_allocation_throughput":69979.8,"new_space_survive_rate":0,"allocated":8355232,"promoted":0,"new_space_survived":0,"nodes_died_in_new":0,"nodes_copied_in_new":0,"nodes_promoted":0,"promotion_ratio":0,"average_survival_ratio":0.00780153,"promotion_rate":0,"during_sweeping":false,"heap.prologue":0,"heap.epilogue":0.002,"heap.external.prologue":0,"heap.external.epilogue":0,"heap.external_weak_global_handles":0,"complete.sweep_array_buffers":0,"scavenge":0.045,"scavenge.free_remembered_set":0.001,"scavenge.roots":0.011,"scavenge.weak":0,"scavenge.weak_global_handles.identify":0.001,"scavenge.weak_global_handles.process":0,"scavenge.parallel":0,"scavenge.pin_objects_conservative":0,"scavenge.pin_objects_precise":0,"scavenge.restore_pinned":0,"scavenge.sweep_array_buffers":0,"scavenge.resize_new_space":0.001,"background.scavenge.parallel":0,"incremental.steps_count":0,"incremental.steps_took":0,"scavenge_throughput":8867.21,"quarantined_size":0,"quarantined_pages":0}
[74519:0xb1340c000:0]     1924 ms: GC: {"pause":0.057,"mutator":121.069,"gc":"s","reduce_memory":false,"time_to_safepoint":0,"stack":true,"reason":"allocation failure","collector_reason":"","start_object_size":27064248,"end_object_size":18709016,"start_memory_size":37715968,"end_memory_size":37715968,"start_holes_size":2205768,"end_holes_size":2205768,"pool_local_chunks":0,"pool_shared_chunks":0,"pool_total_chunks":0,"new_space_capacity":8388608,"old_gen_allocation_limit":59683808,"global_allocation_limit":59683904,"allocation_throughput":69585.2,"new_space_allocation_throughput":69583.7,"new_space_survive_rate":0.00333806,"allocated":8388096,"promoted":0,"new_space_survived":280,"nodes_died_in_new":0,"nodes_copied_in_new":0,"nodes_promoted":0,"promotion_ratio":0,"average_survival_ratio":0.00813534,"promotion_rate":0,"during_sweeping":false,"heap.prologue":0,"heap.epilogue":0,"heap.external.prologue":0,"heap.external.epilogue":0,"heap.external_weak_global_handles":0,"complete.sweep_array_buffers":0,"scavenge":0.048,"scavenge.free_remembered_set":0.001,"scavenge.roots":0.011,"scavenge.weak":0,"scavenge.weak_global_handles.identify":0.001,"scavenge.weak_global_handles.process":0,"scavenge.parallel":0.002,"scavenge.pin_objects_conservative":0,"scavenge.pin_objects_precise":0,"scavenge.restore_pinned":0,"scavenge.sweep_array_buffers":0,"scavenge.resize_new_space":0,"background.scavenge.parallel":0,"incremental.steps_count":0,"incremental.steps_took":0,"scavenge_throughput":9335.16,"quarantined_size":0,"quarantined_pages":0}
[74519:0xb1340c000:0]     2042 ms: GC: {"pause":0.056,"mutator":118.129,"gc":"s","reduce_memory":false,"time_to_safepoint":0,"stack":true,"reason":"allocation failure","collector_reason":"","start_object_size":27064248,"end_object_size":18676152,"start_memory_size":37715968,"end_memory_size":37715968,"start_holes_size":2205768,"end_holes_size":2205768,"pool_local_chunks":0,"pool_shared_chunks":0,"pool_total_chunks":0,"new_space_capacity":8388608,"old_gen_allocation_limit":59683808,"global_allocation_limit":59683904,"allocation_throughput":70224.7,"new_space_allocation_throughput":70224.1,"new_space_survive_rate":0,"allocated":8355232,"promoted":0,"new_space_survived":0,"nodes_died_in_new":0,"nodes_copied_in_new":0,"nodes_promoted":0,"promotion_ratio":0,"average_survival_ratio":0.00780153,"promotion_rate":0,"during_sweeping":false,"heap.prologue":0,"heap.epilogue":0.002,"heap.external.prologue":0,"heap.external.epilogue":0,"heap.external_weak_global_handles":0,"complete.sweep_array_buffers":0,"scavenge":0.044,"scavenge.free_remembered_set":0,"scavenge.roots":0.012,"scavenge.weak":0,"scavenge.weak_global_handles.identify":0,"scavenge.weak_global_handles.process":0,"scavenge.parallel":0,"scavenge.pin_objects_conservative":0,"scavenge.pin_objects_precise":0,"scavenge.restore_pinned":0.001,"scavenge.sweep_array_buffers":0,"scavenge.resize_new_space":0,"background.scavenge.parallel":0,"incremental.steps_count":0,"incremental.steps_took":0,"scavenge_throughput":9076.28,"quarantined_size":0,"quarantined_pages":0}
[74519:0xb1340c000:0]     2164 ms: GC: {"pause":0.056,"mutator":121.826,"gc":"s","reduce_memory":false,"time_to_safepoint":0,"stack":true,"reason":"allocation failure","collector_reason":"","start_object_size":27064248,"end_object_size":18676152,"start_memory_size":37715968,"end_memory_size":37715968,"start_holes_size":2205768,"end_holes_size":2205768,"pool_local_chunks":0,"pool_shared_chunks":0,"pool_total_chunks":0,"new_space_capacity":8388608,"old_gen_allocation_limit":59683808,"global_allocation_limit":59683904,"allocation_throughput":69442,"new_space_allocation_throughput":69441.7,"new_space_survive_rate":0,"allocated":8388096,"promoted":0,"new_space_survived":0,"nodes_died_in_new":0,"nodes_copied_in_new":0,"nodes_promoted":0,"promotion_ratio":0,"average_survival_ratio":0.00780153,"promotion_rate":0,"during_sweeping":false,"heap.prologue":0,"heap.epilogue":0.002,"heap.external.prologue":0,"heap.external.epilogue":0,"heap.external_weak_global_handles":0,"complete.sweep_array_buffers":0,"scavenge":0.044,"scavenge.free_remembered_set":0,"scavenge.roots":0.011,"scavenge.weak":0,"scavenge.weak_global_handles.identify":0,"scavenge.weak_global_handles.process":0,"scavenge.parallel":0,"scavenge.pin_objects_conservative":0,"scavenge.pin_objects_precise":0,"scavenge.restore_pinned":0,"scavenge.sweep_array_buffers":0,"scavenge.resize_new_space":0,"background.scavenge.parallel":0,"incremental.steps_count":0,"incremental.steps_took":0,"scavenge_throughput":9051.18,"quarantined_size":0,"quarantined_pages":0}
[74519:0xb1340c000:0]     2298 ms: GC: {"pause":0.053,"mutator":134.146,"gc":"s","reduce_memory":false,"time_to_safepoint":0,"stack":true,"reason":"allocation failure","collector_reason":"","start_object_size":27064248,"end_object_size":18676152,"start_memory_size":37715968,"end_memory_size":37715968,"start_holes_size":2205768,"end_holes_size":2205768,"pool_local_chunks":0,"pool_shared_chunks":0,"pool_total_chunks":0,"new_space_capacity":8388608,"old_gen_allocation_limit":59683808,"global_allocation_limit":59683904,"allocation_throughput":65256.8,"new_space_allocation_throughput":65256.7,"new_space_survive_rate":0,"allocated":8388096,"promoted":0,"new_space_survived":0,"nodes_died_in_new":0,"nodes_copied_in_new":0,"nodes_promoted":0,"promotion_ratio":0,"average_survival_ratio":0.00439671,"promotion_rate":0,"during_sweeping":false,"heap.prologue":0,"heap.epilogue":0.001,"heap.external.prologue":0,"heap.external.epilogue":0,"heap.external_weak_global_handles":0,"complete.sweep_array_buffers":0,"scavenge":0.042,"scavenge.free_remembered_set":0,"scavenge.roots":0.009,"scavenge.weak":0,"scavenge.weak_global_handles.identify":0,"scavenge.weak_global_handles.process":0,"scavenge.parallel":0,"scavenge.pin_objects_conservative":0,"scavenge.pin_objects_precise":0,"scavenge.restore_pinned":0,"scavenge.sweep_array_buffers":0,"scavenge.resize_new_space":0,"background.scavenge.parallel":0,"incremental.steps_count":0,"incremental.steps_took":0,"scavenge_throughput":5587.88,"quarantined_size":0,"quarantined_pages":0}
[74519:0xb1340c000:0]     2419 ms: GC: {"pause":0.055,"mutator":121.109,"gc":"s","reduce_memory":false,"time_to_safepoint":0,"stack":true,"reason":"allocation failure","collector_reason":"","start_object_size":27064248,"end_object_size":18676152,"start_memory_size":37715968,"end_memory_size":37715968,"start_holes_size":2205768,"end_holes_size":2205768,"pool_local_chunks":0,"pool_shared_chunks":0,"pool_total_chunks":0,"new_space_capacity":8388608,"old_gen_allocation_limit":59683808,"global_allocation_limit":59683904,"allocation_throughput":67530.6,"new_space_allocation_throughput":67530.6,"new_space_survive_rate":0,"allocated":8388096,"promoted":0,"new_space_survived":0,"nodes_died_in_new":0,"nodes_copied_in_new":0,"nodes_promoted":0,"promotion_ratio":0,"average_survival_ratio":0.0013543,"promotion_rate":0,"during_sweeping":false,"heap.prologue":0,"heap.epilogue":0.001,"heap.external.prologue":0,"heap.external.epilogue":0,"heap.external_weak_global_handles":0,"complete.sweep_array_buffers":0,"scavenge":0.043,"scavenge.free_remembered_set":0,"scavenge.roots":0.011,"scavenge.weak":0,"scavenge.weak_global_handles.identify":0,"scavenge.weak_global_handles.process":0,"scavenge.parallel":0,"scavenge.pin_objects_conservative":0,"scavenge.pin_objects_precise":0,"scavenge.restore_pinned":0,"scavenge.sweep_array_buffers":0,"scavenge.resize_new_space":0,"background.scavenge.parallel":0,"incremental.steps_count":0,"incremental.steps_took":0,"scavenge_throughput":1893.33,"quarantined_size":0,"quarantined_pages":0}
[74519:0xb1340c000:0]     2538 ms: GC: {"pause":0.051,"mutator":118.719,"gc":"s","reduce_memory":false,"time_to_safepoint":0,"stack":true,"reason":"allocation failure","collector_reason":"","start_object_size":27064248,"end_object_size":18676152,"start_memory_size":37715968,"end_memory_size":37715968,"start_holes_size":2205768,"end_holes_size":2205768,"pool_local_chunks":0,"pool_shared_chunks":0,"pool_total_chunks":0,"new_space_capacity":8388608,"old_gen_allocation_limit":59683808,"global_allocation_limit":59683904,"allocation_throughput":69282.3,"new_space_allocation_throughput":69282.3,"new_space_survive_rate":0,"allocated":8388096,"promoted":0,"new_space_survived":0,"nodes_died_in_new":0,"nodes_copied_in_new":0,"nodes_promoted":0,"promotion_ratio":0,"average_survival_ratio":0.00109679,"promotion_rate":0,"during_sweeping":false,"heap.prologue":0,"heap.epilogue":0.001,"heap.external.prologue":0,"heap.external.epilogue":0,"heap.external_weak_global_handles":0,"complete.sweep_array_buffers":0,"scavenge":0.041,"scavenge.free_remembered_set":0,"scavenge.roots":0.009,"scavenge.weak":0,"scavenge.weak_global_handles.identify":0,"scavenge.weak_global_handles.process":0,"scavenge.parallel":0,"scavenge.pin_objects_conservative":0,"scavenge.pin_objects_precise":0,"scavenge.restore_pinned":0.001,"scavenge.sweep_array_buffers":0,"scavenge.resize_new_space":0,"background.scavenge.parallel":0,"incremental.steps_count":0,"incremental.steps_took":0,"scavenge_throughput":1554.05,"quarantined_size":0,"quarantined_pages":0}
[74519:0xb1340c000:0]     2659 ms: GC: {"pause":0.053,"mutator":121.344,"gc":"s","reduce_memory":false,"time_to_safepoint":0,"stack":true,"reason":"allocation failure","collector_reason":"","start_object_size":27064248,"end_object_size":18676152,"start_memory_size":37715968,"end_memory_size":37715968,"start_holes_size":2205768,"end_holes_size":2205768,"pool_local_chunks":0,"pool_shared_chunks":0,"pool_total_chunks":0,"new_space_capacity":8388608,"old_gen_allocation_limit":59683808,"global_allocation_limit":59683904,"allocation_throughput":69193.1,"new_space_allocation_throughput":69193.1,"new_space_survive_rate":0,"allocated":8388096,"promoted":0,"new_space_survived":0,"nodes_died_in_new":0,"nodes_copied_in_new":0,"nodes_promoted":0,"promotion_ratio":0,"average_survival_ratio":0.000667613,"promotion_rate":0,"during_sweeping":false,"heap.prologue":0,"heap.epilogue":0.002,"heap.external.prologue":0,"heap.external.epilogue":0,"heap.external_weak_global_handles":0,"complete.sweep_array_buffers":0,"scavenge":0.041,"scavenge.free_remembered_set":0,"scavenge.roots":0.01,"scavenge.weak":0,"scavenge.weak_global_handles.identify":0,"scavenge.weak_global_handles.process":0,"scavenge.parallel":0,"scavenge.pin_objects_conservative":0,"scavenge.pin_objects_precise":0,"scavenge.restore_pinned":0,"scavenge.sweep_array_buffers":0,"scavenge.resize_new_space":0,"background.scavenge.parallel":0,"incremental.steps_count":0,"incremental.steps_took":0,"scavenge_throughput":957.265,"quarantined_size":0,"quarantined_pages":0}
[74519:0xb1340c000:0]     2780 ms: GC: {"pause":0.06,"mutator":120.288,"gc":"s","reduce_memory":false,"time_to_safepoint":0,"stack":true,"reason":"allocation failure","collector_reason":"","start_object_size":27064248,"end_object_size":18709096,"start_memory_size":37715968,"end_memory_size":37715968,"start_holes_size":2205768,"end_holes_size":2205768,"pool_local_chunks":0,"pool_shared_chunks":0,"pool_total_chunks":0,"new_space_capacity":8388608,"old_gen_allocation_limit":59683808,"global_allocation_limit":59683904,"allocation_throughput":69498,"new_space_allocation_throughput":69498,"new_space_survive_rate":0.0042918,"allocated":8388096,"promoted":0,"new_space_survived":360,"nodes_died_in_new":0,"nodes_copied_in_new":0,"nodes_promoted":0,"promotion_ratio":0,"average_survival_ratio":0.00109679,"promotion_rate":0,"during_sweeping":false,"heap.prologue":0,"heap.epilogue":0.001,"heap.external.prologue":0,"heap.external.epilogue":0,"heap.external_weak_global_handles":0,"complete.sweep_array_buffers":0,"scavenge":0.049,"scavenge.free_remembered_set":0,"scavenge.roots":0.011,"scavenge.weak":0,"scavenge.weak_global_handles.identify":0,"scavenge.weak_global_handles.process":0,"scavenge.parallel":0.002,"scavenge.pin_objects_conservative":0,"scavenge.pin_objects_precise":0,"scavenge.restore_pinned":0,"scavenge.sweep_array_buffers":0,"scavenge.resize_new_space":0,"background.scavenge.parallel":0,"incremental.steps_count":0,"incremental.steps_took":0,"scavenge_throughput":1602.79,"quarantined_size":0,"quarantined_pages":0}
[74519:0xb1340c000:0]     2900 ms: GC: {"pause":0.063,"mutator":120.424,"gc":"s","reduce_memory":false,"time_to_safepoint":0,"stack":true,"reason":"allocation failure","collector_reason":"","start_object_size":27064248,"end_object_size":18709016,"start_memory_size":37715968,"end_memory_size":37715968,"start_holes_size":2205768,"end_holes_size":2205768,"pool_local_chunks":0,"pool_shared_chunks":0,"pool_total_chunks":0,"new_space_capacity":8388608,"old_gen_allocation_limit":59683808,"global_allocation_limit":59683904,"allocation_throughput":69431.5,"new_space_allocation_throughput":69431.5,"new_space_survive_rate":0.00333806,"allocated":8355152,"promoted":0,"new_space_survived":280,"nodes_died_in_new":0,"nodes_copied_in_new":0,"nodes_promoted":0,"promotion_ratio":0,"average_survival_ratio":0.00109679,"promotion_rate":0,"during_sweeping":false,"heap.prologue":0,"heap.epilogue":0.001,"heap.external.prologue":0,"heap.external.epilogue":0,"heap.external_weak_global_handles":0,"complete.sweep_array_buffers":0,"scavenge":0.053,"scavenge.free_remembered_set":0,"scavenge.roots":0.013,"scavenge.weak":0,"scavenge.weak_global_handles.identify":0,"scavenge.weak_global_handles.process":0,"scavenge.parallel":0.002,"scavenge.pin_objects_conservative":0,"scavenge.pin_objects_precise":0,"scavenge.restore_pinned":0,"scavenge.sweep_array_buffers":0,"scavenge.resize_new_space":0.001,"background.scavenge.parallel":0,"incremental.steps_count":0,"incremental.steps_took":0,"scavenge_throughput":1642.86,"quarantined_size":0,"quarantined_pages":0}
[74519:0xb1340c000:0]     3020 ms: GC: {"pause":0.052,"mutator":119.969,"gc":"s","reduce_memory":false,"time_to_safepoint":0,"stack":true,"reason":"allocation failure","collector_reason":"","start_object_size":27064248,"end_object_size":18676152,"start_memory_size":37715968,"end_memory_size":37715968,"start_holes_size":2205768,"end_holes_size":2205768,"pool_local_chunks":0,"pool_shared_chunks":0,"pool_total_chunks":0,"new_space_capacity":8388608,"old_gen_allocation_limit":59683808,"global_allocation_limit":59683904,"allocation_throughput":69551.7,"new_space_allocation_throughput":69551.7,"new_space_survive_rate":0,"allocated":8355232,"promoted":0,"new_space_survived":0,"nodes_died_in_new":0,"nodes_copied_in_new":0,"nodes_promoted":0,"promotion_ratio":0,"average_survival_ratio":0.00109679,"promotion_rate":0,"during_sweeping":false,"heap.prologue":0,"heap.epilogue":0.001,"heap.external.prologue":0,"heap.external.epilogue":0,"heap.external_weak_global_handles":0,"complete.sweep_array_buffers":0,"scavenge":0.042,"scavenge.free_remembered_set":0,"scavenge.roots":0.01,"scavenge.weak":0,"scavenge.weak_global_handles.identify":0,"scavenge.weak_global_handles.process":0,"scavenge.parallel":0,"scavenge.pin_objects_conservative":0,"scavenge.pin_objects_precise":0,"scavenge.restore_pinned":0,"scavenge.sweep_array_buffers":0,"scavenge.resize_new_space":0,"background.scavenge.parallel":0,"incremental.steps_count":0,"incremental.steps_took":0,"scavenge_throughput":1654.68,"quarantined_size":0,"quarantined_pages":0}
[74519:0xb1340c000:0]     3140 ms: GC: {"pause":0.055,"mutator":119.509,"gc":"s","reduce_memory":false,"time_to_safepoint":0,"stack":true,"reason":"allocation failure","collector_reason":"","start_object_size":27064248,"end_object_size":18676152,"start_memory_size":37715968,"end_memory_size":37715968,"start_holes_size":2205768,"end_holes_size":2205768,"pool_local_chunks":0,"pool_shared_chunks":0,"pool_total_chunks":0,"new_space_capacity":8388608,"old_gen_allocation_limit":59683808,"global_allocation_limit":59683904,"allocation_throughput":69909.8,"new_space_allocation_throughput":69909.8,"new_space_survive_rate":0,"allocated":8388096,"promoted":0,"new_space_survived":0,"nodes_died_in_new":0,"nodes_copied_in_new":0,"nodes_promoted":0,"promotion_ratio":0,"average_survival_ratio":0.000762986,"promotion_rate":0,"during_sweeping":false,"heap.prologue":0,"heap.epilogue":0.001,"heap.external.prologue":0,"heap.external.epilogue":0,"heap.external_weak_global_handles":0,"complete.sweep_array_buffers":0,"scavenge":0.043,"scavenge.free_remembered_set":0,"scavenge.roots":0.01,"scavenge.weak":0,"scavenge.weak_global_handles.identify":0,"scavenge.weak_global_handles.process":0,"scavenge.parallel":0,"scavenge.pin_objects_conservative":0,"scavenge.pin_objects_precise":0,"scavenge.restore_pinned":0,"scavenge.sweep_array_buffers":0,"scavenge.resize_new_space":0,"background.scavenge.parallel":0,"incremental.steps_count":0,"incremental.steps_took":0,"scavenge_throughput":1155.23,"quarantined_size":0,"quarantined_pages":0}
[74519:0xb1340c000:0]     3262 ms: GC: {"pause":0.061,"mutator":121.825,"gc":"s","reduce_memory":false,"time_to_safepoint":0,"stack":true,"reason":"allocation failure","collector_reason":"","start_object_size":27064248,"end_object_size":18709096,"start_memory_size":37715968,"end_memory_size":37715968,"start_holes_size":2205768,"end_holes_size":2205768,"pool_local_chunks":0,"pool_shared_chunks":0,"pool_total_chunks":0,"new_space_capacity":8388608,"old_gen_allocation_limit":59683808,"global_allocation_limit":59683904,"allocation_throughput":69306.9,"new_space_allocation_throughput":69306.9,"new_space_survive_rate":0.0042918,"allocated":8388096,"promoted":0,"new_space_survived":360,"nodes_died_in_new":0,"nodes_copied_in_new":0,"nodes_promoted":0,"promotion_ratio":0,"average_survival_ratio":0.00119217,"promotion_rate":0,"during_sweeping":false,"heap.prologue":0,"heap.epilogue":0.001,"heap.external.prologue":0,"heap.external.epilogue":0,"heap.external_weak_global_handles":0,"complete.sweep_array_buffers":0,"scavenge":0.05,"scavenge.free_remembered_set":0,"scavenge.roots":0.011,"scavenge.weak":0,"scavenge.weak_global_handles.identify":0,"scavenge.weak_global_handles.process":0,"scavenge.parallel":0.002,"scavenge.pin_objects_conservative":0,"scavenge.pin_objects_precise":0,"scavenge.restore_pinned":0,"scavenge.sweep_array_buffers":0,"scavenge.resize_new_space":0,"background.scavenge.parallel":0,"incremental.steps_count":0,"incremental.steps_took":0,"scavenge_throughput":1788.91,"quarantined_size":0,"quarantined_pages":0}
[74519:0xb1340c000:0]     3391 ms: GC: {"pause":0.063,"mutator":129.321,"gc":"s","reduce_memory":false,"time_to_safepoint":0,"stack":true,"reason":"allocation failure","collector_reason":"","start_object_size":27064248,"end_object_size":18676152,"start_memory_size":37715968,"end_memory_size":37715968,"start_holes_size":2205768,"end_holes_size":2205768,"pool_local_chunks":0,"pool_shared_chunks":0,"pool_total_chunks":0,"new_space_capacity":8388608,"old_gen_allocation_limit":59683808,"global_allocation_limit":59683904,"allocation_throughput":66525,"new_space_allocation_throughput":66525,"new_space_survive_rate":0,"allocated":8355152,"promoted":0,"new_space_survived":0,"nodes_died_in_new":0,"nodes_copied_in_new":0,"nodes_promoted":0,"promotion_ratio":0,"average_survival_ratio":0.00119217,"promotion_rate":0,"during_sweeping":false,"heap.prologue":0,"heap.epilogue":0.001,"heap.external.prologue":0,"heap.external.epilogue":0,"heap.external_weak_global_handles":0,"complete.sweep_array_buffers":0,"scavenge":0.05,"scavenge.free_remembered_set":0,"scavenge.roots":0.012,"scavenge.weak":0,"scavenge.weak_global_handles.identify":0,"scavenge.weak_global_handles.process":0,"scavenge.parallel":0,"scavenge.pin_objects_conservative":0,"scavenge.pin_objects_precise":0,"scavenge.restore_pinned":0.001,"scavenge.sweep_array_buffers":0,"scavenge.resize_new_space":0.001,"background.scavenge.parallel":0,"incremental.steps_count":0,"incremental.steps_took":0,"scavenge_throughput":1766.78,"quarantined_size":0,"quarantined_pages":0}
[74519:0xb1340c000:0]     3519 ms: GC: {"pause":0.068,"mutator":128.219,"gc":"s","reduce_memory":false,"time_to_safepoint":0,"stack":true,"reason":"allocation failure","collector_reason":"","start_object_size":27064248,"end_object_size":18709016,"start_memory_size":37715968,"end_memory_size":37715968,"start_holes_size":2205768,"end_holes_size":2205768,"pool_local_chunks":0,"pool_shared_chunks":0,"pool_total_chunks":0,"new_space_capacity":8388608,"old_gen_allocation_limit":59683808,"global_allocation_limit":59683904,"allocation_throughput":65873.8,"new_space_allocation_throughput":65873.8,"new_space_survive_rate":0.00333806,"allocated":8388096,"promoted":0,"new_space_survived":280,"nodes_died_in_new":0,"nodes_copied_in_new":0,"nodes_promoted":0,"promotion_ratio":0,"average_survival_ratio":0.00152597,"promotion_rate":0,"during_sweeping":false,"heap.prologue":0,"heap.epilogue":0,"heap.external.prologue":0,"heap.external.epilogue":0,"heap.external_weak_global_handles":0,"complete.sweep_array_buffers":0,"scavenge":0.057,"scavenge.free_remembered_set":0,"scavenge.roots":0.013,"scavenge.weak":0,"scavenge.weak_global_handles.identify":0,"scavenge.weak_global_handles.process":0,"scavenge.parallel":0.002,"scavenge.pin_objects_conservative":0,"scavenge.pin_objects_precise":0,"scavenge.restore_pinned":0,"scavenge.sweep_array_buffers":0,"scavenge.resize_new_space":0,"background.scavenge.parallel":0,"incremental.steps_count":0,"incremental.steps_took":0,"scavenge_throughput":2203.1,"quarantined_size":0,"quarantined_pages":0}
[74519:0xb1340c000:0]     3642 ms: GC: {"pause":0.054,"mutator":122.975,"gc":"s","reduce_memory":false,"time_to_safepoint":0,"stack":true,"reason":"allocation failure","collector_reason":"","start_object_size":27064248,"end_object_size":18676152,"start_memory_size":37715968,"end_memory_size":37715968,"start_holes_size":2205768,"end_holes_size":2205768,"pool_local_chunks":0,"pool_shared_chunks":0,"pool_total_chunks":0,"new_space_capacity":8388608,"old_gen_allocation_limit":59683808,"global_allocation_limit":59683904,"allocation_throughput":67060.1,"new_space_allocation_throughput":67060.1,"new_space_survive_rate":0,"allocated":8355232,"promoted":0,"new_space_survived":0,"nodes_died_in_new":0,"nodes_copied_in_new":0,"nodes_promoted":0,"promotion_ratio":0,"average_survival_ratio":0.00152597,"promotion_rate":0,"during_sweeping":false,"heap.prologue":0,"heap.epilogue":0.002,"heap.external.prologue":0,"heap.external.epilogue":0,"heap.external_weak_global_handles":0,"complete.sweep_array_buffers":0,"scavenge":0.043,"scavenge.free_remembered_set":0,"scavenge.roots":0.009,"scavenge.weak":0,"scavenge.weak_global_handles.identify":0,"scavenge.weak_global_handles.process":0,"scavenge.parallel":0,"scavenge.pin_objects_conservative":0,"scavenge.pin_objects_precise":0,"scavenge.restore_pinned":0,"scavenge.sweep_array_buffers":0,"scavenge.resize_new_space":0,"background.scavenge.parallel":0,"incremental.steps_count":0,"incremental.steps_took":0,"scavenge_throughput":2206.9,"quarantined_size":0,"quarantined_pages":0}
[74519:0xb1340c000:0]     3773 ms: GC: {"pause":0.062,"mutator":130.806,"gc":"s","reduce_memory":false,"time_to_safepoint":0,"stack":true,"reason":"allocation failure","collector_reason":"","start_object_size":27064248,"end_object_size":18709016,"start_memory_size":37715968,"end_memory_size":37715968,"start_holes_size":2205768,"end_holes_size":2205768,"pool_local_chunks":0,"pool_shared_chunks":0,"pool_total_chunks":0,"new_space_capacity":8388608,"old_gen_allocation_limit":59683808,"global_allocation_limit":59683904,"allocation_throughput":65310.5,"new_space_allocation_throughput":65310.5,"new_space_survive_rate":0.00333806,"allocated":8388096,"promoted":0,"new_space_survived":280,"nodes_died_in_new":0,"nodes_copied_in_new":0,"nodes_promoted":0,"promotion_ratio":0,"average_survival_ratio":0.00185978,"promotion_rate":0,"during_sweeping":false,"heap.prologue":0,"heap.epilogue":0,"heap.external.prologue":0,"heap.external.epilogue":0,"heap.external_weak_global_handles":0,"complete.sweep_array_buffers":0,"scavenge":0.051,"scavenge.free_remembered_set":0,"scavenge.roots":0.011,"scavenge.weak":0,"scavenge.weak_global_handles.identify":0,"scavenge.weak_global_handles.process":0,"scavenge.parallel":0.001,"scavenge.pin_objects_conservative":0,"scavenge.pin_objects_precise":0,"scavenge.restore_pinned":0,"scavenge.sweep_array_buffers":0,"scavenge.resize_new_space":0.001,"background.scavenge.parallel":0,"incremental.steps_count":0,"incremental.steps_took":0,"scavenge_throughput":2639.59,"quarantined_size":0,"quarantined_pages":0}
[74519:0xb1340c000:0]     3901 ms: GC: {"pause":0.07,"mutator":127.635,"gc":"s","reduce_memory":false,"time_to_safepoint":0,"stack":true,"reason":"allocation failure","collector_reason":"","start_object_size":27064248,"end_object_size":18676152,"start_memory_size":37715968,"end_memory_size":37715968,"start_holes_size":2205768,"end_holes_size":2205768,"pool_local_chunks":0,"pool_shared_chunks":0,"pool_total_chunks":0,"new_space_capacity":8388608,"old_gen_allocation_limit":59683808,"global_allocation_limit":59683904,"allocation_throughput":65399.4,"new_space_allocation_throughput":65399.4,"new_space_survive_rate":0,"allocated":8355232,"promoted":0,"new_space_survived":0,"nodes_died_in_new":0,"nodes_copied_in_new":0,"nodes_promoted":0,"promotion_ratio":0,"average_survival_ratio":0.00185978,"promotion_rate":0,"during_sweeping":false,"heap.prologue":0,"heap.epilogue":0.001,"heap.external.prologue":0,"heap.external.epilogue":0,"heap.external_weak_global_handles":0,"complete.sweep_array_buffers":0,"scavenge":0.057,"scavenge.free_remembered_set":0,"scavenge.roots":0.019,"scavenge.weak":0,"scavenge.weak_global_handles.identify":0,"scavenge.weak_global_handles.process":0,"scavenge.parallel":0,"scavenge.pin_objects_conservative":0,"scavenge.pin_objects_precise":0,"scavenge.restore_pinned":0.001,"scavenge.sweep_array_buffers":0,"scavenge.resize_new_space":0.001,"background.scavenge.parallel":0,"incremental.steps_count":0,"incremental.steps_took":0,"scavenge_throughput":2565.79,"quarantined_size":0,"quarantined_pages":0}
[74519:0xb1340c000:0]     4029 ms: GC: {"pause":0.065,"mutator":128.478,"gc":"s","reduce_memory":false,"time_to_safepoint":0,"stack":true,"reason":"allocation failure","collector_reason":"","start_object_size":27064248,"end_object_size":18676152,"start_memory_size":37715968,"end_memory_size":37715968,"start_holes_size":2205768,"end_holes_size":2205768,"pool_local_chunks":0,"pool_shared_chunks":0,"pool_total_chunks":0,"new_space_capacity":8388608,"old_gen_allocation_limit":59683808,"global_allocation_limit":59683904,"allocation_throughput":65333.2,"new_space_allocation_throughput":65333.2,"new_space_survive_rate":0,"allocated":8388096,"promoted":0,"new_space_survived":0,"nodes_died_in_new":0,"nodes_copied_in_new":0,"nodes_promoted":0,"promotion_ratio":0,"average_survival_ratio":0.0014306,"promotion_rate":0,"during_sweeping":false,"heap.prologue":0,"heap.epilogue":0.005,"heap.external.prologue":0,"heap.external.epilogue":0,"heap.external_weak_global_handles":0,"complete.sweep_array_buffers":0,"scavenge":0.048,"scavenge.free_remembered_set":0,"scavenge.roots":0.014,"scavenge.weak":0,"scavenge.weak_global_handles.identify":0,"scavenge.weak_global_handles.process":0,"scavenge.parallel":0,"scavenge.pin_objects_conservative":0,"scavenge.pin_objects_precise":0,"scavenge.restore_pinned":0,"scavenge.sweep_array_buffers":0,"scavenge.resize_new_space":0,"background.scavenge.parallel":0,"incremental.steps_count":0,"incremental.steps_took":0,"scavenge_throughput":1957.59,"quarantined_size":0,"quarantined_pages":0}
[74519:0xb1340c000:0]     4149 ms: GC: {"pause":0.053,"mutator":119.829,"gc":"s","reduce_memory":false,"time_to_safepoint":0,"stack":true,"reason":"allocation failure","collector_reason":"","start_object_size":27064248,"end_object_size":18676152,"start_memory_size":37715968,"end_memory_size":37715968,"start_holes_size":2205768,"end_holes_size":2205768,"pool_local_chunks":0,"pool_shared_chunks":0,"pool_total_chunks":0,"new_space_capacity":8388608,"old_gen_allocation_limit":59683808,"global_allocation_limit":59683904,"allocation_throughput":67964.7,"new_space_allocation_throughput":67964.7,"new_space_survive_rate":0,"allocated":8388096,"promoted":0,"new_space_survived":0,"nodes_died_in_new":0,"nodes_copied_in_new":0,"nodes_promoted":0,"promotion_ratio":0,"average_survival_ratio":0.00109679,"promotion_rate":0,"during_sweeping":false,"heap.prologue":0,"heap.epilogue":0,"heap.external.prologue":0,"heap.external.epilogue":0,"heap.external_weak_global_handles":0,"complete.sweep_array_buffers":0,"scavenge":0.043,"scavenge.free_remembered_set":0,"scavenge.roots":0.01,"scavenge.weak":0,"scavenge.weak_global_handles.identify":0,"scavenge.weak_global_handles.process":0,"scavenge.parallel":0,"scavenge.pin_objects_conservative":0,"scavenge.pin_objects_precise":0,"scavenge.restore_pinned":0,"scavenge.sweep_array_buffers":0,"scavenge.resize_new_space":0,"background.scavenge.parallel":0,"incremental.steps_count":0,"incremental.steps_took":0,"scavenge_throughput":1525.7,"quarantined_size":0,"quarantined_pages":0}
[74519:0xb1340c000:0]     4272 ms: GC: {"pause":0.055,"mutator":122.785,"gc":"s","reduce_memory":false,"time_to_safepoint":0,"stack":true,"reason":"allocation failure","collector_reason":"","start_object_size":27064248,"end_object_size":18676152,"start_memory_size":37715968,"end_memory_size":37715968,"start_holes_size":2205768,"end_holes_size":2205768,"pool_local_chunks":0,"pool_shared_chunks":0,"pool_total_chunks":0,"new_space_capacity":8388608,"old_gen_allocation_limit":59683808,"global_allocation_limit":59683904,"allocation_throughput":68165.3,"new_space_allocation_throughput":68165.3,"new_space_survive_rate":0,"allocated":8388096,"promoted":0,"new_space_survived":0,"nodes_died_in_new":0,"nodes_copied_in_new":0,"nodes_promoted":0,"promotion_ratio":0,"average_survival_ratio":0.00109679,"promotion_rate":0,"during_sweeping":false,"heap.prologue":0,"heap.epilogue":0.002,"heap.external.prologue":0,"heap.external.epilogue":0,"heap.external_weak_global_handles":0,"complete.sweep_array_buffers":0,"scavenge":0.044,"scavenge.free_remembered_set":0,"scavenge.roots":0.009,"scavenge.weak":0,"scavenge.weak_global_handles.identify":0,"scavenge.weak_global_handles.process":0,"scavenge.parallel":0,"scavenge.pin_objects_conservative":0,"scavenge.pin_objects_precise":0,"scavenge.restore_pinned":0,"scavenge.sweep_array_buffers":0,"scavenge.resize_new_space":0.001,"background.scavenge.parallel":0,"incremental.steps_count":0,"incremental.steps_took":0,"scavenge_throughput":1518.15,"quarantined_size":0,"quarantined_pages":0}
[74519:0xb1340c000:0]     4397 ms: GC: {"pause":0.048,"mutator":124.788,"gc":"s","reduce_memory":false,"time_to_safepoint":0,"stack":true,"reason":"allocation failure","collector_reason":"","start_object_size":27064248,"end_object_size":18676152,"start_memory_size":37715968,"end_memory_size":37715968,"start_holes_size":2205768,"end_holes_size":2205768,"pool_local_chunks":0,"pool_shared_chunks":0,"pool_total_chunks":0,"new_space_capacity":8388608,"old_gen_allocation_limit":59683808,"global_allocation_limit":59683904,"allocation_throughput":67616.7,"new_space_allocation_throughput":67616.7,"new_space_survive_rate":0,"allocated":8388096,"promoted":0,"new_space_survived":0,"nodes_died_in_new":0,"nodes_copied_in_new":0,"nodes_promoted":0,"promotion_ratio":0,"average_survival_ratio":0.00109679,"promotion_rate":0,"during_sweeping":false,"heap.prologue":0,"heap.epilogue":0.001,"heap.external.prologue":0,"heap.external.epilogue":0,"heap.external_weak_global_handles":0,"complete.sweep_array_buffers":0,"scavenge":0.038,"scavenge.free_remembered_set":0.001,"scavenge.roots":0.009,"scavenge.weak":0,"scavenge.weak_global_handles.identify":0.001,"scavenge.weak_global_handles.process":0,"scavenge.parallel":0,"scavenge.pin_objects_conservative":0,"scavenge.pin_objects_precise":0,"scavenge.restore_pinned":0.001,"scavenge.sweep_array_buffers":0,"scavenge.resize_new_space":0,"background.scavenge.parallel":0,"incremental.steps_count":0,"incremental.steps_took":0,"scavenge_throughput":1535.89,"quarantined_size":0,"quarantined_pages":0}
[74519:0xb1340c000:0]     4523 ms: GC: {"pause":0.046,"mutator":125.593,"gc":"s","reduce_memory":false,"time_to_safepoint":0,"stack":true,"reason":"allocation failure","collector_reason":"","start_object_size":27064248,"end_object_size":18676152,"start_memory_size":37715968,"end_memory_size":37715968,"start_holes_size":2205768,"end_holes_size":2205768,"pool_local_chunks":0,"pool_shared_chunks":0,"pool_total_chunks":0,"new_space_capacity":8388608,"old_gen_allocation_limit":59683808,"global_allocation_limit":59683904,"allocation_throughput":67134.6,"new_space_allocation_throughput":67134.6,"new_space_survive_rate":0,"allocated":8388096,"promoted":0,"new_space_survived":0,"nodes_died_in_new":0,"nodes_copied_in_new":0,"nodes_promoted":0,"promotion_ratio":0,"average_survival_ratio":0.000667613,"promotion_rate":0,"during_sweeping":false,"heap.prologue":0,"heap.epilogue":0.001,"heap.external.prologue":0,"heap.external.epilogue":0,"heap.external_weak_global_handles":0,"complete.sweep_array_buffers":0,"scavenge":0.039,"scavenge.free_remembered_set":0,"scavenge.roots":0.008,"scavenge.weak":0,"scavenge.weak_global_handles.identify":0,"scavenge.weak_global_handles.process":0,"scavenge.parallel":0,"scavenge.pin_objects_conservative":0,"scavenge.pin_objects_precise":0,"scavenge.restore_pinned":0,"scavenge.sweep_array_buffers":0,"scavenge.resize_new_space":0,"background.scavenge.parallel":0,"incremental.steps_count":0,"incremental.steps_took":0,"scavenge_throughput":958.904,"quarantined_size":0,"quarantined_pages":0}
[74519:0xb1340c000:0]     4676 ms: GC: {"pause":0.058,"mutator":153.093,"gc":"s","reduce_memory":false,"time_to_safepoint":0,"stack":true,"reason":"allocation failure","collector_reason":"","start_object_size":27064248,"end_object_size":18709096,"start_memory_size":37715968,"end_memory_size":37715968,"start_holes_size":2205768,"end_holes_size":2205768,"pool_local_chunks":0,"pool_shared_chunks":0,"pool_total_chunks":0,"new_space_capacity":8388608,"old_gen_allocation_limit":59683808,"global_allocation_limit":59683904,"allocation_throughput":59062.2,"new_space_allocation_throughput":59062.2,"new_space_survive_rate":0.0042918,"allocated":8388096,"promoted":0,"new_space_survived":360,"nodes_died_in_new":0,"nodes_copied_in_new":0,"nodes_promoted":0,"promotion_ratio":0,"average_survival_ratio":0.00109679,"promotion_rate":0,"during_sweeping":false,"heap.prologue":0,"heap.epilogue":0.001,"heap.external.prologue":0,"heap.external.epilogue":0,"heap.external_weak_global_handles":0,"complete.sweep_array_buffers":0,"scavenge":0.049,"scavenge.free_remembered_set":0,"scavenge.roots":0.011,"scavenge.weak":0,"scavenge.weak_global_handles.identify":0,"scavenge.weak_global_handles.process":0,"scavenge.parallel":0.002,"scavenge.pin_objects_conservative":0,"scavenge.pin_objects_precise":0,"scavenge.restore_pinned":0,"scavenge.sweep_array_buffers":0,"scavenge.resize_new_space":0,"background.scavenge.parallel":0,"incremental.steps_count":0,"incremental.steps_took":0,"scavenge_throughput":1588.95,"quarantined_size":0,"quarantined_pages":0}
[74519:0xb1340c000:0]     4801 ms: GC: {"pause":0.063,"mutator":125.598,"gc":"s","reduce_memory":false,"time_to_safepoint":0,"stack":true,"reason":"allocation failure","collector_reason":"","start_object_size":27064248,"end_object_size":18709016,"start_memory_size":37715968,"end_memory_size":37715968,"start_holes_size":2205768,"end_holes_size":2205768,"pool_local_chunks":0,"pool_shared_chunks":0,"pool_total_chunks":0,"new_space_capacity":8388608,"old_gen_allocation_limit":59683808,"global_allocation_limit":59683904,"allocation_throughput":63398.8,"new_space_allocation_throughput":63398.8,"new_space_survive_rate":0.00333806,"allocated":8355152,"promoted":0,"new_space_survived":280,"nodes_died_in_new":0,"nodes_copied_in_new":0,"nodes_promoted":0,"promotion_ratio":0,"average_survival_ratio":0.00109679,"promotion_rate":0,"during_sweeping":false,"heap.prologue":0,"heap.epilogue":0,"heap.external.prologue":0,"heap.external.epilogue":0,"heap.external_weak_global_handles":0,"complete.sweep_array_buffers":0,"scavenge":0.052,"scavenge.free_remembered_set":0,"scavenge.roots":0.012,"scavenge.weak":0,"scavenge.weak_global_handles.identify":0,"scavenge.weak_global_handles.process":0,"scavenge.parallel":0.001,"scavenge.pin_objects_conservative":0,"scavenge.pin_objects_precise":0,"scavenge.restore_pinned":0.001,"scavenge.sweep_array_buffers":0,"scavenge.resize_new_space":0,"background.scavenge.parallel":0,"incremental.steps_count":0,"incremental.steps_took":0,"scavenge_throughput":1602.79,"quarantined_size":0,"quarantined_pages":0}
[74519:0xb1340c000:0]     4991 ms: GC: {"pause":0.061,"mutator":188.212,"gc":"s","reduce_memory":false,"time_to_safepoint":0,"stack":true,"reason":"allocation failure","collector_reason":"","start_object_size":27064248,"end_object_size":18676152,"start_memory_size":37715968,"end_memory_size":37715968,"start_holes_size":2205768,"end_holes_size":2205768,"pool_local_chunks":0,"pool_shared_chunks":0,"pool_total_chunks":0,"new_space_capacity":8388608,"old_gen_allocation_limit":59683808,"global_allocation_limit":59683904,"allocation_throughput":49548.5,"new_space_allocation_throughput":49548.5,"new_space_survive_rate":0,"allocated":8355232,"promoted":0,"new_space_survived":0,"nodes_died_in_new":0,"nodes_copied_in_new":0,"nodes_promoted":0,"promotion_ratio":0,"average_survival_ratio":0.00109679,"promotion_rate":0,"during_sweeping":false,"heap.prologue":0,"heap.epilogue":0.001,"heap.external.prologue":0,"heap.external.epilogue":0,"heap.external_weak_global_handles":0,"complete.sweep_array_buffers":0,"scavenge":0.051,"scavenge.free_remembered_set":0,"scavenge.roots":0.011,"scavenge.weak":0,"scavenge.weak_global_handles.identify":0,"scavenge.weak_global_handles.process":0,"scavenge.parallel":0,"scavenge.pin_objects_conservative":0,"scavenge.pin_objects_precise":0,"scavenge.restore_pinned":0,"scavenge.sweep_array_buffers":0,"scavenge.resize_new_space":0,"background.scavenge.parallel":0,"incremental.steps_count":0,"incremental.steps_took":0,"scavenge_throughput":1583.48,"quarantined_size":0,"quarantined_pages":0}
[74519:0xb1340c000:0]     5136 ms: GC: {"pause":0.055,"mutator":146.209,"gc":"s","reduce_memory":false,"time_to_safepoint":0,"stack":true,"reason":"allocation failure","collector_reason":"","start_object_size":27064248,"end_object_size":18676152,"start_memory_size":37715968,"end_memory_size":37715968,"start_holes_size":2205768,"end_holes_size":2205768,"pool_local_chunks":0,"pool_shared_chunks":0,"pool_total_chunks":0,"new_space_capacity":8388608,"old_gen_allocation_limit":59683808,"global_allocation_limit":59683904,"allocation_throughput":54531,"new_space_allocation_throughput":54531,"new_space_survive_rate":0,"allocated":8388096,"promoted":0,"new_space_survived":0,"nodes_died_in_new":0,"nodes_copied_in_new":0,"nodes_promoted":0,"promotion_ratio":0,"average_survival_ratio":0.000762986,"promotion_rate":0,"during_sweeping":false,"heap.prologue":0,"heap.epilogue":0.001,"heap.external.prologue":0,"heap.external.epilogue":0,"heap.external_weak_global_handles":0,"complete.sweep_array_buffers":0,"scavenge":0.044,"scavenge.free_remembered_set":0,"scavenge.roots":0.009,"scavenge.weak":0,"scavenge.weak_global_handles.identify":0,"scavenge.weak_global_handles.process":0,"scavenge.parallel":0,"scavenge.pin_objects_conservative":0,"scavenge.pin_objects_precise":0,"scavenge.restore_pinned":0,"scavenge.sweep_array_buffers":0,"scavenge.resize_new_space":0,"background.scavenge.parallel":0,"incremental.steps_count":0,"incremental.steps_took":0,"scavenge_throughput":1114.98,"quarantined_size":0,"quarantined_pages":0}
[74519:0xb1340c000:0]     5257 ms: GC: {"pause":0.06,"mutator":120.813,"gc":"s","reduce_memory":false,"time_to_safepoint":0,"stack":true,"reason":"allocation failure","collector_reason":"","start_object_size":27064248,"end_object_size":18709096,"start_memory_size":37715968,"end_memory_size":37715968,"start_holes_size":2205768,"end_holes_size":2205768,"pool_local_chunks":0,"pool_shared_chunks":0,"pool_total_chunks":0,"new_space_capacity":8388608,"old_gen_allocation_limit":59683808,"global_allocation_limit":59683904,"allocation_throughput":62981.2,"new_space_allocation_throughput":62981.2,"new_space_survive_rate":0.0042918,"allocated":8388096,"promoted":0,"new_space_survived":360,"nodes_died_in_new":0,"nodes_copied_in_new":0,"nodes_promoted":0,"promotion_ratio":0,"average_survival_ratio":0.00119217,"promotion_rate":0,"during_sweeping":false,"heap.prologue":0,"heap.epilogue":0.001,"heap.external.prologue":0,"heap.external.epilogue":0,"heap.external_weak_global_handles":0,"complete.sweep_array_buffers":0,"scavenge":0.05,"scavenge.free_remembered_set":0,"scavenge.roots":0.011,"scavenge.weak":0,"scavenge.weak_global_handles.identify":0.001,"scavenge.weak_global_handles.process":0,"scavenge.parallel":0.002,"scavenge.pin_objects_conservative":0,"scavenge.pin_objects_precise":0,"scavenge.restore_pinned":0,"scavenge.sweep_array_buffers":0,"scavenge.resize_new_space":0,"background.scavenge.parallel":0,"incremental.steps_count":0,"incremental.steps_took":0,"scavenge_throughput":1773.05,"quarantined_size":0,"quarantined_pages":0}
[74519:0xb1340c000:0]     5376 ms: GC: {"pause":0.054,"mutator":119.174,"gc":"s","reduce_memory":false,"time_to_safepoint":0,"stack":true,"reason":"allocation failure","collector_reason":"","start_object_size":27064248,"end_object_size":18676152,"start_memory_size":37715968,"end_memory_size":37715968,"start_holes_size":2205768,"end_holes_size":2205768,"pool_local_chunks":0,"pool_shared_chunks":0,"pool_total_chunks":0,"new_space_capacity":8388608,"old_gen_allocation_limit":59683808,"global_allocation_limit":59683904,"allocation_throughput":66988.2,"new_space_allocation_throughput":66988.2,"new_space_survive_rate":0,"allocated":8355152,"promoted":0,"new_space_survived":0,"nodes_died_in_new":0,"nodes_copied_in_new":0,"nodes_promoted":0,"promotion_ratio":0,"average_survival_ratio":0.00119217,"promotion_rate":0,"during_sweeping":false,"heap.prologue":0,"heap.epilogue":0.002,"heap.external.prologue":0,"heap.external.epilogue":0,"heap.external_weak_global_handles":0,"complete.sweep_array_buffers":0,"scavenge":0.043,"scavenge.free_remembered_set":0,"scavenge.roots":0.01,"scavenge.weak":0,"scavenge.weak_global_handles.identify":0.001,"scavenge.weak_global_handles.process":0,"scavenge.parallel":0,"scavenge.pin_objects_conservative":0,"scavenge.pin_objects_precise":0,"scavenge.restore_pinned":0,"scavenge.sweep_array_buffers":0,"scavenge.resize_new_space":0.001,"background.scavenge.parallel":0,"incremental.steps_count":0,"incremental.steps_took":0,"scavenge_throughput":1808.32,"quarantined_size":0,"quarantined_pages":0}
[74519:0xb1340c000:0]     5503 ms: GC: {"pause":0.062,"mutator":127.052,"gc":"s","reduce_memory":false,"time_to_safepoint":0,"stack":true,"reason":"allocation failure","collector_reason":"","start_object_size":27064248,"end_object_size":18709016,"start_memory_size":37715968,"end_memory_size":37715968,"start_holes_size":2205768,"end_holes_size":2205768,"pool_local_chunks":0,"pool_shared_chunks":0,"pool_total_chunks":0,"new_space_capacity":8388608,"old_gen_allocation_limit":59683808,"global_allocation_limit":59683904,"allocation_throughput":66421.3,"new_space_allocation_throughput":66421.3,"new_space_survive_rate":0.00333806,"allocated":8388096,"promoted":0,"new_space_survived":280,"nodes_died_in_new":0,"nodes_copied_in_new":0,"nodes_promoted":0,"promotion_ratio":0,"average_survival_ratio":0.00152597,"promotion_rate":0,"during_sweeping":false,"heap.prologue":0,"heap.epilogue":0.001,"heap.external.prologue":0,"heap.external.epilogue":0,"heap.external_weak_global_handles":0,"complete.sweep_array_buffers":0,"scavenge":0.051,"scavenge.free_remembered_set":0,"scavenge.roots":0.012,"scavenge.weak":0,"scavenge.weak_global_handles.identify":0,"scavenge.weak_global_handles.process":0,"scavenge.parallel":0.002,"scavenge.pin_objects_conservative":0,"scavenge.pin_objects_precise":0,"scavenge.restore_pinned":0,"scavenge.sweep_array_buffers":0,"scavenge.resize_new_space":0.001,"background.scavenge.parallel":0,"incremental.steps_count":0,"incremental.steps_took":0,"scavenge_throughput":2277.58,"quarantined_size":0,"quarantined_pages":0}
[74519:0xb1340c000:0]     5627 ms: GC: {"pause":0.054,"mutator":123.987,"gc":"s","reduce_memory":false,"time_to_safepoint":0,"stack":true,"reason":"allocation failure","collector_reason":"","start_object_size":27064248,"end_object_size":18676152,"start_memory_size":37715968,"end_memory_size":37715968,"start_holes_size":2205768,"end_holes_size":2205768,"pool_local_chunks":0,"pool_shared_chunks":0,"pool_total_chunks":0,"new_space_capacity":8388608,"old_gen_allocation_limit":59683808,"global_allocation_limit":59683904,"allocation_throughput":66978.4,"new_space_allocation_throughput":66978.4,"new_space_survive_rate":0,"allocated":8355232,"promoted":0,"new_space_survived":0,"nodes_died_in_new":0,"nodes_copied_in_new":0,"nodes_promoted":0,"promotion_ratio":0,"average_survival_ratio":0.00152597,"promotion_rate":0,"during_sweeping":false,"heap.prologue":0,"heap.epilogue":0.002,"heap.external.prologue":0,"heap.external.epilogue":0,"heap.external_weak_global_handles":0,"complete.sweep_array_buffers":0,"scavenge":0.042,"scavenge.free_remembered_set":0,"scavenge.roots":0.009,"scavenge.weak":0,"scavenge.weak_global_handles.identify":0.001,"scavenge.weak_global_handles.process":0,"scavenge.parallel":0,"scavenge.pin_objects_conservative":0,"scavenge.pin_objects_precise":0,"scavenge.restore_pinned":0,"scavenge.sweep_array_buffers":0,"scavenge.resize_new_space":0,"background.scavenge.parallel":0,"incremental.steps_count":0,"incremental.steps_took":0,"scavenge_throughput":2281.64,"quarantined_size":0,"quarantined_pages":0}
[74519:0xb1340c000:0]     5751 ms: GC: {"pause":0.061,"mutator":123.528,"gc":"s","reduce_memory":false,"time_to_safepoint":0,"stack":true,"reason":"allocation failure","collector_reason":"","start_object_size":27064248,"end_object_size":18709016,"start_memory_size":37715968,"end_memory_size":37715968,"start_holes_size":2205768,"end_holes_size":2205768,"pool_local_chunks":0,"pool_shared_chunks":0,"pool_total_chunks":0,"new_space_capacity":8388608,"old_gen_allocation_limit":59683808,"global_allocation_limit":59683904,"allocation_throughput":67510.4,"new_space_allocation_throughput":67510.4,"new_space_survive_rate":0.00333806,"allocated":8388096,"promoted":0,"new_space_survived":280,"nodes_died_in_new":0,"nodes_copied_in_new":0,"nodes_promoted":0,"promotion_ratio":0,"average_survival_ratio":0.00185978,"promotion_rate":0,"during_sweeping":false,"heap.prologue":0,"heap.epilogue":0.001,"heap.external.prologue":0,"heap.external.epilogue":0,"heap.external_weak_global_handles":0,"complete.sweep_array_buffers":0,"scavenge":0.051,"scavenge.free_remembered_set":0,"scavenge.roots":0.012,"scavenge.weak":0,"scavenge.weak_global_handles.identify":0,"scavenge.weak_global_handles.process":0,"scavenge.parallel":0.002,"scavenge.pin_objects_conservative":0,"scavenge.pin_objects_precise":0,"scavenge.restore_pinned":0,"scavenge.sweep_array_buffers":0,"scavenge.resize_new_space":0,"background.scavenge.parallel":0,"incremental.steps_count":0,"incremental.steps_took":0,"scavenge_throughput":2717.77,"quarantined_size":0,"quarantined_pages":0}
[74519:0xb1340c000:0]     5871 ms: GC: {"pause":0.057,"mutator":120.31,"gc":"s","reduce_memory":false,"time_to_safepoint":0,"stack":true,"reason":"allocation failure","collector_reason":"","start_object_size":27064248,"end_object_size":18676152,"start_memory_size":37715968,"end_memory_size":37715968,"start_holes_size":2205768,"end_holes_size":2205768,"pool_local_chunks":0,"pool_shared_chunks":0,"pool_total_chunks":0,"new_space_capacity":8388608,"old_gen_allocation_limit":59683808,"global_allocation_limit":59683904,"allocation_throughput":68605.8,"new_space_allocation_throughput":68605.8,"new_space_survive_rate":0,"allocated":8355232,"promoted":0,"new_space_survived":0,"nodes_died_in_new":0,"nodes_copied_in_new":0,"nodes_promoted":0,"promotion_ratio":0,"average_survival_ratio":0.00185978,"promotion_rate":0,"during_sweeping":false,"heap.prologue":0,"heap.epilogue":0.001,"heap.external.prologue":0,"heap.external.epilogue":0,"heap.external_weak_global_handles":0,"complete.sweep_array_buffers":0,"scavenge":0.044,"scavenge.free_remembered_set":0,"scavenge.roots":0.009,"scavenge.weak":0,"scavenge.weak_global_handles.identify":0,"scavenge.weak_global_handles.process":0,"scavenge.parallel":0,"scavenge.pin_objects_conservative":0,"scavenge.pin_objects_precise":0,"scavenge.restore_pinned":0,"scavenge.sweep_array_buffers":0,"scavenge.resize_new_space":0,"background.scavenge.parallel":0,"incremental.steps_count":0,"incremental.steps_took":0,"scavenge_throughput":2666.67,"quarantined_size":0,"quarantined_pages":0}
[74519:0xb1340c000:0]     5994 ms: GC: {"pause":0.067,"mutator":122.547,"gc":"s","reduce_memory":false,"time_to_safepoint":0,"stack":true,"reason":"allocation failure","collector_reason":"","start_object_size":27064248,"end_object_size":18676152,"start_memory_size":37715968,"end_memory_size":37715968,"start_holes_size":2205768,"end_holes_size":2205768,"pool_local_chunks":0,"pool_shared_chunks":0,"pool_total_chunks":0,"new_space_capacity":8388608,"old_gen_allocation_limit":59683808,"global_allocation_limit":59683904,"allocation_throughput":68515.2,"new_space_allocation_throughput":68515.2,"new_space_survive_rate":0,"allocated":8388096,"promoted":0,"new_space_survived":0,"nodes_died_in_new":0,"nodes_copied_in_new":0,"nodes_promoted":0,"promotion_ratio":0,"average_survival_ratio":0.0014306,"promotion_rate":0,"during_sweeping":false,"heap.prologue":0,"heap.epilogue":0.002,"heap.external.prologue":0,"heap.external.epilogue":0,"heap.external_weak_global_handles":0,"complete.sweep_array_buffers":0,"scavenge":0.052,"scavenge.free_remembered_set":0,"scavenge.roots":0.011,"scavenge.weak":0,"scavenge.weak_global_handles.identify":0,"scavenge.weak_global_handles.process":0.001,"scavenge.parallel":0,"scavenge.pin_objects_conservative":0,"scavenge.pin_objects_precise":0,"scavenge.restore_pinned":0,"scavenge.sweep_array_buffers":0,"scavenge.resize_new_space":0,"background.scavenge.parallel":0,"incremental.steps_count":0,"incremental.steps_took":0,"scavenge_throughput":2020.2,"quarantined_size":0,"quarantined_pages":0}
[74519:0xb1340c000:0]     6114 ms: GC: {"pause":0.094,"mutator":119.837,"gc":"s","reduce_memory":false,"time_to_safepoint":0,"stack":true,"reason":"allocation failure","collector_reason":"","start_object_size":27064248,"end_object_size":18676152,"start_memory_size":37715968,"end_memory_size":37715968,"start_holes_size":2205768,"end_holes_size":2205768,"pool_local_chunks":0,"pool_shared_chunks":0,"pool_total_chunks":0,"new_space_capacity":8388608,"old_gen_allocation_limit":59683808,"global_allocation_limit":59683904,"allocation_throughput":69350,"new_space_allocation_throughput":69350,"new_space_survive_rate":0,"allocated":8388096,"promoted":0,"new_space_survived":0,"nodes_died_in_new":0,"nodes_copied_in_new":0,"nodes_promoted":0,"promotion_ratio":0,"average_survival_ratio":0.00109679,"promotion_rate":0,"during_sweeping":false,"heap.prologue":0,"heap.epilogue":0.001,"heap.external.prologue":0,"heap.external.epilogue":0,"heap.external_weak_global_handles":0,"complete.sweep_array_buffers":0,"scavenge":0.075,"scavenge.free_remembered_set":0,"scavenge.roots":0.012,"scavenge.weak":0,"scavenge.weak_global_handles.identify":0.001,"scavenge.weak_global_handles.process":0,"scavenge.parallel":0,"scavenge.pin_objects_conservative":0,"scavenge.pin_objects_precise":0,"scavenge.restore_pinned":0.001,"scavenge.sweep_array_buffers":0,"scavenge.resize_new_space":0,"background.scavenge.parallel":0,"incremental.steps_count":0,"incremental.steps_took":0,"scavenge_throughput":1472,"quarantined_size":0,"quarantined_pages":0}
[74519:0xb1340c000:0]     6236 ms: GC: {"pause":0.072,"mutator":121.834,"gc":"s","reduce_memory":false,"time_to_safepoint":0,"stack":true,"reason":"allocation failure","collector_reason":"","start_object_size":27064248,"end_object_size":18676152,"start_memory_size":37715968,"end_memory_size":37715968,"start_holes_size":2205768,"end_holes_size":2205768,"pool_local_chunks":0,"pool_shared_chunks":0,"pool_total_chunks":0,"new_space_capacity":8388608,"old_gen_allocation_limit":59683808,"global_allocation_limit":59683904,"allocation_throughput":69063.4,"new_space_allocation_throughput":69063.4,"new_space_survive_rate":0,"allocated":8388096,"promoted":0,"new_space_survived":0,"nodes_died_in_new":0,"nodes_copied_in_new":0,"nodes_promoted":0,"promotion_ratio":0,"average_survival_ratio":0.00109679,"promotion_rate":0,"during_sweeping":false,"heap.prologue":0,"heap.epilogue":0.002,"heap.external.prologue":0,"heap.external.epilogue":0,"heap.external_weak_global_handles":0,"complete.sweep_array_buffers":0,"scavenge":0.059,"scavenge.free_remembered_set":0,"scavenge.roots":0.011,"scavenge.weak":0,"scavenge.weak_global_handles.identify":0,"scavenge.weak_global_handles.process":0,"scavenge.parallel":0,"scavenge.pin_objects_conservative":0,"scavenge.pin_objects_precise":0,"scavenge.restore_pinned":0,"scavenge.sweep_array_buffers":0,"scavenge.resize_new_space":0.001,"background.scavenge.parallel":0,"incremental.steps_count":0,"incremental.steps_took":0,"scavenge_throughput":1446.54,"quarantined_size":0,"quarantined_pages":0}
[74519:0xb1340c000:0]     6359 ms: GC: {"pause":0.061,"mutator":123.761,"gc":"s","reduce_memory":false,"time_to_safepoint":0,"stack":true,"reason":"allocation failure","collector_reason":"","start_object_size":27064248,"end_object_size":18676152,"start_memory_size":37715968,"end_memory_size":37715968,"start_holes_size":2205768,"end_holes_size":2205768,"pool_local_chunks":0,"pool_shared_chunks":0,"pool_total_chunks":0,"new_space_capacity":8388608,"old_gen_allocation_limit":59683808,"global_allocation_limit":59683904,"allocation_throughput":68321.3,"new_space_allocation_throughput":68321.3,"new_space_survive_rate":0,"allocated":8388096,"promoted":0,"new_space_survived":0,"nodes_died_in_new":0,"nodes_copied_in_new":0,"nodes_promoted":0,"promotion_ratio":0,"average_survival_ratio":0.00109679,"promotion_rate":0,"during_sweeping":false,"heap.prologue":0,"heap.epilogue":0.002,"heap.external.prologue":0,"heap.external.epilogue":0,"heap.external_weak_global_handles":0,"complete.sweep_array_buffers":0,"scavenge":0.048,"scavenge.free_remembered_set":0,"scavenge.roots":0.012,"scavenge.weak":0,"scavenge.weak_global_handles.identify":0.001,"scavenge.weak_global_handles.process":0,"scavenge.parallel":0,"scavenge.pin_objects_conservative":0,"scavenge.pin_objects_precise":0,"scavenge.restore_pinned":0,"scavenge.sweep_array_buffers":0,"scavenge.resize_new_space":0,"background.scavenge.parallel":0,"incremental.steps_count":0,"incremental.steps_took":0,"scavenge_throughput":1433.02,"quarantined_size":0,"quarantined_pages":0}
[74519:0xb1340c000:0]     6482 ms: GC: {"pause":0.066,"mutator":122.092,"gc":"s","reduce_memory":false,"time_to_safepoint":0,"stack":true,"reason":"allocation failure","collector_reason":"","start_object_size":27064248,"end_object_size":18676152,"start_memory_size":37715968,"end_memory_size":37715968,"start_holes_size":2205768,"end_holes_size":2205768,"pool_local_chunks":0,"pool_shared_chunks":0,"pool_total_chunks":0,"new_space_capacity":8388608,"old_gen_allocation_limit":59683808,"global_allocation_limit":59683904,"allocation_throughput":68538.7,"new_space_allocation_throughput":68538.7,"new_space_survive_rate":0,"allocated":8388096,"promoted":0,"new_space_survived":0,"nodes_died_in_new":0,"nodes_copied_in_new":0,"nodes_promoted":0,"promotion_ratio":0,"average_survival_ratio":0.000667613,"promotion_rate":0,"during_sweeping":false,"heap.prologue":0,"heap.epilogue":0.002,"heap.external.prologue":0,"heap.external.epilogue":0,"heap.external_weak_global_handles":0,"complete.sweep_array_buffers":0,"scavenge":0.052,"scavenge.free_remembered_set":0,"scavenge.roots":0.012,"scavenge.weak":0,"scavenge.weak_global_handles.identify":0,"scavenge.weak_global_handles.process":0.001,"scavenge.parallel":0,"scavenge.pin_objects_conservative":0,"scavenge.pin_objects_precise":0,"scavenge.restore_pinned":0,"scavenge.sweep_array_buffers":0,"scavenge.resize_new_space":0.001,"background.scavenge.parallel":0,"incremental.steps_count":0,"incremental.steps_took":0,"scavenge_throughput":864.198,"quarantined_size":0,"quarantined_pages":0}
[74519:0xb1340c000:0]     6602 ms: GC: {"pause":0.06,"mutator":119.994,"gc":"s","reduce_memory":false,"time_to_safepoint":0,"stack":true,"reason":"allocation failure","collector_reason":"","start_object_size":27064248,"end_object_size":18709096,"start_memory_size":37715968,"end_memory_size":37715968,"start_holes_size":2205768,"end_holes_size":2205768,"pool_local_chunks":0,"pool_shared_chunks":0,"pool_total_chunks":0,"new_space_capacity":8388608,"old_gen_allocation_limit":59683808,"global_allocation_limit":59683904,"allocation_throughput":69308.9,"new_space_allocation_throughput":69308.9,"new_space_survive_rate":0.0042918,"allocated":8388096,"promoted":0,"new_space_survived":360,"nodes_died_in_new":0,"nodes_copied_in_new":0,"nodes_promoted":0,"promotion_ratio":0,"average_survival_ratio":0.00109679,"promotion_rate":0,"during_sweeping":false,"heap.prologue":0,"heap.epilogue":0,"heap.external.prologue":0,"heap.external.epilogue":0,"heap.external_weak_global_handles":0,"complete.sweep_array_buffers":0,"scavenge":0.05,"scavenge.free_remembered_set":0,"scavenge.roots":0.012,"scavenge.weak":0,"scavenge.weak_global_handles.identify":0,"scavenge.weak_global_handles.process":0,"scavenge.parallel":0.002,"scavenge.pin_objects_conservative":0,"scavenge.pin_objects_precise":0,"scavenge.restore_pinned":0,"scavenge.sweep_array_buffers":0,"scavenge.resize_new_space":0.001,"background.scavenge.parallel":0,"incremental.steps_count":0,"incremental.steps_took":0,"scavenge_throughput":1406.73,"quarantined_size":0,"quarantined_pages":0}
[74519:0xb1340c000:0]     6722 ms: GC: {"pause":0.062,"mutator":120.358,"gc":"s","reduce_memory":false,"time_to_safepoint":0,"stack":true,"reason":"allocation failure","collector_reason":"","start_object_size":27064248,"end_object_size":18709016,"start_memory_size":37715968,"end_memory_size":37715968,"start_holes_size":2205768,"end_holes_size":2205768,"pool_local_chunks":0,"pool_shared_chunks":0,"pool_total_chunks":0,"new_space_capacity":8388608,"old_gen_allocation_limit":59683808,"global_allocation_limit":59683904,"allocation_throughput":69371.3,"new_space_allocation_throughput":69371.3,"new_space_survive_rate":0.00333806,"allocated":8355152,"promoted":0,"new_space_survived":280,"nodes_died_in_new":0,"nodes_copied_in_new":0,"nodes_promoted":0,"promotion_ratio":0,"average_survival_ratio":0.00109679,"promotion_rate":0,"during_sweeping":false,"heap.prologue":0,"heap.epilogue":0,"heap.external.prologue":0,"heap.external.epilogue":0,"heap.external_weak_global_handles":0,"complete.sweep_array_buffers":0,"scavenge":0.05,"scavenge.free_remembered_set":0,"scavenge.roots":0.012,"scavenge.weak":0,"scavenge.weak_global_handles.identify":0,"scavenge.weak_global_handles.process":0,"scavenge.parallel":0.001,"scavenge.pin_objects_conservative":0,"scavenge.pin_objects_precise":0,"scavenge.restore_pinned":0.001,"scavenge.sweep_array_buffers":0,"scavenge.resize_new_space":0,"background.scavenge.parallel":0,"incremental.steps_count":0,"incremental.steps_took":0,"scavenge_throughput":1406.73,"quarantined_size":0,"quarantined_pages":0}
[74519:0xb1340c000:0]     6842 ms: GC: {"pause":0.055,"mutator":119.924,"gc":"s","reduce_memory":false,"time_to_safepoint":0,"stack":true,"reason":"allocation failure","collector_reason":"","start_object_size":27064248,"end_object_size":18676152,"start_memory_size":37715968,"end_memory_size":37715968,"start_holes_size":2205768,"end_holes_size":2205768,"pool_local_chunks":0,"pool_shared_chunks":0,"pool_total_chunks":0,"new_space_capacity":8388608,"old_gen_allocation_limit":59683808,"global_allocation_limit":59683904,"allocation_throughput":69540.2,"new_space_allocation_throughput":69540.2,"new_space_survive_rate":0,"allocated":8355232,"promoted":0,"new_space_survived":0,"nodes_died_in_new":0,"nodes_copied_in_new":0,"nodes_promoted":0,"promotion_ratio":0,"average_survival_ratio":0.00109679,"promotion_rate":0,"during_sweeping":false,"heap.prologue":0,"heap.epilogue":0.002,"heap.external.prologue":0,"heap.external.epilogue":0,"heap.external_weak_global_handles":0,"complete.sweep_array_buffers":0,"scavenge":0.043,"scavenge.free_remembered_set":0,"scavenge.roots":0.01,"scavenge.weak":0,"scavenge.weak_global_handles.identify":0,"scavenge.weak_global_handles.process":0,"scavenge.parallel":0,"scavenge.pin_objects_conservative":0,"scavenge.pin_objects_precise":0,"scavenge.restore_pinned":0,"scavenge.sweep_array_buffers":0,"scavenge.resize_new_space":0,"background.scavenge.parallel":0,"incremental.steps_count":0,"incremental.steps_took":0,"scavenge_throughput":1404.58,"quarantined_size":0,"quarantined_pages":0}
[74519:0xb1340c000:0]     6962 ms: GC: {"pause":0.054,"mutator":119.463,"gc":"s","reduce_memory":false,"time_to_safepoint":0,"stack":true,"reason":"allocation failure","collector_reason":"","start_object_size":27064248,"end_object_size":18676152,"start_memory_size":37715968,"end_memory_size":37715968,"start_holes_size":2205768,"end_holes_size":2205768,"pool_local_chunks":0,"pool_shared_chunks":0,"pool_total_chunks":0,"new_space_capacity":8388608,"old_gen_allocation_limit":59683808,"global_allocation_limit":59683904,"allocation_throughput":69919.5,"new_space_allocation_throughput":69919.5,"new_space_survive_rate":0,"allocated":8388096,"promoted":0,"new_space_survived":0,"nodes_died_in_new":0,"nodes_copied_in_new":0,"nodes_promoted":0,"promotion_ratio":0,"average_survival_ratio":0.000762986,"promotion_rate":0,"during_sweeping":false,"heap.prologue":0,"heap.epilogue":0.001,"heap.external.prologue":0,"heap.external.epilogue":0,"heap.external_weak_global_handles":0,"complete.sweep_array_buffers":0,"scavenge":0.043,"scavenge.free_remembered_set":0,"scavenge.roots":0.01,"scavenge.weak":0,"scavenge.weak_global_handles.identify":0,"scavenge.weak_global_handles.process":0,"scavenge.parallel":0,"scavenge.pin_objects_conservative":0,"scavenge.pin_objects_precise":0,"scavenge.restore_pinned":0,"scavenge.sweep_array_buffers":0,"scavenge.resize_new_space":0.001,"background.scavenge.parallel":0,"incremental.steps_count":0,"incremental.steps_took":0,"scavenge_throughput":987.654,"quarantined_size":0,"quarantined_pages":0}
[74519:0xb1340c000:0]     7084 ms: GC: {"pause":0.059,"mutator":121.896,"gc":"s","reduce_memory":false,"time_to_safepoint":0,"stack":true,"reason":"allocation failure","collector_reason":"","start_object_size":27064248,"end_object_size":18709096,"start_memory_size":37715968,"end_memory_size":37715968,"start_holes_size":2205768,"end_holes_size":2205768,"pool_local_chunks":0,"pool_shared_chunks":0,"pool_total_chunks":0,"new_space_capacity":8388608,"old_gen_allocation_limit":59683808,"global_allocation_limit":59683904,"allocation_throughput":69288,"new_space_allocation_throughput":69288,"new_space_survive_rate":0.0042918,"allocated":8388096,"promoted":0,"new_space_survived":360,"nodes_died_in_new":0,"nodes_copied_in_new":0,"nodes_promoted":0,"promotion_ratio":0,"average_survival_ratio":0.00119217,"promotion_rate":0,"during_sweeping":false,"heap.prologue":0,"heap.epilogue":0,"heap.external.prologue":0,"heap.external.epilogue":0,"heap.external_weak_global_handles":0,"complete.sweep_array_buffers":0,"scavenge":0.049,"scavenge.free_remembered_set":0,"scavenge.roots":0.011,"scavenge.weak":0,"scavenge.weak_global_handles.identify":0,"scavenge.weak_global_handles.process":0,"scavenge.parallel":0.002,"scavenge.pin_objects_conservative":0,"scavenge.pin_objects_precise":0,"scavenge.restore_pinned":0,"scavenge.sweep_array_buffers":0,"scavenge.resize_new_space":0.001,"background.scavenge.parallel":0,"incremental.steps_count":0,"incremental.steps_took":0,"scavenge_throughput":1538.46,"quarantined_size":0,"quarantined_pages":0}
[74519:0xb1340c000:0]     7202 ms: GC: {"pause":0.054,"mutator":117.909,"gc":"s","reduce_memory":false,"time_to_safepoint":0,"stack":true,"reason":"allocation failure","collector_reason":"","start_object_size":27064248,"end_object_size":18676152,"start_memory_size":37715968,"end_memory_size":37715968,"start_holes_size":2205768,"end_holes_size":2205768,"pool_local_chunks":0,"pool_shared_chunks":0,"pool_total_chunks":0,"new_space_capacity":8388608,"old_gen_allocation_limit":59683808,"global_allocation_limit":59683904,"allocation_throughput":70166,"new_space_allocation_throughput":70166,"new_space_survive_rate":0,"allocated":8355152,"promoted":0,"new_space_survived":0,"nodes_died_in_new":0,"nodes_copied_in_new":0,"nodes_promoted":0,"promotion_ratio":0,"average_survival_ratio":0.00119217,"promotion_rate":0,"during_sweeping":false,"heap.prologue":0,"heap.epilogue":0.001,"heap.external.prologue":0,"heap.external.epilogue":0,"heap.external_weak_global_handles":0,"complete.sweep_array_buffers":0,"scavenge":0.043,"scavenge.free_remembered_set":0,"scavenge.roots":0.01,"scavenge.weak":0,"scavenge.weak_global_handles.identify":0,"scavenge.weak_global_handles.process":0,"scavenge.parallel":0,"scavenge.pin_objects_conservative":0,"scavenge.pin_objects_precise":0,"scavenge.restore_pinned":0,"scavenge.sweep_array_buffers":0,"scavenge.resize_new_space":0,"background.scavenge.parallel":0,"incremental.steps_count":0,"incremental.steps_took":0,"scavenge_throughput":1569.86,"quarantined_size":0,"quarantined_pages":0}
[74519:0xb1340c000:0]     7323 ms: GC: {"pause":0.064,"mutator":121.595,"gc":"s","reduce_memory":false,"time_to_safepoint":0,"stack":true,"reason":"allocation failure","collector_reason":"","start_object_size":27064248,"end_object_size":18709016,"start_memory_size":37715968,"end_memory_size":37715968,"start_holes_size":2205768,"end_holes_size":2205768,"pool_local_chunks":0,"pool_shared_chunks":0,"pool_total_chunks":0,"new_space_capacity":8388608,"old_gen_allocation_limit":59683808,"global_allocation_limit":59683904,"allocation_throughput":69492.1,"new_space_allocation_throughput":69492.1,"new_space_survive_rate":0.00333806,"allocated":8388096,"promoted":0,"new_space_survived":280,"nodes_died_in_new":0,"nodes_copied_in_new":0,"nodes_promoted":0,"promotion_ratio":0,"average_survival_ratio":0.00152597,"promotion_rate":0,"during_sweeping":false,"heap.prologue":0,"heap.epilogue":0,"heap.external.prologue":0,"heap.external.epilogue":0,"heap.external_weak_global_handles":0,"complete.sweep_array_buffers":0,"scavenge":0.055,"scavenge.free_remembered_set":0,"scavenge.roots":0.016,"scavenge.weak":0,"scavenge.weak_global_handles.identify":0,"scavenge.weak_global_handles.process":0,"scavenge.parallel":0.001,"scavenge.pin_objects_conservative":0,"scavenge.pin_objects_precise":0,"scavenge.restore_pinned":0,"scavenge.sweep_array_buffers":0,"scavenge.resize_new_space":0,"background.scavenge.parallel":0,"incremental.steps_count":0,"incremental.steps_took":0,"scavenge_throughput":2108.73,"quarantined_size":0,"quarantined_pages":0}
[74519:0xb1340c000:0]     7442 ms: GC: {"pause":0.05,"mutator":119.193,"gc":"s","reduce_memory":false,"time_to_safepoint":0,"stack":true,"reason":"allocation failure","collector_reason":"","start_object_size":27064248,"end_object_size":18676152,"start_memory_size":37715968,"end_memory_size":37715968,"start_holes_size":2205768,"end_holes_size":2205768,"pool_local_chunks":0,"pool_shared_chunks":0,"pool_total_chunks":0,"new_space_capacity":8388608,"old_gen_allocation_limit":59683808,"global_allocation_limit":59683904,"allocation_throughput":69833,"new_space_allocation_throughput":69833,"new_space_survive_rate":0,"allocated":8355232,"promoted":0,"new_space_survived":0,"nodes_died_in_new":0,"nodes_copied_in_new":0,"nodes_promoted":0,"promotion_ratio":0,"average_survival_ratio":0.00152597,"promotion_rate":0,"during_sweeping":false,"heap.prologue":0,"heap.epilogue":0.001,"heap.external.prologue":0,"heap.external.epilogue":0,"heap.external_weak_global_handles":0,"complete.sweep_array_buffers":0,"scavenge":0.04,"scavenge.free_remembered_set":0,"scavenge.roots":0.008,"scavenge.weak":0,"scavenge.weak_global_handles.identify":0.001,"scavenge.weak_global_handles.process":0,"scavenge.parallel":0,"scavenge.pin_objects_conservative":0,"scavenge.pin_objects_precise":0,"scavenge.restore_pinned":0,"scavenge.sweep_array_buffers":0,"scavenge.resize_new_space":0,"background.scavenge.parallel":0,"incremental.steps_count":0,"incremental.steps_took":0,"scavenge_throughput":2188.03,"quarantined_size":0,"quarantined_pages":0}
[74519:0xb1340c000:0]     7564 ms: GC: {"pause":0.059,"mutator":121.311,"gc":"s","reduce_memory":false,"time_to_safepoint":0,"stack":true,"reason":"allocation failure","collector_reason":"","start_object_size":27064248,"end_object_size":18709016,"start_memory_size":37715968,"end_memory_size":37715968,"start_holes_size":2205768,"end_holes_size":2205768,"pool_local_chunks":0,"pool_shared_chunks":0,"pool_total_chunks":0,"new_space_capacity":8388608,"old_gen_allocation_limit":59683808,"global_allocation_limit":59683904,"allocation_throughput":69441.3,"new_space_allocation_throughput":69441.3,"new_space_survive_rate":0.00333806,"allocated":8388096,"promoted":0,"new_space_survived":280,"nodes_died_in_new":0,"nodes_copied_in_new":0,"nodes_promoted":0,"promotion_ratio":0,"average_survival_ratio":0.00185978,"promotion_rate":0,"during_sweeping":false,"heap.prologue":0,"heap.epilogue":0.001,"heap.external.prologue":0,"heap.external.epilogue":0,"heap.external_weak_global_handles":0,"complete.sweep_array_buffers":0,"scavenge":0.05,"scavenge.free_remembered_set":0,"scavenge.roots":0.011,"scavenge.weak":0,"scavenge.weak_global_handles.identify":0,"scavenge.weak_global_handles.process":0,"scavenge.parallel":0.002,"scavenge.pin_objects_conservative":0,"scavenge.pin_objects_precise":0,"scavenge.restore_pinned":0,"scavenge.sweep_array_buffers":0,"scavenge.resize_new_space":0,"background.scavenge.parallel":0,"incremental.steps_count":0,"incremental.steps_took":0,"scavenge_throughput":2675.81,"quarantined_size":0,"quarantined_pages":0}
[74519:0xb1340c000:0]     7683 ms: GC: {"pause":0.052,"mutator":119.142,"gc":"s","reduce_memory":false,"time_to_safepoint":0,"stack":true,"reason":"allocation failure","collector_reason":"","start_object_size":27064248,"end_object_size":18676152,"start_memory_size":37715968,"end_memory_size":37715968,"start_holes_size":2205768,"end_holes_size":2205768,"pool_local_chunks":0,"pool_shared_chunks":0,"pool_total_chunks":0,"new_space_capacity":8388608,"old_gen_allocation_limit":59683808,"global_allocation_limit":59683904,"allocation_throughput":69827.2,"new_space_allocation_throughput":69827.2,"new_space_survive_rate":0,"allocated":8355232,"promoted":0,"new_space_survived":0,"nodes_died_in_new":0,"nodes_copied_in_new":0,"nodes_promoted":0,"promotion_ratio":0,"average_survival_ratio":0.00185978,"promotion_rate":0,"during_sweeping":false,"heap.prologue":0,"heap.epilogue":0.001,"heap.external.prologue":0,"heap.external.epilogue":0,"heap.external_weak_global_handles":0,"complete.sweep_array_buffers":0,"scavenge":0.042,"scavenge.free_remembered_set":0,"scavenge.roots":0.01,"scavenge.weak":0,"scavenge.weak_global_handles.identify":0,"scavenge.weak_global_handles.process":0,"scavenge.parallel":0,"scavenge.pin_objects_conservative":0,"scavenge.pin_objects_precise":0,"scavenge.restore_pinned":0,"scavenge.sweep_array_buffers":0,"scavenge.resize_new_space":0,"background.scavenge.parallel":0,"incremental.steps_count":0,"incremental.steps_took":0,"scavenge_throughput":2741.65,"quarantined_size":0,"quarantined_pages":0}
[74519:0xb1340c000:0]     7805 ms: GC: {"pause":0.052,"mutator":121.488,"gc":"s","reduce_memory":false,"time_to_safepoint":0,"stack":true,"reason":"allocation failure","collector_reason":"","start_object_size":27064248,"end_object_size":18676152,"start_memory_size":37715968,"end_memory_size":37715968,"start_holes_size":2205768,"end_holes_size":2205768,"pool_local_chunks":0,"pool_shared_chunks":0,"pool_total_chunks":0,"new_space_capacity":8388608,"old_gen_allocation_limit":59683808,"global_allocation_limit":59683904,"allocation_throughput":69381.1,"new_space_allocation_throughput":69381.1,"new_space_survive_rate":0,"allocated":8388096,"promoted":0,"new_space_survived":0,"nodes_died_in_new":0,"nodes_copied_in_new":0,"nodes_promoted":0,"promotion_ratio":0,"average_survival_ratio":0.0014306,"promotion_rate":0,"during_sweeping":false,"heap.prologue":0,"heap.epilogue":0.002,"heap.external.prologue":0,"heap.external.epilogue":0,"heap.external_weak_global_handles":0,"complete.sweep_array_buffers":0,"scavenge":0.041,"scavenge.free_remembered_set":0,"scavenge.roots":0.009,"scavenge.weak":0,"scavenge.weak_global_handles.identify":0,"scavenge.weak_global_handles.process":0,"scavenge.parallel":0,"scavenge.pin_objects_conservative":0,"scavenge.pin_objects_precise":0,"scavenge.restore_pinned":0,"scavenge.sweep_array_buffers":0,"scavenge.resize_new_space":0,"background.scavenge.parallel":0,"incremental.steps_count":0,"incremental.steps_took":0,"scavenge_throughput":2139.04,"quarantined_size":0,"quarantined_pages":0}
[74519:0xb1340c000:0]     7925 ms: GC: {"pause":0.053,"mutator":120.718,"gc":"s","reduce_memory":false,"time_to_safepoint":0,"stack":true,"reason":"allocation failure","collector_reason":"","start_object_size":27064248,"end_object_size":18676152,"start_memory_size":37715968,"end_memory_size":37715968,"start_holes_size":2205768,"end_holes_size":2205768,"pool_local_chunks":0,"pool_shared_chunks":0,"pool_total_chunks":0,"new_space_capacity":8388608,"old_gen_allocation_limit":59683808,"global_allocation_limit":59683904,"allocation_throughput":69439.1,"new_space_allocation_throughput":69439.1,"new_space_survive_rate":0,"allocated":8388096,"promoted":0,"new_space_survived":0,"nodes_died_in_new":0,"nodes_copied_in_new":0,"nodes_promoted":0,"promotion_ratio":0,"average_survival_ratio":0.00109679,"promotion_rate":0,"during_sweeping":false,"heap.prologue":0,"heap.epilogue":0.002,"heap.external.prologue":0,"heap.external.epilogue":0,"heap.external_weak_global_handles":0,"complete.sweep_array_buffers":0,"scavenge":0.042,"scavenge.free_remembered_set":0,"scavenge.roots":0.011,"scavenge.weak":0,"scavenge.weak_global_handles.identify":0,"scavenge.weak_global_handles.process":0,"scavenge.parallel":0,"scavenge.pin_objects_conservative":0,"scavenge.pin_objects_precise":0,"scavenge.restore_pinned":0,"scavenge.sweep_array_buffers":0,"scavenge.resize_new_space":0,"background.scavenge.parallel":0,"incremental.steps_count":0,"incremental.steps_took":0,"scavenge_throughput":1666.67,"quarantined_size":0,"quarantined_pages":0}
[74519:0xb1340c000:0]     8046 ms: GC: {"pause":0.055,"mutator":120.668,"gc":"s","reduce_memory":false,"time_to_safepoint":0,"stack":true,"reason":"allocation failure","collector_reason":"","start_object_size":27064248,"end_object_size":18676152,"start_memory_size":37715968,"end_memory_size":37715968,"start_holes_size":2205768,"end_holes_size":2205768,"pool_local_chunks":0,"pool_shared_chunks":0,"pool_total_chunks":0,"new_space_capacity":8388608,"old_gen_allocation_limit":59683808,"global_allocation_limit":59683904,"allocation_throughput":69480.8,"new_space_allocation_throughput":69480.8,"new_space_survive_rate":0,"allocated":8388096,"promoted":0,"new_space_survived":0,"nodes_died_in_new":0,"nodes_copied_in_new":0,"nodes_promoted":0,"promotion_ratio":0,"average_survival_ratio":0.00109679,"promotion_rate":0,"during_sweeping":false,"heap.prologue":0,"heap.epilogue":0.001,"heap.external.prologue":0,"heap.external.epilogue":0,"heap.external_weak_global_handles":0,"complete.sweep_array_buffers":0,"scavenge":0.043,"scavenge.free_remembered_set":0,"scavenge.roots":0.011,"scavenge.weak":0,"scavenge.weak_global_handles.identify":0.001,"scavenge.weak_global_handles.process":0,"scavenge.parallel":0,"scavenge.pin_objects_conservative":0,"scavenge.pin_objects_precise":0,"scavenge.restore_pinned":0,"scavenge.sweep_array_buffers":0,"scavenge.resize_new_space":0.001,"background.scavenge.parallel":0,"incremental.steps_count":0,"incremental.steps_took":0,"scavenge_throughput":1666.67,"quarantined_size":0,"quarantined_pages":0}
[74519:0xb1340c000:0]     8166 ms: GC: {"pause":0.052,"mutator":119.601,"gc":"s","reduce_memory":false,"time_to_safepoint":0,"stack":true,"reason":"allocation failure","collector_reason":"","start_object_size":27064248,"end_object_size":18676152,"start_memory_size":37715968,"end_memory_size":37715968,"start_holes_size":2205768,"end_holes_size":2205768,"pool_local_chunks":0,"pool_shared_chunks":0,"pool_total_chunks":0,"new_space_capacity":8388608,"old_gen_allocation_limit":59683808,"global_allocation_limit":59683904,"allocation_throughput":69848.2,"new_space_allocation_throughput":69848.2,"new_space_survive_rate":0,"allocated":8388096,"promoted":0,"new_space_survived":0,"nodes_died_in_new":0,"nodes_copied_in_new":0,"nodes_promoted":0,"promotion_ratio":0,"average_survival_ratio":0.00109679,"promotion_rate":0,"during_sweeping":false,"heap.prologue":0,"heap.epilogue":0.002,"heap.external.prologue":0,"heap.external.epilogue":0,"heap.external_weak_global_handles":0,"complete.sweep_array_buffers":0,"scavenge":0.041,"scavenge.free_remembered_set":0,"scavenge.roots":0.009,"scavenge.weak":0,"scavenge.weak_global_handles.identify":0,"scavenge.weak_global_handles.process":0.001,"scavenge.parallel":0,"scavenge.pin_objects_conservative":0,"scavenge.pin_objects_precise":0,"scavenge.restore_pinned":0.001,"scavenge.sweep_array_buffers":0,"scavenge.resize_new_space":0,"background.scavenge.parallel":0,"incremental.steps_count":0,"incremental.steps_took":0,"scavenge_throughput":1672.73,"quarantined_size":0,"quarantined_pages":0}
[74519:0xb1340c000:0]     8287 ms: GC: {"pause":0.055,"mutator":121.305,"gc":"s","reduce_memory":false,"time_to_safepoint":0,"stack":true,"reason":"allocation failure","collector_reason":"","start_object_size":27064248,"end_object_size":18676152,"start_memory_size":37715968,"end_memory_size":37715968,"start_holes_size":2205768,"end_holes_size":2205768,"pool_local_chunks":0,"pool_shared_chunks":0,"pool_total_chunks":0,"new_space_capacity":8388608,"old_gen_allocation_limit":59683808,"global_allocation_limit":59683904,"allocation_throughput":69449.9,"new_space_allocation_throughput":69449.9,"new_space_survive_rate":0,"allocated":8388096,"promoted":0,"new_space_survived":0,"nodes_died_in_new":0,"nodes_copied_in_new":0,"nodes_promoted":0,"promotion_ratio":0,"average_survival_ratio":0.000667613,"promotion_rate":0,"during_sweeping":false,"heap.prologue":0,"heap.epilogue":0.002,"heap.external.prologue":0,"heap.external.epilogue":0,"heap.external_weak_global_handles":0,"complete.sweep_array_buffers":0,"scavenge":0.042,"scavenge.free_remembered_set":0,"scavenge.roots":0.01,"scavenge.weak":0,"scavenge.weak_global_handles.identify":0,"scavenge.weak_global_handles.process":0,"scavenge.parallel":0,"scavenge.pin_objects_conservative":0,"scavenge.pin_objects_precise":0,"scavenge.restore_pinned":0,"scavenge.sweep_array_buffers":0,"scavenge.resize_new_space":0,"background.scavenge.parallel":0,"incremental.steps_count":0,"incremental.steps_took":0,"scavenge_throughput":1025.64,"quarantined_size":0,"quarantined_pages":0}
[74519:0xb1340c000:0]     8408 ms: GC: {"pause":0.096,"mutator":120.856,"gc":"s","reduce_memory":false,"time_to_safepoint":0,"stack":true,"reason":"allocation failure","collector_reason":"","start_object_size":27064248,"end_object_size":18709096,"start_memory_size":37715968,"end_memory_size":37715968,"start_holes_size":2205768,"end_holes_size":2205768,"pool_local_chunks":0,"pool_shared_chunks":0,"pool_total_chunks":0,"new_space_capacity":8388608,"old_gen_allocation_limit":59683808,"global_allocation_limit":59683904,"allocation_throughput":69424.2,"new_space_allocation_throughput":69424.2,"new_space_survive_rate":0.0042918,"allocated":8388096,"promoted":0,"new_space_survived":360,"nodes_died_in_new":0,"nodes_copied_in_new":0,"nodes_promoted":0,"promotion_ratio":0,"average_survival_ratio":0.00109679,"promotion_rate":0,"during_sweeping":false,"heap.prologue":0,"heap.epilogue":0.001,"heap.external.prologue":0,"heap.external.epilogue":0,"heap.external_weak_global_handles":0,"complete.sweep_array_buffers":0,"scavenge":0.075,"scavenge.free_remembered_set":0,"scavenge.roots":0.013,"scavenge.weak":0,"scavenge.weak_global_handles.identify":0,"scavenge.weak_global_handles.process":0,"scavenge.parallel":0.002,"scavenge.pin_objects_conservative":0,"scavenge.pin_objects_precise":0,"scavenge.restore_pinned":0,"scavenge.sweep_array_buffers":0,"scavenge.resize_new_space":0,"background.scavenge.parallel":0,"incremental.steps_count":0,"incremental.steps_took":0,"scavenge_throughput":1564.63,"quarantined_size":0,"quarantined_pages":0}
[74519:0xb1340c000:0]     8540 ms: GC: {"pause":0.085,"mutator":131.788,"gc":"s","reduce_memory":false,"time_to_safepoint":0,"stack":true,"reason":"allocation failure","collector_reason":"","start_object_size":27064248,"end_object_size":18709016,"start_memory_size":37715968,"end_memory_size":37715968,"start_holes_size":2205768,"end_holes_size":2205768,"pool_local_chunks":0,"pool_shared_chunks":0,"pool_total_chunks":0,"new_space_capacity":8388608,"old_gen_allocation_limit":59683808,"global_allocation_limit":59683904,"allocation_throughput":65815.2,"new_space_allocation_throughput":65815.2,"new_space_survive_rate":0.00333806,"allocated":8355152,"promoted":0,"new_space_survived":280,"nodes_died_in_new":0,"nodes_copied_in_new":0,"nodes_promoted":0,"promotion_ratio":0,"average_survival_ratio":0.00109679,"promotion_rate":0,"during_sweeping":false,"heap.prologue":0,"heap.epilogue":0.002,"heap.external.prologue":0,"heap.external.epilogue":0,"heap.external_weak_global_handles":0,"complete.sweep_array_buffers":0,"scavenge":0.061,"scavenge.free_remembered_set":0,"scavenge.roots":0.019,"scavenge.weak":0,"scavenge.weak_global_handles.identify":0.001,"scavenge.weak_global_handles.process":0.001,"scavenge.parallel":0.002,"scavenge.pin_objects_conservative":0,"scavenge.pin_objects_precise":0,"scavenge.restore_pinned":0.001,"scavenge.sweep_array_buffers":0,"scavenge.resize_new_space":0.001,"background.scavenge.parallel":0,"incremental.steps_count":0,"incremental.steps_took":0,"scavenge_throughput":1510.67,"quarantined_size":0,"quarantined_pages":0}
[74519:0xb1340c000:0]     8672 ms: GC: {"pause":0.054,"mutator":131.844,"gc":"s","reduce_memory":false,"time_to_safepoint":0,"stack":true,"reason":"allocation failure","collector_reason":"","start_object_size":27064248,"end_object_size":18676152,"start_memory_size":37715968,"end_memory_size":37715968,"start_holes_size":2205768,"end_holes_size":2205768,"pool_local_chunks":0,"pool_shared_chunks":0,"pool_total_chunks":0,"new_space_capacity":8388608,"old_gen_allocation_limit":59683808,"global_allocation_limit":59683904,"allocation_throughput":64350.8,"new_space_allocation_throughput":64350.8,"new_space_survive_rate":0,"allocated":8355232,"promoted":0,"new_space_survived":0,"nodes_died_in_new":0,"nodes_copied_in_new":0,"nodes_promoted":0,"promotion_ratio":0,"average_survival_ratio":0.00109679,"promotion_rate":0,"during_sweeping":false,"heap.prologue":0,"heap.epilogue":0.001,"heap.external.prologue":0,"heap.external.epilogue":0,"heap.external_weak_global_handles":0,"complete.sweep_array_buffers":0,"scavenge":0.042,"scavenge.free_remembered_set":0,"scavenge.roots":0.01,"scavenge.weak":0,"scavenge.weak_global_handles.identify":0,"scavenge.weak_global_handles.process":0,"scavenge.parallel":0,"scavenge.pin_objects_conservative":0,"scavenge.pin_objects_precise":0,"scavenge.restore_pinned":0,"scavenge.sweep_array_buffers":0,"scavenge.resize_new_space":0.001,"background.scavenge.parallel":0,"incremental.steps_count":0,"incremental.steps_took":0,"scavenge_throughput":1500.82,"quarantined_size":0,"quarantined_pages":0}
[74519:0xb1340c000:0]     8793 ms: GC: {"pause":0.074,"mutator":121.289,"gc":"s","reduce_memory":false,"time_to_safepoint":0,"stack":true,"reason":"allocation failure","collector_reason":"","start_object_size":27064248,"end_object_size":18676152,"start_memory_size":37715968,"end_memory_size":37715968,"start_holes_size":2205768,"end_holes_size":2205768,"pool_local_chunks":0,"pool_shared_chunks":0,"pool_total_chunks":0,"new_space_capacity":8388608,"old_gen_allocation_limit":59683808,"global_allocation_limit":59683904,"allocation_throughput":67083.5,"new_space_allocation_throughput":67083.5,"new_space_survive_rate":0,"allocated":8388096,"promoted":0,"new_space_survived":0,"nodes_died_in_new":0,"nodes_copied_in_new":0,"nodes_promoted":0,"promotion_ratio":0,"average_survival_ratio":0.000762986,"promotion_rate":0,"during_sweeping":false,"heap.prologue":0,"heap.epilogue":0.001,"heap.external.prologue":0,"heap.external.epilogue":0,"heap.external_weak_global_handles":0,"complete.sweep_array_buffers":0,"scavenge":0.063,"scavenge.free_remembered_set":0,"scavenge.roots":0.011,"scavenge.weak":0,"scavenge.weak_global_handles.identify":0,"scavenge.weak_global_handles.process":0,"scavenge.parallel":0,"scavenge.pin_objects_conservative":0,"scavenge.pin_objects_precise":0,"scavenge.restore_pinned":0.001,"scavenge.sweep_array_buffers":0,"scavenge.resize_new_space":0,"background.scavenge.parallel":0,"incremental.steps_count":0,"incremental.steps_took":0,"scavenge_throughput":1019.11,"quarantined_size":0,"quarantined_pages":0}
[74519:0xb1340c000:0]     8914 ms: GC: {"pause":0.061,"mutator":121.315,"gc":"s","reduce_memory":false,"time_to_safepoint":0,"stack":true,"reason":"allocation failure","collector_reason":"","start_object_size":27064248,"end_object_size":18709096,"start_memory_size":37715968,"end_memory_size":37715968,"start_holes_size":2205768,"end_holes_size":2205768,"pool_local_chunks":0,"pool_shared_chunks":0,"pool_total_chunks":0,"new_space_capacity":8388608,"old_gen_allocation_limit":59683808,"global_allocation_limit":59683904,"allocation_throughput":68254.1,"new_space_allocation_throughput":68254.1,"new_space_survive_rate":0.0042918,"allocated":8388096,"promoted":0,"new_space_survived":360,"nodes_died_in_new":0,"nodes_copied_in_new":0,"nodes_promoted":0,"promotion_ratio":0,"average_survival_ratio":0.00119217,"promotion_rate":0,"during_sweeping":false,"heap.prologue":0,"heap.epilogue":0.001,"heap.external.prologue":0,"heap.external.epilogue":0,"heap.external_weak_global_handles":0,"complete.sweep_array_buffers":0,"scavenge":0.05,"scavenge.free_remembered_set":0,"scavenge.roots":0.011,"scavenge.weak":0,"scavenge.weak_global_handles.identify":0,"scavenge.weak_global_handles.process":0,"scavenge.parallel":0.002,"scavenge.pin_objects_conservative":0,"scavenge.pin_objects_precise":0,"scavenge.restore_pinned":0,"scavenge.sweep_array_buffers":0,"scavenge.resize_new_space":0,"background.scavenge.parallel":0,"incremental.steps_count":0,"incremental.steps_took":0,"scavenge_throughput":1569.86,"quarantined_size":0,"quarantined_pages":0}
[74519:0xb1340c000:0]     9035 ms: GC: {"pause":0.056,"mutator":120.392,"gc":"s","reduce_memory":false,"time_to_safepoint":0,"stack":true,"reason":"allocation failure","collector_reason":"","start_object_size":27064248,"end_object_size":18676152,"start_memory_size":37715968,"end_memory_size":37715968,"start_holes_size":2205768,"end_holes_size":2205768,"pool_local_chunks":0,"pool_shared_chunks":0,"pool_total_chunks":0,"new_space_capacity":8388608,"old_gen_allocation_limit":59683808,"global_allocation_limit":59683904,"allocation_throughput":68902,"new_space_allocation_throughput":68902,"new_space_survive_rate":0,"allocated":8355152,"promoted":0,"new_space_survived":0,"nodes_died_in_new":0,"nodes_copied_in_new":0,"nodes_promoted":0,"promotion_ratio":0,"average_survival_ratio":0.00119217,"promotion_rate":0,"during_sweeping":false,"heap.prologue":0,"heap.epilogue":0.001,"heap.external.prologue":0,"heap.external.epilogue":0,"heap.external_weak_global_handles":0,"complete.sweep_array_buffers":0,"scavenge":0.045,"scavenge.free_remembered_set":0,"scavenge.roots":0.01,"scavenge.weak":0,"scavenge.weak_global_handles.identify":0.001,"scavenge.weak_global_handles.process":0,"scavenge.parallel":0,"scavenge.pin_objects_conservative":0,"scavenge.pin_objects_precise":0,"scavenge.restore_pinned":0.001,"scavenge.sweep_array_buffers":0,"scavenge.resize_new_space":0.001,"background.scavenge.parallel":0,"incremental.steps_count":0,"incremental.steps_took":0,"scavenge_throughput":1560.06,"quarantined_size":0,"quarantined_pages":0}
[74519:0xb1340c000:0]     9180 ms: GC: {"pause":0.06,"mutator":145.356,"gc":"s","reduce_memory":false,"time_to_safepoint":0,"stack":true,"reason":"allocation failure","collector_reason":"","start_object_size":27064248,"end_object_size":18709016,"start_memory_size":37715968,"end_memory_size":37715968,"start_holes_size":2205768,"end_holes_size":2205768,"pool_local_chunks":0,"pool_shared_chunks":0,"pool_total_chunks":0,"new_space_capacity":8388608,"old_gen_allocation_limit":59683808,"global_allocation_limit":59683904,"allocation_throughput":61794.1,"new_space_allocation_throughput":61794.1,"new_space_survive_rate":0.00333806,"allocated":8388096,"promoted":0,"new_space_survived":280,"nodes_died_in_new":0,"nodes_copied_in_new":0,"nodes_promoted":0,"promotion_ratio":0,"average_survival_ratio":0.00152597,"promotion_rate":0,"during_sweeping":false,"heap.prologue":0,"heap.epilogue":0.001,"heap.external.prologue":0,"heap.external.epilogue":0,"heap.external_weak_global_handles":0,"complete.sweep_array_buffers":0,"scavenge":0.05,"scavenge.free_remembered_set":0,"scavenge.roots":0.01,"scavenge.weak":0,"scavenge.weak_global_handles.identify":0.001,"scavenge.weak_global_handles.process":0.001,"scavenge.parallel":0.002,"scavenge.pin_objects_conservative":0,"scavenge.pin_objects_precise":0,"scavenge.restore_pinned":0,"scavenge.sweep_array_buffers":0,"scavenge.resize_new_space":0,"background.scavenge.parallel":0,"incremental.steps_count":0,"incremental.steps_took":0,"scavenge_throughput":1975.31,"quarantined_size":0,"quarantined_pages":0}
[74519:0xb1340c000:0]     9300 ms: GC: {"pause":0.054,"mutator":119.181,"gc":"s","reduce_memory":false,"time_to_safepoint":0,"stack":true,"reason":"allocation failure","collector_reason":"","start_object_size":27064248,"end_object_size":18676152,"start_memory_size":37715968,"end_memory_size":37715968,"start_holes_size":2205768,"end_holes_size":2205768,"pool_local_chunks":0,"pool_shared_chunks":0,"pool_total_chunks":0,"new_space_capacity":8388608,"old_gen_allocation_limit":59683808,"global_allocation_limit":59683904,"allocation_throughput":66466.8,"new_space_allocation_throughput":66466.8,"new_space_survive_rate":0,"allocated":8355232,"promoted":0,"new_space_survived":0,"nodes_died_in_new":0,"nodes_copied_in_new":0,"nodes_promoted":0,"promotion_ratio":0,"average_survival_ratio":0.00152597,"promotion_rate":0,"during_sweeping":false,"heap.prologue":0,"heap.epilogue":0.001,"heap.external.prologue":0,"heap.external.epilogue":0,"heap.external_weak_global_handles":0,"complete.sweep_array_buffers":0,"scavenge":0.043,"scavenge.free_remembered_set":0,"scavenge.roots":0.01,"scavenge.weak":0,"scavenge.weak_global_handles.identify":0,"scavenge.weak_global_handles.process":0,"scavenge.parallel":0,"scavenge.pin_objects_conservative":0,"scavenge.pin_objects_precise":0,"scavenge.restore_pinned":0,"scavenge.sweep_array_buffers":0,"scavenge.resize_new_space":0,"background.scavenge.parallel":0,"incremental.steps_count":0,"incremental.steps_took":0,"scavenge_throughput":1978.36,"quarantined_size":0,"quarantined_pages":0}
[74519:0xb1340c000:0]     9421 ms: GC: {"pause":0.06,"mutator":120.857,"gc":"s","reduce_memory":false,"time_to_safepoint":0,"stack":true,"reason":"allocation failure","collector_reason":"","start_object_size":27064248,"end_object_size":18709016,"start_memory_size":37715968,"end_memory_size":37715968,"start_holes_size":2205768,"end_holes_size":2205768,"pool_local_chunks":0,"pool_shared_chunks":0,"pool_total_chunks":0,"new_space_capacity":8388608,"old_gen_allocation_limit":59683808,"global_allocation_limit":59683904,"allocation_throughput":68133.1,"new_space_allocation_throughput":68133.1,"new_space_survive_rate":0.00333806,"allocated":8388096,"promoted":0,"new_space_survived":280,"nodes_died_in_new":0,"nodes_copied_in_new":0,"nodes_promoted":0,"promotion_ratio":0,"average_survival_ratio":0.00185978,"promotion_rate":0,"during_sweeping":false,"heap.prologue":0,"heap.epilogue":0,"heap.external.prologue":0,"heap.external.epilogue":0,"heap.external_weak_global_handles":0,"complete.sweep_array_buffers":0,"scavenge":0.05,"scavenge.free_remembered_set":0,"scavenge.roots":0.011,"scavenge.weak":0,"scavenge.weak_global_handles.identify":0,"scavenge.weak_global_handles.process":0,"scavenge.parallel":0.001,"scavenge.pin_objects_conservative":0,"scavenge.pin_objects_precise":0,"scavenge.restore_pinned":0,"scavenge.sweep_array_buffers":0,"scavenge.resize_new_space":0,"background.scavenge.parallel":0,"incremental.steps_count":0,"incremental.steps_took":0,"scavenge_throughput":2381.68,"quarantined_size":0,"quarantined_pages":0}
[74519:0xb1340c000:0]     9538 ms: GC: {"pause":0.055,"mutator":117.161,"gc":"s","reduce_memory":false,"time_to_safepoint":0,"stack":true,"reason":"allocation failure","collector_reason":"","start_object_size":27064248,"end_object_size":18676152,"start_memory_size":37715968,"end_memory_size":37715968,"start_holes_size":2205768,"end_holes_size":2205768,"pool_local_chunks":0,"pool_shared_chunks":0,"pool_total_chunks":0,"new_space_capacity":8388608,"old_gen_allocation_limit":59683808,"global_allocation_limit":59683904,"allocation_throughput":69901.6,"new_space_allocation_throughput":69901.6,"new_space_survive_rate":0,"allocated":8355232,"promoted":0,"new_space_survived":0,"nodes_died_in_new":0,"nodes_copied_in_new":0,"nodes_promoted":0,"promotion_ratio":0,"average_survival_ratio":0.00185978,"promotion_rate":0,"during_sweeping":false,"heap.prologue":0,"heap.epilogue":0.001,"heap.external.prologue":0,"heap.external.epilogue":0,"heap.external_weak_global_handles":0,"complete.sweep_array_buffers":0,"scavenge":0.044,"scavenge.free_remembered_set":0,"scavenge.roots":0.01,"scavenge.weak":0,"scavenge.weak_global_handles.identify":0,"scavenge.weak_global_handles.process":0,"scavenge.parallel":0,"scavenge.pin_objects_conservative":0,"scavenge.pin_objects_precise":0,"scavenge.restore_pinned":0,"scavenge.sweep_array_buffers":0,"scavenge.resize_new_space":0,"background.scavenge.parallel":0,"incremental.steps_count":0,"incremental.steps_took":0,"scavenge_throughput":2381.68,"quarantined_size":0,"quarantined_pages":0}
[74519:0xb1340c000:0]     9666 ms: GC: {"pause":0.056,"mutator":128.347,"gc":"s","reduce_memory":false,"time_to_safepoint":0,"stack":true,"reason":"allocation failure","collector_reason":"","start_object_size":27064248,"end_object_size":18676152,"start_memory_size":37715968,"end_memory_size":37715968,"start_holes_size":2205768,"end_holes_size":2205768,"pool_local_chunks":0,"pool_shared_chunks":0,"pool_total_chunks":0,"new_space_capacity":8388608,"old_gen_allocation_limit":59683808,"global_allocation_limit":59683904,"allocation_throughput":67222.1,"new_space_allocation_throughput":67222.1,"new_space_survive_rate":0,"allocated":8388096,"promoted":0,"new_space_survived":0,"nodes_died_in_new":0,"nodes_copied_in_new":0,"nodes_promoted":0,"promotion_ratio":0,"average_survival_ratio":0.0014306,"promotion_rate":0,"during_sweeping":false,"heap.prologue":0,"heap.epilogue":0.001,"heap.external.prologue":0,"heap.external.epilogue":0,"heap.external_weak_global_handles":0,"complete.sweep_array_buffers":0,"scavenge":0.044,"scavenge.free_remembered_set":0,"scavenge.roots":0.011,"scavenge.weak":0,"scavenge.weak_global_handles.identify":0,"scavenge.weak_global_handles.process":0.001,"scavenge.parallel":0,"scavenge.pin_objects_conservative":0,"scavenge.pin_objects_precise":0,"scavenge.restore_pinned":0.001,"scavenge.sweep_array_buffers":0,"scavenge.resize_new_space":0,"background.scavenge.parallel":0,"incremental.steps_count":0,"incremental.steps_took":0,"scavenge_throughput":1951.22,"quarantined_size":0,"quarantined_pages":0}
[74519:0xb1340c000:0]     9785 ms: GC: {"pause":0.071,"mutator":119.042,"gc":"s","reduce_memory":false,"time_to_safepoint":0,"stack":true,"reason":"allocation failure","collector_reason":"","start_object_size":27064248,"end_object_size":18676152,"start_memory_size":37715968,"end_memory_size":37715968,"start_holes_size":2205768,"end_holes_size":2205768,"pool_local_chunks":0,"pool_shared_chunks":0,"pool_total_chunks":0,"new_space_capacity":8388608,"old_gen_allocation_limit":59683808,"global_allocation_limit":59683904,"allocation_throughput":69042.4,"new_space_allocation_throughput":69042.4,"new_space_survive_rate":0,"allocated":8388096,"promoted":0,"new_space_survived":0,"nodes_died_in_new":0,"nodes_copied_in_new":0,"nodes_promoted":0,"promotion_ratio":0,"average_survival_ratio":0.00109679,"promotion_rate":0,"during_sweeping":false,"heap.prologue":0,"heap.epilogue":0.002,"heap.external.prologue":0,"heap.external.epilogue":0,"heap.external_weak_global_handles":0,"complete.sweep_array_buffers":0,"scavenge":0.057,"scavenge.free_remembered_set":0,"scavenge.roots":0.011,"scavenge.weak":0,"scavenge.weak_global_handles.identify":0,"scavenge.weak_global_handles.process":0,"scavenge.parallel":0,"scavenge.pin_objects_conservative":0,"scavenge.pin_objects_precise":0,"scavenge.restore_pinned":0.001,"scavenge.sweep_array_buffers":0,"scavenge.resize_new_space":0,"background.scavenge.parallel":0,"incremental.steps_count":0,"incremental.steps_took":0,"scavenge_throughput":1530.78,"quarantined_size":0,"quarantined_pages":0}
[74519:0xb1340c000:0]     9906 ms: GC: {"pause":0.098,"mutator":121.028,"gc":"s","reduce_memory":false,"time_to_safepoint":0,"stack":true,"reason":"allocation failure","collector_reason":"","start_object_size":27064248,"end_object_size":18676152,"start_memory_size":37715968,"end_memory_size":37715968,"start_holes_size":2205768,"end_holes_size":2205768,"pool_local_chunks":0,"pool_shared_chunks":0,"pool_total_chunks":0,"new_space_capacity":8388608,"old_gen_allocation_limit":59683808,"global_allocation_limit":59683904,"allocation_throughput":69191.7,"new_space_allocation_throughput":69191.7,"new_space_survive_rate":0,"allocated":8388096,"promoted":0,"new_space_survived":0,"nodes_died_in_new":0,"nodes_copied_in_new":0,"nodes_promoted":0,"promotion_ratio":0,"average_survival_ratio":0.00109679,"promotion_rate":0,"during_sweeping":false,"heap.prologue":0,"heap.epilogue":0.001,"heap.external.prologue":0,"heap.external.epilogue":0,"heap.external_weak_global_handles":0,"complete.sweep_array_buffers":0,"scavenge":0.086,"scavenge.free_remembered_set":0,"scavenge.roots":0.011,"scavenge.weak":0,"scavenge.weak_global_handles.identify":0,"scavenge.weak_global_handles.process":0,"scavenge.parallel":0,"scavenge.pin_objects_conservative":0,"scavenge.pin_objects_precise":0,"scavenge.restore_pinned":0,"scavenge.sweep_array_buffers":0,"scavenge.resize_new_space":0.001,"background.scavenge.parallel":0,"incremental.steps_count":0,"incremental.steps_took":0,"scavenge_throughput":1426.36,"quarantined_size":0,"quarantined_pages":0}
[74519:0xb1340c000:0]    10027 ms: GC: {"pause":0.053,"mutator":120.288,"gc":"s","reduce_memory":false,"time_to_safepoint":0,"stack":true,"reason":"allocation failure","collector_reason":"","start_object_size":27064248,"end_object_size":18676152,"start_memory_size":37715968,"end_memory_size":37715968,"start_holes_size":2205768,"end_holes_size":2205768,"pool_local_chunks":0,"pool_shared_chunks":0,"pool_total_chunks":0,"new_space_capacity":8388608,"old_gen_allocation_limit":59683808,"global_allocation_limit":59683904,"allocation_throughput":69497.5,"new_space_allocation_throughput":69497.5,"new_space_survive_rate":0,"allocated":8388096,"promoted":0,"new_space_survived":0,"nodes_died_in_new":0,"nodes_copied_in_new":0,"nodes_promoted":0,"promotion_ratio":0,"average_survival_ratio":0.00109679,"promotion_rate":0,"during_sweeping":false,"heap.prologue":0,"heap.epilogue":0.001,"heap.external.prologue":0,"heap.external.epilogue":0,"heap.external_weak_global_handles":0,"complete.sweep_array_buffers":0,"scavenge":0.043,"scavenge.free_remembered_set":0,"scavenge.roots":0.01,"scavenge.weak":0,"scavenge.weak_global_handles.identify":0.001,"scavenge.weak_global_handles.process":0,"scavenge.parallel":0,"scavenge.pin_objects_conservative":0,"scavenge.pin_objects_precise":0,"scavenge.restore_pinned":0.001,"scavenge.sweep_array_buffers":0,"scavenge.resize_new_space":0.001,"background.scavenge.parallel":0,"incremental.steps_count":0,"incremental.steps_took":0,"scavenge_throughput":1474.36,"quarantined_size":0,"quarantined_pages":0}
[74519:0xb1340c000:0]    10148 ms: GC: {"pause":0.052,"mutator":121.391,"gc":"s","reduce_memory":false,"time_to_safepoint":0,"stack":true,"reason":"allocation failure","collector_reason":"","start_object_size":27064248,"end_object_size":18676152,"start_memory_size":37715968,"end_memory_size":37715968,"start_holes_size":2205768,"end_holes_size":2205768,"pool_local_chunks":0,"pool_shared_chunks":0,"pool_total_chunks":0,"new_space_capacity":8388608,"old_gen_allocation_limit":59683808,"global_allocation_limit":59683904,"allocation_throughput":69270.6,"new_space_allocation_throughput":69270.6,"new_space_survive_rate":0,"allocated":8388096,"promoted":0,"new_space_survived":0,"nodes_died_in_new":0,"nodes_copied_in_new":0,"nodes_promoted":0,"promotion_ratio":0,"average_survival_ratio":0.000667613,"promotion_rate":0,"during_sweeping":false,"heap.prologue":0,"heap.epilogue":0.001,"heap.external.prologue":0,"heap.external.epilogue":0,"heap.external_weak_global_handles":0,"complete.sweep_array_buffers":0,"scavenge":0.041,"scavenge.free_remembered_set":0,"scavenge.roots":0.009,"scavenge.weak":0,"scavenge.weak_global_handles.identify":0.001,"scavenge.weak_global_handles.process":0,"scavenge.parallel":0,"scavenge.pin_objects_conservative":0,"scavenge.pin_objects_precise":0,"scavenge.restore_pinned":0,"scavenge.sweep_array_buffers":0,"scavenge.resize_new_space":0,"background.scavenge.parallel":0,"incremental.steps_count":0,"incremental.steps_took":0,"scavenge_throughput":910.569,"quarantined_size":0,"quarantined_pages":0}
[74519:0xb1340c000:0]    10269 ms: GC: {"pause":0.062,"mutator":120.377,"gc":"s","reduce_memory":false,"time_to_safepoint":0,"stack":true,"reason":"allocation failure","collector_reason":"","start_object_size":27064248,"end_object_size":18709096,"start_memory_size":37715968,"end_memory_size":37715968,"start_holes_size":2205768,"end_holes_size":2205768,"pool_local_chunks":0,"pool_shared_chunks":0,"pool_total_chunks":0,"new_space_capacity":8388608,"old_gen_allocation_limit":59683808,"global_allocation_limit":59683904,"allocation_throughput":69502.7,"new_space_allocation_throughput":69502.7,"new_space_survive_rate":0.0042918,"allocated":8388096,"promoted":0,"new_space_survived":360,"nodes_died_in_new":0,"nodes_copied_in_new":0,"nodes_promoted":0,"promotion_ratio":0,"average_survival_ratio":0.00109679,"promotion_rate":0,"during_sweeping":false,"heap.prologue":0,"heap.epilogue":0,"heap.external.prologue":0,"heap.external.epilogue":0,"heap.external_weak_global_handles":0,"complete.sweep_array_buffers":0,"scavenge":0.052,"scavenge.free_remembered_set":0,"scavenge.roots":0.011,"scavenge.weak":0,"scavenge.weak_global_handles.identify":0.001,"scavenge.weak_global_handles.process":0,"scavenge.parallel":0.002,"scavenge.pin_objects_conservative":0,"scavenge.pin_objects_precise":0,"scavenge.restore_pinned":0,"scavenge.sweep_array_buffers":0,"scavenge.resize_new_space":0.001,"background.scavenge.parallel":0,"incremental.steps_count":0,"incremental.steps_took":0,"scavenge_throughput":1481.48,"quarantined_size":0,"quarantined_pages":0}
[74519:0xb1340c000:0]    10387 ms: GC: {"pause":0.06,"mutator":117.917,"gc":"s","reduce_memory":false,"time_to_safepoint":0,"stack":true,"reason":"allocation failure","collector_reason":"","start_object_size":27064248,"end_object_size":18709016,"start_memory_size":37715968,"end_memory_size":37715968,"start_holes_size":2205768,"end_holes_size":2205768,"pool_local_chunks":0,"pool_shared_chunks":0,"pool_total_chunks":0,"new_space_capacity":8388608,"old_gen_allocation_limit":59683808,"global_allocation_limit":59683904,"allocation_throughput":70258.2,"new_space_allocation_throughput":70258.2,"new_space_survive_rate":0.00333806,"allocated":8355152,"promoted":0,"new_space_survived":280,"nodes_died_in_new":0,"nodes_copied_in_new":0,"nodes_promoted":0,"promotion_ratio":0,"average_survival_ratio":0.00109679,"promotion_rate":0,"during_sweeping":false,"heap.prologue":0,"heap.epilogue":0.001,"heap.external.prologue":0,"heap.external.epilogue":0,"heap.external_weak_global_handles":0,"complete.sweep_array_buffers":0,"scavenge":0.05,"scavenge.free_remembered_set":0,"scavenge.roots":0.011,"scavenge.weak":0,"scavenge.weak_global_handles.identify":0,"scavenge.weak_global_handles.process":0,"scavenge.parallel":0.002,"scavenge.pin_objects_conservative":0,"scavenge.pin_objects_precise":0,"scavenge.restore_pinned":0,"scavenge.sweep_array_buffers":0,"scavenge.resize_new_space":0,"background.scavenge.parallel":0,"incremental.steps_count":0,"incremental.steps_took":0,"scavenge_throughput":1481.48,"quarantined_size":0,"quarantined_pages":0}
[74519:0xb1340c000:0]    10509 ms: GC: {"pause":0.059,"mutator":122.681,"gc":"s","reduce_memory":false,"time_to_safepoint":0,"stack":true,"reason":"allocation failure","collector_reason":"","start_object_size":27064248,"end_object_size":18676152,"start_memory_size":37715968,"end_memory_size":37715968,"start_holes_size":2205768,"end_holes_size":2205768,"pool_local_chunks":0,"pool_shared_chunks":0,"pool_total_chunks":0,"new_space_capacity":8388608,"old_gen_allocation_limit":59683808,"global_allocation_limit":59683904,"allocation_throughput":69024.8,"new_space_allocation_throughput":69024.8,"new_space_survive_rate":0,"allocated":8355232,"promoted":0,"new_space_survived":0,"nodes_died_in_new":0,"nodes_copied_in_new":0,"nodes_promoted":0,"promotion_ratio":0,"average_survival_ratio":0.00109679,"promotion_rate":0,"during_sweeping":false,"heap.prologue":0,"heap.epilogue":0.001,"heap.external.prologue":0,"heap.external.epilogue":0,"heap.external_weak_global_handles":0,"complete.sweep_array_buffers":0,"scavenge":0.047,"scavenge.free_remembered_set":0,"scavenge.roots":0.012,"scavenge.weak":0,"scavenge.weak_global_handles.identify":0,"scavenge.weak_global_handles.process":0,"scavenge.parallel":0,"scavenge.pin_objects_conservative":0,"scavenge.pin_objects_precise":0,"scavenge.restore_pinned":0,"scavenge.sweep_array_buffers":0,"scavenge.resize_new_space":0,"background.scavenge.parallel":0,"incremental.steps_count":0,"incremental.steps_took":0,"scavenge_throughput":1469.65,"quarantined_size":0,"quarantined_pages":0}
[74519:0xb1340c000:0]    10629 ms: GC: {"pause":0.052,"mutator":120.085,"gc":"s","reduce_memory":false,"time_to_safepoint":0,"stack":true,"reason":"allocation failure","collector_reason":"","start_object_size":27064248,"end_object_size":18676152,"start_memory_size":37715968,"end_memory_size":37715968,"start_holes_size":2205768,"end_holes_size":2205768,"pool_local_chunks":0,"pool_shared_chunks":0,"pool_total_chunks":0,"new_space_capacity":8388608,"old_gen_allocation_limit":59683808,"global_allocation_limit":59683904,"allocation_throughput":69491.1,"new_space_allocation_throughput":69491.1,"new_space_survive_rate":0,"allocated":8388096,"promoted":0,"new_space_survived":0,"nodes_died_in_new":0,"nodes_copied_in_new":0,"nodes_promoted":0,"promotion_ratio":0,"average_survival_ratio":0.000762986,"promotion_rate":0,"during_sweeping":false,"heap.prologue":0,"heap.epilogue":0.002,"heap.external.prologue":0,"heap.external.epilogue":0,"heap.external_weak_global_handles":0,"complete.sweep_array_buffers":0,"scavenge":0.041,"scavenge.free_remembered_set":0,"scavenge.roots":0.01,"scavenge.weak":0,"scavenge.weak_global_handles.identify":0,"scavenge.weak_global_handles.process":0,"scavenge.parallel":0,"scavenge.pin_objects_conservative":0,"scavenge.pin_objects_precise":0,"scavenge.restore_pinned":0,"scavenge.sweep_array_buffers":0,"scavenge.resize_new_space":0.001,"background.scavenge.parallel":0,"incremental.steps_count":0,"incremental.steps_took":0,"scavenge_throughput":1035.6,"quarantined_size":0,"quarantined_pages":0}
[74519:0xb1340c000:0]    10754 ms: GC: {"pause":0.059,"mutator":124.207,"gc":"s","reduce_memory":false,"time_to_safepoint":0,"stack":true,"reason":"allocation failure","collector_reason":"","start_object_size":27064248,"end_object_size":18709096,"start_memory_size":37715968,"end_memory_size":37715968,"start_holes_size":2205768,"end_holes_size":2205768,"pool_local_chunks":0,"pool_shared_chunks":0,"pool_total_chunks":0,"new_space_capacity":8388608,"old_gen_allocation_limit":59683808,"global_allocation_limit":59683904,"allocation_throughput":68360.3,"new_space_allocation_throughput":68360.3,"new_space_survive_rate":0.0042918,"allocated":8388096,"promoted":0,"new_space_survived":360,"nodes_died_in_new":0,"nodes_copied_in_new":0,"nodes_promoted":0,"promotion_ratio":0,"average_survival_ratio":0.00119217,"promotion_rate":0,"during_sweeping":false,"heap.prologue":0,"heap.epilogue":0,"heap.external.prologue":0,"heap.external.epilogue":0,"heap.external_weak_global_handles":0,"complete.sweep_array_buffers":0,"scavenge":0.05,"scavenge.free_remembered_set":0,"scavenge.roots":0.011,"scavenge.weak":0,"scavenge.weak_global_handles.identify":0,"scavenge.weak_global_handles.process":0,"scavenge.parallel":0.002,"scavenge.pin_objects_conservative":0,"scavenge.pin_objects_precise":0,"scavenge.restore_pinned":0,"scavenge.sweep_array_buffers":0,"scavenge.resize_new_space":0,"background.scavenge.parallel":0,"incremental.steps_count":0,"incremental.steps_took":0,"scavenge_throughput":1607.72,"quarantined_size":0,"quarantined_pages":0}
[74519:0xb1340c000:0]    10874 ms: GC: {"pause":0.052,"mutator":120.191,"gc":"s","reduce_memory":false,"time_to_safepoint":0,"stack":true,"reason":"allocation failure","collector_reason":"","start_object_size":27064248,"end_object_size":18676152,"start_memory_size":37715968,"end_memory_size":37715968,"start_holes_size":2205768,"end_holes_size":2205768,"pool_local_chunks":0,"pool_shared_chunks":0,"pool_total_chunks":0,"new_space_capacity":8388608,"old_gen_allocation_limit":59683808,"global_allocation_limit":59683904,"allocation_throughput":69013.1,"new_space_allocation_throughput":69013.1,"new_space_survive_rate":0,"allocated":8355152,"promoted":0,"new_space_survived":0,"nodes_died_in_new":0,"nodes_copied_in_new":0,"nodes_promoted":0,"promotion_ratio":0,"average_survival_ratio":0.00119217,"promotion_rate":0,"during_sweeping":false,"heap.prologue":0,"heap.epilogue":0.001,"heap.external.prologue":0,"heap.external.epilogue":0,"heap.external_weak_global_handles":0,"complete.sweep_array_buffers":0,"scavenge":0.042,"scavenge.free_remembered_set":0,"scavenge.roots":0.01,"scavenge.weak":0,"scavenge.weak_global_handles.identify":0,"scavenge.weak_global_handles.process":0,"scavenge.parallel":0,"scavenge.pin_objects_conservative":0,"scavenge.pin_objects_precise":0,"scavenge.restore_pinned":0,"scavenge.sweep_array_buffers":0,"scavenge.resize_new_space":0,"background.scavenge.parallel":0,"incremental.steps_count":0,"incremental.steps_took":0,"scavenge_throughput":1618.12,"quarantined_size":0,"quarantined_pages":0}
[74519:0xb1340c000:0]    10995 ms: GC: {"pause":0.06,"mutator":121.394,"gc":"s","reduce_memory":false,"time_to_safepoint":0,"stack":true,"reason":"allocation failure","collector_reason":"","start_object_size":27064248,"end_object_size":18709016,"start_memory_size":37715968,"end_memory_size":37715968,"start_holes_size":2205768,"end_holes_size":2205768,"pool_local_chunks":0,"pool_shared_chunks":0,"pool_total_chunks":0,"new_space_capacity":8388608,"old_gen_allocation_limit":59683808,"global_allocation_limit":59683904,"allocation_throughput":69060.8,"new_space_allocation_throughput":69060.8,"new_space_survive_rate":0.00333806,"allocated":8388096,"promoted":0,"new_space_survived":280,"nodes_died_in_new":0,"nodes_copied_in_new":0,"nodes_promoted":0,"promotion_ratio":0,"average_survival_ratio":0.00152597,"promotion_rate":0,"during_sweeping":false,"heap.prologue":0,"heap.epilogue":0,"heap.external.prologue":0,"heap.external.epilogue":0,"heap.external_weak_global_handles":0,"complete.sweep_array_buffers":0,"scavenge":0.049,"scavenge.free_remembered_set":0,"scavenge.roots":0.011,"scavenge.weak":0,"scavenge.weak_global_handles.identify":0,"scavenge.weak_global_handles.process":0,"scavenge.parallel":0.002,"scavenge.pin_objects_conservative":0,"scavenge.pin_objects_precise":0,"scavenge.restore_pinned":0,"scavenge.sweep_array_buffers":0,"scavenge.resize_new_space":0,"background.scavenge.parallel":0,"incremental.steps_count":0,"incremental.steps_took":0,"scavenge_throughput":2108.73,"quarantined_size":0,"quarantined_pages":0}
[74519:0xb1340c000:0]    11116 ms: GC: {"pause":0.052,"mutator":120.287,"gc":"s","reduce_memory":false,"time_to_safepoint":0,"stack":true,"reason":"allocation failure","collector_reason":"","start_object_size":27064248,"end_object_size":18676152,"start_memory_size":37715968,"end_memory_size":37715968,"start_holes_size":2205768,"end_holes_size":2205768,"pool_local_chunks":0,"pool_shared_chunks":0,"pool_total_chunks":0,"new_space_capacity":8388608,"old_gen_allocation_limit":59683808,"global_allocation_limit":59683904,"allocation_throughput":69286.4,"new_space_allocation_throughput":69286.4,"new_space_survive_rate":0,"allocated":8355232,"promoted":0,"new_space_survived":0,"nodes_died_in_new":0,"nodes_copied_in_new":0,"nodes_promoted":0,"promotion_ratio":0,"average_survival_ratio":0.00152597,"promotion_rate":0,"during_sweeping":false,"heap.prologue":0,"heap.epilogue":0.001,"heap.external.prologue":0,"heap.external.epilogue":0,"heap.external_weak_global_handles":0,"complete.sweep_array_buffers":0,"scavenge":0.041,"scavenge.free_remembered_set":0.001,"scavenge.roots":0.009,"scavenge.weak":0,"scavenge.weak_global_handles.identify":0.001,"scavenge.weak_global_handles.process":0,"scavenge.parallel":0,"scavenge.pin_objects_conservative":0,"scavenge.pin_objects_precise":0,"scavenge.restore_pinned":0.001,"scavenge.sweep_array_buffers":0,"scavenge.resize_new_space":0,"background.scavenge.parallel":0,"incremental.steps_count":0,"incremental.steps_took":0,"scavenge_throughput":2281.64,"quarantined_size":0,"quarantined_pages":0}
[74519:0xb1340c000:0]    11244 ms: GC: {"pause":0.057,"mutator":127.878,"gc":"s","reduce_memory":false,"time_to_safepoint":0,"stack":true,"reason":"allocation failure","collector_reason":"","start_object_size":27064248,"end_object_size":18709016,"start_memory_size":37715968,"end_memory_size":37715968,"start_holes_size":2205768,"end_holes_size":2205768,"pool_local_chunks":0,"pool_shared_chunks":0,"pool_total_chunks":0,"new_space_capacity":8388608,"old_gen_allocation_limit":59683808,"global_allocation_limit":59683904,"allocation_throughput":67115.8,"new_space_allocation_throughput":67115.8,"new_space_survive_rate":0.00333806,"allocated":8388096,"promoted":0,"new_space_survived":280,"nodes_died_in_new":0,"nodes_copied_in_new":0,"nodes_promoted":0,"promotion_ratio":0,"average_survival_ratio":0.00185978,"promotion_rate":0,"during_sweeping":false,"heap.prologue":0,"heap.epilogue":0,"heap.external.prologue":0,"heap.external.epilogue":0,"heap.external_weak_global_handles":0,"complete.sweep_array_buffers":0,"scavenge":0.048,"scavenge.free_remembered_set":0,"scavenge.roots":0.011,"scavenge.weak":0,"scavenge.weak_global_handles.identify":0,"scavenge.weak_global_handles.process":0,"scavenge.parallel":0.002,"scavenge.pin_objects_conservative":0,"scavenge.pin_objects_precise":0,"scavenge.restore_pinned":0,"scavenge.sweep_array_buffers":0,"scavenge.resize_new_space":0,"background.scavenge.parallel":0,"incremental.steps_count":0,"incremental.steps_took":0,"scavenge_throughput":2761.06,"quarantined_size":0,"quarantined_pages":0}
[74519:0xb1340c000:0]    11363 ms: GC: {"pause":0.061,"mutator":119.329,"gc":"s","reduce_memory":false,"time_to_safepoint":0,"stack":true,"reason":"allocation failure","collector_reason":"","start_object_size":27064248,"end_object_size":18676152,"start_memory_size":37715968,"end_memory_size":37715968,"start_holes_size":2205768,"end_holes_size":2205768,"pool_local_chunks":0,"pool_shared_chunks":0,"pool_total_chunks":0,"new_space_capacity":8388608,"old_gen_allocation_limit":59683808,"global_allocation_limit":59683904,"allocation_throughput":68749.1,"new_space_allocation_throughput":68749.1,"new_space_survive_rate":0,"allocated":8355232,"promoted":0,"new_space_survived":0,"nodes_died_in_new":0,"nodes_copied_in_new":0,"nodes_promoted":0,"promotion_ratio":0,"average_survival_ratio":0.00185978,"promotion_rate":0,"during_sweeping":false,"heap.prologue":0,"heap.epilogue":0.002,"heap.external.prologue":0,"heap.external.epilogue":0,"heap.external_weak_global_handles":0,"complete.sweep_array_buffers":0,"scavenge":0.048,"scavenge.free_remembered_set":0.001,"scavenge.roots":0.011,"scavenge.weak":0,"scavenge.weak_global_handles.identify":0,"scavenge.weak_global_handles.process":0,"scavenge.parallel":0,"scavenge.pin_objects_conservative":0,"scavenge.pin_objects_precise":0,"scavenge.restore_pinned":0,"scavenge.sweep_array_buffers":0,"scavenge.resize_new_space":0,"background.scavenge.parallel":0,"incremental.steps_count":0,"incremental.steps_took":0,"scavenge_throughput":2717.77,"quarantined_size":0,"quarantined_pages":0}
[74519:0xb1340c000:0]    11486 ms: GC: {"pause":0.053,"mutator":122.935,"gc":"s","reduce_memory":false,"time_to_safepoint":0,"stack":true,"reason":"allocation failure","collector_reason":"","start_object_size":27064248,"end_object_size":18676152,"start_memory_size":37715968,"end_memory_size":37715968,"start_holes_size":2205768,"end_holes_size":2205768,"pool_local_chunks":0,"pool_shared_chunks":0,"pool_total_chunks":0,"new_space_capacity":8388608,"old_gen_allocation_limit":59683808,"global_allocation_limit":59683904,"allocation_throughput":68451.6,"new_space_allocation_throughput":68451.6,"new_space_survive_rate":0,"allocated":8388096,"promoted":0,"new_space_survived":0,"nodes_died_in_new":0,"nodes_copied_in_new":0,"nodes_promoted":0,"promotion_ratio":0,"average_survival_ratio":0.0014306,"promotion_rate":0,"during_sweeping":false,"heap.prologue":0,"heap.epilogue":0.001,"heap.external.prologue":0,"heap.external.epilogue":0,"heap.external_weak_global_handles":0,"complete.sweep_array_buffers":0,"scavenge":0.042,"scavenge.free_remembered_set":0,"scavenge.roots":0.01,"scavenge.weak":0,"scavenge.weak_global_handles.identify":0,"scavenge.weak_global_handles.process":0,"scavenge.parallel":0,"scavenge.pin_objects_conservative":0,"scavenge.pin_objects_precise":0,"scavenge.restore_pinned":0,"scavenge.sweep_array_buffers":0,"scavenge.resize_new_space":0,"background.scavenge.parallel":0,"incremental.steps_count":0,"incremental.steps_took":0,"scavenge_throughput":2123.89,"quarantined_size":0,"quarantined_pages":0}
[74519:0xb1340c000:0]    11626 ms: GC: {"pause":0.098,"mutator":139.421,"gc":"s","reduce_memory":false,"time_to_safepoint":0,"stack":true,"reason":"allocation failure","collector_reason":"","start_object_size":27064248,"end_object_size":18676152,"start_memory_size":37715968,"end_memory_size":37715968,"start_holes_size":2205768,"end_holes_size":2205768,"pool_local_chunks":0,"pool_shared_chunks":0,"pool_total_chunks":0,"new_space_capacity":8388608,"old_gen_allocation_limit":59683808,"global_allocation_limit":59683904,"allocation_throughput":63316.3,"new_space_allocation_throughput":63316.3,"new_space_survive_rate":0,"allocated":8388096,"promoted":0,"new_space_survived":0,"nodes_died_in_new":0,"nodes_copied_in_new":0,"nodes_promoted":0,"promotion_ratio":0,"average_survival_ratio":0.00109679,"promotion_rate":0,"during_sweeping":false,"heap.prologue":0,"heap.epilogue":0.001,"heap.external.prologue":0,"heap.external.epilogue":0,"heap.external_weak_global_handles":0,"complete.sweep_array_buffers":0,"scavenge":0.075,"scavenge.free_remembered_set":0,"scavenge.roots":0.028,"scavenge.weak":0,"scavenge.weak_global_handles.identify":0,"scavenge.weak_global_handles.process":0,"scavenge.parallel":0,"scavenge.pin_objects_conservative":0,"scavenge.pin_objects_precise":0,"scavenge.restore_pinned":0,"scavenge.sweep_array_buffers":0,"scavenge.resize_new_space":0,"background.scavenge.parallel":0,"incremental.steps_count":0,"incremental.steps_took":0,"scavenge_throughput":1525.7,"quarantined_size":0,"quarantined_pages":0}
[74519:0xb1340c000:0]    11790 ms: GC: {"pause":0.079,"mutator":164.203,"gc":"s","reduce_memory":false,"time_to_safepoint":0,"stack":true,"reason":"allocation failure","collector_reason":"","start_object_size":27064248,"end_object_size":18676152,"start_memory_size":37715968,"end_memory_size":37715968,"start_holes_size":2205768,"end_holes_size":2205768,"pool_local_chunks":0,"pool_shared_chunks":0,"pool_total_chunks":0,"new_space_capacity":8388608,"old_gen_allocation_limit":59683808,"global_allocation_limit":59683904,"allocation_throughput":54999.8,"new_space_allocation_throughput":54999.8,"new_space_survive_rate":0,"allocated":8388096,"promoted":0,"new_space_survived":0,"nodes_died_in_new":0,"nodes_copied_in_new":0,"nodes_promoted":0,"promotion_ratio":0,"average_survival_ratio":0.00109679,"promotion_rate":0,"during_sweeping":false,"heap.prologue":0,"heap.epilogue":0.002,"heap.external.prologue":0,"heap.external.epilogue":0,"heap.external_weak_global_handles":0,"complete.sweep_array_buffers":0,"scavenge":0.068,"scavenge.free_remembered_set":0.001,"scavenge.roots":0.028,"scavenge.weak":0,"scavenge.weak_global_handles.identify":0.001,"scavenge.weak_global_handles.process":0,"scavenge.parallel":0,"scavenge.pin_objects_conservative":0,"scavenge.pin_objects_precise":0,"scavenge.restore_pinned":0.001,"scavenge.sweep_array_buffers":0,"scavenge.resize_new_space":0,"background.scavenge.parallel":0,"incremental.steps_count":0,"incremental.steps_took":0,"scavenge_throughput":1476.73,"quarantined_size":0,"quarantined_pages":0}
[74519:0xb1340c000:0]    11924 ms: GC: {"pause":0.054,"mutator":134.013,"gc":"s","reduce_memory":false,"time_to_safepoint":0,"stack":true,"reason":"allocation failure","collector_reason":"","start_object_size":27064248,"end_object_size":18676152,"start_memory_size":37715968,"end_memory_size":37715968,"start_holes_size":2205768,"end_holes_size":2205768,"pool_local_chunks":0,"pool_shared_chunks":0,"pool_total_chunks":0,"new_space_capacity":8388608,"old_gen_allocation_limit":59683808,"global_allocation_limit":59683904,"allocation_throughput":59592.4,"new_space_allocation_throughput":59592.4,"new_space_survive_rate":0,"allocated":8388096,"promoted":0,"new_space_survived":0,"nodes_died_in_new":0,"nodes_copied_in_new":0,"nodes_promoted":0,"promotion_ratio":0,"average_survival_ratio":0.00109679,"promotion_rate":0,"during_sweeping":false,"heap.prologue":0,"heap.epilogue":0.001,"heap.external.prologue":0,"heap.external.epilogue":0,"heap.external_weak_global_handles":0,"complete.sweep_array_buffers":0,"scavenge":0.043,"scavenge.free_remembered_set":0,"scavenge.roots":0.009,"scavenge.weak":0,"scavenge.weak_global_handles.identify":0,"scavenge.weak_global_handles.process":0,"scavenge.parallel":0,"scavenge.pin_objects_conservative":0,"scavenge.pin_objects_precise":0,"scavenge.restore_pinned":0.001,"scavenge.sweep_array_buffers":0,"scavenge.resize_new_space":0.001,"background.scavenge.parallel":0,"incremental.steps_count":0,"incremental.steps_took":0,"scavenge_throughput":1472,"quarantined_size":0,"quarantined_pages":0}
[74519:0xb1340c000:0]    12057 ms: GC: {"pause":0.069,"mutator":132.848,"gc":"s","reduce_memory":false,"time_to_safepoint":0,"stack":true,"reason":"allocation failure","collector_reason":"","start_object_size":27064248,"end_object_size":18676152,"start_memory_size":37715968,"end_memory_size":37715968,"start_holes_size":2205768,"end_holes_size":2205768,"pool_local_chunks":0,"pool_shared_chunks":0,"pool_total_chunks":0,"new_space_capacity":8388608,"old_gen_allocation_limit":59683808,"global_allocation_limit":59683904,"allocation_throughput":61727.5,"new_space_allocation_throughput":61727.5,"new_space_survive_rate":0,"allocated":8388096,"promoted":0,"new_space_survived":0,"nodes_died_in_new":0,"nodes_copied_in_new":0,"nodes_promoted":0,"promotion_ratio":0,"average_survival_ratio":0.000667613,"promotion_rate":0,"during_sweeping":false,"heap.prologue":0,"heap.epilogue":0,"heap.external.prologue":0,"heap.external.epilogue":0,"heap.external_weak_global_handles":0,"complete.sweep_array_buffers":0,"scavenge":0.058,"scavenge.free_remembered_set":0,"scavenge.roots":0.012,"scavenge.weak":0,"scavenge.weak_global_handles.identify":0,"scavenge.weak_global_handles.process":0,"scavenge.parallel":0,"scavenge.pin_objects_conservative":0,"scavenge.pin_objects_precise":0,"scavenge.restore_pinned":0.001,"scavenge.sweep_array_buffers":0,"scavenge.resize_new_space":0,"background.scavenge.parallel":0,"incremental.steps_count":0,"incremental.steps_took":0,"scavenge_throughput":881.89,"quarantined_size":0,"quarantined_pages":0}
[74519:0xb1340c000:0]    12057 ms: Memory pool: Removed pages: 0, removed large pages: 0
, removed zone reservations: 0
[74519:0xb1340c000:0]    12185 ms: GC: {"pause":0.073,"mutator":127.737,"gc":"s","reduce_memory":false,"time_to_safepoint":0,"stack":true,"reason":"allocation failure","collector_reason":"","start_object_size":27064248,"end_object_size":18709096,"start_memory_size":37715968,"end_memory_size":37715968,"start_holes_size":2205768,"end_holes_size":2205768,"pool_local_chunks":0,"pool_shared_chunks":0,"pool_total_chunks":0,"new_space_capacity":8388608,"old_gen_allocation_limit":59683808,"global_allocation_limit":59683904,"allocation_throughput":64041.4,"new_space_allocation_throughput":64041.4,"new_space_survive_rate":0.0042918,"allocated":8388096,"promoted":0,"new_space_survived":360,"nodes_died_in_new":0,"nodes_copied_in_new":0,"nodes_promoted":0,"promotion_ratio":0,"average_survival_ratio":0.00109679,"promotion_rate":0,"during_sweeping":false,"heap.prologue":0,"heap.epilogue":0,"heap.external.prologue":0,"heap.external.epilogue":0,"heap.external_weak_global_handles":0,"complete.sweep_array_buffers":0,"scavenge":0.062,"scavenge.free_remembered_set":0.001,"scavenge.roots":0.015,"scavenge.weak":0,"scavenge.weak_global_handles.identify":0,"scavenge.weak_global_handles.process":0,"scavenge.parallel":0.002,"scavenge.pin_objects_conservative":0,"scavenge.pin_objects_precise":0,"scavenge.restore_pinned":0,"scavenge.sweep_array_buffers":0,"scavenge.resize_new_space":0,"background.scavenge.parallel":0,"incremental.steps_count":0,"incremental.steps_took":0,"scavenge_throughput":1402.44,"quarantined_size":0,"quarantined_pages":0}
[74519:0xb1340c000:0]    12309 ms: GC: {"pause":0.064,"mutator":124.597,"gc":"s","reduce_memory":false,"time_to_safepoint":0,"stack":true,"reason":"allocation failure","collector_reason":"","start_object_size":27064248,"end_object_size":18709016,"start_memory_size":37715968,"end_memory_size":37715968,"start_holes_size":2205768,"end_holes_size":2205768,"pool_local_chunks":0,"pool_shared_chunks":0,"pool_total_chunks":0,"new_space_capacity":8388608,"old_gen_allocation_limit":59683808,"global_allocation_limit":59683904,"allocation_throughput":65785.5,"new_space_allocation_throughput":65785.5,"new_space_survive_rate":0.00333806,"allocated":8355152,"promoted":0,"new_space_survived":280,"nodes_died_in_new":0,"nodes_copied_in_new":0,"nodes_promoted":0,"promotion_ratio":0,"average_survival_ratio":0.00109679,"promotion_rate":0,"during_sweeping":false,"heap.prologue":0,"heap.epilogue":0,"heap.external.prologue":0,"heap.external.epilogue":0,"heap.external_weak_global_handles":0,"complete.sweep_array_buffers":0,"scavenge":0.053,"scavenge.free_remembered_set":0,"scavenge.roots":0.011,"scavenge.weak":0,"scavenge.weak_global_handles.identify":0,"scavenge.weak_global_handles.process":0,"scavenge.parallel":0.002,"scavenge.pin_objects_conservative":0,"scavenge.pin_objects_precise":0,"scavenge.restore_pinned":0,"scavenge.sweep_array_buffers":0,"scavenge.resize_new_space":0,"background.scavenge.parallel":0,"incremental.steps_count":0,"incremental.steps_took":0,"scavenge_throughput":1393.94,"quarantined_size":0,"quarantined_pages":0}
[74519:0xb1340c000:0]    12432 ms: GC: {"pause":0.063,"mutator":122.823,"gc":"s","reduce_memory":false,"time_to_safepoint":0,"stack":true,"reason":"allocation failure","collector_reason":"","start_object_size":27064248,"end_object_size":18676152,"start_memory_size":37715968,"end_memory_size":37715968,"start_holes_size":2205768,"end_holes_size":2205768,"pool_local_chunks":0,"pool_shared_chunks":0,"pool_total_chunks":0,"new_space_capacity":8388608,"old_gen_allocation_limit":59683808,"global_allocation_limit":59683904,"allocation_throughput":67069.7,"new_space_allocation_throughput":67069.7,"new_space_survive_rate":0,"allocated":8355232,"promoted":0,"new_space_survived":0,"nodes_died_in_new":0,"nodes_copied_in_new":0,"nodes_promoted":0,"promotion_ratio":0,"average_survival_ratio":0.00109679,"promotion_rate":0,"during_sweeping":false,"heap.prologue":0,"heap.epilogue":0.002,"heap.external.prologue":0,"heap.external.epilogue":0,"heap.external_weak_global_handles":0,"complete.sweep_array_buffers":0,"scavenge":0.05,"scavenge.free_remembered_set":0,"scavenge.roots":0.011,"scavenge.weak":0,"scavenge.weak_global_handles.identify":0,"scavenge.weak_global_handles.process":0,"scavenge.parallel":0,"scavenge.pin_objects_conservative":0,"scavenge.pin_objects_precise":0,"scavenge.restore_pinned":0.001,"scavenge.sweep_array_buffers":0,"scavenge.resize_new_space":0.001,"background.scavenge.parallel":0,"incremental.steps_count":0,"incremental.steps_took":0,"scavenge_throughput":1371.09,"quarantined_size":0,"quarantined_pages":0}
[74519:0xb1340c000:0]    12557 ms: GC: {"pause":0.056,"mutator":124.637,"gc":"s","reduce_memory":false,"time_to_safepoint":0,"stack":true,"reason":"allocation failure","collector_reason":"","start_object_size":27064248,"end_object_size":18676152,"start_memory_size":37715968,"end_memory_size":37715968,"start_holes_size":2205768,"end_holes_size":2205768,"pool_local_chunks":0,"pool_shared_chunks":0,"pool_total_chunks":0,"new_space_capacity":8388608,"old_gen_allocation_limit":59683808,"global_allocation_limit":59683904,"allocation_throughput":67202.4,"new_space_allocation_throughput":67202.4,"new_space_survive_rate":0,"allocated":8388096,"promoted":0,"new_space_survived":0,"nodes_died_in_new":0,"nodes_copied_in_new":0,"nodes_promoted":0,"promotion_ratio":0,"average_survival_ratio":0.000762986,"promotion_rate":0,"during_sweeping":false,"heap.prologue":0,"heap.epilogue":0.001,"heap.external.prologue":0,"heap.external.epilogue":0,"heap.external_weak_global_handles":0,"complete.sweep_array_buffers":0,"scavenge":0.045,"scavenge.free_remembered_set":0,"scavenge.roots":0.011,"scavenge.weak":0,"scavenge.weak_global_handles.identify":0.001,"scavenge.weak_global_handles.process":0,"scavenge.parallel":0,"scavenge.pin_objects_conservative":0,"scavenge.pin_objects_precise":0,"scavenge.restore_pinned":0,"scavenge.sweep_array_buffers":0,"scavenge.resize_new_space":0,"background.scavenge.parallel":0,"incremental.steps_count":0,"incremental.steps_took":0,"scavenge_throughput":955.224,"quarantined_size":0,"quarantined_pages":0}
[74519:0xb1340c000:0]    12682 ms: GC: {"pause":0.064,"mutator":125.373,"gc":"s","reduce_memory":false,"time_to_safepoint":0,"stack":true,"reason":"allocation failure","collector_reason":"","start_object_size":27064248,"end_object_size":18709096,"start_memory_size":37715968,"end_memory_size":37715968,"start_holes_size":2205768,"end_holes_size":2205768,"pool_local_chunks":0,"pool_shared_chunks":0,"pool_total_chunks":0,"new_space_capacity":8388608,"old_gen_allocation_limit":59683808,"global_allocation_limit":59683904,"allocation_throughput":67029.5,"new_space_allocation_throughput":67029.5,"new_space_survive_rate":0.0042918,"allocated":8388096,"promoted":0,"new_space_survived":360,"nodes_died_in_new":0,"nodes_copied_in_new":0,"nodes_promoted":0,"promotion_ratio":0,"average_survival_ratio":0.00119217,"promotion_rate":0,"during_sweeping":false,"heap.prologue":0,"heap.epilogue":0,"heap.external.prologue":0,"heap.external.epilogue":0,"heap.external_weak_global_handles":0,"complete.sweep_array_buffers":0,"scavenge":0.052,"scavenge.free_remembered_set":0.001,"scavenge.roots":0.012,"scavenge.weak":0,"scavenge.weak_global_handles.identify":0.001,"scavenge.weak_global_handles.process":0,"scavenge.parallel":0.002,"scavenge.pin_objects_conservative":0,"scavenge.pin_objects_precise":0,"scavenge.restore_pinned":0,"scavenge.sweep_array_buffers":0,"scavenge.resize_new_space":0.001,"background.scavenge.parallel":0,"incremental.steps_count":0,"incremental.steps_took":0,"scavenge_throughput":1485.88,"quarantined_size":0,"quarantined_pages":0}
[74519:0xb1340c000:0]    12804 ms: GC: {"pause":0.053,"mutator":122.06,"gc":"s","reduce_memory":false,"time_to_safepoint":0,"stack":true,"reason":"allocation failure","collector_reason":"","start_object_size":27064248,"end_object_size":18676152,"start_memory_size":37715968,"end_memory_size":37715968,"start_holes_size":2205768,"end_holes_size":2205768,"pool_local_chunks":0,"pool_shared_chunks":0,"pool_total_chunks":0,"new_space_capacity":8388608,"old_gen_allocation_limit":59683808,"global_allocation_limit":59683904,"allocation_throughput":67840.8,"new_space_allocation_throughput":67840.8,"new_space_survive_rate":0,"allocated":8355152,"promoted":0,"new_space_survived":0,"nodes_died_in_new":0,"nodes_copied_in_new":0,"nodes_promoted":0,"promotion_ratio":0,"average_survival_ratio":0.00119217,"promotion_rate":0,"during_sweeping":false,"heap.prologue":0,"heap.epilogue":0.001,"heap.external.prologue":0,"heap.external.epilogue":0,"heap.external_weak_global_handles":0,"complete.sweep_array_buffers":0,"scavenge":0.042,"scavenge.free_remembered_set":0,"scavenge.roots":0.01,"scavenge.weak":0,"scavenge.weak_global_handles.identify":0,"scavenge.weak_global_handles.process":0,"scavenge.parallel":0,"scavenge.pin_objects_conservative":0,"scavenge.pin_objects_precise":0,"scavenge.restore_pinned":0,"scavenge.sweep_array_buffers":0,"scavenge.resize_new_space":0.001,"background.scavenge.parallel":0,"incremental.steps_count":0,"incremental.steps_took":0,"scavenge_throughput":1485.88,"quarantined_size":0,"quarantined_pages":0}
[74519:0xb1340c000:0]    12930 ms: GC: {"pause":0.076,"mutator":125.893,"gc":"s","reduce_memory":false,"time_to_safepoint":0,"stack":true,"reason":"allocation failure","collector_reason":"","start_object_size":27064248,"end_object_size":18709016,"start_memory_size":37715968,"end_memory_size":37715968,"start_holes_size":2205768,"end_holes_size":2205768,"pool_local_chunks":0,"pool_shared_chunks":0,"pool_total_chunks":0,"new_space_capacity":8388608,"old_gen_allocation_limit":59683808,"global_allocation_limit":59683904,"allocation_throughput":67134.9,"new_space_allocation_throughput":67134.9,"new_space_survive_rate":0.00333806,"allocated":8388096,"promoted":0,"new_space_survived":280,"nodes_died_in_new":0,"nodes_copied_in_new":0,"nodes_promoted":0,"promotion_ratio":0,"average_survival_ratio":0.00152597,"promotion_rate":0,"during_sweeping":false,"heap.prologue":0,"heap.epilogue":0,"heap.external.prologue":0,"heap.external.epilogue":0,"heap.external_weak_global_handles":0,"complete.sweep_array_buffers":0,"scavenge":0.062,"scavenge.free_remembered_set":0,"scavenge.roots":0.015,"scavenge.weak":0,"scavenge.weak_global_handles.identify":0,"scavenge.weak_global_handles.process":0,"scavenge.parallel":0.002,"scavenge.pin_objects_conservative":0,"scavenge.pin_objects_precise":0,"scavenge.restore_pinned":0,"scavenge.sweep_array_buffers":0,"scavenge.resize_new_space":0.001,"background.scavenge.parallel":0,"incremental.steps_count":0,"incremental.steps_took":0,"scavenge_throughput":1966.21,"quarantined_size":0,"quarantined_pages":0}
[74519:0xb1340c000:0]    13050 ms: GC: {"pause":0.054,"mutator":119.801,"gc":"s","reduce_memory":false,"time_to_safepoint":0,"stack":true,"reason":"allocation failure","collector_reason":"","start_object_size":27064248,"end_object_size":18676152,"start_memory_size":37715968,"end_memory_size":37715968,"start_holes_size":2205768,"end_holes_size":2205768,"pool_local_chunks":0,"pool_shared_chunks":0,"pool_total_chunks":0,"new_space_capacity":8388608,"old_gen_allocation_limit":59683808,"global_allocation_limit":59683904,"allocation_throughput":68605.6,"new_space_allocation_throughput":68605.6,"new_space_survive_rate":0,"allocated":8355232,"promoted":0,"new_space_survived":0,"nodes_died_in_new":0,"nodes_copied_in_new":0,"nodes_promoted":0,"promotion_ratio":0,"average_survival_ratio":0.00152597,"promotion_rate":0,"during_sweeping":false,"heap.prologue":0,"heap.epilogue":0.002,"heap.external.prologue":0,"heap.external.epilogue":0,"heap.external_weak_global_handles":0,"complete.sweep_array_buffers":0,"scavenge":0.043,"scavenge.free_remembered_set":0.001,"scavenge.roots":0.011,"scavenge.weak":0,"scavenge.weak_global_handles.identify":0,"scavenge.weak_global_handles.process":0,"scavenge.parallel":0,"scavenge.pin_objects_conservative":0,"scavenge.pin_objects_precise":0,"scavenge.restore_pinned":0.001,"scavenge.sweep_array_buffers":0,"scavenge.resize_new_space":0.001,"background.scavenge.parallel":0,"incremental.steps_count":0,"incremental.steps_took":0,"scavenge_throughput":2044.73,"quarantined_size":0,"quarantined_pages":0}
[74519:0xb1340c000:0]    13173 ms: GC: {"pause":0.059,"mutator":122.963,"gc":"s","reduce_memory":false,"time_to_safepoint":0,"stack":true,"reason":"allocation failure","collector_reason":"","start_object_size":27064248,"end_object_size":18709016,"start_memory_size":37715968,"end_memory_size":37715968,"start_holes_size":2205768,"end_holes_size":2205768,"pool_local_chunks":0,"pool_shared_chunks":0,"pool_total_chunks":0,"new_space_capacity":8388608,"old_gen_allocation_limit":59683808,"global_allocation_limit":59683904,"allocation_throughput":68381.8,"new_space_allocation_throughput":68381.8,"new_space_survive_rate":0.00333806,"allocated":8388096,"promoted":0,"new_space_survived":280,"nodes_died_in_new":0,"nodes_copied_in_new":0,"nodes_promoted":0,"promotion_ratio":0,"average_survival_ratio":0.00185978,"promotion_rate":0,"during_sweeping":false,"heap.prologue":0,"heap.epilogue":0,"heap.external.prologue":0,"heap.external.epilogue":0,"heap.external_weak_global_handles":0,"complete.sweep_array_buffers":0,"scavenge":0.049,"scavenge.free_remembered_set":0,"scavenge.roots":0.012,"scavenge.weak":0,"scavenge.weak_global_handles.identify":0.001,"scavenge.weak_global_handles.process":0,"scavenge.parallel":0.002,"scavenge.pin_objects_conservative":0,"scavenge.pin_objects_precise":0,"scavenge.restore_pinned":0.001,"scavenge.sweep_array_buffers":0,"scavenge.resize_new_space":0,"background.scavenge.parallel":0,"incremental.steps_count":0,"incremental.steps_took":0,"scavenge_throughput":2472.27,"quarantined_size":0,"quarantined_pages":0}
[74519:0xb1340c000:0]    13302 ms: GC: {"pause":0.058,"mutator":128.234,"gc":"s","reduce_memory":false,"time_to_safepoint":0,"stack":true,"reason":"allocation failure","collector_reason":"","start_object_size":27064248,"end_object_size":18676152,"start_memory_size":37715968,"end_memory_size":37715968,"start_holes_size":2205768,"end_holes_size":2205768,"pool_local_chunks":0,"pool_shared_chunks":0,"pool_total_chunks":0,"new_space_capacity":8388608,"old_gen_allocation_limit":59683808,"global_allocation_limit":59683904,"allocation_throughput":66482,"new_space_allocation_throughput":66482,"new_space_survive_rate":0,"allocated":8355232,"promoted":0,"new_space_survived":0,"nodes_died_in_new":0,"nodes_copied_in_new":0,"nodes_promoted":0,"promotion_ratio":0,"average_survival_ratio":0.00185978,"promotion_rate":0,"during_sweeping":false,"heap.prologue":0,"heap.epilogue":0.001,"heap.external.prologue":0,"heap.external.epilogue":0,"heap.external_weak_global_handles":0,"complete.sweep_array_buffers":0,"scavenge":0.045,"scavenge.free_remembered_set":0,"scavenge.roots":0.01,"scavenge.weak":0,"scavenge.weak_global_handles.identify":0,"scavenge.weak_global_handles.process":0,"scavenge.parallel":0,"scavenge.pin_objects_conservative":0,"scavenge.pin_objects_precise":0,"scavenge.restore_pinned":0,"scavenge.sweep_array_buffers":0,"scavenge.resize_new_space":0.001,"background.scavenge.parallel":0,"incremental.steps_count":0,"incremental.steps_took":0,"scavenge_throughput":2516.13,"quarantined_size":0,"quarantined_pages":0}
[74519:0xb1340c000:0]    13427 ms: GC: {"pause":0.054,"mutator":125.419,"gc":"s","reduce_memory":false,"time_to_safepoint":0,"stack":true,"reason":"allocation failure","collector_reason":"","start_object_size":27064248,"end_object_size":18676152,"start_memory_size":37715968,"end_memory_size":37715968,"start_holes_size":2205768,"end_holes_size":2205768,"pool_local_chunks":0,"pool_shared_chunks":0,"pool_total_chunks":0,"new_space_capacity":8388608,"old_gen_allocation_limit":59683808,"global_allocation_limit":59683904,"allocation_throughput":66712.9,"new_space_allocation_throughput":66712.9,"new_space_survive_rate":0,"allocated":8388096,"promoted":0,"new_space_survived":0,"nodes_died_in_new":0,"nodes_copied_in_new":0,"nodes_promoted":0,"promotion_ratio":0,"average_survival_ratio":0.0014306,"promotion_rate":0,"during_sweeping":false,"heap.prologue":0,"heap.epilogue":0.001,"heap.external.prologue":0,"heap.external.epilogue":0,"heap.external_weak_global_handles":0,"complete.sweep_array_buffers":0,"scavenge":0.043,"scavenge.free_remembered_set":0,"scavenge.roots":0.01,"scavenge.weak":0,"scavenge.weak_global_handles.identify":0,"scavenge.weak_global_handles.process":0,"scavenge.parallel":0,"scavenge.pin_objects_conservative":0,"scavenge.pin_objects_precise":0,"scavenge.restore_pinned":0.001,"scavenge.sweep_array_buffers":0,"scavenge.resize_new_space":0.001,"background.scavenge.parallel":0,"incremental.steps_count":0,"incremental.steps_took":0,"scavenge_throughput":1996.67,"quarantined_size":0,"quarantined_pages":0}
[74519:0xb1340c000:0]    13548 ms: GC: {"pause":0.054,"mutator":120.459,"gc":"s","reduce_memory":false,"time_to_safepoint":0,"stack":true,"reason":"allocation failure","collector_reason":"","start_object_size":27064248,"end_object_size":18676152,"start_memory_size":37715968,"end_memory_size":37715968,"start_holes_size":2205768,"end_holes_size":2205768,"pool_local_chunks":0,"pool_shared_chunks":0,"pool_total_chunks":0,"new_space_capacity":8388608,"old_gen_allocation_limit":59683808,"global_allocation_limit":59683904,"allocation_throughput":68366.2,"new_space_allocation_throughput":68366.2,"new_space_survive_rate":0,"allocated":8388096,"promoted":0,"new_space_survived":0,"nodes_died_in_new":0,"nodes_copied_in_new":0,"nodes_promoted":0,"promotion_ratio":0,"average_survival_ratio":0.00109679,"promotion_rate":0,"during_sweeping":false,"heap.prologue":0,"heap.epilogue":0.001,"heap.external.prologue":0,"heap.external.epilogue":0,"heap.external_weak_global_handles":0,"complete.sweep_array_buffers":0,"scavenge":0.044,"scavenge.free_remembered_set":0,"scavenge.roots":0.011,"scavenge.weak":0,"scavenge.weak_global_handles.identify":0,"scavenge.weak_global_handles.process":0,"scavenge.parallel":0,"scavenge.pin_objects_conservative":0,"scavenge.pin_objects_precise":0,"scavenge.restore_pinned":0,"scavenge.sweep_array_buffers":0,"scavenge.resize_new_space":0,"background.scavenge.parallel":0,"incremental.steps_count":0,"incremental.steps_took":0,"scavenge_throughput":1556.68,"quarantined_size":0,"quarantined_pages":0}
[74519:0xb1340c000:0]    13670 ms: GC: {"pause":0.055,"mutator":122.261,"gc":"s","reduce_memory":false,"time_to_safepoint":0,"stack":true,"reason":"allocation failure","collector_reason":"","start_object_size":27064248,"end_object_size":18676152,"start_memory_size":37715968,"end_memory_size":37715968,"start_holes_size":2205768,"end_holes_size":2205768,"pool_local_chunks":0,"pool_shared_chunks":0,"pool_total_chunks":0,"new_space_capacity":8388608,"old_gen_allocation_limit":59683808,"global_allocation_limit":59683904,"allocation_throughput":68504.1,"new_space_allocation_throughput":68504.1,"new_space_survive_rate":0,"allocated":8388096,"promoted":0,"new_space_survived":0,"nodes_died_in_new":0,"nodes_copied_in_new":0,"nodes_promoted":0,"promotion_ratio":0,"average_survival_ratio":0.00109679,"promotion_rate":0,"during_sweeping":false,"heap.prologue":0,"heap.epilogue":0.001,"heap.external.prologue":0,"heap.external.epilogue":0,"heap.external_weak_global_handles":0,"complete.sweep_array_buffers":0,"scavenge":0.043,"scavenge.free_remembered_set":0,"scavenge.roots":0.01,"scavenge.weak":0,"scavenge.weak_global_handles.identify":0,"scavenge.weak_global_handles.process":0,"scavenge.parallel":0,"scavenge.pin_objects_conservative":0,"scavenge.pin_objects_precise":0,"scavenge.restore_pinned":0.001,"scavenge.sweep_array_buffers":0,"scavenge.resize_new_space":0.001,"background.scavenge.parallel":0,"incremental.steps_count":0,"incremental.steps_took":0,"scavenge_throughput":1578.04,"quarantined_size":0,"quarantined_pages":0}
[74519:0xb1340c000:0]    13791 ms: GC: {"pause":0.056,"mutator":121.406,"gc":"s","reduce_memory":false,"time_to_safepoint":0,"stack":true,"reason":"allocation failure","collector_reason":"","start_object_size":27064248,"end_object_size":18676152,"start_memory_size":37715968,"end_memory_size":37715968,"start_holes_size":2205768,"end_holes_size":2205768,"pool_local_chunks":0,"pool_shared_chunks":0,"pool_total_chunks":0,"new_space_capacity":8388608,"old_gen_allocation_limit":59683808,"global_allocation_limit":59683904,"allocation_throughput":68837.5,"new_space_allocation_throughput":68837.5,"new_space_survive_rate":0,"allocated":8388096,"promoted":0,"new_space_survived":0,"nodes_died_in_new":0,"nodes_copied_in_new":0,"nodes_promoted":0,"promotion_ratio":0,"average_survival_ratio":0.00109679,"promotion_rate":0,"during_sweeping":false,"heap.prologue":0,"heap.epilogue":0.001,"heap.external.prologue":0,"heap.external.epilogue":0,"heap.external_weak_global_handles":0,"complete.sweep_array_buffers":0,"scavenge":0.045,"scavenge.free_remembered_set":0,"scavenge.roots":0.01,"scavenge.weak":0,"scavenge.weak_global_handles.identify":0,"scavenge.weak_global_handles.process":0,"scavenge.parallel":0,"scavenge.pin_objects_conservative":0,"scavenge.pin_objects_precise":0,"scavenge.restore_pinned":0.001,"scavenge.sweep_array_buffers":0,"scavenge.resize_new_space":0.001,"background.scavenge.parallel":0,"incremental.steps_count":0,"incremental.steps_took":0,"scavenge_throughput":1578.04,"quarantined_size":0,"quarantined_pages":0}
[74519:0xb1340c000:0]    13912 ms: GC: {"pause":0.052,"mutator":120.875,"gc":"s","reduce_memory":false,"time_to_safepoint":0,"stack":true,"reason":"allocation failure","collector_reason":"","start_object_size":27064248,"end_object_size":18676152,"start_memory_size":37715968,"end_memory_size":37715968,"start_holes_size":2205768,"end_holes_size":2205768,"pool_local_chunks":0,"pool_shared_chunks":0,"pool_total_chunks":0,"new_space_capacity":8388608,"old_gen_allocation_limit":59683808,"global_allocation_limit":59683904,"allocation_throughput":69153.1,"new_space_allocation_throughput":69153.1,"new_space_survive_rate":0,"allocated":8388096,"promoted":0,"new_space_survived":0,"nodes_died_in_new":0,"nodes_copied_in_new":0,"nodes_promoted":0,"promotion_ratio":0,"average_survival_ratio":0.000667613,"promotion_rate":0,"during_sweeping":false,"heap.prologue":0,"heap.epilogue":0.001,"heap.external.prologue":0,"heap.external.epilogue":0,"heap.external_weak_global_handles":0,"complete.sweep_array_buffers":0,"scavenge":0.043,"scavenge.free_remembered_set":0,"scavenge.roots":0.009,"scavenge.weak":0,"scavenge.weak_global_handles.identify":0,"scavenge.weak_global_handles.process":0,"scavenge.parallel":0,"scavenge.pin_objects_conservative":0,"scavenge.pin_objects_precise":0,"scavenge.restore_pinned":0.001,"scavenge.sweep_array_buffers":0,"scavenge.resize_new_space":0,"background.scavenge.parallel":0,"incremental.steps_count":0,"incremental.steps_took":0,"scavenge_throughput":980.736,"quarantined_size":0,"quarantined_pages":0}
[74519:0xb1340c000:0]    14031 ms: GC: {"pause":0.06,"mutator":119.147,"gc":"s","reduce_memory":false,"time_to_safepoint":0,"stack":true,"reason":"allocation failure","collector_reason":"","start_object_size":27064248,"end_object_size":18709096,"start_memory_size":37715968,"end_memory_size":37715968,"start_holes_size":2205768,"end_holes_size":2205768,"pool_local_chunks":0,"pool_shared_chunks":0,"pool_total_chunks":0,"new_space_capacity":8388608,"old_gen_allocation_limit":59683808,"global_allocation_limit":59683904,"allocation_throughput":69854.4,"new_space_allocation_throughput":69854.4,"new_space_survive_rate":0.0042918,"allocated":8388096,"promoted":0,"new_space_survived":360,"nodes_died_in_new":0,"nodes_copied_in_new":0,"nodes_promoted":0,"promotion_ratio":0,"average_survival_ratio":0.00109679,"promotion_rate":0,"during_sweeping":false,"heap.prologue":0,"heap.epilogue":0,"heap.external.prologue":0,"heap.external.epilogue":0,"heap.external_weak_global_handles":0,"complete.sweep_array_buffers":0,"scavenge":0.05,"scavenge.free_remembered_set":0,"scavenge.roots":0.011,"scavenge.weak":0,"scavenge.weak_global_handles.identify":0,"scavenge.weak_global_handles.process":0,"scavenge.parallel":0.002,"scavenge.pin_objects_conservative":0,"scavenge.pin_objects_precise":0,"scavenge.restore_pinned":0,"scavenge.sweep_array_buffers":0,"scavenge.resize_new_space":0,"background.scavenge.parallel":0,"incremental.steps_count":0,"incremental.steps_took":0,"scavenge_throughput":1591.7,"quarantined_size":0,"quarantined_pages":0}
[74519:0xb1340c000:0]    14151 ms: GC: {"pause":0.06,"mutator":119.865,"gc":"s","reduce_memory":false,"time_to_safepoint":0,"stack":true,"reason":"allocation failure","collector_reason":"","start_object_size":27064248,"end_object_size":18709016,"start_memory_size":37715968,"end_memory_size":37715968,"start_holes_size":2205768,"end_holes_size":2205768,"pool_local_chunks":0,"pool_shared_chunks":0,"pool_total_chunks":0,"new_space_capacity":8388608,"old_gen_allocation_limit":59683808,"global_allocation_limit":59683904,"allocation_throughput":69769.9,"new_space_allocation_throughput":69769.9,"new_space_survive_rate":0.00333806,"allocated":8355152,"promoted":0,"new_space_survived":280,"nodes_died_in_new":0,"nodes_copied_in_new":0,"nodes_promoted":0,"promotion_ratio":0,"average_survival_ratio":0.00109679,"promotion_rate":0,"during_sweeping":false,"heap.prologue":0,"heap.epilogue":0,"heap.external.prologue":0,"heap.external.epilogue":0,"heap.external_weak_global_handles":0,"complete.sweep_array_buffers":0,"scavenge":0.05,"scavenge.free_remembered_set":0,"scavenge.roots":0.011,"scavenge.weak":0,"scavenge.weak_global_handles.identify":0.001,"scavenge.weak_global_handles.process":0,"scavenge.parallel":0.002,"scavenge.pin_objects_conservative":0,"scavenge.pin_objects_precise":0,"scavenge.restore_pinned":0,"scavenge.sweep_array_buffers":0,"scavenge.resize_new_space":0,"background.scavenge.parallel":0,"incremental.steps_count":0,"incremental.steps_took":0,"scavenge_throughput":1637.01,"quarantined_size":0,"quarantined_pages":0}
[74519:0xb1340c000:0]    14278 ms: GC: {"pause":0.099,"mutator":126.372,"gc":"s","reduce_memory":false,"time_to_safepoint":0,"stack":true,"reason":"allocation failure","collector_reason":"","start_object_size":27064248,"end_object_size":18676152,"start_memory_size":37715968,"end_memory_size":37715968,"start_holes_size":2205768,"end_holes_size":2205768,"pool_local_chunks":0,"pool_shared_chunks":0,"pool_total_chunks":0,"new_space_capacity":8388608,"old_gen_allocation_limit":59683808,"global_allocation_limit":59683904,"allocation_throughput":67637.5,"new_space_allocation_throughput":67637.5,"new_space_survive_rate":0,"allocated":8355232,"promoted":0,"new_space_survived":0,"nodes_died_in_new":0,"nodes_copied_in_new":0,"nodes_promoted":0,"promotion_ratio":0,"average_survival_ratio":0.00109679,"promotion_rate":0,"during_sweeping":false,"heap.prologue":0,"heap.epilogue":0.001,"heap.external.prologue":0,"heap.external.epilogue":0,"heap.external_weak_global_handles":0,"complete.sweep_array_buffers":0,"scavenge":0.07,"scavenge.free_remembered_set":0,"scavenge.roots":0.013,"scavenge.weak":0,"scavenge.weak_global_handles.identify":0,"scavenge.weak_global_handles.process":0,"scavenge.parallel":0,"scavenge.pin_objects_conservative":0,"scavenge.pin_objects_precise":0,"scavenge.restore_pinned":0.003,"scavenge.sweep_array_buffers":0,"scavenge.resize_new_space":0.001,"background.scavenge.parallel":0,"incremental.steps_count":0,"incremental.steps_took":0,"scavenge_throughput":1515.65,"quarantined_size":0,"quarantined_pages":0}
[74519:0xb1340c000:0]    14413 ms: GC: {"pause":0.059,"mutator":135.022,"gc":"s","reduce_memory":false,"time_to_safepoint":0,"stack":true,"reason":"allocation failure","collector_reason":"","start_object_size":27064248,"end_object_size":18676152,"start_memory_size":37715968,"end_memory_size":37715968,"start_holes_size":2205768,"end_holes_size":2205768,"pool_local_chunks":0,"pool_shared_chunks":0,"pool_total_chunks":0,"new_space_capacity":8388608,"old_gen_allocation_limit":59683808,"global_allocation_limit":59683904,"allocation_throughput":64285.6,"new_space_allocation_throughput":64285.6,"new_space_survive_rate":0,"allocated":8388096,"promoted":0,"new_space_survived":0,"nodes_died_in_new":0,"nodes_copied_in_new":0,"nodes_promoted":0,"promotion_ratio":0,"average_survival_ratio":0.000762986,"promotion_rate":0,"during_sweeping":false,"heap.prologue":0,"heap.epilogue":0.002,"heap.external.prologue":0,"heap.external.epilogue":0,"heap.external_weak_global_handles":0,"complete.sweep_array_buffers":0,"scavenge":0.046,"scavenge.free_remembered_set":0,"scavenge.roots":0.011,"scavenge.weak":0,"scavenge.weak_global_handles.identify":0,"scavenge.weak_global_handles.process":0,"scavenge.parallel":0,"scavenge.pin_objects_conservative":0,"scavenge.pin_objects_precise":0,"scavenge.restore_pinned":0.001,"scavenge.sweep_array_buffers":0,"scavenge.resize_new_space":0.001,"background.scavenge.parallel":0,"incremental.steps_count":0,"incremental.steps_took":0,"scavenge_throughput":1054.37,"quarantined_size":0,"quarantined_pages":0}
[74519:0xb1340c000:0]    14558 ms: GC: {"pause":0.083,"mutator":144.877,"gc":"s","reduce_memory":false,"time_to_safepoint":0,"stack":true,"reason":"allocation failure","collector_reason":"","start_object_size":27064248,"end_object_size":18709096,"start_memory_size":37715968,"end_memory_size":37715968,"start_holes_size":2205768,"end_holes_size":2205768,"pool_local_chunks":0,"pool_shared_chunks":0,"pool_total_chunks":0,"new_space_capacity":8388608,"old_gen_allocation_limit":59683808,"global_allocation_limit":59683904,"allocation_throughput":60237.2,"new_space_allocation_throughput":60237.2,"new_space_survive_rate":0.0042918,"allocated":8388096,"promoted":0,"new_space_survived":360,"nodes_died_in_new":0,"nodes_copied_in_new":0,"nodes_promoted":0,"promotion_ratio":0,"average_survival_ratio":0.00119217,"promotion_rate":0,"during_sweeping":false,"heap.prologue":0,"heap.epilogue":0.001,"heap.external.prologue":0,"heap.external.epilogue":0,"heap.external_weak_global_handles":0,"complete.sweep_array_buffers":0,"scavenge":0.07,"scavenge.free_remembered_set":0,"scavenge.roots":0.013,"scavenge.weak":0,"scavenge.weak_global_handles.identify":0.001,"scavenge.weak_global_handles.process":0,"scavenge.parallel":0.002,"scavenge.pin_objects_conservative":0,"scavenge.pin_objects_precise":0,"scavenge.restore_pinned":0.001,"scavenge.sweep_array_buffers":0,"scavenge.resize_new_space":0,"background.scavenge.parallel":0,"incremental.steps_count":0,"incremental.steps_took":0,"scavenge_throughput":1582.28,"quarantined_size":0,"quarantined_pages":0}
[74519:0xb1340c000:0]    14770 ms: GC: {"pause":0.095,"mutator":212.057,"gc":"s","reduce_memory":false,"time_to_safepoint":0,"stack":true,"reason":"allocation failure","collector_reason":"","start_object_size":27064248,"end_object_size":18676152,"start_memory_size":37715968,"end_memory_size":37715968,"start_holes_size":2205768,"end_holes_size":2205768,"pool_local_chunks":0,"pool_shared_chunks":0,"pool_total_chunks":0,"new_space_capacity":8388608,"old_gen_allocation_limit":59683808,"global_allocation_limit":59683904,"allocation_throughput":44191.7,"new_space_allocation_throughput":44191.7,"new_space_survive_rate":0,"allocated":8355152,"promoted":0,"new_space_survived":0,"nodes_died_in_new":0,"nodes_copied_in_new":0,"nodes_promoted":0,"promotion_ratio":0,"average_survival_ratio":0.00119217,"promotion_rate":0,"during_sweeping":false,"heap.prologue":0,"heap.epilogue":0.002,"heap.external.prologue":0,"heap.external.epilogue":0,"heap.external_weak_global_handles":0,"complete.sweep_array_buffers":0,"scavenge":0.081,"scavenge.free_remembered_set":0,"scavenge.roots":0.016,"scavenge.weak":0,"scavenge.weak_global_handles.identify":0,"scavenge.weak_global_handles.process":0,"scavenge.parallel":0,"scavenge.pin_objects_conservative":0,"scavenge.pin_objects_precise":0,"scavenge.restore_pinned":0.001,"scavenge.sweep_array_buffers":0,"scavenge.resize_new_space":0,"background.scavenge.parallel":0,"incremental.steps_count":0,"incremental.steps_took":0,"scavenge_throughput":1485.88,"quarantined_size":0,"quarantined_pages":0}
[74519:0xb1340c000:0]    14923 ms: GC: {"pause":0.065,"mutator":152.979,"gc":"s","reduce_memory":false,"time_to_safepoint":0,"stack":true,"reason":"allocation failure","collector_reason":"","start_object_size":27064248,"end_object_size":18709016,"start_memory_size":37715968,"end_memory_size":37715968,"start_holes_size":2205768,"end_holes_size":2205768,"pool_local_chunks":0,"pool_shared_chunks":0,"pool_total_chunks":0,"new_space_capacity":8388608,"old_gen_allocation_limit":59683808,"global_allocation_limit":59683904,"allocation_throughput":51146.1,"new_space_allocation_throughput":51146.1,"new_space_survive_rate":0.00333806,"allocated":8388096,"promoted":0,"new_space_survived":280,"nodes_died_in_new":0,"nodes_copied_in_new":0,"nodes_promoted":0,"promotion_ratio":0,"average_survival_ratio":0.00152597,"promotion_rate":0,"during_sweeping":false,"heap.prologue":0,"heap.epilogue":0.001,"heap.external.prologue":0,"heap.external.epilogue":0,"heap.external_weak_global_handles":0,"complete.sweep_array_buffers":0,"scavenge":0.053,"scavenge.free_remembered_set":0,"scavenge.roots":0.012,"scavenge.weak":0,"scavenge.weak_global_handles.identify":0.001,"scavenge.weak_global_handles.process":0,"scavenge.parallel":0.002,"scavenge.pin_objects_conservative":0,"scavenge.pin_objects_precise":0,"scavenge.restore_pinned":0,"scavenge.sweep_array_buffers":0,"scavenge.resize_new_space":0,"background.scavenge.parallel":0,"incremental.steps_count":0,"incremental.steps_took":0,"scavenge_throughput":1871.35,"quarantined_size":0,"quarantined_pages":0}
[74519:0xb1340c000:0]    15051 ms: GC: {"pause":0.058,"mutator":127.567,"gc":"s","reduce_memory":false,"time_to_safepoint":0,"stack":true,"reason":"allocation failure","collector_reason":"","start_object_size":27064248,"end_object_size":18676152,"start_memory_size":37715968,"end_memory_size":37715968,"start_holes_size":2205768,"end_holes_size":2205768,"pool_local_chunks":0,"pool_shared_chunks":0,"pool_total_chunks":0,"new_space_capacity":8388608,"old_gen_allocation_limit":59683808,"global_allocation_limit":59683904,"allocation_throughput":59569.2,"new_space_allocation_throughput":59569.2,"new_space_survive_rate":0,"allocated":8355232,"promoted":0,"new_space_survived":0,"nodes_died_in_new":0,"nodes_copied_in_new":0,"nodes_promoted":0,"promotion_ratio":0,"average_survival_ratio":0.00152597,"promotion_rate":0,"during_sweeping":false,"heap.prologue":0,"heap.epilogue":0.001,"heap.external.prologue":0,"heap.external.epilogue":0,"heap.external_weak_global_handles":0,"complete.sweep_array_buffers":0,"scavenge":0.045,"scavenge.free_remembered_set":0,"scavenge.roots":0.01,"scavenge.weak":0,"scavenge.weak_global_handles.identify":0.001,"scavenge.weak_global_handles.process":0,"scavenge.parallel":0,"scavenge.pin_objects_conservative":0,"scavenge.pin_objects_precise":0,"scavenge.restore_pinned":0.001,"scavenge.sweep_array_buffers":0,"scavenge.resize_new_space":0.001,"background.scavenge.parallel":0,"incremental.steps_count":0,"incremental.steps_took":0,"scavenge_throughput":1863.17,"quarantined_size":0,"quarantined_pages":0}
[74519:0xb1340c000:0]    15177 ms: GC: {"pause":0.089,"mutator":125.998,"gc":"s","reduce_memory":false,"time_to_safepoint":0,"stack":true,"reason":"allocation failure","collector_reason":"","start_object_size":27064248,"end_object_size":18709016,"start_memory_size":37715968,"end_memory_size":37715968,"start_holes_size":2205768,"end_holes_size":2205768,"pool_local_chunks":0,"pool_shared_chunks":0,"pool_total_chunks":0,"new_space_capacity":8388608,"old_gen_allocation_limit":59683808,"global_allocation_limit":59683904,"allocation_throughput":63648.2,"new_space_allocation_throughput":63648.2,"new_space_survive_rate":0.00333806,"allocated":8388096,"promoted":0,"new_space_survived":280,"nodes_died_in_new":0,"nodes_copied_in_new":0,"nodes_promoted":0,"promotion_ratio":0,"average_survival_ratio":0.00185978,"promotion_rate":0,"during_sweeping":false,"heap.prologue":0,"heap.epilogue":0,"heap.external.prologue":0,"heap.external.epilogue":0,"heap.external_weak_global_handles":0,"complete.sweep_array_buffers":0,"scavenge":0.075,"scavenge.free_remembered_set":0,"scavenge.roots":0.024,"scavenge.weak":0,"scavenge.weak_global_handles.identify":0,"scavenge.weak_global_handles.process":0,"scavenge.parallel":0.003,"scavenge.pin_objects_conservative":0,"scavenge.pin_objects_precise":0,"scavenge.restore_pinned":0,"scavenge.sweep_array_buffers":0,"scavenge.resize_new_space":0,"background.scavenge.parallel":0,"incremental.steps_count":0,"incremental.steps_took":0,"scavenge_throughput":2166.67,"quarantined_size":0,"quarantined_pages":0}
[74519:0xb1340c000:0]    15302 ms: GC: {"pause":0.056,"mutator":124.677,"gc":"s","reduce_memory":false,"time_to_safepoint":0,"stack":true,"reason":"allocation failure","collector_reason":"","start_object_size":27064248,"end_object_size":18676152,"start_memory_size":37715968,"end_memory_size":37715968,"start_holes_size":2205768,"end_holes_size":2205768,"pool_local_chunks":0,"pool_shared_chunks":0,"pool_total_chunks":0,"new_space_capacity":8388608,"old_gen_allocation_limit":59683808,"global_allocation_limit":59683904,"allocation_throughput":65596,"new_space_allocation_throughput":65596,"new_space_survive_rate":0,"allocated":8355232,"promoted":0,"new_space_survived":0,"nodes_died_in_new":0,"nodes_copied_in_new":0,"nodes_promoted":0,"promotion_ratio":0,"average_survival_ratio":0.00185978,"promotion_rate":0,"during_sweeping":false,"heap.prologue":0,"heap.epilogue":0.002,"heap.external.prologue":0,"heap.external.epilogue":0,"heap.external_weak_global_handles":0,"complete.sweep_array_buffers":0,"scavenge":0.044,"scavenge.free_remembered_set":0,"scavenge.roots":0.01,"scavenge.weak":0,"scavenge.weak_global_handles.identify":0.001,"scavenge.weak_global_handles.process":0,"scavenge.parallel":0,"scavenge.pin_objects_conservative":0,"scavenge.pin_objects_precise":0,"scavenge.restore_pinned":0.001,"scavenge.sweep_array_buffers":0,"scavenge.resize_new_space":0,"background.scavenge.parallel":0,"incremental.steps_count":0,"incremental.steps_took":0,"scavenge_throughput":2154.7,"quarantined_size":0,"quarantined_pages":0}
[74519:0xb1340c000:0]    15425 ms: GC: {"pause":0.052,"mutator":123.115,"gc":"s","reduce_memory":false,"time_to_safepoint":0,"stack":true,"reason":"allocation failure","collector_reason":"","start_object_size":27064248,"end_object_size":18676152,"start_memory_size":37715968,"end_memory_size":37715968,"start_holes_size":2205768,"end_holes_size":2205768,"pool_local_chunks":0,"pool_shared_chunks":0,"pool_total_chunks":0,"new_space_capacity":8388608,"old_gen_allocation_limit":59683808,"global_allocation_limit":59683904,"allocation_throughput":67051.2,"new_space_allocation_throughput":67051.2,"new_space_survive_rate":0,"allocated":8388096,"promoted":0,"new_space_survived":0,"nodes_died_in_new":0,"nodes_copied_in_new":0,"nodes_promoted":0,"promotion_ratio":0,"average_survival_ratio":0.0014306,"promotion_rate":0,"during_sweeping":false,"heap.prologue":0,"heap.epilogue":0.001,"heap.external.prologue":0,"heap.external.epilogue":0,"heap.external_weak_global_handles":0,"complete.sweep_array_buffers":0,"scavenge":0.042,"scavenge.free_remembered_set":0,"scavenge.roots":0.009,"scavenge.weak":0,"scavenge.weak_global_handles.identify":0,"scavenge.weak_global_handles.process":0,"scavenge.parallel":0,"scavenge.pin_objects_conservative":0,"scavenge.pin_objects_precise":0,"scavenge.restore_pinned":0,"scavenge.sweep_array_buffers":0,"scavenge.resize_new_space":0,"background.scavenge.parallel":0,"incremental.steps_count":0,"incremental.steps_took":0,"scavenge_throughput":1675.98,"quarantined_size":0,"quarantined_pages":0}
[74519:0xb1340c000:0]    15554 ms: GC: {"pause":0.056,"mutator":129.46,"gc":"s","reduce_memory":false,"time_to_safepoint":0,"stack":true,"reason":"allocation failure","collector_reason":"","start_object_size":27064248,"end_object_size":18676152,"start_memory_size":37715968,"end_memory_size":37715968,"start_holes_size":2205768,"end_holes_size":2205768,"pool_local_chunks":0,"pool_shared_chunks":0,"pool_total_chunks":0,"new_space_capacity":8388608,"old_gen_allocation_limit":59683808,"global_allocation_limit":59683904,"allocation_throughput":65713.2,"new_space_allocation_throughput":65713.2,"new_space_survive_rate":0,"allocated":8388096,"promoted":0,"new_space_survived":0,"nodes_died_in_new":0,"nodes_copied_in_new":0,"nodes_promoted":0,"promotion_ratio":0,"average_survival_ratio":0.00109679,"promotion_rate":0,"during_sweeping":false,"heap.prologue":0,"heap.epilogue":0.001,"heap.external.prologue":0,"heap.external.epilogue":0,"heap.external_weak_global_handles":0,"complete.sweep_array_buffers":0,"scavenge":0.044,"scavenge.free_remembered_set":0,"scavenge.roots":0.011,"scavenge.weak":0,"scavenge.weak_global_handles.identify":0,"scavenge.weak_global_handles.process":0,"scavenge.parallel":0,"scavenge.pin_objects_conservative":0,"scavenge.pin_objects_precise":0,"scavenge.restore_pinned":0.001,"scavenge.sweep_array_buffers":0,"scavenge.resize_new_space":0,"background.scavenge.parallel":0,"incremental.steps_count":0,"incremental.steps_took":0,"scavenge_throughput":1292.13,"quarantined_size":0,"quarantined_pages":0}
[74519:0xb1340c000:0]    15684 ms: GC: {"pause":0.051,"mutator":129.953,"gc":"s","reduce_memory":false,"time_to_safepoint":0,"stack":true,"reason":"allocation failure","collector_reason":"","start_object_size":27064248,"end_object_size":18676152,"start_memory_size":37715968,"end_memory_size":37715968,"start_holes_size":2205768,"end_holes_size":2205768,"pool_local_chunks":0,"pool_shared_chunks":0,"pool_total_chunks":0,"new_space_capacity":8388608,"old_gen_allocation_limit":59683808,"global_allocation_limit":59683904,"allocation_throughput":65020.3,"new_space_allocation_throughput":65020.3,"new_space_survive_rate":0,"allocated":8388096,"promoted":0,"new_space_survived":0,"nodes_died_in_new":0,"nodes_copied_in_new":0,"nodes_promoted":0,"promotion_ratio":0,"average_survival_ratio":0.00109679,"promotion_rate":0,"during_sweeping":false,"heap.prologue":0,"heap.epilogue":0.002,"heap.external.prologue":0,"heap.external.epilogue":0,"heap.external_weak_global_handles":0,"complete.sweep_array_buffers":0,"scavenge":0.041,"scavenge.free_remembered_set":0,"scavenge.roots":0.009,"scavenge.weak":0,"scavenge.weak_global_handles.identify":0.001,"scavenge.weak_global_handles.process":0,"scavenge.parallel":0,"scavenge.pin_objects_conservative":0,"scavenge.pin_objects_precise":0,"scavenge.restore_pinned":0,"scavenge.sweep_array_buffers":0,"scavenge.resize_new_space":0.001,"background.scavenge.parallel":0,"incremental.steps_count":0,"incremental.steps_took":0,"scavenge_throughput":1385.54,"quarantined_size":0,"quarantined_pages":0}
[74519:0xb1340c000:0]    15807 ms: GC: {"pause":0.112,"mutator":122.669,"gc":"s","reduce_memory":false,"time_to_safepoint":0,"stack":true,"reason":"allocation failure","collector_reason":"","start_object_size":27064248,"end_object_size":18676152,"start_memory_size":37715968,"end_memory_size":37715968,"start_holes_size":2205768,"end_holes_size":2205768,"pool_local_chunks":0,"pool_shared_chunks":0,"pool_total_chunks":0,"new_space_capacity":8388608,"old_gen_allocation_limit":59683808,"global_allocation_limit":59683904,"allocation_throughput":66943.7,"new_space_allocation_throughput":66943.7,"new_space_survive_rate":0,"allocated":8388096,"promoted":0,"new_space_survived":0,"nodes_died_in_new":0,"nodes_copied_in_new":0,"nodes_promoted":0,"promotion_ratio":0,"average_survival_ratio":0.00109679,"promotion_rate":0,"during_sweeping":false,"heap.prologue":0,"heap.epilogue":0.002,"heap.external.prologue":0,"heap.external.epilogue":0,"heap.external_weak_global_handles":0,"complete.sweep_array_buffers":0,"scavenge":0.097,"scavenge.free_remembered_set":0,"scavenge.roots":0.035,"scavenge.weak":0,"scavenge.weak_global_handles.identify":0,"scavenge.weak_global_handles.process":0,"scavenge.parallel":0,"scavenge.pin_objects_conservative":0,"scavenge.pin_objects_precise":0,"scavenge.restore_pinned":0.001,"scavenge.sweep_array_buffers":0,"scavenge.resize_new_space":0,"background.scavenge.parallel":0,"incremental.steps_count":0,"incremental.steps_took":0,"scavenge_throughput":1283.12,"quarantined_size":0,"quarantined_pages":0}
[74519:0xb1340c000:0]    15930 ms: GC: {"pause":0.118,"mutator":122.936,"gc":"s","reduce_memory":false,"time_to_safepoint":0,"stack":true,"reason":"allocation failure","collector_reason":"","start_object_size":27064248,"end_object_size":18676152,"start_memory_size":37715968,"end_memory_size":37715968,"start_holes_size":2205768,"end_holes_size":2205768,"pool_local_chunks":0,"pool_shared_chunks":0,"pool_total_chunks":0,"new_space_capacity":8388608,"old_gen_allocation_limit":59683808,"global_allocation_limit":59683904,"allocation_throughput":67681.3,"new_space_allocation_throughput":67681.3,"new_space_survive_rate":0,"allocated":8388096,"promoted":0,"new_space_survived":0,"nodes_died_in_new":0,"nodes_copied_in_new":0,"nodes_promoted":0,"promotion_ratio":0,"average_survival_ratio":0.000667613,"promotion_rate":0,"during_sweeping":false,"heap.prologue":0,"heap.epilogue":0.002,"heap.external.prologue":0,"heap.external.epilogue":0,"heap.external_weak_global_handles":0,"complete.sweep_array_buffers":0,"scavenge":0.061,"scavenge.free_remembered_set":0,"scavenge.roots":0.014,"scavenge.weak":0,"scavenge.weak_global_handles.identify":0.001,"scavenge.weak_global_handles.process":0,"scavenge.parallel":0,"scavenge.pin_objects_conservative":0,"scavenge.pin_objects_precise":0,"scavenge.restore_pinned":0.001,"scavenge.sweep_array_buffers":0,"scavenge.resize_new_space":0.001,"background.scavenge.parallel":0,"incremental.steps_count":0,"incremental.steps_took":0,"scavenge_throughput":744.681,"quarantined_size":0,"quarantined_pages":0}
[74519:0xb1340c000:0]    16058 ms: GC: {"pause":0.064,"mutator":127.804,"gc":"s","reduce_memory":false,"time_to_safepoint":0,"stack":true,"reason":"allocation failure","collector_reason":"","start_object_size":27064248,"end_object_size":18709096,"start_memory_size":37715968,"end_memory_size":37715968,"start_holes_size":2205768,"end_holes_size":2205768,"pool_local_chunks":0,"pool_shared_chunks":0,"pool_total_chunks":0,"new_space_capacity":8388608,"old_gen_allocation_limit":59683808,"global_allocation_limit":59683904,"allocation_throughput":66476.7,"new_space_allocation_throughput":66476.7,"new_space_survive_rate":0.0042918,"allocated":8388096,"promoted":0,"new_space_survived":360,"nodes_died_in_new":0,"nodes_copied_in_new":0,"nodes_promoted":0,"promotion_ratio":0,"average_survival_ratio":0.00109679,"promotion_rate":0,"during_sweeping":false,"heap.prologue":0,"heap.epilogue":0,"heap.external.prologue":0,"heap.external.epilogue":0,"heap.external_weak_global_handles":0,"complete.sweep_array_buffers":0,"scavenge":0.053,"scavenge.free_remembered_set":0,"scavenge.roots":0.011,"scavenge.weak":0,"scavenge.weak_global_handles.identify":0.001,"scavenge.weak_global_handles.process":0,"scavenge.parallel":0.002,"scavenge.pin_objects_conservative":0,"scavenge.pin_objects_precise":0,"scavenge.restore_pinned":0,"scavenge.sweep_array_buffers":0,"scavenge.resize_new_space":0.001,"background.scavenge.parallel":0,"incremental.steps_count":0,"incremental.steps_took":0,"scavenge_throughput":1276.01,"quarantined_size":0,"quarantined_pages":0}
[74519:0xb1340c000:0]    16183 ms: GC: {"pause":0.06,"mutator":124.693,"gc":"s","reduce_memory":false,"time_to_safepoint":0,"stack":true,"reason":"allocation failure","collector_reason":"","start_object_size":27064248,"end_object_size":18709016,"start_memory_size":37715968,"end_memory_size":37715968,"start_holes_size":2205768,"end_holes_size":2205768,"pool_local_chunks":0,"pool_shared_chunks":0,"pool_total_chunks":0,"new_space_capacity":8388608,"old_gen_allocation_limit":59683808,"global_allocation_limit":59683904,"allocation_throughput":66782.5,"new_space_allocation_throughput":66782.5,"new_space_survive_rate":0.00333806,"allocated":8355152,"promoted":0,"new_space_survived":280,"nodes_died_in_new":0,"nodes_copied_in_new":0,"nodes_promoted":0,"promotion_ratio":0,"average_survival_ratio":0.00109679,"promotion_rate":0,"during_sweeping":false,"heap.prologue":0,"heap.epilogue":0,"heap.external.prologue":0,"heap.external.epilogue":0,"heap.external_weak_global_handles":0,"complete.sweep_array_buffers":0,"scavenge":0.051,"scavenge.free_remembered_set":0,"scavenge.roots":0.012,"scavenge.weak":0,"scavenge.weak_global_handles.identify":0,"scavenge.weak_global_handles.process":0,"scavenge.parallel":0.002,"scavenge.pin_objects_conservative":0,"scavenge.pin_objects_precise":0,"scavenge.restore_pinned":0.001,"scavenge.sweep_array_buffers":0,"scavenge.resize_new_space":0,"background.scavenge.parallel":0,"incremental.steps_count":0,"incremental.steps_took":0,"scavenge_throughput":1284.92,"quarantined_size":0,"quarantined_pages":0}
[74519:0xb1340c000:0]    16304 ms: GC: {"pause":0.054,"mutator":120.957,"gc":"s","reduce_memory":false,"time_to_safepoint":0,"stack":true,"reason":"allocation failure","collector_reason":"","start_object_size":27064248,"end_object_size":18676152,"start_memory_size":37715968,"end_memory_size":37715968,"start_holes_size":2205768,"end_holes_size":2205768,"pool_local_chunks":0,"pool_shared_chunks":0,"pool_total_chunks":0,"new_space_capacity":8388608,"old_gen_allocation_limit":59683808,"global_allocation_limit":59683904,"allocation_throughput":68084,"new_space_allocation_throughput":68084,"new_space_survive_rate":0,"allocated":8355232,"promoted":0,"new_space_survived":0,"nodes_died_in_new":0,"nodes_copied_in_new":0,"nodes_promoted":0,"promotion_ratio":0,"average_survival_ratio":0.00109679,"promotion_rate":0,"during_sweeping":false,"heap.prologue":0,"heap.epilogue":0.001,"heap.external.prologue":0,"heap.external.epilogue":0,"heap.external_weak_global_handles":0,"complete.sweep_array_buffers":0,"scavenge":0.043,"scavenge.free_remembered_set":0,"scavenge.roots":0.01,"scavenge.weak":0,"scavenge.weak_global_handles.identify":0.001,"scavenge.weak_global_handles.process":0,"scavenge.parallel":0,"scavenge.pin_objects_conservative":0,"scavenge.pin_objects_precise":0,"scavenge.restore_pinned":0,"scavenge.sweep_array_buffers":0,"scavenge.resize_new_space":0.001,"background.scavenge.parallel":0,"incremental.steps_count":0,"incremental.steps_took":0,"scavenge_throughput":1292.13,"quarantined_size":0,"quarantined_pages":0}
[74519:0xb1340c000:0]    16435 ms: GC: {"pause":0.246,"mutator":131.245,"gc":"s","reduce_memory":false,"time_to_safepoint":0,"stack":true,"reason":"allocation failure","collector_reason":"","start_object_size":27064248,"end_object_size":18676152,"start_memory_size":37715968,"end_memory_size":37715968,"start_holes_size":2205768,"end_holes_size":2205768,"pool_local_chunks":0,"pool_shared_chunks":0,"pool_total_chunks":0,"new_space_capacity":8388608,"old_gen_allocation_limit":59683808,"global_allocation_limit":59683904,"allocation_throughput":65591,"new_space_allocation_throughput":65591,"new_space_survive_rate":0,"allocated":8388096,"promoted":0,"new_space_survived":0,"nodes_died_in_new":0,"nodes_copied_in_new":0,"nodes_promoted":0,"promotion_ratio":0,"average_survival_ratio":0.000762986,"promotion_rate":0,"during_sweeping":false,"heap.prologue":0,"heap.epilogue":0.002,"heap.external.prologue":0,"heap.external.epilogue":0,"heap.external_weak_global_handles":0,"complete.sweep_array_buffers":0,"scavenge":0.23,"scavenge.free_remembered_set":0,"scavenge.roots":0.061,"scavenge.weak":0,"scavenge.weak_global_handles.identify":0,"scavenge.weak_global_handles.process":0,"scavenge.parallel":0,"scavenge.pin_objects_conservative":0,"scavenge.pin_objects_precise":0,"scavenge.restore_pinned":0.003,"scavenge.sweep_array_buffers":0,"scavenge.resize_new_space":0,"background.scavenge.parallel":0,"incremental.steps_count":0,"incremental.steps_took":0,"scavenge_throughput":736.479,"quarantined_size":0,"quarantined_pages":0}
[74519:0xb1340c000:0]    16566 ms: GC: {"pause":0.062,"mutator":131.062,"gc":"s","reduce_memory":false,"time_to_safepoint":0,"stack":true,"reason":"allocation failure","collector_reason":"","start_object_size":27064248,"end_object_size":18709096,"start_memory_size":37715968,"end_memory_size":37715968,"start_holes_size":2205768,"end_holes_size":2205768,"pool_local_chunks":0,"pool_shared_chunks":0,"pool_total_chunks":0,"new_space_capacity":8388608,"old_gen_allocation_limit":59683808,"global_allocation_limit":59683904,"allocation_throughput":64641.1,"new_space_allocation_throughput":64641.1,"new_space_survive_rate":0.0042918,"allocated":8388096,"promoted":0,"new_space_survived":360,"nodes_died_in_new":0,"nodes_copied_in_new":0,"nodes_promoted":0,"promotion_ratio":0,"average_survival_ratio":0.00119217,"promotion_rate":0,"during_sweeping":false,"heap.prologue":0,"heap.epilogue":0.001,"heap.external.prologue":0,"heap.external.epilogue":0,"heap.external_weak_global_handles":0,"complete.sweep_array_buffers":0,"scavenge":0.052,"scavenge.free_remembered_set":0,"scavenge.roots":0.011,"scavenge.weak":0,"scavenge.weak_global_handles.identify":0,"scavenge.weak_global_handles.process":0,"scavenge.parallel":0.002,"scavenge.pin_objects_conservative":0,"scavenge.pin_objects_precise":0,"scavenge.restore_pinned":0,"scavenge.sweep_array_buffers":0,"scavenge.resize_new_space":0,"background.scavenge.parallel":0,"incremental.steps_count":0,"incremental.steps_took":0,"scavenge_throughput":1142.86,"quarantined_size":0,"quarantined_pages":0}
[74519:0xb1340c000:0]    16688 ms: GC: {"pause":0.053,"mutator":121.792,"gc":"s","reduce_memory":false,"time_to_safepoint":0,"stack":true,"reason":"allocation failure","collector_reason":"","start_object_size":27064248,"end_object_size":18676152,"start_memory_size":37715968,"end_memory_size":37715968,"start_holes_size":2205768,"end_holes_size":2205768,"pool_local_chunks":0,"pool_shared_chunks":0,"pool_total_chunks":0,"new_space_capacity":8388608,"old_gen_allocation_limit":59683808,"global_allocation_limit":59683904,"allocation_throughput":66898.8,"new_space_allocation_throughput":66898.8,"new_space_survive_rate":0,"allocated":8355152,"promoted":0,"new_space_survived":0,"nodes_died_in_new":0,"nodes_copied_in_new":0,"nodes_promoted":0,"promotion_ratio":0,"average_survival_ratio":0.00119217,"promotion_rate":0,"during_sweeping":false,"heap.prologue":0,"heap.epilogue":0.002,"heap.external.prologue":0,"heap.external.epilogue":0,"heap.external_weak_global_handles":0,"complete.sweep_array_buffers":0,"scavenge":0.042,"scavenge.free_remembered_set":0,"scavenge.roots":0.009,"scavenge.weak":0,"scavenge.weak_global_handles.identify":0,"scavenge.weak_global_handles.process":0,"scavenge.parallel":0,"scavenge.pin_objects_conservative":0,"scavenge.pin_objects_precise":0,"scavenge.restore_pinned":0,"scavenge.sweep_array_buffers":0,"scavenge.resize_new_space":0,"background.scavenge.parallel":0,"incremental.steps_count":0,"incremental.steps_took":0,"scavenge_throughput":1141.55,"quarantined_size":0,"quarantined_pages":0}
[74519:0xb1340c000:0]    16811 ms: GC: {"pause":0.061,"mutator":122.466,"gc":"s","reduce_memory":false,"time_to_safepoint":0,"stack":true,"reason":"allocation failure","collector_reason":"","start_object_size":27064248,"end_object_size":18709016,"start_memory_size":37715968,"end_memory_size":37715968,"start_holes_size":2205768,"end_holes_size":2205768,"pool_local_chunks":0,"pool_shared_chunks":0,"pool_total_chunks":0,"new_space_capacity":8388608,"old_gen_allocation_limit":59683808,"global_allocation_limit":59683904,"allocation_throughput":67810.4,"new_space_allocation_throughput":67810.4,"new_space_survive_rate":0.00333806,"allocated":8388096,"promoted":0,"new_space_survived":280,"nodes_died_in_new":0,"nodes_copied_in_new":0,"nodes_promoted":0,"promotion_ratio":0,"average_survival_ratio":0.00152597,"promotion_rate":0,"during_sweeping":false,"heap.prologue":0,"heap.epilogue":0,"heap.external.prologue":0,"heap.external.epilogue":0,"heap.external_weak_global_handles":0,"complete.sweep_array_buffers":0,"scavenge":0.05,"scavenge.free_remembered_set":0.001,"scavenge.roots":0.012,"scavenge.weak":0,"scavenge.weak_global_handles.identify":0,"scavenge.weak_global_handles.process":0,"scavenge.parallel":0.001,"scavenge.pin_objects_conservative":0,"scavenge.pin_objects_precise":0,"scavenge.restore_pinned":0,"scavenge.sweep_array_buffers":0,"scavenge.resize_new_space":0,"background.scavenge.parallel":0,"incremental.steps_count":0,"incremental.steps_took":0,"scavenge_throughput":1452.89,"quarantined_size":0,"quarantined_pages":0}
[74519:0xb1340c000:0]    16928 ms: GC: {"pause":0.051,"mutator":117.629,"gc":"s","reduce_memory":false,"time_to_safepoint":0,"stack":true,"reason":"allocation failure","collector_reason":"","start_object_size":27064248,"end_object_size":18676152,"start_memory_size":37715968,"end_memory_size":37715968,"start_holes_size":2205768,"end_holes_size":2205768,"pool_local_chunks":0,"pool_shared_chunks":0,"pool_total_chunks":0,"new_space_capacity":8388608,"old_gen_allocation_limit":59683808,"global_allocation_limit":59683904,"allocation_throughput":69605.2,"new_space_allocation_throughput":69605.2,"new_space_survive_rate":0,"allocated":8355232,"promoted":0,"new_space_survived":0,"nodes_died_in_new":0,"nodes_copied_in_new":0,"nodes_promoted":0,"promotion_ratio":0,"average_survival_ratio":0.00152597,"promotion_rate":0,"during_sweeping":false,"heap.prologue":0,"heap.epilogue":0.001,"heap.external.prologue":0,"heap.external.epilogue":0,"heap.external_weak_global_handles":0,"complete.sweep_array_buffers":0,"scavenge":0.041,"scavenge.free_remembered_set":0,"scavenge.roots":0.01,"scavenge.weak":0,"scavenge.weak_global_handles.identify":0.001,"scavenge.weak_global_handles.process":0,"scavenge.parallel":0,"scavenge.pin_objects_conservative":0,"scavenge.pin_objects_precise":0,"scavenge.restore_pinned":0,"scavenge.sweep_array_buffers":0,"scavenge.resize_new_space":0.001,"background.scavenge.parallel":0,"incremental.steps_count":0,"incremental.steps_took":0,"scavenge_throughput":1452.89,"quarantined_size":0,"quarantined_pages":0}
[74519:0xb1340c000:0]    17050 ms: GC: {"pause":0.062,"mutator":121.338,"gc":"s","reduce_memory":false,"time_to_safepoint":0,"stack":true,"reason":"allocation failure","collector_reason":"","start_object_size":27064248,"end_object_size":18709016,"start_memory_size":37715968,"end_memory_size":37715968,"start_holes_size":2205768,"end_holes_size":2205768,"pool_local_chunks":0,"pool_shared_chunks":0,"pool_total_chunks":0,"new_space_capacity":8388608,"old_gen_allocation_limit":59683808,"global_allocation_limit":59683904,"allocation_throughput":69334.3,"new_space_allocation_throughput":69334.3,"new_space_survive_rate":0.00333806,"allocated":8388096,"promoted":0,"new_space_survived":280,"nodes_died_in_new":0,"nodes_copied_in_new":0,"nodes_promoted":0,"promotion_ratio":0,"average_survival_ratio":0.00185978,"promotion_rate":0,"during_sweeping":false,"heap.prologue":0,"heap.epilogue":0.001,"heap.external.prologue":0,"heap.external.epilogue":0,"heap.external_weak_global_handles":0,"complete.sweep_array_buffers":0,"scavenge":0.051,"scavenge.free_remembered_set":0,"scavenge.roots":0.012,"scavenge.weak":0,"scavenge.weak_global_handles.identify":0,"scavenge.weak_global_handles.process":0,"scavenge.parallel":0.001,"scavenge.pin_objects_conservative":0,"scavenge.pin_objects_precise":0,"scavenge.restore_pinned":0,"scavenge.sweep_array_buffers":0,"scavenge.resize_new_space":0,"background.scavenge.parallel":0,"incremental.steps_count":0,"incremental.steps_took":0,"scavenge_throughput":1877.26,"quarantined_size":0,"quarantined_pages":0}
[74519:0xb1340c000:0]    17170 ms: GC: {"pause":0.06,"mutator":120.24,"gc":"s","reduce_memory":false,"time_to_safepoint":0,"stack":true,"reason":"allocation failure","collector_reason":"","start_object_size":27064248,"end_object_size":18676152,"start_memory_size":37715968,"end_memory_size":37715968,"start_holes_size":2205768,"end_holes_size":2205768,"pool_local_chunks":0,"pool_shared_chunks":0,"pool_total_chunks":0,"new_space_capacity":8388608,"old_gen_allocation_limit":59683808,"global_allocation_limit":59683904,"allocation_throughput":69420.9,"new_space_allocation_throughput":69420.9,"new_space_survive_rate":0,"allocated":8355232,"promoted":0,"new_space_survived":0,"nodes_died_in_new":0,"nodes_copied_in_new":0,"nodes_promoted":0,"promotion_ratio":0,"average_survival_ratio":0.00185978,"promotion_rate":0,"during_sweeping":false,"heap.prologue":0,"heap.epilogue":0.001,"heap.external.prologue":0,"heap.external.epilogue":0,"heap.external_weak_global_handles":0,"complete.sweep_array_buffers":0,"scavenge":0.046,"scavenge.free_remembered_set":0,"scavenge.roots":0.01,"scavenge.weak":0,"scavenge.weak_global_handles.identify":0,"scavenge.weak_global_handles.process":0,"scavenge.parallel":0,"scavenge.pin_objects_conservative":0,"scavenge.pin_objects_precise":0,"scavenge.restore_pinned":0,"scavenge.sweep_array_buffers":0,"scavenge.resize_new_space":0,"background.scavenge.parallel":0,"incremental.steps_count":0,"incremental.steps_took":0,"scavenge_throughput":2018.11,"quarantined_size":0,"quarantined_pages":0}
[74519:0xb1340c000:0]    17293 ms: GC: {"pause":0.059,"mutator":123.095,"gc":"s","reduce_memory":false,"time_to_safepoint":0,"stack":true,"reason":"allocation failure","collector_reason":"","start_object_size":27064248,"end_object_size":18676152,"start_memory_size":37715968,"end_memory_size":37715968,"start_holes_size":2205768,"end_holes_size":2205768,"pool_local_chunks":0,"pool_shared_chunks":0,"pool_total_chunks":0,"new_space_capacity":8388608,"old_gen_allocation_limit":59683808,"global_allocation_limit":59683904,"allocation_throughput":68686.9,"new_space_allocation_throughput":68686.9,"new_space_survive_rate":0,"allocated":8388096,"promoted":0,"new_space_survived":0,"nodes_died_in_new":0,"nodes_copied_in_new":0,"nodes_promoted":0,"promotion_ratio":0,"average_survival_ratio":0.0014306,"promotion_rate":0,"during_sweeping":false,"heap.prologue":0,"heap.epilogue":0.002,"heap.external.prologue":0,"heap.external.epilogue":0,"heap.external_weak_global_handles":0,"complete.sweep_array_buffers":0,"scavenge":0.045,"scavenge.free_remembered_set":0,"scavenge.roots":0.01,"scavenge.weak":0,"scavenge.weak_global_handles.identify":0,"scavenge.weak_global_handles.process":0,"scavenge.parallel":0,"scavenge.pin_objects_conservative":0,"scavenge.pin_objects_precise":0,"scavenge.restore_pinned":0,"scavenge.sweep_array_buffers":0,"scavenge.resize_new_space":0,"background.scavenge.parallel":0,"incremental.steps_count":0,"incremental.steps_took":0,"scavenge_throughput":1562.5,"quarantined_size":0,"quarantined_pages":0}
[74519:0xb1340c000:0]    17426 ms: GC: {"pause":0.067,"mutator":132.439,"gc":"s","reduce_memory":false,"time_to_safepoint":0,"stack":true,"reason":"allocation failure","collector_reason":"","start_object_size":27064248,"end_object_size":18676152,"start_memory_size":37715968,"end_memory_size":37715968,"start_holes_size":2205768,"end_holes_size":2205768,"pool_local_chunks":0,"pool_shared_chunks":0,"pool_total_chunks":0,"new_space_capacity":8388608,"old_gen_allocation_limit":59683808,"global_allocation_limit":59683904,"allocation_throughput":65471.5,"new_space_allocation_throughput":65471.5,"new_space_survive_rate":0,"allocated":8388096,"promoted":0,"new_space_survived":0,"nodes_died_in_new":0,"nodes_copied_in_new":0,"nodes_promoted":0,"promotion_ratio":0,"average_survival_ratio":0.00109679,"promotion_rate":0,"during_sweeping":false,"heap.prologue":0,"heap.epilogue":0.001,"heap.external.prologue":0,"heap.external.epilogue":0,"heap.external_weak_global_handles":0,"complete.sweep_array_buffers":0,"scavenge":0.054,"scavenge.free_remembered_set":0,"scavenge.roots":0.013,"scavenge.weak":0,"scavenge.weak_global_handles.identify":0,"scavenge.weak_global_handles.process":0,"scavenge.parallel":0,"scavenge.pin_objects_conservative":0,"scavenge.pin_objects_precise":0,"scavenge.restore_pinned":0.001,"scavenge.sweep_array_buffers":0,"scavenge.resize_new_space":0,"background.scavenge.parallel":0,"incremental.steps_count":0,"incremental.steps_took":0,"scavenge_throughput":1187.1,"quarantined_size":0,"quarantined_pages":0}
[74519:0xb1340c000:0]    17587 ms: GC: {"pause":0.051,"mutator":161.158,"gc":"s","reduce_memory":false,"time_to_safepoint":0,"stack":true,"reason":"allocation failure","collector_reason":"","start_object_size":27064248,"end_object_size":18676152,"start_memory_size":37715968,"end_memory_size":37715968,"start_holes_size":2205768,"end_holes_size":2205768,"pool_local_chunks":0,"pool_shared_chunks":0,"pool_total_chunks":0,"new_space_capacity":8388608,"old_gen_allocation_limit":59683808,"global_allocation_limit":59683904,"allocation_throughput":56440.8,"new_space_allocation_throughput":56440.8,"new_space_survive_rate":0,"allocated":8388096,"promoted":0,"new_space_survived":0,"nodes_died_in_new":0,"nodes_copied_in_new":0,"nodes_promoted":0,"promotion_ratio":0,"average_survival_ratio":0.00109679,"promotion_rate":0,"during_sweeping":false,"heap.prologue":0,"heap.epilogue":0.001,"heap.external.prologue":0,"heap.external.epilogue":0,"heap.external_weak_global_handles":0,"complete.sweep_array_buffers":0,"scavenge":0.041,"scavenge.free_remembered_set":0,"scavenge.roots":0.009,"scavenge.weak":0,"scavenge.weak_global_handles.identify":0,"scavenge.weak_global_handles.process":0,"scavenge.parallel":0,"scavenge.pin_objects_conservative":0,"scavenge.pin_objects_precise":0,"scavenge.restore_pinned":0,"scavenge.sweep_array_buffers":0,"scavenge.resize_new_space":0,"background.scavenge.parallel":0,"incremental.steps_count":0,"incremental.steps_took":0,"scavenge_throughput":1191.71,"quarantined_size":0,"quarantined_pages":0}
[74519:0xb1340c000:0]    17758 ms: GC: {"pause":0.095,"mutator":171.381,"gc":"s","reduce_memory":false,"time_to_safepoint":0,"stack":true,"reason":"allocation failure","collector_reason":"","start_object_size":27064248,"end_object_size":18676152,"start_memory_size":37715968,"end_memory_size":37715968,"start_holes_size":2205768,"end_holes_size":2205768,"pool_local_chunks":0,"pool_shared_chunks":0,"pool_total_chunks":0,"new_space_capacity":8388608,"old_gen_allocation_limit":59683808,"global_allocation_limit":59683904,"allocation_throughput":51229.1,"new_space_allocation_throughput":51229.1,"new_space_survive_rate":0,"allocated":8388096,"promoted":0,"new_space_survived":0,"nodes_died_in_new":0,"nodes_copied_in_new":0,"nodes_promoted":0,"promotion_ratio":0,"average_survival_ratio":0.00109679,"promotion_rate":0,"during_sweeping":false,"heap.prologue":0,"heap.epilogue":0.001,"heap.external.prologue":0,"heap.external.epilogue":0,"heap.external_weak_global_handles":0,"complete.sweep_array_buffers":0,"scavenge":0.082,"scavenge.free_remembered_set":0,"scavenge.roots":0.044,"scavenge.weak":0,"scavenge.weak_global_handles.identify":0,"scavenge.weak_global_handles.process":0,"scavenge.parallel":0,"scavenge.pin_objects_conservative":0,"scavenge.pin_objects_precise":0,"scavenge.restore_pinned":0.001,"scavenge.sweep_array_buffers":0,"scavenge.resize_new_space":0,"background.scavenge.parallel":0,"incremental.steps_count":0,"incremental.steps_took":0,"scavenge_throughput":1481.48,"quarantined_size":0,"quarantined_pages":0}
[74519:0xb1340c000:0]    17908 ms: GC: {"pause":0.056,"mutator":149.129,"gc":"s","reduce_memory":false,"time_to_safepoint":0,"stack":true,"reason":"allocation failure","collector_reason":"","start_object_size":27064248,"end_object_size":18676152,"start_memory_size":37715968,"end_memory_size":37715968,"start_holes_size":2205768,"end_holes_size":2205768,"pool_local_chunks":0,"pool_shared_chunks":0,"pool_total_chunks":0,"new_space_capacity":8388608,"old_gen_allocation_limit":59683808,"global_allocation_limit":59683904,"allocation_throughput":54461.9,"new_space_allocation_throughput":54461.9,"new_space_survive_rate":0,"allocated":8388096,"promoted":0,"new_space_survived":0,"nodes_died_in_new":0,"nodes_copied_in_new":0,"nodes_promoted":0,"promotion_ratio":0,"average_survival_ratio":0.000667613,"promotion_rate":0,"during_sweeping":false,"heap.prologue":0,"heap.epilogue":0.002,"heap.external.prologue":0,"heap.external.epilogue":0,"heap.external_weak_global_handles":0,"complete.sweep_array_buffers":0,"scavenge":0.043,"scavenge.free_remembered_set":0,"scavenge.roots":0.01,"scavenge.weak":0,"scavenge.weak_global_handles.identify":0,"scavenge.weak_global_handles.process":0,"scavenge.parallel":0,"scavenge.pin_objects_conservative":0,"scavenge.pin_objects_precise":0,"scavenge.restore_pinned":0,"scavenge.sweep_array_buffers":0,"scavenge.resize_new_space":0,"background.scavenge.parallel":0,"incremental.steps_count":0,"incremental.steps_took":0,"scavenge_throughput":910.569,"quarantined_size":0,"quarantined_pages":0}
[74519:0xb1340c000:0]    18038 ms: GC: {"pause":0.061,"mutator":130.494,"gc":"s","reduce_memory":false,"time_to_safepoint":0,"stack":true,"reason":"allocation failure","collector_reason":"","start_object_size":27064248,"end_object_size":18709096,"start_memory_size":37715968,"end_memory_size":37715968,"start_holes_size":2205768,"end_holes_size":2205768,"pool_local_chunks":0,"pool_shared_chunks":0,"pool_total_chunks":0,"new_space_capacity":8388608,"old_gen_allocation_limit":59683808,"global_allocation_limit":59683904,"allocation_throughput":60305.4,"new_space_allocation_throughput":60305.4,"new_space_survive_rate":0.0042918,"allocated":8388096,"promoted":0,"new_space_survived":360,"nodes_died_in_new":0,"nodes_copied_in_new":0,"nodes_promoted":0,"promotion_ratio":0,"average_survival_ratio":0.00109679,"promotion_rate":0,"during_sweeping":false,"heap.prologue":0,"heap.epilogue":0,"heap.external.prologue":0,"heap.external.epilogue":0,"heap.external_weak_global_handles":0,"complete.sweep_array_buffers":0,"scavenge":0.051,"scavenge.free_remembered_set":0,"scavenge.roots":0.012,"scavenge.weak":0,"scavenge.weak_global_handles.identify":0,"scavenge.weak_global_handles.process":0,"scavenge.parallel":0.002,"scavenge.pin_objects_conservative":0,"scavenge.pin_objects_precise":0,"scavenge.restore_pinned":0,"scavenge.sweep_array_buffers":0,"scavenge.resize_new_space":0,"background.scavenge.parallel":0,"incremental.steps_count":0,"incremental.steps_took":0,"scavenge_throughput":1476.73,"quarantined_size":0,"quarantined_pages":0}
[74519:0xb1340c000:0]    18164 ms: GC: {"pause":0.058,"mutator":126.211,"gc":"s","reduce_memory":false,"time_to_safepoint":0,"stack":true,"reason":"allocation failure","collector_reason":"","start_object_size":27064248,"end_object_size":18709016,"start_memory_size":37715968,"end_memory_size":37715968,"start_holes_size":2205768,"end_holes_size":2205768,"pool_local_chunks":0,"pool_shared_chunks":0,"pool_total_chunks":0,"new_space_capacity":8388608,"old_gen_allocation_limit":59683808,"global_allocation_limit":59683904,"allocation_throughput":63742,"new_space_allocation_throughput":63742,"new_space_survive_rate":0.00333806,"allocated":8355152,"promoted":0,"new_space_survived":280,"nodes_died_in_new":0,"nodes_copied_in_new":0,"nodes_promoted":0,"promotion_ratio":0,"average_survival_ratio":0.00109679,"promotion_rate":0,"during_sweeping":false,"heap.prologue":0,"heap.epilogue":0,"heap.external.prologue":0,"heap.external.epilogue":0,"heap.external_weak_global_handles":0,"complete.sweep_array_buffers":0,"scavenge":0.048,"scavenge.free_remembered_set":0,"scavenge.roots":0.012,"scavenge.weak":0,"scavenge.weak_global_handles.identify":0.001,"scavenge.weak_global_handles.process":0,"scavenge.parallel":0.001,"scavenge.pin_objects_conservative":0,"scavenge.pin_objects_precise":0,"scavenge.restore_pinned":0.001,"scavenge.sweep_array_buffers":0,"scavenge.resize_new_space":0,"background.scavenge.parallel":0,"incremental.steps_count":0,"incremental.steps_took":0,"scavenge_throughput":1483.87,"quarantined_size":0,"quarantined_pages":0}
[74519:0xb1340c000:0]    18288 ms: GC: {"pause":0.123,"mutator":123.197,"gc":"s","reduce_memory":false,"time_to_safepoint":0,"stack":true,"reason":"allocation failure","collector_reason":"","start_object_size":27064248,"end_object_size":18676152,"start_memory_size":37715968,"end_memory_size":37715968,"start_holes_size":2205768,"end_holes_size":2205768,"pool_local_chunks":0,"pool_shared_chunks":0,"pool_total_chunks":0,"new_space_capacity":8388608,"old_gen_allocation_limit":59683808,"global_allocation_limit":59683904,"allocation_throughput":66083.6,"new_space_allocation_throughput":66083.6,"new_space_survive_rate":0,"allocated":8355232,"promoted":0,"new_space_survived":0,"nodes_died_in_new":0,"nodes_copied_in_new":0,"nodes_promoted":0,"promotion_ratio":0,"average_survival_ratio":0.00109679,"promotion_rate":0,"during_sweeping":false,"heap.prologue":0,"heap.epilogue":0.056,"heap.external.prologue":0,"heap.external.epilogue":0,"heap.external_weak_global_handles":0,"complete.sweep_array_buffers":0,"scavenge":0.055,"scavenge.free_remembered_set":0,"scavenge.roots":0.011,"scavenge.weak":0,"scavenge.weak_global_handles.identify":0,"scavenge.weak_global_handles.process":0,"scavenge.parallel":0,"scavenge.pin_objects_conservative":0,"scavenge.pin_objects_precise":0,"scavenge.restore_pinned":0.001,"scavenge.sweep_array_buffers":0,"scavenge.resize_new_space":0,"background.scavenge.parallel":0,"incremental.steps_count":0,"incremental.steps_took":0,"scavenge_throughput":1329.48,"quarantined_size":0,"quarantined_pages":0}
[74519:0xb1340c000:0]    18413 ms: GC: {"pause":0.053,"mutator":125.237,"gc":"s","reduce_memory":false,"time_to_safepoint":0,"stack":true,"reason":"allocation failure","collector_reason":"","start_object_size":27064248,"end_object_size":18676152,"start_memory_size":37715968,"end_memory_size":37715968,"start_holes_size":2205768,"end_holes_size":2205768,"pool_local_chunks":0,"pool_shared_chunks":0,"pool_total_chunks":0,"new_space_capacity":8388608,"old_gen_allocation_limit":59683808,"global_allocation_limit":59683904,"allocation_throughput":66585.2,"new_space_allocation_throughput":66585.2,"new_space_survive_rate":0,"allocated":8388096,"promoted":0,"new_space_survived":0,"nodes_died_in_new":0,"nodes_copied_in_new":0,"nodes_promoted":0,"promotion_ratio":0,"average_survival_ratio":0.000762986,"promotion_rate":0,"during_sweeping":false,"heap.prologue":0,"heap.epilogue":0.001,"heap.external.prologue":0,"heap.external.epilogue":0,"heap.external_weak_global_handles":0,"complete.sweep_array_buffers":0,"scavenge":0.042,"scavenge.free_remembered_set":0,"scavenge.roots":0.009,"scavenge.weak":0,"scavenge.weak_global_handles.identify":0,"scavenge.weak_global_handles.process":0,"scavenge.parallel":0,"scavenge.pin_objects_conservative":0,"scavenge.pin_objects_precise":0,"scavenge.restore_pinned":0,"scavenge.sweep_array_buffers":0,"scavenge.resize_new_space":0,"background.scavenge.parallel":0,"incremental.steps_count":0,"incremental.steps_took":0,"scavenge_throughput":937.042,"quarantined_size":0,"quarantined_pages":0}
[74519:0xb1340c000:0]    18542 ms: GC: {"pause":0.102,"mutator":129.048,"gc":"s","reduce_memory":false,"time_to_safepoint":0,"stack":true,"reason":"allocation failure","collector_reason":"","start_object_size":27064248,"end_object_size":18709096,"start_memory_size":37715968,"end_memory_size":37715968,"start_holes_size":2205768,"end_holes_size":2205768,"pool_local_chunks":0,"pool_shared_chunks":0,"pool_total_chunks":0,"new_space_capacity":8388608,"old_gen_allocation_limit":59683808,"global_allocation_limit":59683904,"allocation_throughput":65647.6,"new_space_allocation_throughput":65647.6,"new_space_survive_rate":0.0042918,"allocated":8388096,"promoted":0,"new_space_survived":360,"nodes_died_in_new":0,"nodes_copied_in_new":0,"nodes_promoted":0,"promotion_ratio":0,"average_survival_ratio":0.00119217,"promotion_rate":0,"during_sweeping":false,"heap.prologue":0,"heap.epilogue":0.001,"heap.external.prologue":0,"heap.external.epilogue":0,"heap.external_weak_global_handles":0,"complete.sweep_array_buffers":0,"scavenge":0.089,"scavenge.free_remembered_set":0,"scavenge.roots":0.016,"scavenge.weak":0,"scavenge.weak_global_handles.identify":0,"scavenge.weak_global_handles.process":0,"scavenge.parallel":0.002,"scavenge.pin_objects_conservative":0,"scavenge.pin_objects_precise":0,"scavenge.restore_pinned":0.012,"scavenge.sweep_array_buffers":0,"scavenge.resize_new_space":0.001,"background.scavenge.parallel":0,"incremental.steps_count":0,"incremental.steps_took":0,"scavenge_throughput":1379.31,"quarantined_size":0,"quarantined_pages":0}
[74519:0xb1340c000:0]    18665 ms: GC: {"pause":0.057,"mutator":122.742,"gc":"s","reduce_memory":false,"time_to_safepoint":0,"stack":true,"reason":"allocation failure","collector_reason":"","start_object_size":27064248,"end_object_size":18676152,"start_memory_size":37715968,"end_memory_size":37715968,"start_holes_size":2205768,"end_holes_size":2205768,"pool_local_chunks":0,"pool_shared_chunks":0,"pool_total_chunks":0,"new_space_capacity":8388608,"old_gen_allocation_limit":59683808,"global_allocation_limit":59683904,"allocation_throughput":67035.6,"new_space_allocation_throughput":67035.6,"new_space_survive_rate":0,"allocated":8355152,"promoted":0,"new_space_survived":0,"nodes_died_in_new":0,"nodes_copied_in_new":0,"nodes_promoted":0,"promotion_ratio":0,"average_survival_ratio":0.00119217,"promotion_rate":0,"during_sweeping":false,"heap.prologue":0,"heap.epilogue":0.001,"heap.external.prologue":0,"heap.external.epilogue":0,"heap.external_weak_global_handles":0,"complete.sweep_array_buffers":0,"scavenge":0.044,"scavenge.free_remembered_set":0,"scavenge.roots":0.01,"scavenge.weak":0,"scavenge.weak_global_handles.identify":0.001,"scavenge.weak_global_handles.process":0,"scavenge.parallel":0,"scavenge.pin_objects_conservative":0,"scavenge.pin_objects_precise":0,"scavenge.restore_pinned":0,"scavenge.sweep_array_buffers":0,"scavenge.resize_new_space":0,"background.scavenge.parallel":0,"incremental.steps_count":0,"incremental.steps_took":0,"scavenge_throughput":1383.13,"quarantined_size":0,"quarantined_pages":0}
[74519:0xb1340c000:0]    18788 ms: GC: {"pause":0.066,"mutator":122.939,"gc":"s","reduce_memory":false,"time_to_safepoint":0,"stack":true,"reason":"allocation failure","collector_reason":"","start_object_size":27064248,"end_object_size":18709016,"start_memory_size":37715968,"end_memory_size":37715968,"start_holes_size":2205768,"end_holes_size":2205768,"pool_local_chunks":0,"pool_shared_chunks":0,"pool_total_chunks":0,"new_space_capacity":8388608,"old_gen_allocation_limit":59683808,"global_allocation_limit":59683904,"allocation_throughput":67719.8,"new_space_allocation_throughput":67719.8,"new_space_survive_rate":0.00333806,"allocated":8388096,"promoted":0,"new_space_survived":280,"nodes_died_in_new":0,"nodes_copied_in_new":0,"nodes_promoted":0,"promotion_ratio":0,"average_survival_ratio":0.00152597,"promotion_rate":0,"during_sweeping":false,"heap.prologue":0,"heap.epilogue":0.001,"heap.external.prologue":0,"heap.external.epilogue":0,"heap.external_weak_global_handles":0,"complete.sweep_array_buffers":0,"scavenge":0.054,"scavenge.free_remembered_set":0,"scavenge.roots":0.012,"scavenge.weak":0,"scavenge.weak_global_handles.identify":0,"scavenge.weak_global_handles.process":0,"scavenge.parallel":0.001,"scavenge.pin_objects_conservative":0,"scavenge.pin_objects_precise":0,"scavenge.restore_pinned":0,"scavenge.sweep_array_buffers":0,"scavenge.resize_new_space":0,"background.scavenge.parallel":0,"incremental.steps_count":0,"incremental.steps_took":0,"scavenge_throughput":1772.85,"quarantined_size":0,"quarantined_pages":0}
[74519:0xb1340c000:0]    18906 ms: GC: {"pause":0.056,"mutator":118.014,"gc":"s","reduce_memory":false,"time_to_safepoint":0,"stack":true,"reason":"allocation failure","collector_reason":"","start_object_size":27064248,"end_object_size":18676152,"start_memory_size":37715968,"end_memory_size":37715968,"start_holes_size":2205768,"end_holes_size":2205768,"pool_local_chunks":0,"pool_shared_chunks":0,"pool_total_chunks":0,"new_space_capacity":8388608,"old_gen_allocation_limit":59683808,"global_allocation_limit":59683904,"allocation_throughput":69439.6,"new_space_allocation_throughput":69439.6,"new_space_survive_rate":0,"allocated":8355232,"promoted":0,"new_space_survived":0,"nodes_died_in_new":0,"nodes_copied_in_new":0,"nodes_promoted":0,"promotion_ratio":0,"average_survival_ratio":0.00152597,"promotion_rate":0,"during_sweeping":false,"heap.prologue":0,"heap.epilogue":0.002,"heap.external.prologue":0,"heap.external.epilogue":0,"heap.external_weak_global_handles":0,"complete.sweep_array_buffers":0,"scavenge":0.044,"scavenge.free_remembered_set":0,"scavenge.roots":0.011,"scavenge.weak":0,"scavenge.weak_global_handles.identify":0,"scavenge.weak_global_handles.process":0,"scavenge.parallel":0,"scavenge.pin_objects_conservative":0,"scavenge.pin_objects_precise":0,"scavenge.restore_pinned":0.001,"scavenge.sweep_array_buffers":0,"scavenge.resize_new_space":0.001,"background.scavenge.parallel":0,"incremental.steps_count":0,"incremental.steps_took":0,"scavenge_throughput":1760.66,"quarantined_size":0,"quarantined_pages":0}
[74519:0xb1340c000:0]    19031 ms: GC: {"pause":0.06,"mutator":125.056,"gc":"s","reduce_memory":false,"time_to_safepoint":0,"stack":true,"reason":"allocation failure","collector_reason":"","start_object_size":27064248,"end_object_size":18709016,"start_memory_size":37715968,"end_memory_size":37715968,"start_holes_size":2205768,"end_holes_size":2205768,"pool_local_chunks":0,"pool_shared_chunks":0,"pool_total_chunks":0,"new_space_capacity":8388608,"old_gen_allocation_limit":59683808,"global_allocation_limit":59683904,"allocation_throughput":68068,"new_space_allocation_throughput":68068,"new_space_survive_rate":0.00333806,"allocated":8388096,"promoted":0,"new_space_survived":280,"nodes_died_in_new":0,"nodes_copied_in_new":0,"nodes_promoted":0,"promotion_ratio":0,"average_survival_ratio":0.00185978,"promotion_rate":0,"during_sweeping":false,"heap.prologue":0,"heap.epilogue":0,"heap.external.prologue":0,"heap.external.epilogue":0,"heap.external_weak_global_handles":0,"complete.sweep_array_buffers":0,"scavenge":0.05,"scavenge.free_remembered_set":0,"scavenge.roots":0.012,"scavenge.weak":0,"scavenge.weak_global_handles.identify":0.001,"scavenge.weak_global_handles.process":0,"scavenge.parallel":0.002,"scavenge.pin_objects_conservative":0,"scavenge.pin_objects_precise":0,"scavenge.restore_pinned":0.001,"scavenge.sweep_array_buffers":0,"scavenge.resize_new_space":0,"background.scavenge.parallel":0,"incremental.steps_count":0,"incremental.steps_took":0,"scavenge_throughput":2254.34,"quarantined_size":0,"quarantined_pages":0}
[74519:0xb1340c000:0]    19150 ms: GC: {"pause":0.053,"mutator":119.242,"gc":"s","reduce_memory":false,"time_to_safepoint":0,"stack":true,"reason":"allocation failure","collector_reason":"","start_object_size":27064248,"end_object_size":18676152,"start_memory_size":37715968,"end_memory_size":37715968,"start_holes_size":2205768,"end_holes_size":2205768,"pool_local_chunks":0,"pool_shared_chunks":0,"pool_total_chunks":0,"new_space_capacity":8388608,"old_gen_allocation_limit":59683808,"global_allocation_limit":59683904,"allocation_throughput":69193.4,"new_space_allocation_throughput":69193.4,"new_space_survive_rate":0,"allocated":8355232,"promoted":0,"new_space_survived":0,"nodes_died_in_new":0,"nodes_copied_in_new":0,"nodes_promoted":0,"promotion_ratio":0,"average_survival_ratio":0.00185978,"promotion_rate":0,"during_sweeping":false,"heap.prologue":0,"heap.epilogue":0.001,"heap.external.prologue":0,"heap.external.epilogue":0,"heap.external_weak_global_handles":0,"complete.sweep_array_buffers":0,"scavenge":0.042,"scavenge.free_remembered_set":0,"scavenge.roots":0.01,"scavenge.weak":0,"scavenge.weak_global_handles.identify":0.001,"scavenge.weak_global_handles.process":0,"scavenge.parallel":0,"scavenge.pin_objects_conservative":0,"scavenge.pin_objects_precise":0,"scavenge.restore_pinned":0,"scavenge.sweep_array_buffers":0,"scavenge.resize_new_space":0,"background.scavenge.parallel":0,"incremental.steps_count":0,"incremental.steps_took":0,"scavenge_throughput":2264.15,"quarantined_size":0,"quarantined_pages":0}
[74519:0xb1340c000:0]    19279 ms: GC: {"pause":0.068,"mutator":128.026,"gc":"s","reduce_memory":false,"time_to_safepoint":0,"stack":true,"reason":"allocation failure","collector_reason":"","start_object_size":27064248,"end_object_size":18676152,"start_memory_size":37715968,"end_memory_size":37715968,"start_holes_size":2205768,"end_holes_size":2205768,"pool_local_chunks":0,"pool_shared_chunks":0,"pool_total_chunks":0,"new_space_capacity":8388608,"old_gen_allocation_limit":59683808,"global_allocation_limit":59683904,"allocation_throughput":67031,"new_space_allocation_throughput":67031,"new_space_survive_rate":0,"allocated":8388096,"promoted":0,"new_space_survived":0,"nodes_died_in_new":0,"nodes_copied_in_new":0,"nodes_promoted":0,"promotion_ratio":0,"average_survival_ratio":0.0014306,"promotion_rate":0,"during_sweeping":false,"heap.prologue":0,"heap.epilogue":0.001,"heap.external.prologue":0,"heap.external.epilogue":0,"heap.external_weak_global_handles":0,"complete.sweep_array_buffers":0,"scavenge":0.055,"scavenge.free_remembered_set":0,"scavenge.roots":0.014,"scavenge.weak":0,"scavenge.weak_global_handles.identify":0,"scavenge.weak_global_handles.process":0,"scavenge.parallel":0,"scavenge.pin_objects_conservative":0,"scavenge.pin_objects_precise":0,"scavenge.restore_pinned":0,"scavenge.sweep_array_buffers":0,"scavenge.resize_new_space":0,"background.scavenge.parallel":0,"incremental.steps_count":0,"incremental.steps_took":0,"scavenge_throughput":1724.14,"quarantined_size":0,"quarantined_pages":0}
[74519:0xb1340c000:0]    19401 ms: GC: {"pause":0.052,"mutator":122.488,"gc":"s","reduce_memory":false,"time_to_safepoint":0,"stack":true,"reason":"allocation failure","collector_reason":"","start_object_size":27064248,"end_object_size":18676152,"start_memory_size":37715968,"end_memory_size":37715968,"start_holes_size":2205768,"end_holes_size":2205768,"pool_local_chunks":0,"pool_shared_chunks":0,"pool_total_chunks":0,"new_space_capacity":8388608,"old_gen_allocation_limit":59683808,"global_allocation_limit":59683904,"allocation_throughput":67860,"new_space_allocation_throughput":67860,"new_space_survive_rate":0,"allocated":8388096,"promoted":0,"new_space_survived":0,"nodes_died_in_new":0,"nodes_copied_in_new":0,"nodes_promoted":0,"promotion_ratio":0,"average_survival_ratio":0.00109679,"promotion_rate":0,"during_sweeping":false,"heap.prologue":0,"heap.epilogue":0.001,"heap.external.prologue":0,"heap.external.epilogue":0,"heap.external_weak_global_handles":0,"complete.sweep_array_buffers":0,"scavenge":0.041,"scavenge.free_remembered_set":0,"scavenge.roots":0.01,"scavenge.weak":0,"scavenge.weak_global_handles.identify":0,"scavenge.weak_global_handles.process":0,"scavenge.parallel":0,"scavenge.pin_objects_conservative":0,"scavenge.pin_objects_precise":0,"scavenge.restore_pinned":0.001,"scavenge.sweep_array_buffers":0,"scavenge.resize_new_space":0.001,"background.scavenge.parallel":0,"incremental.steps_count":0,"incremental.steps_took":0,"scavenge_throughput":1333.33,"quarantined_size":0,"quarantined_pages":0}
[74519:0xb1340c000:0]    19526 ms: GC: {"pause":0.051,"mutator":125.15,"gc":"s","reduce_memory":false,"time_to_safepoint":0,"stack":true,"reason":"allocation failure","collector_reason":"","start_object_size":27064248,"end_object_size":18676152,"start_memory_size":37715968,"end_memory_size":37715968,"start_holes_size":2205768,"end_holes_size":2205768,"pool_local_chunks":0,"pool_shared_chunks":0,"pool_total_chunks":0,"new_space_capacity":8388608,"old_gen_allocation_limit":59683808,"global_allocation_limit":59683904,"allocation_throughput":67374.7,"new_space_allocation_throughput":67374.7,"new_space_survive_rate":0,"allocated":8388096,"promoted":0,"new_space_survived":0,"nodes_died_in_new":0,"nodes_copied_in_new":0,"nodes_promoted":0,"promotion_ratio":0,"average_survival_ratio":0.00109679,"promotion_rate":0,"during_sweeping":false,"heap.prologue":0,"heap.epilogue":0.002,"heap.external.prologue":0,"heap.external.epilogue":0,"heap.external_weak_global_handles":0,"complete.sweep_array_buffers":0,"scavenge":0.041,"scavenge.free_remembered_set":0,"scavenge.roots":0.009,"scavenge.weak":0,"scavenge.weak_global_handles.identify":0,"scavenge.weak_global_handles.process":0,"scavenge.parallel":0,"scavenge.pin_objects_conservative":0,"scavenge.pin_objects_precise":0,"scavenge.restore_pinned":0.001,"scavenge.sweep_array_buffers":0,"scavenge.resize_new_space":0,"background.scavenge.parallel":0,"incremental.steps_count":0,"incremental.steps_took":0,"scavenge_throughput":1488.67,"quarantined_size":0,"quarantined_pages":0}
[74519:0xb1340c000:0]    19648 ms: GC: {"pause":0.053,"mutator":121.864,"gc":"s","reduce_memory":false,"time_to_safepoint":0,"stack":true,"reason":"allocation failure","collector_reason":"","start_object_size":27064248,"end_object_size":18676152,"start_memory_size":37715968,"end_memory_size":37715968,"start_holes_size":2205768,"end_holes_size":2205768,"pool_local_chunks":0,"pool_shared_chunks":0,"pool_total_chunks":0,"new_space_capacity":8388608,"old_gen_allocation_limit":59683808,"global_allocation_limit":59683904,"allocation_throughput":68205,"new_space_allocation_throughput":68205,"new_space_survive_rate":0,"allocated":8388096,"promoted":0,"new_space_survived":0,"nodes_died_in_new":0,"nodes_copied_in_new":0,"nodes_promoted":0,"promotion_ratio":0,"average_survival_ratio":0.00109679,"promotion_rate":0,"during_sweeping":false,"heap.prologue":0,"heap.epilogue":0.001,"heap.external.prologue":0,"heap.external.epilogue":0,"heap.external_weak_global_handles":0,"complete.sweep_array_buffers":0,"scavenge":0.042,"scavenge.free_remembered_set":0,"scavenge.roots":0.01,"scavenge.weak":0,"scavenge.weak_global_handles.identify":0,"scavenge.weak_global_handles.process":0,"scavenge.parallel":0,"scavenge.pin_objects_conservative":0,"scavenge.pin_objects_precise":0,"scavenge.restore_pinned":0,"scavenge.sweep_array_buffers":0,"scavenge.resize_new_space":0.001,"background.scavenge.parallel":0,"incremental.steps_count":0,"incremental.steps_took":0,"scavenge_throughput":1488.67,"quarantined_size":0,"quarantined_pages":0}
[74519:0xb1340c000:0]    19772 ms: GC: {"pause":0.055,"mutator":123.289,"gc":"s","reduce_memory":false,"time_to_safepoint":0,"stack":true,"reason":"allocation failure","collector_reason":"","start_object_size":27064248,"end_object_size":18676152,"start_memory_size":37715968,"end_memory_size":37715968,"start_holes_size":2205768,"end_holes_size":2205768,"pool_local_chunks":0,"pool_shared_chunks":0,"pool_total_chunks":0,"new_space_capacity":8388608,"old_gen_allocation_limit":59683808,"global_allocation_limit":59683904,"allocation_throughput":68107.6,"new_space_allocation_throughput":68107.6,"new_space_survive_rate":0,"allocated":8388096,"promoted":0,"new_space_survived":0,"nodes_died_in_new":0,"nodes_copied_in_new":0,"nodes_promoted":0,"promotion_ratio":0,"average_survival_ratio":0.000667613,"promotion_rate":0,"during_sweeping":false,"heap.prologue":0,"heap.epilogue":0.001,"heap.external.prologue":0,"heap.external.epilogue":0,"heap.external_weak_global_handles":0,"complete.sweep_array_buffers":0,"scavenge":0.044,"scavenge.free_remembered_set":0,"scavenge.roots":0.01,"scavenge.weak":0,"scavenge.weak_global_handles.identify":0,"scavenge.weak_global_handles.process":0,"scavenge.parallel":0,"scavenge.pin_objects_conservative":0,"scavenge.pin_objects_precise":0,"scavenge.restore_pinned":0.001,"scavenge.sweep_array_buffers":0,"scavenge.resize_new_space":0.001,"background.scavenge.parallel":0,"incremental.steps_count":0,"incremental.steps_took":0,"scavenge_throughput":980.736,"quarantined_size":0,"quarantined_pages":0}
[74519:0xb1340c000:0]    19893 ms: GC: {"pause":0.062,"mutator":121.141,"gc":"s","reduce_memory":false,"time_to_safepoint":0,"stack":true,"reason":"allocation failure","collector_reason":"","start_object_size":27064248,"end_object_size":18709096,"start_memory_size":37715968,"end_memory_size":37715968,"start_holes_size":2205768,"end_holes_size":2205768,"pool_local_chunks":0,"pool_shared_chunks":0,"pool_total_chunks":0,"new_space_capacity":8388608,"old_gen_allocation_limit":59683808,"global_allocation_limit":59683904,"allocation_throughput":68751.7,"new_space_allocation_throughput":68751.7,"new_space_survive_rate":0.0042918,"allocated":8388096,"promoted":0,"new_space_survived":360,"nodes_died_in_new":0,"nodes_copied_in_new":0,"nodes_promoted":0,"promotion_ratio":0,"average_survival_ratio":0.00109679,"promotion_rate":0,"during_sweeping":false,"heap.prologue":0,"heap.epilogue":0.001,"heap.external.prologue":0,"heap.external.epilogue":0,"heap.external_weak_global_handles":0,"complete.sweep_array_buffers":0,"scavenge":0.052,"scavenge.free_remembered_set":0,"scavenge.roots":0.012,"scavenge.weak":0,"scavenge.weak_global_handles.identify":0,"scavenge.weak_global_handles.process":0,"scavenge.parallel":0.002,"scavenge.pin_objects_conservative":0,"scavenge.pin_objects_precise":0,"scavenge.restore_pinned":0.001,"scavenge.sweep_array_buffers":0,"scavenge.resize_new_space":0,"background.scavenge.parallel":0,"incremental.steps_count":0,"incremental.steps_took":0,"scavenge_throughput":1597.22,"quarantined_size":0,"quarantined_pages":0}
[74519:0xb1340c000:0]    20015 ms: GC: {"pause":0.066,"mutator":122.263,"gc":"s","reduce_memory":false,"time_to_safepoint":0,"stack":true,"reason":"allocation failure","collector_reason":"","start_object_size":27064248,"end_object_size":18709016,"start_memory_size":37715968,"end_memory_size":37715968,"start_holes_size":2205768,"end_holes_size":2205768,"pool_local_chunks":0,"pool_shared_chunks":0,"pool_total_chunks":0,"new_space_capacity":8388608,"old_gen_allocation_limit":59683808,"global_allocation_limit":59683904,"allocation_throughput":68514.7,"new_space_allocation_throughput":68514.7,"new_space_survive_rate":0.00333806,"allocated":8355152,"promoted":0,"new_space_survived":280,"nodes_died_in_new":0,"nodes_copied_in_new":0,"nodes_promoted":0,"promotion_ratio":0,"average_survival_ratio":0.00109679,"promotion_rate":0,"during_sweeping":false,"heap.prologue":0,"heap.epilogue":0,"heap.external.prologue":0,"heap.external.epilogue":0,"heap.external_weak_global_handles":0,"complete.sweep_array_buffers":0,"scavenge":0.055,"scavenge.free_remembered_set":0,"scavenge.roots":0.013,"scavenge.weak":0,"scavenge.weak_global_handles.identify":0.001,"scavenge.weak_global_handles.process":0,"scavenge.parallel":0.003,"scavenge.pin_objects_conservative":0,"scavenge.pin_objects_precise":0,"scavenge.restore_pinned":0.001,"scavenge.sweep_array_buffers":0,"scavenge.resize_new_space":0,"background.scavenge.parallel":0,"incremental.steps_count":0,"incremental.steps_took":0,"scavenge_throughput":1597.22,"quarantined_size":0,"quarantined_pages":0}
[74519:0xb1340c000:0]    20137 ms: GC: {"pause":0.059,"mutator":121.944,"gc":"s","reduce_memory":false,"time_to_safepoint":0,"stack":true,"reason":"allocation failure","collector_reason":"","start_object_size":27064248,"end_object_size":18676152,"start_memory_size":37715968,"end_memory_size":37715968,"start_holes_size":2205768,"end_holes_size":2205768,"pool_local_chunks":0,"pool_shared_chunks":0,"pool_total_chunks":0,"new_space_capacity":8388608,"old_gen_allocation_limit":59683808,"global_allocation_limit":59683904,"allocation_throughput":68515.7,"new_space_allocation_throughput":68515.7,"new_space_survive_rate":0,"allocated":8355232,"promoted":0,"new_space_survived":0,"nodes_died_in_new":0,"nodes_copied_in_new":0,"nodes_promoted":0,"promotion_ratio":0,"average_survival_ratio":0.00109679,"promotion_rate":0,"during_sweeping":false,"heap.prologue":0,"heap.epilogue":0.001,"heap.external.prologue":0,"heap.external.epilogue":0,"heap.external_weak_global_handles":0,"complete.sweep_array_buffers":0,"scavenge":0.047,"scavenge.free_remembered_set":0,"scavenge.roots":0.012,"scavenge.weak":0,"scavenge.weak_global_handles.identify":0.001,"scavenge.weak_global_handles.process":0,"scavenge.parallel":0,"scavenge.pin_objects_conservative":0,"scavenge.pin_objects_precise":0,"scavenge.restore_pinned":0,"scavenge.sweep_array_buffers":0,"scavenge.resize_new_space":0,"background.scavenge.parallel":0,"incremental.steps_count":0,"incremental.steps_took":0,"scavenge_throughput":1588.95,"quarantined_size":0,"quarantined_pages":0}
[74519:0xb1340c000:0]    20262 ms: GC: {"pause":0.056,"mutator":125.154,"gc":"s","reduce_memory":false,"time_to_safepoint":0,"stack":true,"reason":"allocation failure","collector_reason":"","start_object_size":27064248,"end_object_size":18676152,"start_memory_size":37715968,"end_memory_size":37715968,"start_holes_size":2205768,"end_holes_size":2205768,"pool_local_chunks":0,"pool_shared_chunks":0,"pool_total_chunks":0,"new_space_capacity":8388608,"old_gen_allocation_limit":59683808,"global_allocation_limit":59683904,"allocation_throughput":67648.8,"new_space_allocation_throughput":67648.8,"new_space_survive_rate":0,"allocated":8388096,"promoted":0,"new_space_survived":0,"nodes_died_in_new":0,"nodes_copied_in_new":0,"nodes_promoted":0,"promotion_ratio":0,"average_survival_ratio":0.000762986,"promotion_rate":0,"during_sweeping":false,"heap.prologue":0,"heap.epilogue":0.001,"heap.external.prologue":0,"heap.external.epilogue":0,"heap.external_weak_global_handles":0,"complete.sweep_array_buffers":0,"scavenge":0.045,"scavenge.free_remembered_set":0,"scavenge.roots":0.01,"scavenge.weak":0,"scavenge.weak_global_handles.identify":0,"scavenge.weak_global_handles.process":0,"scavenge.parallel":0,"scavenge.pin_objects_conservative":0,"scavenge.pin_objects_precise":0,"scavenge.restore_pinned":0.001,"scavenge.sweep_array_buffers":0,"scavenge.resize_new_space":0,"background.scavenge.parallel":0,"incremental.steps_count":0,"incremental.steps_took":0,"scavenge_throughput":1113.04,"quarantined_size":0,"quarantined_pages":0}
[74519:0xb1340c000:0]    20388 ms: GC: {"pause":0.062,"mutator":125.181,"gc":"s","reduce_memory":false,"time_to_safepoint":0,"stack":true,"reason":"allocation failure","collector_reason":"","start_object_size":27064248,"end_object_size":18709096,"start_memory_size":37715968,"end_memory_size":37715968,"start_holes_size":2205768,"end_holes_size":2205768,"pool_local_chunks":0,"pool_shared_chunks":0,"pool_total_chunks":0,"new_space_capacity":8388608,"old_gen_allocation_limit":59683808,"global_allocation_limit":59683904,"allocation_throughput":67276.3,"new_space_allocation_throughput":67276.3,"new_space_survive_rate":0.0042918,"allocated":8388096,"promoted":0,"new_space_survived":360,"nodes_died_in_new":0,"nodes_copied_in_new":0,"nodes_promoted":0,"promotion_ratio":0,"average_survival_ratio":0.00119217,"promotion_rate":0,"during_sweeping":false,"heap.prologue":0,"heap.epilogue":0,"heap.external.prologue":0,"heap.external.epilogue":0,"heap.external_weak_global_handles":0,"complete.sweep_array_buffers":0,"scavenge":0.051,"scavenge.free_remembered_set":0,"scavenge.roots":0.012,"scavenge.weak":0,"scavenge.weak_global_handles.identify":0,"scavenge.weak_global_handles.process":0,"scavenge.parallel":0.002,"scavenge.pin_objects_conservative":0,"scavenge.pin_objects_precise":0,"scavenge.restore_pinned":0,"scavenge.sweep_array_buffers":0,"scavenge.resize_new_space":0.001,"background.scavenge.parallel":0,"incremental.steps_count":0,"incremental.steps_took":0,"scavenge_throughput":1712.33,"quarantined_size":0,"quarantined_pages":0}
[74519:0xb1340c000:0]    20507 ms: GC: {"pause":0.066,"mutator":119.47,"gc":"s","reduce_memory":false,"time_to_safepoint":0,"stack":true,"reason":"allocation failure","collector_reason":"","start_object_size":27064248,"end_object_size":18676152,"start_memory_size":37715968,"end_memory_size":37715968,"start_holes_size":2205768,"end_holes_size":2205768,"pool_local_chunks":0,"pool_shared_chunks":0,"pool_total_chunks":0,"new_space_capacity":8388608,"old_gen_allocation_limit":59683808,"global_allocation_limit":59683904,"allocation_throughput":68773.2,"new_space_allocation_throughput":68773.2,"new_space_survive_rate":0,"allocated":8355152,"promoted":0,"new_space_survived":0,"nodes_died_in_new":0,"nodes_copied_in_new":0,"nodes_promoted":0,"promotion_ratio":0,"average_survival_ratio":0.00119217,"promotion_rate":0,"during_sweeping":false,"heap.prologue":0,"heap.epilogue":0.002,"heap.external.prologue":0,"heap.external.epilogue":0,"heap.external_weak_global_handles":0,"complete.sweep_array_buffers":0,"scavenge":0.051,"scavenge.free_remembered_set":0,"scavenge.roots":0.012,"scavenge.weak":0,"scavenge.weak_global_handles.identify":0,"scavenge.weak_global_handles.process":0,"scavenge.parallel":0,"scavenge.pin_objects_conservative":0,"scavenge.pin_objects_precise":0,"scavenge.restore_pinned":0,"scavenge.sweep_array_buffers":0,"scavenge.resize_new_space":0.001,"background.scavenge.parallel":0,"incremental.steps_count":0,"incremental.steps_took":0,"scavenge_throughput":1718.21,"quarantined_size":0,"quarantined_pages":0}
[74519:0xb1340c000:0]    20643 ms: GC: {"pause":0.055,"mutator":136.25,"gc":"s","reduce_memory":false,"time_to_safepoint":0,"stack":true,"reason":"allocation failure","collector_reason":"","start_object_size":27064248,"end_object_size":18709016,"start_memory_size":37715968,"end_memory_size":37715968,"start_holes_size":2205768,"end_holes_size":2205768,"pool_local_chunks":0,"pool_shared_chunks":0,"pool_total_chunks":0,"new_space_capacity":8388608,"old_gen_allocation_limit":59683808,"global_allocation_limit":59683904,"allocation_throughput":64366.8,"new_space_allocation_throughput":64366.8,"new_space_survive_rate":0.00333806,"allocated":8388096,"promoted":0,"new_space_survived":280,"nodes_died_in_new":0,"nodes_copied_in_new":0,"nodes_promoted":0,"promotion_ratio":0,"average_survival_ratio":0.00152597,"promotion_rate":0,"during_sweeping":false,"heap.prologue":0,"heap.epilogue":0,"heap.external.prologue":0,"heap.external.epilogue":0,"heap.external_weak_global_handles":0,"complete.sweep_array_buffers":0,"scavenge":0.047,"scavenge.free_remembered_set":0,"scavenge.roots":0.01,"scavenge.weak":0,"scavenge.weak_global_handles.identify":0,"scavenge.weak_global_handles.process":0,"scavenge.parallel":0.002,"scavenge.pin_objects_conservative":0,"scavenge.pin_objects_precise":0,"scavenge.restore_pinned":0,"scavenge.sweep_array_buffers":0,"scavenge.resize_new_space":0,"background.scavenge.parallel":0,"incremental.steps_count":0,"incremental.steps_took":0,"scavenge_throughput":2188.03,"quarantined_size":0,"quarantined_pages":0}
[74519:0xb1340c000:0]    20775 ms: GC: {"pause":0.053,"mutator":131.778,"gc":"s","reduce_memory":false,"time_to_safepoint":0,"stack":true,"reason":"allocation failure","collector_reason":"","start_object_size":27064248,"end_object_size":18676152,"start_memory_size":37715968,"end_memory_size":37715968,"start_holes_size":2205768,"end_holes_size":2205768,"pool_local_chunks":0,"pool_shared_chunks":0,"pool_total_chunks":0,"new_space_capacity":8388608,"old_gen_allocation_limit":59683808,"global_allocation_limit":59683904,"allocation_throughput":63789.9,"new_space_allocation_throughput":63789.9,"new_space_survive_rate":0,"allocated":8355232,"promoted":0,"new_space_survived":0,"nodes_died_in_new":0,"nodes_copied_in_new":0,"nodes_promoted":0,"promotion_ratio":0,"average_survival_ratio":0.00152597,"promotion_rate":0,"during_sweeping":false,"heap.prologue":0,"heap.epilogue":0.001,"heap.external.prologue":0,"heap.external.epilogue":0,"heap.external_weak_global_handles":0,"complete.sweep_array_buffers":0,"scavenge":0.042,"scavenge.free_remembered_set":0,"scavenge.roots":0.01,"scavenge.weak":0,"scavenge.weak_global_handles.identify":0,"scavenge.weak_global_handles.process":0,"scavenge.parallel":0,"scavenge.pin_objects_conservative":0,"scavenge.pin_objects_precise":0,"scavenge.restore_pinned":0,"scavenge.sweep_array_buffers":0,"scavenge.resize_new_space":0,"background.scavenge.parallel":0,"incremental.steps_count":0,"incremental.steps_took":0,"scavenge_throughput":2180.58,"quarantined_size":0,"quarantined_pages":0}
[74519:0xb1340c000:0]    20905 ms: GC: {"pause":0.06,"mutator":129.918,"gc":"s","reduce_memory":false,"time_to_safepoint":0,"stack":true,"reason":"allocation failure","collector_reason":"","start_object_size":27064248,"end_object_size":18709016,"start_memory_size":37715968,"end_memory_size":37715968,"start_holes_size":2205768,"end_holes_size":2205768,"pool_local_chunks":0,"pool_shared_chunks":0,"pool_total_chunks":0,"new_space_capacity":8388608,"old_gen_allocation_limit":59683808,"global_allocation_limit":59683904,"allocation_throughput":64249.2,"new_space_allocation_throughput":64249.2,"new_space_survive_rate":0.00333806,"allocated":8388096,"promoted":0,"new_space_survived":280,"nodes_died_in_new":0,"nodes_copied_in_new":0,"nodes_promoted":0,"promotion_ratio":0,"average_survival_ratio":0.00185978,"promotion_rate":0,"during_sweeping":false,"heap.prologue":0,"heap.epilogue":0,"heap.external.prologue":0,"heap.external.epilogue":0,"heap.external_weak_global_handles":0,"complete.sweep_array_buffers":0,"scavenge":0.05,"scavenge.free_remembered_set":0,"scavenge.roots":0.011,"scavenge.weak":0,"scavenge.weak_global_handles.identify":0,"scavenge.weak_global_handles.process":0.001,"scavenge.parallel":0.002,"scavenge.pin_objects_conservative":0,"scavenge.pin_objects_precise":0,"scavenge.restore_pinned":0,"scavenge.sweep_array_buffers":0,"scavenge.resize_new_space":0,"background.scavenge.parallel":0,"incremental.steps_count":0,"incremental.steps_took":0,"scavenge_throughput":2626.26,"quarantined_size":0,"quarantined_pages":0}
[74519:0xb1340c000:0]    21035 ms: GC: {"pause":0.055,"mutator":129.506,"gc":"s","reduce_memory":false,"time_to_safepoint":0,"stack":true,"reason":"allocation failure","collector_reason":"","start_object_size":27064248,"end_object_size":18676152,"start_memory_size":37715968,"end_memory_size":37715968,"start_holes_size":2205768,"end_holes_size":2205768,"pool_local_chunks":0,"pool_shared_chunks":0,"pool_total_chunks":0,"new_space_capacity":8388608,"old_gen_allocation_limit":59683808,"global_allocation_limit":59683904,"allocation_throughput":64407.1,"new_space_allocation_throughput":64407.1,"new_space_survive_rate":0,"allocated":8355232,"promoted":0,"new_space_survived":0,"nodes_died_in_new":0,"nodes_copied_in_new":0,"nodes_promoted":0,"promotion_ratio":0,"average_survival_ratio":0.00185978,"promotion_rate":0,"during_sweeping":false,"heap.prologue":0,"heap.epilogue":0.002,"heap.external.prologue":0,"heap.external.epilogue":0,"heap.external_weak_global_handles":0,"complete.sweep_array_buffers":0,"scavenge":0.043,"scavenge.free_remembered_set":0,"scavenge.roots":0.009,"scavenge.weak":0,"scavenge.weak_global_handles.identify":0,"scavenge.weak_global_handles.process":0,"scavenge.parallel":0,"scavenge.pin_objects_conservative":0,"scavenge.pin_objects_precise":0,"scavenge.restore_pinned":0,"scavenge.sweep_array_buffers":0,"scavenge.resize_new_space":0,"background.scavenge.parallel":0,"incremental.steps_count":0,"incremental.steps_took":0,"scavenge_throughput":2626.26,"quarantined_size":0,"quarantined_pages":0}
[74519:0xb1340c000:0]    21163 ms: GC: {"pause":0.054,"mutator":127.964,"gc":"s","reduce_memory":false,"time_to_safepoint":0,"stack":true,"reason":"allocation failure","collector_reason":"","start_object_size":27064248,"end_object_size":18676152,"start_memory_size":37715968,"end_memory_size":37715968,"start_holes_size":2205768,"end_holes_size":2205768,"pool_local_chunks":0,"pool_shared_chunks":0,"pool_total_chunks":0,"new_space_capacity":8388608,"old_gen_allocation_limit":59683808,"global_allocation_limit":59683904,"allocation_throughput":65078.9,"new_space_allocation_throughput":65078.9,"new_space_survive_rate":0,"allocated":8388096,"promoted":0,"new_space_survived":0,"nodes_died_in_new":0,"nodes_copied_in_new":0,"nodes_promoted":0,"promotion_ratio":0,"average_survival_ratio":0.0014306,"promotion_rate":0,"during_sweeping":false,"heap.prologue":0,"heap.epilogue":0.001,"heap.external.prologue":0,"heap.external.epilogue":0,"heap.external_weak_global_handles":0,"complete.sweep_array_buffers":0,"scavenge":0.043,"scavenge.free_remembered_set":0,"scavenge.roots":0.01,"scavenge.weak":0,"scavenge.weak_global_handles.identify":0,"scavenge.weak_global_handles.process":0,"scavenge.parallel":0,"scavenge.pin_objects_conservative":0,"scavenge.pin_objects_precise":0,"scavenge.restore_pinned":0,"scavenge.sweep_array_buffers":0,"scavenge.resize_new_space":0,"background.scavenge.parallel":0,"incremental.steps_count":0,"incremental.steps_took":0,"scavenge_throughput":2047.78,"quarantined_size":0,"quarantined_pages":0}
[74519:0xb1340c000:0]    21284 ms: GC: {"pause":0.055,"mutator":121.35,"gc":"s","reduce_memory":false,"time_to_safepoint":0,"stack":true,"reason":"allocation failure","collector_reason":"","start_object_size":27064248,"end_object_size":18676152,"start_memory_size":37715968,"end_memory_size":37715968,"start_holes_size":2205768,"end_holes_size":2205768,"pool_local_chunks":0,"pool_shared_chunks":0,"pool_total_chunks":0,"new_space_capacity":8388608,"old_gen_allocation_limit":59683808,"global_allocation_limit":59683904,"allocation_throughput":67378.6,"new_space_allocation_throughput":67378.6,"new_space_survive_rate":0,"allocated":8388096,"promoted":0,"new_space_survived":0,"nodes_died_in_new":0,"nodes_copied_in_new":0,"nodes_promoted":0,"promotion_ratio":0,"average_survival_ratio":0.00109679,"promotion_rate":0,"during_sweeping":false,"heap.prologue":0,"heap.epilogue":0.001,"heap.external.prologue":0,"heap.external.epilogue":0,"heap.external_weak_global_handles":0,"complete.sweep_array_buffers":0,"scavenge":0.044,"scavenge.free_remembered_set":0.001,"scavenge.roots":0.009,"scavenge.weak":0,"scavenge.weak_global_handles.identify":0,"scavenge.weak_global_handles.process":0,"scavenge.parallel":0,"scavenge.pin_objects_conservative":0,"scavenge.pin_objects_precise":0,"scavenge.restore_pinned":0,"scavenge.sweep_array_buffers":0,"scavenge.resize_new_space":0.001,"background.scavenge.parallel":0,"incremental.steps_count":0,"incremental.steps_took":0,"scavenge_throughput":1600,"quarantined_size":0,"quarantined_pages":0}
[74519:0xb1340c000:0]    21408 ms: GC: {"pause":0.051,"mutator":123.343,"gc":"s","reduce_memory":false,"time_to_safepoint":0,"stack":true,"reason":"allocation failure","collector_reason":"","start_object_size":27064248,"end_object_size":18676152,"start_memory_size":37715968,"end_memory_size":37715968,"start_holes_size":2205768,"end_holes_size":2205768,"pool_local_chunks":0,"pool_shared_chunks":0,"pool_total_chunks":0,"new_space_capacity":8388608,"old_gen_allocation_limit":59683808,"global_allocation_limit":59683904,"allocation_throughput":67739,"new_space_allocation_throughput":67739,"new_space_survive_rate":0,"allocated":8388096,"promoted":0,"new_space_survived":0,"nodes_died_in_new":0,"nodes_copied_in_new":0,"nodes_promoted":0,"promotion_ratio":0,"average_survival_ratio":0.00109679,"promotion_rate":0,"during_sweeping":false,"heap.prologue":0,"heap.epilogue":0.002,"heap.external.prologue":0,"heap.external.epilogue":0,"heap.external_weak_global_handles":0,"complete.sweep_array_buffers":0,"scavenge":0.04,"scavenge.free_remembered_set":0,"scavenge.roots":0.008,"scavenge.weak":0,"scavenge.weak_global_handles.identify":0,"scavenge.weak_global_handles.process":0,"scavenge.parallel":0,"scavenge.pin_objects_conservative":0,"scavenge.pin_objects_precise":0,"scavenge.restore_pinned":0,"scavenge.sweep_array_buffers":0,"scavenge.resize_new_space":0,"background.scavenge.parallel":0,"incremental.steps_count":0,"incremental.steps_took":0,"scavenge_throughput":1622.57,"quarantined_size":0,"quarantined_pages":0}
[74519:0xb1340c000:0]    21528 ms: GC: {"pause":0.056,"mutator":120.125,"gc":"s","reduce_memory":false,"time_to_safepoint":0,"stack":true,"reason":"allocation failure","collector_reason":"","start_object_size":27064248,"end_object_size":18676152,"start_memory_size":37715968,"end_memory_size":37715968,"start_holes_size":2205768,"end_holes_size":2205768,"pool_local_chunks":0,"pool_shared_chunks":0,"pool_total_chunks":0,"new_space_capacity":8388608,"old_gen_allocation_limit":59683808,"global_allocation_limit":59683904,"allocation_throughput":68918.9,"new_space_allocation_throughput":68918.9,"new_space_survive_rate":0,"allocated":8388096,"promoted":0,"new_space_survived":0,"nodes_died_in_new":0,"nodes_copied_in_new":0,"nodes_promoted":0,"promotion_ratio":0,"average_survival_ratio":0.00109679,"promotion_rate":0,"during_sweeping":false,"heap.prologue":0,"heap.epilogue":0.002,"heap.external.prologue":0,"heap.external.epilogue":0,"heap.external_weak_global_handles":0,"complete.sweep_array_buffers":0,"scavenge":0.044,"scavenge.free_remembered_set":0,"scavenge.roots":0.01,"scavenge.weak":0,"scavenge.weak_global_handles.identify":0,"scavenge.weak_global_handles.process":0,"scavenge.parallel":0,"scavenge.pin_objects_conservative":0,"scavenge.pin_objects_precise":0,"scavenge.restore_pinned":0,"scavenge.sweep_array_buffers":0,"scavenge.resize_new_space":0.001,"background.scavenge.parallel":0,"incremental.steps_count":0,"incremental.steps_took":0,"scavenge_throughput":1622.57,"quarantined_size":0,"quarantined_pages":0}
[74519:0xb1340c000:0]    21650 ms: GC: {"pause":0.055,"mutator":122.415,"gc":"s","reduce_memory":false,"time_to_safepoint":0,"stack":true,"reason":"allocation failure","collector_reason":"","start_object_size":27064248,"end_object_size":18676152,"start_memory_size":37715968,"end_memory_size":37715968,"start_holes_size":2205768,"end_holes_size":2205768,"pool_local_chunks":0,"pool_shared_chunks":0,"pool_total_chunks":0,"new_space_capacity":8388608,"old_gen_allocation_limit":59683808,"global_allocation_limit":59683904,"allocation_throughput":68691.1,"new_space_allocation_throughput":68691.1,"new_space_survive_rate":0,"allocated":8388096,"promoted":0,"new_space_survived":0,"nodes_died_in_new":0,"nodes_copied_in_new":0,"nodes_promoted":0,"promotion_ratio":0,"average_survival_ratio":0.000667613,"promotion_rate":0,"during_sweeping":false,"heap.prologue":0,"heap.epilogue":0.002,"heap.external.prologue":0,"heap.external.epilogue":0,"heap.external_weak_global_handles":0,"complete.sweep_array_buffers":0,"scavenge":0.044,"scavenge.free_remembered_set":0,"scavenge.roots":0.011,"scavenge.weak":0,"scavenge.weak_global_handles.identify":0,"scavenge.weak_global_handles.process":0,"scavenge.parallel":0,"scavenge.pin_objects_conservative":0,"scavenge.pin_objects_precise":0,"scavenge.restore_pinned":0,"scavenge.sweep_array_buffers":0,"scavenge.resize_new_space":0,"background.scavenge.parallel":0,"incremental.steps_count":0,"incremental.steps_took":0,"scavenge_throughput":1000,"quarantined_size":0,"quarantined_pages":0}
[74519:0xb1340c000:0]    21772 ms: GC: {"pause":0.061,"mutator":122.084,"gc":"s","reduce_memory":false,"time_to_safepoint":0,"stack":true,"reason":"allocation failure","collector_reason":"","start_object_size":27064248,"end_object_size":18709096,"start_memory_size":37715968,"end_memory_size":37715968,"start_holes_size":2205768,"end_holes_size":2205768,"pool_local_chunks":0,"pool_shared_chunks":0,"pool_total_chunks":0,"new_space_capacity":8388608,"old_gen_allocation_limit":59683808,"global_allocation_limit":59683904,"allocation_throughput":68699.9,"new_space_allocation_throughput":68699.9,"new_space_survive_rate":0.0042918,"allocated":8388096,"promoted":0,"new_space_survived":360,"nodes_died_in_new":0,"nodes_copied_in_new":0,"nodes_promoted":0,"promotion_ratio":0,"average_survival_ratio":0.00109679,"promotion_rate":0,"during_sweeping":false,"heap.prologue":0,"heap.epilogue":0,"heap.external.prologue":0,"heap.external.epilogue":0,"heap.external_weak_global_handles":0,"complete.sweep_array_buffers":0,"scavenge":0.051,"scavenge.free_remembered_set":0,"scavenge.roots":0.011,"scavenge.weak":0,"scavenge.weak_global_handles.identify":0,"scavenge.weak_global_handles.process":0,"scavenge.parallel":0.002,"scavenge.pin_objects_conservative":0,"scavenge.pin_objects_precise":0,"scavenge.restore_pinned":0.001,"scavenge.sweep_array_buffers":0,"scavenge.resize_new_space":0.001,"background.scavenge.parallel":0,"incremental.steps_count":0,"incremental.steps_took":0,"scavenge_throughput":1657.66,"quarantined_size":0,"quarantined_pages":0}
[74519:0xb1340c000:0]    21893 ms: GC: {"pause":0.062,"mutator":120.847,"gc":"s","reduce_memory":false,"time_to_safepoint":0,"stack":true,"reason":"allocation failure","collector_reason":"","start_object_size":27064248,"end_object_size":18709016,"start_memory_size":37715968,"end_memory_size":37715968,"start_holes_size":2205768,"end_holes_size":2205768,"pool_local_chunks":0,"pool_shared_chunks":0,"pool_total_chunks":0,"new_space_capacity":8388608,"old_gen_allocation_limit":59683808,"global_allocation_limit":59683904,"allocation_throughput":68948.2,"new_space_allocation_throughput":68948.2,"new_space_survive_rate":0.00333806,"allocated":8355152,"promoted":0,"new_space_survived":280,"nodes_died_in_new":0,"nodes_copied_in_new":0,"nodes_promoted":0,"promotion_ratio":0,"average_survival_ratio":0.00109679,"promotion_rate":0,"during_sweeping":false,"heap.prologue":0,"heap.epilogue":0.001,"heap.external.prologue":0,"heap.external.epilogue":0,"heap.external_weak_global_handles":0,"complete.sweep_array_buffers":0,"scavenge":0.05,"scavenge.free_remembered_set":0,"scavenge.roots":0.012,"scavenge.weak":0,"scavenge.weak_global_handles.identify":0,"scavenge.weak_global_handles.process":0,"scavenge.parallel":0.002,"scavenge.pin_objects_conservative":0,"scavenge.pin_objects_precise":0,"scavenge.restore_pinned":0,"scavenge.sweep_array_buffers":0,"scavenge.resize_new_space":0,"background.scavenge.parallel":0,"incremental.steps_count":0,"incremental.steps_took":0,"scavenge_throughput":1637.01,"quarantined_size":0,"quarantined_pages":0}
[74519:0xb1340c000:0]    22016 ms: GC: {"pause":0.058,"mutator":122.421,"gc":"s","reduce_memory":false,"time_to_safepoint":0,"stack":true,"reason":"allocation failure","collector_reason":"","start_object_size":27064248,"end_object_size":18676152,"start_memory_size":37715968,"end_memory_size":37715968,"start_holes_size":2205768,"end_holes_size":2205768,"pool_local_chunks":0,"pool_shared_chunks":0,"pool_total_chunks":0,"new_space_capacity":8388608,"old_gen_allocation_limit":59683808,"global_allocation_limit":59683904,"allocation_throughput":68548.5,"new_space_allocation_throughput":68548.5,"new_space_survive_rate":0,"allocated":8355232,"promoted":0,"new_space_survived":0,"nodes_died_in_new":0,"nodes_copied_in_new":0,"nodes_promoted":0,"promotion_ratio":0,"average_survival_ratio":0.00109679,"promotion_rate":0,"during_sweeping":false,"heap.prologue":0,"heap.epilogue":0.002,"heap.external.prologue":0,"heap.external.epilogue":0,"heap.external_weak_global_handles":0,"complete.sweep_array_buffers":0,"scavenge":0.046,"scavenge.free_remembered_set":0,"scavenge.roots":0.011,"scavenge.weak":0,"scavenge.weak_global_handles.identify":0.001,"scavenge.weak_global_handles.process":0,"scavenge.parallel":0,"scavenge.pin_objects_conservative":0,"scavenge.pin_objects_precise":0,"scavenge.restore_pinned":0.001,"scavenge.sweep_array_buffers":0,"scavenge.resize_new_space":0,"background.scavenge.parallel":0,"incremental.steps_count":0,"incremental.steps_took":0,"scavenge_throughput":1622.57,"quarantined_size":0,"quarantined_pages":0}
[74519:0xb1340c000:0]    22141 ms: GC: {"pause":0.059,"mutator":124.982,"gc":"s","reduce_memory":false,"time_to_safepoint":0,"stack":true,"reason":"allocation failure","collector_reason":"","start_object_size":27064248,"end_object_size":18676152,"start_memory_size":37715968,"end_memory_size":37715968,"start_holes_size":2205768,"end_holes_size":2205768,"pool_local_chunks":0,"pool_shared_chunks":0,"pool_total_chunks":0,"new_space_capacity":8388608,"old_gen_allocation_limit":59683808,"global_allocation_limit":59683904,"allocation_throughput":67716.8,"new_space_allocation_throughput":67716.8,"new_space_survive_rate":0,"allocated":8388096,"promoted":0,"new_space_survived":0,"nodes_died_in_new":0,"nodes_copied_in_new":0,"nodes_promoted":0,"promotion_ratio":0,"average_survival_ratio":0.000762986,"promotion_rate":0,"during_sweeping":false,"heap.prologue":0,"heap.epilogue":0.002,"heap.external.prologue":0,"heap.external.epilogue":0,"heap.external_weak_global_handles":0,"complete.sweep_array_buffers":0,"scavenge":0.047,"scavenge.free_remembered_set":0,"scavenge.roots":0.011,"scavenge.weak":0,"scavenge.weak_global_handles.identify":0.001,"scavenge.weak_global_handles.process":0,"scavenge.parallel":0,"scavenge.pin_objects_conservative":0,"scavenge.pin_objects_precise":0,"scavenge.restore_pinned":0,"scavenge.sweep_array_buffers":0,"scavenge.resize_new_space":0,"background.scavenge.parallel":0,"incremental.steps_count":0,"incremental.steps_took":0,"scavenge_throughput":1130.74,"quarantined_size":0,"quarantined_pages":0}
[74519:0xb1340c000:0]    22275 ms: GC: {"pause":0.102,"mutator":133.843,"gc":"s","reduce_memory":false,"time_to_safepoint":0,"stack":true,"reason":"allocation failure","collector_reason":"","start_object_size":27064248,"end_object_size":18709096,"start_memory_size":37715968,"end_memory_size":37715968,"start_holes_size":2205768,"end_holes_size":2205768,"pool_local_chunks":0,"pool_shared_chunks":0,"pool_total_chunks":0,"new_space_capacity":8388608,"old_gen_allocation_limit":59683808,"global_allocation_limit":59683904,"allocation_throughput":64665.9,"new_space_allocation_throughput":64665.9,"new_space_survive_rate":0.0042918,"allocated":8388096,"promoted":0,"new_space_survived":360,"nodes_died_in_new":0,"nodes_copied_in_new":0,"nodes_promoted":0,"promotion_ratio":0,"average_survival_ratio":0.00119217,"promotion_rate":0,"during_sweeping":false,"heap.prologue":0,"heap.epilogue":0.001,"heap.external.prologue":0,"heap.external.epilogue":0,"heap.external_weak_global_handles":0,"complete.sweep_array_buffers":0,"scavenge":0.091,"scavenge.free_remembered_set":0,"scavenge.roots":0.011,"scavenge.weak":0,"scavenge.weak_global_handles.identify":0,"scavenge.weak_global_handles.process":0,"scavenge.parallel":0.002,"scavenge.pin_objects_conservative":0,"scavenge.pin_objects_precise":0,"scavenge.restore_pinned":0,"scavenge.sweep_array_buffers":0,"scavenge.resize_new_space":0.001,"background.scavenge.parallel":0,"incremental.steps_count":0,"incremental.steps_took":0,"scavenge_throughput":1631.32,"quarantined_size":0,"quarantined_pages":0}
[74519:0xb1340c000:0]    22399 ms: GC: {"pause":0.064,"mutator":124.406,"gc":"s","reduce_memory":false,"time_to_safepoint":0,"stack":true,"reason":"allocation failure","collector_reason":"","start_object_size":27064248,"end_object_size":18676152,"start_memory_size":37715968,"end_memory_size":37715968,"start_holes_size":2205768,"end_holes_size":2205768,"pool_local_chunks":0,"pool_shared_chunks":0,"pool_total_chunks":0,"new_space_capacity":8388608,"old_gen_allocation_limit":59683808,"global_allocation_limit":59683904,"allocation_throughput":66106.9,"new_space_allocation_throughput":66106.9,"new_space_survive_rate":0,"allocated":8355152,"promoted":0,"new_space_survived":0,"nodes_died_in_new":0,"nodes_copied_in_new":0,"nodes_promoted":0,"promotion_ratio":0,"average_survival_ratio":0.00119217,"promotion_rate":0,"during_sweeping":false,"heap.prologue":0,"heap.epilogue":0.001,"heap.external.prologue":0,"heap.external.epilogue":0,"heap.external_weak_global_handles":0,"complete.sweep_array_buffers":0,"scavenge":0.053,"scavenge.free_remembered_set":0,"scavenge.roots":0.01,"scavenge.weak":0,"scavenge.weak_global_handles.identify":0,"scavenge.weak_global_handles.process":0,"scavenge.parallel":0,"scavenge.pin_objects_conservative":0,"scavenge.pin_objects_precise":0,"scavenge.restore_pinned":0,"scavenge.sweep_array_buffers":0,"scavenge.resize_new_space":0,"background.scavenge.parallel":0,"incremental.steps_count":0,"incremental.steps_took":0,"scavenge_throughput":1605.14,"quarantined_size":0,"quarantined_pages":0}
[74519:0xb1340c000:0]    22528 ms: GC: {"pause":0.067,"mutator":128.692,"gc":"s","reduce_memory":false,"time_to_safepoint":0,"stack":true,"reason":"allocation failure","collector_reason":"","start_object_size":27064248,"end_object_size":18709016,"start_memory_size":37715968,"end_memory_size":37715968,"start_holes_size":2205768,"end_holes_size":2205768,"pool_local_chunks":0,"pool_shared_chunks":0,"pool_total_chunks":0,"new_space_capacity":8388608,"old_gen_allocation_limit":59683808,"global_allocation_limit":59683904,"allocation_throughput":65559.4,"new_space_allocation_throughput":65559.4,"new_space_survive_rate":0.00333806,"allocated":8388096,"promoted":0,"new_space_survived":280,"nodes_died_in_new":0,"nodes_copied_in_new":0,"nodes_promoted":0,"promotion_ratio":0,"average_survival_ratio":0.00152597,"promotion_rate":0,"during_sweeping":false,"heap.prologue":0,"heap.epilogue":0,"heap.external.prologue":0,"heap.external.epilogue":0,"heap.external_weak_global_handles":0,"complete.sweep_array_buffers":0,"scavenge":0.056,"scavenge.free_remembered_set":0,"scavenge.roots":0.012,"scavenge.weak":0,"scavenge.weak_global_handles.identify":0,"scavenge.weak_global_handles.process":0,"scavenge.parallel":0.002,"scavenge.pin_objects_conservative":0,"scavenge.pin_objects_precise":0,"scavenge.restore_pinned":0,"scavenge.sweep_array_buffers":0,"scavenge.resize_new_space":0,"background.scavenge.parallel":0,"incremental.steps_count":0,"incremental.steps_took":0,"scavenge_throughput":2015.75,"quarantined_size":0,"quarantined_pages":0}
[74519:0xb1340c000:0]    22653 ms: GC: {"pause":0.052,"mutator":125.178,"gc":"s","reduce_memory":false,"time_to_safepoint":0,"stack":true,"reason":"allocation failure","collector_reason":"","start_object_size":27064248,"end_object_size":18676152,"start_memory_size":37715968,"end_memory_size":37715968,"start_holes_size":2205768,"end_holes_size":2205768,"pool_local_chunks":0,"pool_shared_chunks":0,"pool_total_chunks":0,"new_space_capacity":8388608,"old_gen_allocation_limit":59683808,"global_allocation_limit":59683904,"allocation_throughput":66248.2,"new_space_allocation_throughput":66248.2,"new_space_survive_rate":0,"allocated":8355232,"promoted":0,"new_space_survived":0,"nodes_died_in_new":0,"nodes_copied_in_new":0,"nodes_promoted":0,"promotion_ratio":0,"average_survival_ratio":0.00152597,"promotion_rate":0,"during_sweeping":false,"heap.prologue":0,"heap.epilogue":0.001,"heap.external.prologue":0,"heap.external.epilogue":0,"heap.external_weak_global_handles":0,"complete.sweep_array_buffers":0,"scavenge":0.043,"scavenge.free_remembered_set":0,"scavenge.roots":0.009,"scavenge.weak":0,"scavenge.weak_global_handles.identify":0,"scavenge.weak_global_handles.process":0,"scavenge.parallel":0,"scavenge.pin_objects_conservative":0,"scavenge.pin_objects_precise":0,"scavenge.restore_pinned":0,"scavenge.sweep_array_buffers":0,"scavenge.resize_new_space":0,"background.scavenge.parallel":0,"incremental.steps_count":0,"incremental.steps_took":0,"scavenge_throughput":2012.58,"quarantined_size":0,"quarantined_pages":0}
[74519:0xb1340c000:0]    22785 ms: GC: {"pause":0.063,"mutator":132.051,"gc":"s","reduce_memory":false,"time_to_safepoint":0,"stack":true,"reason":"allocation failure","collector_reason":"","start_object_size":27064248,"end_object_size":18709016,"start_memory_size":37715968,"end_memory_size":37715968,"start_holes_size":2205768,"end_holes_size":2205768,"pool_local_chunks":0,"pool_shared_chunks":0,"pool_total_chunks":0,"new_space_capacity":8388608,"old_gen_allocation_limit":59683808,"global_allocation_limit":59683904,"allocation_throughput":64613,"new_space_allocation_throughput":64613,"new_space_survive_rate":0.00333806,"allocated":8388096,"promoted":0,"new_space_survived":280,"nodes_died_in_new":0,"nodes_copied_in_new":0,"nodes_promoted":0,"promotion_ratio":0,"average_survival_ratio":0.00185978,"promotion_rate":0,"during_sweeping":false,"heap.prologue":0,"heap.epilogue":0.001,"heap.external.prologue":0,"heap.external.epilogue":0,"heap.external_weak_global_handles":0,"complete.sweep_array_buffers":0,"scavenge":0.052,"scavenge.free_remembered_set":0,"scavenge.roots":0.012,"scavenge.weak":0,"scavenge.weak_global_handles.identify":0.001,"scavenge.weak_global_handles.process":0.001,"scavenge.parallel":0.002,"scavenge.pin_objects_conservative":0,"scavenge.pin_objects_precise":0,"scavenge.restore_pinned":0,"scavenge.sweep_array_buffers":0,"scavenge.resize_new_space":0,"background.scavenge.parallel":0,"incremental.steps_count":0,"incremental.steps_took":0,"scavenge_throughput":2426.13,"quarantined_size":0,"quarantined_pages":0}
[74519:0xb1340c000:0]    22909 ms: GC: {"pause":0.056,"mutator":123.304,"gc":"s","reduce_memory":false,"time_to_safepoint":0,"stack":true,"reason":"allocation failure","collector_reason":"","start_object_size":27064248,"end_object_size":18676152,"start_memory_size":37715968,"end_memory_size":37715968,"start_holes_size":2205768,"end_holes_size":2205768,"pool_local_chunks":0,"pool_shared_chunks":0,"pool_total_chunks":0,"new_space_capacity":8388608,"old_gen_allocation_limit":59683808,"global_allocation_limit":59683904,"allocation_throughput":66421.6,"new_space_allocation_throughput":66421.6,"new_space_survive_rate":0,"allocated":8355232,"promoted":0,"new_space_survived":0,"nodes_died_in_new":0,"nodes_copied_in_new":0,"nodes_promoted":0,"promotion_ratio":0,"average_survival_ratio":0.00185978,"promotion_rate":0,"during_sweeping":false,"heap.prologue":0,"heap.epilogue":0.002,"heap.external.prologue":0,"heap.external.epilogue":0,"heap.external_weak_global_handles":0,"complete.sweep_array_buffers":0,"scavenge":0.045,"scavenge.free_remembered_set":0,"scavenge.roots":0.011,"scavenge.weak":0,"scavenge.weak_global_handles.identify":0,"scavenge.weak_global_handles.process":0,"scavenge.parallel":0,"scavenge.pin_objects_conservative":0,"scavenge.pin_objects_precise":0,"scavenge.restore_pinned":0.001,"scavenge.sweep_array_buffers":0,"scavenge.resize_new_space":0,"background.scavenge.parallel":0,"incremental.steps_count":0,"incremental.steps_took":0,"scavenge_throughput":2422.36,"quarantined_size":0,"quarantined_pages":0}
[74519:0xb1340c000:0]    23034 ms: GC: {"pause":0.103,"mutator":125.524,"gc":"s","reduce_memory":false,"time_to_safepoint":0,"stack":true,"reason":"allocation failure","collector_reason":"","start_object_size":27064248,"end_object_size":18676152,"start_memory_size":37715968,"end_memory_size":37715968,"start_holes_size":2205768,"end_holes_size":2205768,"pool_local_chunks":0,"pool_shared_chunks":0,"pool_total_chunks":0,"new_space_capacity":8388608,"old_gen_allocation_limit":59683808,"global_allocation_limit":59683904,"allocation_throughput":66655.2,"new_space_allocation_throughput":66655.2,"new_space_survive_rate":0,"allocated":8388096,"promoted":0,"new_space_survived":0,"nodes_died_in_new":0,"nodes_copied_in_new":0,"nodes_promoted":0,"promotion_ratio":0,"average_survival_ratio":0.0014306,"promotion_rate":0,"during_sweeping":false,"heap.prologue":0,"heap.epilogue":0.001,"heap.external.prologue":0,"heap.external.epilogue":0,"heap.external_weak_global_handles":0,"complete.sweep_array_buffers":0,"scavenge":0.089,"scavenge.free_remembered_set":0,"scavenge.roots":0.011,"scavenge.weak":0,"scavenge.weak_global_handles.identify":0.001,"scavenge.weak_global_handles.process":0,"scavenge.parallel":0,"scavenge.pin_objects_conservative":0,"scavenge.pin_objects_precise":0,"scavenge.restore_pinned":0.001,"scavenge.sweep_array_buffers":0,"scavenge.resize_new_space":0,"background.scavenge.parallel":0,"incremental.steps_count":0,"incremental.steps_took":0,"scavenge_throughput":1749.27,"quarantined_size":0,"quarantined_pages":0}
[74519:0xb1340c000:0]    23159 ms: GC: {"pause":0.049,"mutator":124.866,"gc":"s","reduce_memory":false,"time_to_safepoint":0,"stack":true,"reason":"allocation failure","collector_reason":"","start_object_size":27064248,"end_object_size":18676152,"start_memory_size":37715968,"end_memory_size":37715968,"start_holes_size":2205768,"end_holes_size":2205768,"pool_local_chunks":0,"pool_shared_chunks":0,"pool_total_chunks":0,"new_space_capacity":8388608,"old_gen_allocation_limit":59683808,"global_allocation_limit":59683904,"allocation_throughput":66956.7,"new_space_allocation_throughput":66956.7,"new_space_survive_rate":0,"allocated":8388096,"promoted":0,"new_space_survived":0,"nodes_died_in_new":0,"nodes_copied_in_new":0,"nodes_promoted":0,"promotion_ratio":0,"average_survival_ratio":0.00109679,"promotion_rate":0,"during_sweeping":false,"heap.prologue":0,"heap.epilogue":0.001,"heap.external.prologue":0,"heap.external.epilogue":0,"heap.external_weak_global_handles":0,"complete.sweep_array_buffers":0,"scavenge":0.04,"scavenge.free_remembered_set":0,"scavenge.roots":0.009,"scavenge.weak":0,"scavenge.weak_global_handles.identify":0,"scavenge.weak_global_handles.process":0,"scavenge.parallel":0,"scavenge.pin_objects_conservative":0,"scavenge.pin_objects_precise":0,"scavenge.restore_pinned":0,"scavenge.sweep_array_buffers":0,"scavenge.resize_new_space":0,"background.scavenge.parallel":0,"incremental.steps_count":0,"incremental.steps_took":0,"scavenge_throughput":1367.01,"quarantined_size":0,"quarantined_pages":0}
[74519:0xb1340c000:0]    23286 ms: GC: {"pause":0.052,"mutator":127.073,"gc":"s","reduce_memory":false,"time_to_safepoint":0,"stack":true,"reason":"allocation failure","collector_reason":"","start_object_size":27064248,"end_object_size":18676152,"start_memory_size":37715968,"end_memory_size":37715968,"start_holes_size":2205768,"end_holes_size":2205768,"pool_local_chunks":0,"pool_shared_chunks":0,"pool_total_chunks":0,"new_space_capacity":8388608,"old_gen_allocation_limit":59683808,"global_allocation_limit":59683904,"allocation_throughput":66402.1,"new_space_allocation_throughput":66402.1,"new_space_survive_rate":0,"allocated":8388096,"promoted":0,"new_space_survived":0,"nodes_died_in_new":0,"nodes_copied_in_new":0,"nodes_promoted":0,"promotion_ratio":0,"average_survival_ratio":0.00109679,"promotion_rate":0,"during_sweeping":false,"heap.prologue":0,"heap.epilogue":0.001,"heap.external.prologue":0,"heap.external.epilogue":0,"heap.external_weak_global_handles":0,"complete.sweep_array_buffers":0,"scavenge":0.042,"scavenge.free_remembered_set":0,"scavenge.roots":0.009,"scavenge.weak":0,"scavenge.weak_global_handles.identify":0,"scavenge.weak_global_handles.process":0,"scavenge.parallel":0,"scavenge.pin_objects_conservative":0,"scavenge.pin_objects_precise":0,"scavenge.restore_pinned":0,"scavenge.sweep_array_buffers":0,"scavenge.resize_new_space":0,"background.scavenge.parallel":0,"incremental.steps_count":0,"incremental.steps_took":0,"scavenge_throughput":1379.31,"quarantined_size":0,"quarantined_pages":0}
[bailout (kind: deopt-eager, reason: Insufficient type feedback for generic named access): begin. deoptimizing 0x039c1aa72421 <JSFunction (sfi = 0x2644176c1ae9)>, 0x1aca9d5f76e1 <Code TURBOFAN_JS>, opt id 203, bytecode offset 837, deopt exit 0, FP to SP delta 304, caller SP 0x00016af75750, pc 0x000127868c8c]
{"mode":"closure","shape":"sequence","elapsedMs":22315.845584,"final":{"suggestions":[],"secondarySpans":[],"diagnostics":[],"liveDepth":0,"maxDepth":0,"src":"text-box:","value":[{"value":"text-box","span":{"start":0,"end":8}},{"value":":","span":{"start":8,"end":9}}],"offset":9,"isError":false,"furthest":0}}
