[marking 0x2424d6892e11 <JSFunction getNewKey (sfi = 0x3fd3cc446ba9)> for optimization to MAGLEV, ConcurrencyMode::kConcurrent, reason: hot and stable]
[compiling method 0x2424d6892e11 <JSFunction getNewKey (sfi = 0x3fd3cc446ba9)> (target MAGLEV), mode: ConcurrencyMode::kConcurrent]
[completed compiling 0x2424d6892e11 <JSFunction getNewKey (sfi = 0x3fd3cc446ba9)> (target MAGLEV) - took 0.002, 0.242, 0.003 ms]
[75261:0xc0d80c000:0]       17 ms: Memory pool: Removed pages: 0, removed large pages: 0
, removed zone reservations: 0
[75261:0xc0d80c000:0]       17 ms: GC: {"pause":0.191,"mutator":12.235,"gc":"s","reduce_memory":false,"time_to_safepoint":0,"stack":true,"reason":"allocation failure","collector_reason":"","start_object_size":1499568,"end_object_size":777008,"start_memory_size":2621440,"end_memory_size":3145728,"start_holes_size":1121696,"end_holes_size":1121696,"pool_local_chunks":0,"pool_shared_chunks":0,"pool_total_chunks":0,"new_space_capacity":1048576,"old_gen_allocation_limit":143131168,"global_allocation_limit":286262336,"allocation_throughput":9965.66,"new_space_allocation_throughput":6968.09,"new_space_survive_rate":26.6603,"allocated":1499568,"promoted":0,"new_space_survived":279536,"nodes_died_in_new":0,"nodes_copied_in_new":18,"nodes_promoted":0,"promotion_ratio":0,"average_survival_ratio":26.6603,"promotion_rate":0,"during_sweeping":false,"heap.prologue":0,"heap.epilogue":0.001,"heap.external.prologue":0,"heap.external.epilogue":0,"heap.external_weak_global_handles":0,"complete.sweep_array_buffers":0,"scavenge":0.18,"scavenge.free_remembered_set":0.001,"scavenge.roots":0.056,"scavenge.weak":0,"scavenge.weak_global_handles.identify":0.001,"scavenge.weak_global_handles.process":0.001,"scavenge.parallel":0,"scavenge.pin_objects_conservative":0,"scavenge.pin_objects_precise":0,"scavenge.restore_pinned":0.001,"scavenge.sweep_array_buffers":0.002,"scavenge.resize_new_space":0,"background.scavenge.parallel":0.271,"incremental.steps_count":0,"incremental.steps_took":0,"scavenge_throughput":1.46354e+06,"quarantined_size":0,"quarantined_pages":0}
[75261:0xc0d80c000:0]       21 ms: GC: {"pause":0.182,"mutator":3.691,"gc":"s","reduce_memory":false,"time_to_safepoint":0,"stack":true,"reason":"allocation failure","collector_reason":"","start_object_size":1928744,"end_object_size":1615632,"start_memory_size":4194304,"end_memory_size":4718592,"start_holes_size":1216760,"end_holes_size":1500080,"pool_local_chunks":0,"pool_shared_chunks":0,"pool_total_chunks":0,"new_space_capacity":1048576,"old_gen_allocation_limit":66179490,"global_allocation_limit":132358981,"allocation_throughput":17595.8,"new_space_allocation_throughput":11736.9,"new_space_survive_rate":42.8348,"allocated":1151736,"promoted":240936,"new_space_survived":449128,"nodes_died_in_new":0,"nodes_copied_in_new":6,"nodes_promoted":20,"promotion_ratio":22.9789,"average_survival_ratio":46.237,"promotion_rate":86.1914,"during_sweeping":false,"heap.prologue":0,"heap.epilogue":0.001,"heap.external.prologue":0,"heap.external.epilogue":0,"heap.external_weak_global_handles":0,"complete.sweep_array_buffers":0,"scavenge":0.171,"scavenge.free_remembered_set":0.001,"scavenge.roots":0.026,"scavenge.weak":0,"scavenge.weak_global_handles.identify":0,"scavenge.weak_global_handles.process":0,"scavenge.parallel":0,"scavenge.pin_objects_conservative":0,"scavenge.pin_objects_precise":0,"scavenge.restore_pinned":0,"scavenge.sweep_array_buffers":0.003,"scavenge.resize_new_space":0,"background.scavenge.parallel":0.28,"incremental.steps_count":0,"incremental.steps_took":0,"scavenge_throughput":2.59946e+06,"quarantined_size":0,"quarantined_pages":0}
[marking 0x225988635071 <JSFunction (sfi = 0x164c359fb19)> for optimization to MAGLEV, ConcurrencyMode::kConcurrent, reason: hot and stable]
[compiling method 0x225988635071 <JSFunction (sfi = 0x164c359fb19)> (target MAGLEV), mode: ConcurrencyMode::kConcurrent]
[completed compiling 0x225988635071 <JSFunction (sfi = 0x164c359fb19)> (target MAGLEV) - took 0.001, 0.117, 0.003 ms]
[75261:0xc0d80c000:0]       31 ms: GC: {"pause":0.207,"mutator":9.759,"gc":"s","reduce_memory":false,"time_to_safepoint":0,"stack":true,"reason":"allocation failure","collector_reason":"","start_object_size":3082664,"end_object_size":2830808,"start_memory_size":5128192,"end_memory_size":5914624,"start_holes_size":980312,"end_holes_size":1318776,"pool_local_chunks":0,"pool_shared_chunks":0,"pool_total_chunks":0,"new_space_capacity":2097152,"old_gen_allocation_limit":36067377,"global_allocation_limit":72134755,"allocation_throughput":27892,"new_space_allocation_throughput":14682.5,"new_space_survive_rate":28.3045,"allocated":1467032,"promoted":447920,"new_space_survived":296776,"nodes_died_in_new":0,"nodes_copied_in_new":13,"nodes_promoted":11,"promotion_ratio":42.7196,"average_survival_ratio":54.4993,"promotion_rate":99.731,"during_sweeping":false,"heap.prologue":0,"heap.epilogue":0.001,"heap.external.prologue":0,"heap.external.epilogue":0,"heap.external_weak_global_handles":0,"complete.sweep_array_buffers":0,"scavenge":0.197,"scavenge.free_remembered_set":0.002,"scavenge.roots":0.017,"scavenge.weak":0,"scavenge.weak_global_handles.identify":0.001,"scavenge.weak_global_handles.process":0.001,"scavenge.parallel":0,"scavenge.pin_objects_conservative":0,"scavenge.pin_objects_precise":0,"scavenge.restore_pinned":0,"scavenge.sweep_array_buffers":0.003,"scavenge.resize_new_space":0,"background.scavenge.parallel":0.334,"incremental.steps_count":0,"incremental.steps_took":0,"scavenge_throughput":2.95568e+06,"quarantined_size":0,"quarantined_pages":0}
[marking 0x3d368e3d78e1 <JSFunction next (sfi = 0x3fd3cc4497c1)> for optimization to MAGLEV, ConcurrencyMode::kConcurrent, reason: hot and stable]
[compiling method 0x3d368e3d78e1 <JSFunction next (sfi = 0x3fd3cc4497c1)> (target MAGLEV), mode: ConcurrencyMode::kConcurrent]
[completed compiling 0x3d368e3d78e1 <JSFunction next (sfi = 0x3fd3cc4497c1)> (target MAGLEV) - took 0.000, 0.082, 0.002 ms]
[bailout (kind: deopt-eager, reason: wrong map): begin. deoptimizing 0x3d368e3d6459 <JSFunction next (sfi = 0x3fd3cc4497c1)>, 0x3cd6b7dc1f11 <Code MAGLEV>, opt id 2, bytecode offset 3, deopt exit 0, FP to SP delta 32, caller SP 0x00016d129a28, pc 0x0001196c53b4]
[marking 0x1db1f444bb61 <JSFunction isPosixPathSeparator (sfi = 0x1fd1b59b99c9)> for optimization to MAGLEV, ConcurrencyMode::kConcurrent, reason: hot and stable]
[compiling method 0x1db1f444bb61 <JSFunction isPosixPathSeparator (sfi = 0x1fd1b59b99c9)> (target MAGLEV), mode: ConcurrencyMode::kConcurrent]
[completed compiling 0x1db1f444bb61 <JSFunction isPosixPathSeparator (sfi = 0x1fd1b59b99c9)> (target MAGLEV) - took 0.001, 0.057, 0.001 ms]
[marking 0x1db1f444bc41 <JSFunction normalizeString (sfi = 0x1fd1b59b9aa1)> for optimization to MAGLEV, ConcurrencyMode::kConcurrent, reason: hot and stable]
[compiling method 0x1db1f444bc41 <JSFunction normalizeString (sfi = 0x1fd1b59b9aa1)> (target MAGLEV), mode: ConcurrencyMode::kConcurrent]
[completed compiling 0x1db1f444bc41 <JSFunction normalizeString (sfi = 0x1fd1b59b9aa1)> (target MAGLEV) - took 0.000, 0.262, 0.001 ms]
[marking 0x1db1f4442ec1 <JSFunction getPathFromURLPosix (sfi = 0x28df487466b1)> for optimization to MAGLEV, ConcurrencyMode::kConcurrent, reason: hot and stable]
[compiling method 0x1db1f4442ec1 <JSFunction getPathFromURLPosix (sfi = 0x28df487466b1)> (target MAGLEV), mode: ConcurrencyMode::kConcurrent]
[completed compiling 0x1db1f4442ec1 <JSFunction getPathFromURLPosix (sfi = 0x28df487466b1)> (target MAGLEV) - took 0.001, 0.160, 0.002 ms]
[marking 0x0164c35bf709 <JSFunction requireBuiltin (sfi = 0x3fd3cc45e749)> for optimization to MAGLEV, ConcurrencyMode::kConcurrent, reason: hot and stable]
[compiling method 0x0164c35bf709 <JSFunction requireBuiltin (sfi = 0x3fd3cc45e749)> (target MAGLEV), mode: ConcurrencyMode::kConcurrent]
[completed compiling 0x0164c35bf709 <JSFunction requireBuiltin (sfi = 0x3fd3cc45e749)> (target MAGLEV) - took 0.000, 0.149, 0.004 ms]
[75261:0xc0d80c000:0]       81 ms: GC: {"pause":0.305,"mutator":50.166,"gc":"s","reduce_memory":false,"time_to_safepoint":0,"stack":true,"reason":"allocation failure","collector_reason":"","start_object_size":8426712,"end_object_size":7460000,"start_memory_size":10321920,"end_memory_size":11108352,"start_holes_size":811936,"end_holes_size":1311776,"pool_local_chunks":0,"pool_shared_chunks":0,"pool_total_chunks":0,"new_space_capacity":2097152,"old_gen_allocation_limit":19617365,"global_allocation_limit":39234732,"allocation_throughput":54091.8,"new_space_allocation_throughput":20605.7,"new_space_survive_rate":33.9437,"allocated":5595904,"promoted":456072,"new_space_survived":769352,"nodes_died_in_new":0,"nodes_copied_in_new":40,"nodes_promoted":23,"promotion_ratio":20.1218,"average_survival_ratio":54.3909,"promotion_rate":153.675,"during_sweeping":false,"heap.prologue":0,"heap.epilogue":0,"heap.external.prologue":0,"heap.external.epilogue":0,"heap.external_weak_global_handles":0,"complete.sweep_array_buffers":0,"scavenge":0.294,"scavenge.free_remembered_set":0.003,"scavenge.roots":0.044,"scavenge.weak":0,"scavenge.weak_global_handles.identify":0,"scavenge.weak_global_handles.process":0.001,"scavenge.parallel":0,"scavenge.pin_objects_conservative":0,"scavenge.pin_objects_precise":0,"scavenge.restore_pinned":0,"scavenge.sweep_array_buffers":0.002,"scavenge.resize_new_space":0,"background.scavenge.parallel":0.672,"incremental.steps_count":0,"incremental.steps_took":0,"scavenge_throughput":3.32172e+06,"quarantined_size":0,"quarantined_pages":0}
[marking 0x3d368e3d81f9 <JSFunction getOwn (sfi = 0x3fd3cc45e8f9)> for optimization to MAGLEV, ConcurrencyMode::kConcurrent, reason: hot and stable]
[compiling method 0x3d368e3d81f9 <JSFunction getOwn (sfi = 0x3fd3cc45e8f9)> (target MAGLEV), mode: ConcurrencyMode::kConcurrent]
[completed compiling 0x3d368e3d81f9 <JSFunction getOwn (sfi = 0x3fd3cc45e8f9)> (target MAGLEV) - took 0.001, 0.078, 0.002 ms]
[marking 0x3d368e3d5e11 <JSFunction syncExports (sfi = 0x3fd3cc45ede1)> for optimization to MAGLEV, ConcurrencyMode::kConcurrent, reason: hot and stable]
[compiling method 0x3d368e3d5e11 <JSFunction syncExports (sfi = 0x3fd3cc45ede1)> (target MAGLEV), mode: ConcurrencyMode::kConcurrent]
[completed compiling 0x3d368e3d5e11 <JSFunction syncExports (sfi = 0x3fd3cc45ede1)> (target MAGLEV) - took 0.000, 0.209, 0.004 ms]
[75261:0xc0d80c000:0]       96 ms: GC: {"pause":0.299,"mutator":14.312,"gc":"s","reduce_memory":false,"time_to_safepoint":0,"stack":true,"reason":"allocation failure","collector_reason":"","start_object_size":9691880,"end_object_size":9063552,"start_memory_size":12943360,"end_memory_size":13729792,"start_holes_size":1119536,"end_holes_size":1164576,"pool_local_chunks":0,"pool_shared_chunks":0,"pool_total_chunks":0,"new_space_capacity":4194304,"old_gen_allocation_limit":16724960,"global_allocation_limit":22260225,"allocation_throughput":66720.1,"new_space_allocation_throughput":26929.5,"new_space_survive_rate":30.7644,"allocated":2231880,"promoted":741344,"new_space_survived":645136,"nodes_died_in_new":0,"nodes_copied_in_new":24,"nodes_promoted":43,"promotion_ratio":35.3522,"average_survival_ratio":56.736,"promotion_rate":96.3595,"during_sweeping":false,"heap.prologue":0,"heap.epilogue":0,"heap.external.prologue":0,"heap.external.epilogue":0,"heap.external_weak_global_handles":0,"complete.sweep_array_buffers":0,"scavenge":0.292,"scavenge.free_remembered_set":0.007,"scavenge.roots":0.028,"scavenge.weak":0,"scavenge.weak_global_handles.identify":0,"scavenge.weak_global_handles.process":0.001,"scavenge.parallel":0,"scavenge.pin_objects_conservative":0,"scavenge.pin_objects_precise":0,"scavenge.restore_pinned":0,"scavenge.sweep_array_buffers":0.003,"scavenge.resize_new_space":0,"background.scavenge.parallel":0.737,"incremental.steps_count":0,"incremental.steps_took":0,"scavenge_throughput":3.65389e+06,"quarantined_size":0,"quarantined_pages":0}
[marking 0x125ff2b01bf9 <JSFunction (sfi = 0x164c35b0bd9)> for optimization to MAGLEV, ConcurrencyMode::kConcurrent, reason: hot and stable]
[compiling method 0x125ff2b01bf9 <JSFunction (sfi = 0x164c35b0bd9)> (target MAGLEV), mode: ConcurrencyMode::kConcurrent]
[completed compiling 0x125ff2b01bf9 <JSFunction (sfi = 0x164c35b0bd9)> (target MAGLEV) - took 0.000, 0.035, 0.000 ms]
[bailout (kind: deopt-eager, reason: wrong map): begin. deoptimizing 0x0164c35bf709 <JSFunction requireBuiltin (sfi = 0x3fd3cc45e749)>, 0x098e33242cf9 <Code MAGLEV>, opt id 6, bytecode offset 4, deopt exit 0, FP to SP delta 32, caller SP 0x00016d1259e0, pc 0x0001196e4f6c]
[marking 0x378eeaebbcc9 <JSFunction _TstNode (sfi = 0x18472d42bd41)> for optimization to MAGLEV, ConcurrencyMode::kConcurrent, reason: hot and stable]
[compiling method 0x378eeaebbcc9 <JSFunction _TstNode (sfi = 0x18472d42bd41)> (target MAGLEV), mode: ConcurrencyMode::kConcurrent]
[marking 0x378eeaebbad9 <JSFunction _TstNode (sfi = 0x18472d42bc69)> for optimization to MAGLEV, ConcurrencyMode::kConcurrent, reason: hot and stable]
[compiling method 0x378eeaebbad9 <JSFunction _TstNode (sfi = 0x18472d42bc69)> (target MAGLEV), mode: ConcurrencyMode::kConcurrent]
[aborted compiling 0x378eeaebbcc9 <JSFunction _TstNode (sfi = 0x18472d42bd41)> (target MAGLEV) because: Bailed out due to dependency change]
[marking 0x378eeaebbb19 <JSFunction add (sfi = 0x18472d42bcb1)> for optimization to MAGLEV, ConcurrencyMode::kConcurrent, reason: hot and stable]
[compiling method 0x378eeaebbb19 <JSFunction add (sfi = 0x18472d42bcb1)> (target MAGLEV), mode: ConcurrencyMode::kConcurrent]
[completed compiling 0x378eeaebbad9 <JSFunction _TstNode (sfi = 0x18472d42bc69)> (target MAGLEV) - took 0.000, 0.136, 0.004 ms]
[completed compiling 0x378eeaebbb19 <JSFunction add (sfi = 0x18472d42bcb1)> (target MAGLEV) - took 0.000, 0.272, 0.003 ms]
[bailout (kind: deopt-lazy, reason: (unknown)): begin. deoptimizing 0x0164c35bf709 <JSFunction requireBuiltin (sfi = 0x3fd3cc45e749)>, 0x098e33242cf9 <Code MAGLEV>, opt id 6, bytecode offset 72, deopt exit 4, FP to SP delta 32, caller SP 0x00016d126170, pc 0x0001196e4f7c]
[marking 0x125ff2b00321 <JSFunction #ensureSearchParamsUpdated (sfi = 0x28df48747149)> for optimization to MAGLEV, ConcurrencyMode::kConcurrent, reason: hot and stable]
[compiling method 0x125ff2b00321 <JSFunction #ensureSearchParamsUpdated (sfi = 0x28df48747149)> (target MAGLEV), mode: ConcurrencyMode::kConcurrent]
[completed compiling 0x125ff2b00321 <JSFunction #ensureSearchParamsUpdated (sfi = 0x28df48747149)> (target MAGLEV) - took 0.000, 0.098, 0.004 ms]
[marking 0x125ff2b00479 <JSFunction get protocol (sfi = 0x28df48747441)> for optimization to MAGLEV, ConcurrencyMode::kConcurrent, reason: hot and stable]
[compiling method 0x125ff2b00479 <JSFunction get protocol (sfi = 0x28df48747441)> (target MAGLEV), mode: ConcurrencyMode::kConcurrent]
[completed compiling 0x125ff2b00479 <JSFunction get protocol (sfi = 0x28df48747441)> (target MAGLEV) - took 0.000, 0.055, 0.002 ms]
[marking 0x3a6a3ab80129 <JSFunction assert (sfi = 0x3fd3cc47a089)> for optimization to MAGLEV, ConcurrencyMode::kConcurrent, reason: hot and stable]
[compiling method 0x3a6a3ab80129 <JSFunction assert (sfi = 0x3fd3cc47a089)> (target MAGLEV), mode: ConcurrencyMode::kConcurrent]
[completed compiling 0x3a6a3ab80129 <JSFunction assert (sfi = 0x3fd3cc47a089)> (target MAGLEV) - took 0.000, 0.027, 0.001 ms]
[marking 0x125ff2b00441 <JSFunction get href (sfi = 0x28df48747311)> for optimization to MAGLEV, ConcurrencyMode::kConcurrent, reason: hot and stable]
[compiling method 0x125ff2b00441 <JSFunction get href (sfi = 0x28df48747311)> (target MAGLEV), mode: ConcurrencyMode::kConcurrent]
[marking 0x125ff2b00409 <JSFunction #updateContext (sfi = 0x28df48747191)> for optimization to MAGLEV, ConcurrencyMode::kConcurrent, reason: hot and stable]
[compiling method 0x125ff2b00409 <JSFunction #updateContext (sfi = 0x28df48747191)> (target MAGLEV), mode: ConcurrencyMode::kConcurrent]
[completed compiling 0x125ff2b00441 <JSFunction get href (sfi = 0x28df48747311)> (target MAGLEV) - took 0.000, 0.055, 0.002 ms]
[completed compiling 0x125ff2b00409 <JSFunction #updateContext (sfi = 0x28df48747191)> (target MAGLEV) - took 0.000, 0.115, 0.004 ms]
[marking 0x125ff2b00359 <JSFunction URLContext (sfi = 0x28df48746a29)> for optimization to MAGLEV, ConcurrencyMode::kConcurrent, reason: hot and stable]
[marking 0x125ff2b001c1 <JSFunction URLContext (sfi = 0x28df487468a9)> for optimization to MAGLEV, ConcurrencyMode::kConcurrent, reason: hot and stable]
[marking 0x125ff2b00391 <JSFunction URL (sfi = 0x28df48747c39)> for optimization to MAGLEV, ConcurrencyMode::kConcurrent, reason: hot and stable]
[marking 0x125ff2b003c9 <JSFunction markTransferMode (sfi = 0x1fd1b5995239)> for optimization to MAGLEV, ConcurrencyMode::kConcurrent, reason: hot and stable]
[compiling method 0x125ff2b00391 <JSFunction URL (sfi = 0x28df48747c39)> (target MAGLEV), mode: ConcurrencyMode::kConcurrent]
[compiling method 0x125ff2b001c1 <JSFunction URLContext (sfi = 0x28df487468a9)> (target MAGLEV), mode: ConcurrencyMode::kConcurrent]
[compiling method 0x125ff2b00359 <JSFunction URLContext (sfi = 0x28df48746a29)> (target MAGLEV), mode: ConcurrencyMode::kConcurrent]
[compiling method 0x125ff2b003c9 <JSFunction markTransferMode (sfi = 0x1fd1b5995239)> (target MAGLEV), mode: ConcurrencyMode::kConcurrent]
[marking 0x125ff2b00169 <JSFunction URL (sfi = 0x28df487471d9)> for optimization to MAGLEV, ConcurrencyMode::kConcurrent, reason: hot and stable]
[completed compiling 0x125ff2b00391 <JSFunction URL (sfi = 0x28df48747c39)> (target MAGLEV) - took 0.000, 0.130, 0.007 ms]
[completed compiling 0x125ff2b001c1 <JSFunction URLContext (sfi = 0x28df487468a9)> (target MAGLEV) - took 0.000, 0.125, 0.002 ms]
[completed compiling 0x125ff2b00359 <JSFunction URLContext (sfi = 0x28df48746a29)> (target MAGLEV) - took 0.000, 0.050, 0.002 ms]
[completed compiling 0x125ff2b003c9 <JSFunction markTransferMode (sfi = 0x1fd1b5995239)> (target MAGLEV) - took 0.000, 0.048, 0.000 ms]
[compiling method 0x125ff2b00169 <JSFunction URL (sfi = 0x28df487471d9)> (target MAGLEV), mode: ConcurrencyMode::kConcurrent]
[completed compiling 0x125ff2b00169 <JSFunction URL (sfi = 0x28df487471d9)> (target MAGLEV) - took 0.000, 0.186, 0.002 ms]
[marking 0x125ff2b00b39 <JSFunction noop (sfi = 0x39b16171fdb1)> for optimization to MAGLEV, ConcurrencyMode::kConcurrent, reason: hot and stable]
[compiling method 0x125ff2b00b39 <JSFunction noop (sfi = 0x39b16171fdb1)> (target MAGLEV), mode: ConcurrencyMode::kConcurrent]
[completed compiling 0x125ff2b00b39 <JSFunction noop (sfi = 0x39b16171fdb1)> (target MAGLEV) - took 0.000, 0.013, 0.000 ms]
[marking 0x2f5c2d510131 <JSFunction isFileType (sfi = 0x3a6a3ab95de9)> for optimization to MAGLEV, ConcurrencyMode::kConcurrent, reason: hot and stable]
[compiling method 0x2f5c2d510131 <JSFunction isFileType (sfi = 0x3a6a3ab95de9)> (target MAGLEV), mode: ConcurrencyMode::kConcurrent]
[completed compiling 0x2f5c2d510131 <JSFunction isFileType (sfi = 0x3a6a3ab95de9)> (target MAGLEV) - took 0.000, 0.088, 0.001 ms]
[marking 0x125ff2b000d1 <JSFunction wrappedFn (sfi = 0x164c3580759)> for optimization to MAGLEV, ConcurrencyMode::kConcurrent, reason: hot and stable]
[compiling method 0x2f5c2d50ff31 <JSFunction wrappedFn (sfi = 0x164c3580759)> (target MAGLEV), mode: ConcurrencyMode::kConcurrent]
[completed compiling 0x2f5c2d50ff31 <JSFunction wrappedFn (sfi = 0x164c3580759)> (target MAGLEV) - took 0.000, 0.078, 0.003 ms]
[marking 0x2eafb73d4cb1 <JSFunction Module._nodeModulePaths (sfi = 0x2eafb73c8411)> for optimization to MAGLEV, ConcurrencyMode::kConcurrent, reason: hot and stable]
[compiling method 0x2eafb73d4cb1 <JSFunction Module._nodeModulePaths (sfi = 0x2eafb73c8411)> (target MAGLEV), mode: ConcurrencyMode::kConcurrent]
[completed compiling 0x2eafb73d4cb1 <JSFunction Module._nodeModulePaths (sfi = 0x2eafb73c8411)> (target MAGLEV) - took 0.000, 0.228, 0.003 ms]
[75261:0xc0d80c000:0]      151 ms: GC: {"pause":0.308,"mutator":54.833,"gc":"s","reduce_memory":false,"time_to_safepoint":0,"stack":true,"reason":"allocation failure","collector_reason":"","start_object_size":15129200,"end_object_size":13187640,"start_memory_size":18481152,"end_memory_size":20054016,"start_holes_size":1205016,"end_holes_size":2141400,"pool_local_chunks":0,"pool_shared_chunks":0,"pool_total_chunks":0,"new_space_capacity":4194304,"old_gen_allocation_limit":16724960,"global_allocation_limit":20089336,"allocation_throughput":84875.3,"new_space_allocation_throughput":38404.8,"new_space_survive_rate":35.4268,"allocated":6065648,"promoted":636384,"new_space_survived":1485816,"nodes_died_in_new":0,"nodes_copied_in_new":45,"nodes_promoted":70,"promotion_ratio":15.1735,"average_survival_ratio":55.7134,"promotion_rate":98.6434,"during_sweeping":false,"heap.prologue":0,"heap.epilogue":0.001,"heap.external.prologue":0,"heap.external.epilogue":0,"heap.external_weak_global_handles":0,"complete.sweep_array_buffers":0,"scavenge":0.299,"scavenge.free_remembered_set":0.005,"scavenge.roots":0.034,"scavenge.weak":0,"scavenge.weak_global_handles.identify":0,"scavenge.weak_global_handles.process":0.001,"scavenge.parallel":0.206,"scavenge.pin_objects_conservative":0,"scavenge.pin_objects_precise":0,"scavenge.restore_pinned":0,"scavenge.sweep_array_buffers":0.002,"scavenge.resize_new_space":0,"background.scavenge.parallel":0.938,"incremental.steps_count":0,"incremental.steps_took":0,"scavenge_throughput":4.32198e+06,"quarantined_size":0,"quarantined_pages":0}
[marking 0x2424d6884081 <JSFunction __copyProps (sfi = 0x297b42f6d901)> for optimization to MAGLEV, ConcurrencyMode::kConcurrent, reason: hot and stable]
[marking 0x0bd4ee74f741 <JSFunction get hasSubscribers (sfi = 0x1fd1b599e929)> for optimization to MAGLEV, ConcurrencyMode::kConcurrent, reason: hot and stable]
[compiling method 0x2424d6884081 <JSFunction __copyProps (sfi = 0x297b42f6d901)> (target MAGLEV), mode: ConcurrencyMode::kConcurrent]
[compiling method 0x0bd4ee74f741 <JSFunction get hasSubscribers (sfi = 0x1fd1b599e929)> (target MAGLEV), mode: ConcurrencyMode::kConcurrent]
[completed compiling 0x0bd4ee74f741 <JSFunction get hasSubscribers (sfi = 0x1fd1b599e929)> (target MAGLEV) - took 0.000, 0.027, 0.000 ms]
[completed compiling 0x2424d6884081 <JSFunction __copyProps (sfi = 0x297b42f6d901)> (target MAGLEV) - took 0.000, 0.286, 0.003 ms]
[marking 0x125ff2b00111 <JSFunction normalizeString (sfi = 0x1fd1b59b9aa1)> for optimization to TURBOFAN_JS, ConcurrencyMode::kConcurrent, reason: hot and stable]
[compiling method 0x125ff2b00111 <JSFunction normalizeString (sfi = 0x1fd1b59b9aa1)> (target TURBOFAN_JS), mode: ConcurrencyMode::kConcurrent]
[completed compiling 0x125ff2b00111 <JSFunction normalizeString (sfi = 0x1fd1b59b9aa1)> (target TURBOFAN_JS) - took 0.016, 1.637, 0.006 ms]
[completed optimizing 0x125ff2b00111 <JSFunction normalizeString (sfi = 0x1fd1b59b9aa1)> (target TURBOFAN_JS)]
[bailout (kind: deopt-eager, reason: Insufficient type feedback for compare operation): begin. deoptimizing 0x125ff2b00111 <JSFunction normalizeString (sfi = 0x1fd1b59b9aa1)>, 0x1ad89a139149 <Code TURBOFAN_JS>, opt id 29, bytecode offset 266, deopt exit 8, FP to SP delta 96, caller SP 0x00016d129638, pc 0x00011973787c]
[marking 0x125ff2b00111 <JSFunction normalizeString (sfi = 0x1fd1b59b9aa1)> for optimization to MAGLEV, ConcurrencyMode::kConcurrent, reason: hot and stable]
[compiling method 0x125ff2b00111 <JSFunction normalizeString (sfi = 0x1fd1b59b9aa1)> (target MAGLEV), mode: ConcurrencyMode::kConcurrent]
[completed compiling 0x125ff2b00111 <JSFunction normalizeString (sfi = 0x1fd1b59b9aa1)> (target MAGLEV) - took 0.000, 0.400, 0.002 ms]
[75261:0xc0d80c000:0]      178 ms: GC: {"pause":0.396,"mutator":27.019,"gc":"s","reduce_memory":false,"time_to_safepoint":0,"stack":true,"reason":"allocation failure","collector_reason":"","start_object_size":16491864,"end_object_size":15219048,"start_memory_size":21807104,"end_memory_size":23642112,"start_holes_size":887152,"end_holes_size":1268360,"pool_local_chunks":0,"pool_shared_chunks":0,"pool_total_chunks":0,"new_space_capacity":8388608,"old_gen_allocation_limit":16724960,"global_allocation_limit":20089336,"allocation_throughput":95287.9,"new_space_allocation_throughput":43664.7,"new_space_survive_rate":19.9419,"allocated":3304224,"promoted":1453688,"new_space_survived":695160,"nodes_died_in_new":2,"nodes_copied_in_new":13,"nodes_promoted":51,"promotion_ratio":41.7017,"average_survival_ratio":56.5606,"promotion_rate":97.8377,"during_sweeping":false,"heap.prologue":0,"heap.epilogue":0,"heap.external.prologue":0,"heap.external.epilogue":0,"heap.external_weak_global_handles":0.003,"complete.sweep_array_buffers":0,"scavenge":0.377,"scavenge.free_remembered_set":0.01,"scavenge.roots":0.007,"scavenge.weak":0,"scavenge.weak_global_handles.identify":0.001,"scavenge.weak_global_handles.process":0.001,"scavenge.parallel":0.28,"scavenge.pin_objects_conservative":0,"scavenge.pin_objects_precise":0,"scavenge.restore_pinned":0.001,"scavenge.sweep_array_buffers":0.002,"scavenge.resize_new_space":0,"background.scavenge.parallel":1.165,"incremental.steps_count":0,"incremental.steps_took":0,"scavenge_throughput":4.55363e+06,"quarantined_size":0,"quarantined_pages":0}
[bailout (kind: deopt-eager, reason: Insufficient type feedback for binary operation): begin. deoptimizing 0x125ff2b003c9 <JSFunction markTransferMode (sfi = 0x1fd1b5995239)>, 0x2cacd4f00519 <Code MAGLEV>, opt id 21, bytecode offset 69, deopt exit 1, FP to SP delta 32, caller SP 0x00016d121560, pc 0x000119740970]
[75261:0xc0d80c000:0]      183 ms: GC: {"pause":0.871,"mutator":4.022,"gc":"mc","reduce_memory":false,"time_to_safepoint":0,"stack":false,"reason":"finalize incremental marking via task","collector_reason":"GC in old space requested","start_object_size":15472592,"end_object_size":12828760,"start_memory_size":23904256,"end_memory_size":22708224,"start_holes_size":589360,"end_holes_size":66408,"pool_local_chunks":4,"pool_shared_chunks":0,"pool_total_chunks":4,"new_space_capacity":8388608,"old_gen_allocation_limit":17284193,"global_allocation_limit":20089336,"allocation_throughput":104338,"new_space_allocation_throughput":43208.1,"new_space_survive_rate":0,"allocated":253544,"promoted":728080,"new_space_survived":0,"nodes_died_in_new":23,"nodes_copied_in_new":0,"nodes_promoted":0,"promotion_ratio":83.8531,"average_survival_ratio":59.9721,"promotion_rate":104.736,"heap.prologue":0,"heap.embedder_tracing_epilogue":0.015,"heap.epilogue":0.001,"heap.external.prologue":0,"heap.external.epilogue":0,"heap.external.weak_global_handles":0,"clear":0.165,"clear.external_string_table":0.002,"clear.string_forwarding_table":0.001,"clear.weak_global_handles":0.012,"clear.dependent_code":0,"clear.maps":0.026,"clear.slots_buffer":0,"clear.weak_collections":0.003,"clear.weak_lists":0.01,"clear.weak_references_trivial":0.045,"clear.weak_references_non_trivial":0.019,"clear.js_weak_references":0.002,"clear.join_filter_job":0,"clear.join_job":0.137,"weakness_handling":0,"complete.sweep_array_buffers":0,"complete.sweeping":0,"epilogue":0,"evacuate":0.59,"evacuate.pin_pages":0,"evacuate.candidates":0,"evacuate.clean_up":0.001,"evacuate.copy":0.266,"evacuate.prologue":0.003,"evacuate.epilogue":0.006,"evacuate.rebalance":0,"evacuate.update_pointers":0.314,"evacuate.update_pointers.to_new_roots":0.229,"evacuate.update_pointers.slots.main":0.064,"evacuate.update_pointers.weak":0.001,"finish":0.033,"finish.sweep_array_buffers":0.003,"mark":0.031,"mark.finish_incremental":0.001,"mark.roots":0.017,"mark.full_closure_parallel":0.013,"mark.full_closure":0,"mark.ephemeron.marking":0.006,"mark.ephemeron.linear":0,"mark.embedder_prologue":0.01,"mark.embedder_tracing":0,"prologue":0.007,"sweep":0.011,"sweep.code":0,"sweep.map":0,"sweep.new":0,"sweep.new_lo":0,"sweep.old":0.006,"sweep.start_jobs":0.007,"is_incremental":true,"incremental":0.08,"incremental.finalize.external.prologue":0,"incremental.finalize.external.epilogue":0,"incremental.layout_change":0,"incremental.sweep_array_buffers":0.041,"incremental.sweeping":0,"incremental.embedder_tracing":0.006,"incremental_wrapper_tracing_longest_step":0.002,"incremental_longest_step":0.045,"incremental_steps_count":8,"incremental_marking_throughput":1.23258e+06,"incremental_walltime_duration":4.844,"background.mark":9.147,"background.sweep":0.061,"background.evacuate.copy":0.241,"background.evacuate.update_pointers":0.12,"conservative_stack_scanning":0,"compaction_speed":2.17416e+06}
[marking dependent code 0x1a38a67c23a9 <Code MAGLEV> (0x28df48747191 <SharedFunctionInfo #updateContext>) (opt id 17) for deoptimization, reason: dependent prototype chain changed]
[marking 0x31192993d4b1 <JSFunction addUneditedChunk (sfi = 0xe8f256cc69)> for optimization to MAGLEV, ConcurrencyMode::kConcurrent, reason: hot and stable]
[marking 0x311929907449 <JSFunction write (sfi = 0xe8f256b4f9)> for optimization to MAGLEV, ConcurrencyMode::kConcurrent, reason: hot and stable]
[compiling method 0x311929907449 <JSFunction write (sfi = 0xe8f256b4f9)> (target MAGLEV), mode: ConcurrencyMode::kConcurrent]
[marking 0x222109ab04e9 <JSFunction encodeInteger (sfi = 0xe8f255c779)> for optimization to MAGLEV, ConcurrencyMode::kConcurrent, reason: hot and stable]
[compiling method 0x222109ab04e9 <JSFunction encodeInteger (sfi = 0xe8f255c779)> (target MAGLEV), mode: ConcurrencyMode::kConcurrent]
[completed compiling 0x311929907449 <JSFunction write (sfi = 0xe8f256b4f9)> (target MAGLEV) - took 0.000, 0.104, 0.002 ms]
[completed compiling 0x222109ab04e9 <JSFunction encodeInteger (sfi = 0xe8f255c779)> (target MAGLEV) - took 0.000, 0.169, 0.001 ms]
[marking 0x125ff2b00409 <JSFunction #updateContext (sfi = 0x28df48747191)> for optimization to MAGLEV, ConcurrencyMode::kConcurrent, reason: hot and stable]
[compiling method 0x125ff2b00409 <JSFunction #updateContext (sfi = 0x28df48747191)> (target MAGLEV), mode: ConcurrencyMode::kConcurrent]
[completed compiling 0x125ff2b00409 <JSFunction #updateContext (sfi = 0x28df48747191)> (target MAGLEV) - took 0.000, 0.110, 0.004 ms]
[marking 0x1abc77b50039 <JSFunction nextPart (sfi = 0x3a6a3ab97f39)> for optimization to MAGLEV, ConcurrencyMode::kConcurrent, reason: hot and stable]
[compiling method 0x1abc77b50039 <JSFunction nextPart (sfi = 0x3a6a3ab97f39)> (target MAGLEV), mode: ConcurrencyMode::kConcurrent]
[completed compiling 0x1abc77b50039 <JSFunction nextPart (sfi = 0x3a6a3ab97f39)> (target MAGLEV) - took 0.000, 0.070, 0.001 ms]
[marking 0x222109ab72f1 <JSFunction B (sfi = 0xe8f2562431)> for optimization to MAGLEV, ConcurrencyMode::kConcurrent, reason: hot and stable]
[compiling method 0x222109ab72f1 <JSFunction B (sfi = 0xe8f2562431)> (target MAGLEV) OSR, mode: ConcurrencyMode::kConcurrent]
[completed compiling 0x222109ab72f1 <JSFunction B (sfi = 0xe8f2562431)> (target MAGLEV) OSR - took 0.001, 0.128, 0.003 ms]
[marking 0x1123afb95661 <JSFunction visit (sfi = 0xe8f256ffa1)> for optimization to MAGLEV, ConcurrencyMode::kConcurrent, reason: hot and stable]
[compiling method 0x1123afb95661 <JSFunction visit (sfi = 0xe8f256ffa1)> (target MAGLEV), mode: ConcurrencyMode::kConcurrent]
[marking 0x2006675c3741 <JSFunction (sfi = 0x325b19beb9a9)> for optimization to MAGLEV, ConcurrencyMode::kConcurrent, reason: hot and stable]
[compiling method 0x2006675c3741 <JSFunction (sfi = 0x325b19beb9a9)> (target MAGLEV), mode: ConcurrencyMode::kConcurrent]
[completed compiling 0x2006675c3741 <JSFunction (sfi = 0x325b19beb9a9)> (target MAGLEV) - took 0.000, 0.074, 0.003 ms]
[completed compiling 0x1123afb95661 <JSFunction visit (sfi = 0xe8f256ffa1)> (target MAGLEV) - took 0.000, 0.362, 0.006 ms]
[marking 0x31192993d4b1 <JSFunction addUneditedChunk (sfi = 0xe8f256cc69)> for optimization to MAGLEV, ConcurrencyMode::kConcurrent, reason: hot and stable]
[compiling method 0x31192993d4b1 <JSFunction addUneditedChunk (sfi = 0xe8f256cc69)> (target MAGLEV), mode: ConcurrencyMode::kConcurrent]
[marking 0x222109ab0719 <JSFunction encode$1 (sfi = 0xe8f255c8e1)> for optimization to MAGLEV, ConcurrencyMode::kConcurrent, reason: hot and stable]
[completed compiling 0x31192993d4b1 <JSFunction addUneditedChunk (sfi = 0xe8f256cc69)> (target MAGLEV) - took 0.000, 0.392, 0.006 ms]
[marking 0x3119299073a1 <JSFunction next (sfi = 0xe8f256b5d1)> for optimization to MAGLEV, ConcurrencyMode::kConcurrent, reason: hot and stable]
[compiling method 0x3119299073a1 <JSFunction next (sfi = 0xe8f256b5d1)> (target MAGLEV), mode: ConcurrencyMode::kConcurrent]
[marking 0x222109ab04a9 <JSFunction decodeInteger (sfi = 0xe8f255c731)> for optimization to MAGLEV, ConcurrencyMode::kConcurrent, reason: hot and stable]
[compiling method 0x222109ab04a9 <JSFunction decodeInteger (sfi = 0xe8f255c731)> (target MAGLEV), mode: ConcurrencyMode::kConcurrent]
[completed compiling 0x3119299073a1 <JSFunction next (sfi = 0xe8f256b5d1)> (target MAGLEV) - took 0.000, 0.040, 0.006 ms]
[marking 0x222109ab0529 <JSFunction hasMoreVlq (sfi = 0xe8f255c7c1)> for optimization to MAGLEV, ConcurrencyMode::kConcurrent, reason: hot and stable]
[compiling method 0x222109ab0529 <JSFunction hasMoreVlq (sfi = 0xe8f255c7c1)> (target MAGLEV), mode: ConcurrencyMode::kConcurrent]
[marking 0x3119299073d9 <JSFunction peek (sfi = 0xe8f256b619)> for optimization to MAGLEV, ConcurrencyMode::kConcurrent, reason: hot and stable]
[completed compiling 0x222109ab0529 <JSFunction hasMoreVlq (sfi = 0xe8f255c7c1)> (target MAGLEV) - took 0.000, 0.139, 0.007 ms]
[completed compiling 0x222109ab04a9 <JSFunction decodeInteger (sfi = 0xe8f255c731)> (target MAGLEV) - took 0.002, 0.358, 0.002 ms]
[marking 0x222109ab0659 <JSFunction decode (sfi = 0xe8f255c809)> for optimization to MAGLEV, ConcurrencyMode::kConcurrent, reason: hot and stable]
[marking 0x222109ab0d01 <JSFunction binarySearch (sfi = 0xe8f255cec9)> for optimization to MAGLEV, ConcurrencyMode::kConcurrent, reason: hot and stable]
[compiling method 0x222109ab0d01 <JSFunction binarySearch (sfi = 0xe8f255cec9)> (target MAGLEV), mode: ConcurrencyMode::kConcurrent]
[marking 0x222109ab1181 <JSFunction cast (sfi = 0xe8f255d349)> for optimization to MAGLEV, ConcurrencyMode::kConcurrent, reason: hot and stable]
[compiling method 0x222109ab1181 <JSFunction cast (sfi = 0xe8f255d349)> (target MAGLEV), mode: ConcurrencyMode::kConcurrent]
[marking 0x222109ab0ec1 <JSFunction cast$1 (sfi = 0xe8f255d079)> for optimization to MAGLEV, ConcurrencyMode::kConcurrent, reason: hot and stable]
[compiling method 0x222109ab0ec1 <JSFunction cast$1 (sfi = 0xe8f255d079)> (target MAGLEV), mode: ConcurrencyMode::kConcurrent]
[marking 0x222109ab1479 <JSFunction assert$2 (sfi = 0xe8f255d619)> for optimization to MAGLEV, ConcurrencyMode::kConcurrent, reason: hot and stable]
[completed compiling 0x222109ab1181 <JSFunction cast (sfi = 0xe8f255d349)> (target MAGLEV) - took 0.000, 0.030, 0.001 ms]
[completed compiling 0x222109ab0ec1 <JSFunction cast$1 (sfi = 0xe8f255d079)> (target MAGLEV) - took 0.000, 0.009, 0.000 ms]
[marking 0x222109ab12c1 <JSFunction cast2 (sfi = 0xe8f255d469)> for optimization to MAGLEV, ConcurrencyMode::kConcurrent, reason: hot and stable]
[compiling method 0x222109ab12c1 <JSFunction cast2 (sfi = 0xe8f255d469)> (target MAGLEV), mode: ConcurrencyMode::kConcurrent]
[compiling method 0x222109ab1479 <JSFunction assert$2 (sfi = 0xe8f255d619)> (target MAGLEV), mode: ConcurrencyMode::kConcurrent]
[completed compiling 0x222109ab12c1 <JSFunction cast2 (sfi = 0xe8f255d469)> (target MAGLEV) - took 0.000, 0.009, 0.000 ms]
[completed compiling 0x222109ab1479 <JSFunction assert$2 (sfi = 0xe8f255d619)> (target MAGLEV) - took 0.000, 0.008, 0.001 ms]
[completed compiling 0x222109ab0d01 <JSFunction binarySearch (sfi = 0xe8f255cec9)> (target MAGLEV) - took 0.000, 0.162, 0.001 ms]
[marking 0x222109ab1301 <JSFunction maybeAddSegment (sfi = 0xe8f256b781)> for optimization to MAGLEV, ConcurrencyMode::kConcurrent, reason: hot and stable]
[compiling method 0x222109ab1301 <JSFunction maybeAddSegment (sfi = 0xe8f256b781)> (target MAGLEV), mode: ConcurrencyMode::kConcurrent]
[marking 0x222109ab11c1 <JSFunction get$2 (sfi = 0xe8f255d391)> for optimization to MAGLEV, ConcurrencyMode::kConcurrent, reason: hot and stable]
[completed compiling 0x222109ab1301 <JSFunction maybeAddSegment (sfi = 0xe8f256b781)> (target MAGLEV) - took 0.000, 0.026, 0.001 ms]
[compiling method 0x222109ab11c1 <JSFunction get$2 (sfi = 0xe8f255d391)> (target MAGLEV), mode: ConcurrencyMode::kConcurrent]
[marking 0x222109ab14b9 <JSFunction getIndex (sfi = 0xe8f255d661)> for optimization to MAGLEV, ConcurrencyMode::kConcurrent, reason: hot and stable]
[compiling method 0x222109ab14b9 <JSFunction getIndex (sfi = 0xe8f255d661)> (target MAGLEV), mode: ConcurrencyMode::kConcurrent]
[completed compiling 0x222109ab11c1 <JSFunction get$2 (sfi = 0xe8f255d391)> (target MAGLEV) - took 0.000, 0.041, 0.001 ms]
[completed compiling 0x222109ab14b9 <JSFunction getIndex (sfi = 0xe8f255d661)> (target MAGLEV) - took 0.000, 0.077, 0.001 ms]
[marking 0x222109ab0f41 <JSFunction decodedMappings (sfi = 0xe8f255d109)> for optimization to MAGLEV, ConcurrencyMode::kConcurrent, reason: hot and stable]
[marking 0x222109ab16a1 <JSFunction SegmentObject (sfi = 0xe8f255d811)> for optimization to MAGLEV, ConcurrencyMode::kConcurrent, reason: hot and stable]
[compiling method 0x222109ab0f41 <JSFunction decodedMappings (sfi = 0xe8f255d109)> (target MAGLEV), mode: ConcurrencyMode::kConcurrent]
[marking 0x222109ab0e01 <JSFunction memoizedBinarySearch (sfi = 0xe8f255cfe9)> for optimization to MAGLEV, ConcurrencyMode::kConcurrent, reason: hot and stable]
[marking 0x222109ab1101 <JSFunction traceSegmentInternal (sfi = 0xe8f255d301)> for optimization to MAGLEV, ConcurrencyMode::kConcurrent, reason: hot and stable]
[marking 0x222109ab0f81 <JSFunction traceSegment (sfi = 0xe8f255d151)> for optimization to MAGLEV, ConcurrencyMode::kConcurrent, reason: hot and stable]
[compiling method 0x222109ab16a1 <JSFunction SegmentObject (sfi = 0xe8f255d811)> (target MAGLEV), mode: ConcurrencyMode::kConcurrent]
[completed compiling 0x222109ab0f41 <JSFunction decodedMappings (sfi = 0xe8f255d109)> (target MAGLEV) - took 0.000, 0.028, 0.001 ms]
[marking 0x222109ab14f9 <JSFunction getColumnIndex (sfi = 0xe8f255d6a9)> for optimization to MAGLEV, ConcurrencyMode::kConcurrent, reason: hot and stable]
[marking 0x222109ab1339 <JSFunction setSourceContent (sfi = 0xe8f255d4b1)> for optimization to MAGLEV, ConcurrencyMode::kConcurrent, reason: hot and stable]
[compiling method 0x222109ab0f81 <JSFunction traceSegment (sfi = 0xe8f255d151)> (target MAGLEV), mode: ConcurrencyMode::kConcurrent]
[completed compiling 0x222109ab16a1 <JSFunction SegmentObject (sfi = 0xe8f255d811)> (target MAGLEV) - took 0.000, 0.038, 0.002 ms]
[compiling method 0x222109ab1101 <JSFunction traceSegmentInternal (sfi = 0xe8f255d301)> (target MAGLEV), mode: ConcurrencyMode::kConcurrent]
[compiling method 0x222109ab0e01 <JSFunction memoizedBinarySearch (sfi = 0xe8f255cfe9)> (target MAGLEV), mode: ConcurrencyMode::kConcurrent]
[compiling method 0x222109ab14f9 <JSFunction getColumnIndex (sfi = 0xe8f255d6a9)> (target MAGLEV), mode: ConcurrencyMode::kConcurrent]
[compiling method 0x222109ab1339 <JSFunction setSourceContent (sfi = 0xe8f255d4b1)> (target MAGLEV), mode: ConcurrencyMode::kConcurrent]
[marking 0x222109ab17e1 <JSFunction originalPositionFor$1 (sfi = 0xe8f255d979)> for optimization to MAGLEV, ConcurrencyMode::kConcurrent, reason: hot and stable]
[compiling method 0x222109ab17e1 <JSFunction originalPositionFor$1 (sfi = 0xe8f255d979)> (target MAGLEV), mode: ConcurrencyMode::kConcurrent]
[completed compiling 0x222109ab1101 <JSFunction traceSegmentInternal (sfi = 0xe8f255d301)> (target MAGLEV) - took 0.000, 0.072, 0.001 ms]
[completed compiling 0x222109ab0f81 <JSFunction traceSegment (sfi = 0xe8f255d151)> (target MAGLEV) - took 0.000, 0.133, 0.001 ms]
[completed compiling 0x222109ab14f9 <JSFunction getColumnIndex (sfi = 0xe8f255d6a9)> (target MAGLEV) - took 0.000, 0.035, 0.000 ms]
[marking 0x222109ab17a1 <JSFunction traceMappings (sfi = 0xe8f255d931)> for optimization to MAGLEV, ConcurrencyMode::kConcurrent, reason: hot and stable]
[marking 0x222109ab15f9 <JSFunction skipSource (sfi = 0xe8f255d7c9)> for optimization to MAGLEV, ConcurrencyMode::kConcurrent, reason: hot and stable]
[compiling method 0x222109ab15f9 <JSFunction skipSource (sfi = 0xe8f255d7c9)> (target MAGLEV), mode: ConcurrencyMode::kConcurrent]
[completed compiling 0x222109ab0e01 <JSFunction memoizedBinarySearch (sfi = 0xe8f255cfe9)> (target MAGLEV) - took 0.000, 0.152, 0.001 ms]
[completed compiling 0x222109ab1339 <JSFunction setSourceContent (sfi = 0xe8f255d4b1)> (target MAGLEV) - took 0.000, 0.091, 0.002 ms]
[completed compiling 0x222109ab15f9 <JSFunction skipSource (sfi = 0xe8f255d7c9)> (target MAGLEV) - took 0.000, 0.069, 0.000 ms]
[completed compiling 0x222109ab17e1 <JSFunction originalPositionFor$1 (sfi = 0xe8f255d979)> (target MAGLEV) - took 0.000, 0.087, 0.002 ms]
[compiling method 0x222109ab0719 <JSFunction encode$1 (sfi = 0xe8f255c8e1)> (target MAGLEV), mode: ConcurrencyMode::kConcurrent]
[completed compiling 0x222109ab0719 <JSFunction encode$1 (sfi = 0xe8f255c8e1)> (target MAGLEV) - took 0.000, 0.286, 0.003 ms]
[compiling method 0x222109ab72f1 <JSFunction B (sfi = 0xe8f2562431)> (target MAGLEV), mode: ConcurrencyMode::kConcurrent]
[completed compiling 0x222109ab72f1 <JSFunction B (sfi = 0xe8f2562431)> (target MAGLEV) - took 0.000, 0.091, 0.003 ms]
[marking 0x3684d7c723d1 <JSFunction convertNode (sfi = 0x283fcede8f21)> for optimization to MAGLEV, ConcurrencyMode::kConcurrent, reason: hot and stable]
[compiling method 0x3684d7c723d1 <JSFunction convertNode (sfi = 0x283fcede8f21)> (target MAGLEV), mode: ConcurrencyMode::kConcurrent]
[completed compiling 0x3684d7c723d1 <JSFunction convertNode (sfi = 0x283fcede8f21)> (target MAGLEV) - took 0.000, 0.052, 0.001 ms]
[marking 0x222109ab9269 <JSFunction isNode (sfi = 0xe8f25635e9)> for optimization to MAGLEV, ConcurrencyMode::kConcurrent, reason: hot and stable]
[compiling method 0x222109ab9269 <JSFunction isNode (sfi = 0xe8f25635e9)> (target MAGLEV), mode: ConcurrencyMode::kConcurrent]
[marking 0x1f2776b639b1 <JSFunction leave (sfi = 0x20540e9be0b9)> for optimization to MAGLEV, ConcurrencyMode::kConcurrent, reason: hot and stable]
[compiling method 0x1f2776b639b1 <JSFunction leave (sfi = 0x20540e9be0b9)> (target MAGLEV), mode: ConcurrencyMode::kConcurrent]
[completed compiling 0x222109ab9269 <JSFunction isNode (sfi = 0xe8f25635e9)> (target MAGLEV) - took 0.000, 0.031, 0.001 ms]
[completed compiling 0x1f2776b639b1 <JSFunction leave (sfi = 0x20540e9be0b9)> (target MAGLEV) - took 0.000, 0.071, 0.001 ms]
[bailout (kind: deopt-eager, reason: Insufficient type feedback for call): begin. deoptimizing 0x222109ab0f41 <JSFunction decodedMappings (sfi = 0xe8f255d109)>, 0x017e64dc51f1 <Code MAGLEV>, opt id 50, bytecode offset 8, deopt exit 2, FP to SP delta 32, caller SP 0x00016d121260, pc 0x00011980fba4]
[bailout (kind: deopt-eager, reason: wrong map): begin. deoptimizing 0x222109ab14b9 <JSFunction getIndex (sfi = 0xe8f255d661)>, 0x017e64dc4f39 <Code MAGLEV>, opt id 49, bytecode offset 0, deopt exit 0, FP to SP delta 48, caller SP 0x00016d1210c8, pc 0x00011980f90c]
[marking dependent code 0x017e64dcd1d1 <Code MAGLEV> (0x283fcede8f21 <SharedFunctionInfo convertNode>) (opt id 61) for deoptimization, reason: dependent property cell changed]
[marking dependent code 0x017e64dca7a1 <Code MAGLEV> (0x00e8f2562431 <SharedFunctionInfo B>) (opt id 60) for deoptimization, reason: dependent property cell changed]
[marking dependent code 0x017e64dc83f9 <Code MAGLEV> (0x00e8f255c8e1 <SharedFunctionInfo encode$1>) (opt id 59) for deoptimization, reason: dependent property cell changed]
[marking dependent code 0x017e64dc28f9 <Code MAGLEV> (0x00e8f255c731 <SharedFunctionInfo decodeInteger>) (opt id 41) for deoptimization, reason: dependent property cell changed]
[marking dependent code 0x025c76242fe1 <Code MAGLEV> (0x00e8f2562431 <SharedFunctionInfo B>) (opt id 35) for deoptimization, reason: dependent property cell changed]
[marking dependent code 0x1a38a67c72f1 <Code MAGLEV> (0x28df48747191 <SharedFunctionInfo #updateContext>) (opt id 33) for deoptimization, reason: dependent property cell changed]
[marking dependent code 0x1a38a67c6ad9 <Code MAGLEV> (0x00e8f255c779 <SharedFunctionInfo encodeInteger>) (opt id 32) for deoptimization, reason: dependent property cell changed]
[marking dependent code 0x1a38a67c6239 <Code MAGLEV> (0x00e8f256b4f9 <SharedFunctionInfo write>) (opt id 31) for deoptimization, reason: dependent property cell changed]
[marking dependent code 0x2cacd4f01591 <Code MAGLEV> (0x3a6a3ab95de9 <SharedFunctionInfo isFileType>) (opt id 24) for deoptimization, reason: dependent property cell changed]
[marking 0x222109ab72f1 <JSFunction B (sfi = 0xe8f2562431)> for optimization to MAGLEV, ConcurrencyMode::kConcurrent, reason: hot and stable]
[compiling method 0x222109ab72f1 <JSFunction B (sfi = 0xe8f2562431)> (target MAGLEV) OSR, mode: ConcurrencyMode::kConcurrent]
[completed compiling 0x222109ab72f1 <JSFunction B (sfi = 0xe8f2562431)> (target MAGLEV) OSR - took 0.001, 0.170, 0.003 ms]
[compiling method 0x222109ab72f1 <JSFunction B (sfi = 0xe8f2562431)> (target TURBOFAN_JS) OSR, mode: ConcurrencyMode::kConcurrent]
[completed compiling 0x222109ab72f1 <JSFunction B (sfi = 0xe8f2562431)> (target TURBOFAN_JS) OSR - took 0.001, 0.894, 0.011 ms]
[completed optimizing 0x222109ab72f1 <JSFunction B (sfi = 0xe8f2562431)> (target TURBOFAN_JS) OSR]
[marking 0x3684d7c723d1 <JSFunction convertNode (sfi = 0x283fcede8f21)> for optimization to MAGLEV, ConcurrencyMode::kConcurrent, reason: hot and stable]
[compiling method 0x3684d7c723d1 <JSFunction convertNode (sfi = 0x283fcede8f21)> (target MAGLEV), mode: ConcurrencyMode::kConcurrent]
[completed compiling 0x3684d7c723d1 <JSFunction convertNode (sfi = 0x283fcede8f21)> (target MAGLEV) - took 0.000, 0.070, 0.002 ms]
[marking 0x27ad6f8bb4c9 <JSFunction convertString (sfi = 0x164c35af1c1)> for optimization to MAGLEV, ConcurrencyMode::kConcurrent, reason: hot and stable]
[compiling method 0x27ad6f8bb4c9 <JSFunction convertString (sfi = 0x164c35af1c1)> (target MAGLEV), mode: ConcurrencyMode::kConcurrent]
[marking 0x0bd4ee757691 <JSFunction toString (sfi = 0x39b1617398c9)> for optimization to MAGLEV, ConcurrencyMode::kConcurrent, reason: hot and stable]
[compiling method 0x0bd4ee757691 <JSFunction toString (sfi = 0x39b1617398c9)> (target MAGLEV), mode: ConcurrencyMode::kConcurrent]
[completed compiling 0x27ad6f8bb4c9 <JSFunction convertString (sfi = 0x164c35af1c1)> (target MAGLEV) - took 0.000, 0.062, 0.002 ms]
[marking 0x1123afb9b661 <JSFunction identifier (sfi = 0x283fcede9de1)> for optimization to MAGLEV, ConcurrencyMode::kConcurrent, reason: hot and stable]
[compiling method 0x1123afb9b661 <JSFunction identifier (sfi = 0x283fcede9de1)> (target MAGLEV), mode: ConcurrencyMode::kConcurrent]
[marking 0x222109aacfd9 <JSFunction convertNodeList (sfi = 0x283fcede92a1)> for optimization to MAGLEV, ConcurrencyMode::kConcurrent, reason: hot and stable]
[compiling method 0x222109aacfd9 <JSFunction convertNodeList (sfi = 0x283fcede92a1)> (target MAGLEV), mode: ConcurrencyMode::kConcurrent]
[completed compiling 0x0bd4ee757691 <JSFunction toString (sfi = 0x39b1617398c9)> (target MAGLEV) - took 0.000, 0.159, 0.002 ms]
[completed compiling 0x1123afb9b661 <JSFunction identifier (sfi = 0x283fcede9de1)> (target MAGLEV) - took 0.000, 0.108, 0.002 ms]
[completed compiling 0x222109aacfd9 <JSFunction convertNodeList (sfi = 0x283fcede92a1)> (target MAGLEV) - took 0.000, 0.179, 0.002 ms]
[marking 0x222109ab9589 <JSFunction isFunction$1 (sfi = 0xe8f25638d9)> for optimization to MAGLEV, ConcurrencyMode::kConcurrent, reason: hot and stable]
[compiling method 0x222109ab9589 <JSFunction isFunction$1 (sfi = 0xe8f25638d9)> (target MAGLEV), mode: ConcurrencyMode::kConcurrent]
[completed compiling 0x222109ab9589 <JSFunction isFunction$1 (sfi = 0xe8f25638d9)> (target MAGLEV) - took 0.000, 0.029, 0.001 ms]
[marking 0x16f42459d379 <JSFunction isInScope (sfi = 0x20540e9bdf99)> for optimization to MAGLEV, ConcurrencyMode::kConcurrent, reason: hot and stable]
[compiling method 0x16f42459d379 <JSFunction isInScope (sfi = 0x20540e9bdf99)> (target MAGLEV), mode: ConcurrencyMode::kConcurrent]
[marking 0x16f42459d541 <JSFunction enter (sfi = 0x20540e9be071)> for optimization to MAGLEV, ConcurrencyMode::kConcurrent, reason: hot and stable]
[compiling method 0x16f42459d541 <JSFunction enter (sfi = 0x20540e9be071)> (target MAGLEV), mode: ConcurrencyMode::kConcurrent]
[completed compiling 0x16f42459d379 <JSFunction isInScope (sfi = 0x20540e9bdf99)> (target MAGLEV) - took 0.000, 0.041, 0.001 ms]
[completed compiling 0x16f42459d541 <JSFunction enter (sfi = 0x20540e9be071)> (target MAGLEV) - took 0.000, 0.458, 0.006 ms]
[marking 0x222109ab9519 <JSFunction isStaticPropertyKey (sfi = 0xe8f25700c1)> for optimization to MAGLEV, ConcurrencyMode::kConcurrent, reason: hot and stable]
[compiling method 0x222109ab9519 <JSFunction isStaticPropertyKey (sfi = 0xe8f25700c1)> (target MAGLEV), mode: ConcurrencyMode::kConcurrent]
[completed compiling 0x222109ab9519 <JSFunction isStaticPropertyKey (sfi = 0xe8f25700c1)> (target MAGLEV) - took 0.000, 0.031, 0.001 ms]
[marking 0x222109ab9429 <JSFunction isNodeInPattern (sfi = 0xe8f2570031)> for optimization to MAGLEV, ConcurrencyMode::kConcurrent, reason: hot and stable]
[compiling method 0x222109ab9429 <JSFunction isNodeInPattern (sfi = 0xe8f2570031)> (target MAGLEV), mode: ConcurrencyMode::kConcurrent]
[marking 0x222109ab94e1 <JSFunction isStaticProperty (sfi = 0xe8f2570079)> for optimization to MAGLEV, ConcurrencyMode::kConcurrent, reason: hot and stable]
[compiling method 0x222109ab94e1 <JSFunction isStaticProperty (sfi = 0xe8f2570079)> (target MAGLEV), mode: ConcurrencyMode::kConcurrent]
[completed compiling 0x222109ab9429 <JSFunction isNodeInPattern (sfi = 0xe8f2570031)> (target MAGLEV) - took 0.000, 0.022, 0.001 ms]
[completed compiling 0x222109ab94e1 <JSFunction isStaticProperty (sfi = 0xe8f2570079)> (target MAGLEV) - took 0.000, 0.032, 0.001 ms]
[marking 0x31192993d639 <JSFunction contains (sfi = 0xe8f256c7e9)> for optimization to MAGLEV, ConcurrencyMode::kConcurrent, reason: hot and stable]
[compiling method 0x31192993d639 <JSFunction contains (sfi = 0xe8f256c7e9)> (target MAGLEV), mode: ConcurrencyMode::kConcurrent]
[completed compiling 0x31192993d639 <JSFunction contains (sfi = 0xe8f256c7e9)> (target MAGLEV) - took 0.000, 0.024, 0.001 ms]
[marking 0x38230938dd21 <JSFunction locate (sfi = 0x1abc77b41349)> for optimization to MAGLEV, ConcurrencyMode::kConcurrent, reason: hot and stable]
[compiling method 0x38230938dd21 <JSFunction locate (sfi = 0x1abc77b41349)> (target MAGLEV), mode: ConcurrencyMode::kConcurrent]
[completed compiling 0x38230938dd21 <JSFunction locate (sfi = 0x1abc77b41349)> (target MAGLEV) - took 0.001, 0.091, 0.001 ms]
[bailout (kind: deopt-eager, reason: wrong map): begin. deoptimizing 0x31192993d4b1 <JSFunction addUneditedChunk (sfi = 0xe8f256cc69)>, 0x017e64dc15f1 <Code MAGLEV>, opt id 38, bytecode offset 13, deopt exit 55, FP to SP delta 96, caller SP 0x00016d1212b0, pc 0x00011980a158]
[marking 0x31192993d4b1 <JSFunction addUneditedChunk (sfi = 0xe8f256cc69)> for optimization to MAGLEV, ConcurrencyMode::kConcurrent, reason: hot and stable]
[compiling method 0x31192993d4b1 <JSFunction addUneditedChunk (sfi = 0xe8f256cc69)> (target MAGLEV) OSR, mode: ConcurrencyMode::kConcurrent]
[compiling method 0x31192993d4b1 <JSFunction addUneditedChunk (sfi = 0xe8f256cc69)> (target MAGLEV), mode: ConcurrencyMode::kConcurrent]
[marking 0x222109ab0719 <JSFunction encode$1 (sfi = 0xe8f255c8e1)> for optimization to MAGLEV, ConcurrencyMode::kConcurrent, reason: hot and stable]
[marking 0x311929907449 <JSFunction write (sfi = 0xe8f256b4f9)> for optimization to MAGLEV, ConcurrencyMode::kConcurrent, reason: hot and stable]
[compiling method 0x311929907449 <JSFunction write (sfi = 0xe8f256b4f9)> (target MAGLEV), mode: ConcurrencyMode::kConcurrent]
[marking 0x222109ab04e9 <JSFunction encodeInteger (sfi = 0xe8f255c779)> for optimization to MAGLEV, ConcurrencyMode::kConcurrent, reason: hot and stable]
[compiling method 0x222109ab04e9 <JSFunction encodeInteger (sfi = 0xe8f255c779)> (target MAGLEV), mode: ConcurrencyMode::kConcurrent]
[compiling method 0x222109ab0719 <JSFunction encode$1 (sfi = 0xe8f255c8e1)> (target MAGLEV) OSR, mode: ConcurrencyMode::kConcurrent]
[completed compiling 0x31192993d4b1 <JSFunction addUneditedChunk (sfi = 0xe8f256cc69)> (target MAGLEV) - took 0.000, 0.443, 0.005 ms]
[completed compiling 0x31192993d4b1 <JSFunction addUneditedChunk (sfi = 0xe8f256cc69)> (target MAGLEV) OSR - took 0.000, 0.501, 0.003 ms]
[completed compiling 0x311929907449 <JSFunction write (sfi = 0xe8f256b4f9)> (target MAGLEV) - took 0.001, 0.037, 0.001 ms]
[completed compiling 0x222109ab04e9 <JSFunction encodeInteger (sfi = 0xe8f255c779)> (target MAGLEV) - took 0.000, 0.142, 0.001 ms]
[bailout (kind: deopt-eager, reason: Insufficient type feedback for generic named access): begin. deoptimizing 0x222109ab04e9 <JSFunction encodeInteger (sfi = 0xe8f255c779)>, 0x017e64dd5199 <Code MAGLEV>, opt id 82, bytecode offset 32, deopt exit 23, FP to SP delta 48, caller SP 0x00016d121280, pc 0x00011983edc0]
[marking 0x222109ab04e9 <JSFunction encodeInteger (sfi = 0xe8f255c779)> for optimization to MAGLEV, ConcurrencyMode::kConcurrent, reason: hot and stable]
[compiling method 0x222109ab04e9 <JSFunction encodeInteger (sfi = 0xe8f255c779)> (target MAGLEV), mode: ConcurrencyMode::kConcurrent]
[completed compiling 0x222109ab04e9 <JSFunction encodeInteger (sfi = 0xe8f255c779)> (target MAGLEV) - took 0.000, 0.175, 0.002 ms]
[completed compiling 0x222109ab0719 <JSFunction encode$1 (sfi = 0xe8f255c8e1)> (target MAGLEV) OSR - took 0.000, 0.528, 0.001 ms]
[compiling method 0x222109ab0719 <JSFunction encode$1 (sfi = 0xe8f255c8e1)> (target TURBOFAN_JS) OSR, mode: ConcurrencyMode::kConcurrent]
[marking 0x222109ab04a9 <JSFunction decodeInteger (sfi = 0xe8f255c731)> for optimization to MAGLEV, ConcurrencyMode::kConcurrent, reason: hot and stable]
[compiling method 0x222109ab04a9 <JSFunction decodeInteger (sfi = 0xe8f255c731)> (target MAGLEV), mode: ConcurrencyMode::kConcurrent]
[marking 0x222109ab0659 <JSFunction decode (sfi = 0xe8f255c809)> for optimization to MAGLEV, ConcurrencyMode::kConcurrent, reason: hot and stable]
[completed compiling 0x222109ab04a9 <JSFunction decodeInteger (sfi = 0xe8f255c731)> (target MAGLEV) - took 0.000, 0.107, 0.002 ms]
[compiling method 0x222109ab0659 <JSFunction decode (sfi = 0xe8f255c809)> (target MAGLEV) OSR, mode: ConcurrencyMode::kConcurrent]
[marking 0x222109ab04a9 <JSFunction decodeInteger (sfi = 0xe8f255c731)> for optimization to TURBOFAN_JS, ConcurrencyMode::kConcurrent, reason: hot and stable]
[compiling method 0x222109ab04a9 <JSFunction decodeInteger (sfi = 0xe8f255c731)> (target TURBOFAN_JS), mode: ConcurrencyMode::kConcurrent]
[completed compiling 0x222109ab0659 <JSFunction decode (sfi = 0xe8f255c809)> (target MAGLEV) OSR - took 0.000, 0.333, 0.002 ms]
[compiling method 0x222109ab0659 <JSFunction decode (sfi = 0xe8f255c809)> (target TURBOFAN_JS) OSR, mode: ConcurrencyMode::kConcurrent]
[marking 0x222109ab0529 <JSFunction hasMoreVlq (sfi = 0xe8f255c7c1)> for optimization to TURBOFAN_JS, ConcurrencyMode::kConcurrent, reason: hot and stable]
[compiling method 0x222109ab0529 <JSFunction hasMoreVlq (sfi = 0xe8f255c7c1)> (target TURBOFAN_JS), mode: ConcurrencyMode::kConcurrent]
[compiling method 0x222109ab0659 <JSFunction decode (sfi = 0xe8f255c809)> (target MAGLEV), mode: ConcurrencyMode::kConcurrent]
[marking 0x222109ab17a1 <JSFunction traceMappings (sfi = 0xe8f255d931)> for optimization to MAGLEV, ConcurrencyMode::kConcurrent, reason: hot and stable]
[marking 0x222109ab1439 <JSFunction addSegmentInternal (sfi = 0xe8f255d5d1)> for optimization to MAGLEV, ConcurrencyMode::kConcurrent, reason: hot and stable]
[compiling method 0x222109ab1439 <JSFunction addSegmentInternal (sfi = 0xe8f255d5d1)> (target MAGLEV), mode: ConcurrencyMode::kConcurrent]
[compiling method 0x222109ab17a1 <JSFunction traceMappings (sfi = 0xe8f255d931)> (target MAGLEV) OSR, mode: ConcurrencyMode::kConcurrent]
[marking 0x222109ab1539 <JSFunction insert (sfi = 0xe8f255d6f1)> for optimization to MAGLEV, ConcurrencyMode::kConcurrent, reason: hot and stable]
[compiling method 0x222109ab1539 <JSFunction insert (sfi = 0xe8f255d6f1)> (target MAGLEV), mode: ConcurrencyMode::kConcurrent]
[marking 0x222109ab0d81 <JSFunction lowerBound (sfi = 0xe8f255cf59)> for optimization to MAGLEV, ConcurrencyMode::kConcurrent, reason: hot and stable]
[compiling method 0x222109ab0d81 <JSFunction lowerBound (sfi = 0xe8f255cf59)> (target MAGLEV), mode: ConcurrencyMode::kConcurrent]
[marking 0x222109ab14b9 <JSFunction getIndex (sfi = 0xe8f255d661)> for optimization to MAGLEV, ConcurrencyMode::kConcurrent, reason: hot and stable]
[compiling method 0x222109ab14b9 <JSFunction getIndex (sfi = 0xe8f255d661)> (target MAGLEV), mode: ConcurrencyMode::kConcurrent]
[marking 0x222109ab0f41 <JSFunction decodedMappings (sfi = 0xe8f255d109)> for optimization to MAGLEV, ConcurrencyMode::kConcurrent, reason: hot and stable]
[completed compiling 0x222109ab0529 <JSFunction hasMoreVlq (sfi = 0xe8f255c7c1)> (target TURBOFAN_JS) - took 0.000, 0.509, 0.005 ms]
[completed optimizing 0x222109ab0529 <JSFunction hasMoreVlq (sfi = 0xe8f255c7c1)> (target TURBOFAN_JS)]
[compiling method 0x222109ab0f41 <JSFunction decodedMappings (sfi = 0xe8f255d109)> (target MAGLEV), mode: ConcurrencyMode::kConcurrent]
[marking 0x222109ab1201 <JSFunction put (sfi = 0xe8f255d3d9)> for optimization to MAGLEV, ConcurrencyMode::kConcurrent, reason: hot and stable]
[completed compiling 0x222109ab04a9 <JSFunction decodeInteger (sfi = 0xe8f255c731)> (target TURBOFAN_JS) - took 0.001, 1.058, 0.007 ms]
[completed optimizing 0x222109ab04a9 <JSFunction decodeInteger (sfi = 0xe8f255c731)> (target TURBOFAN_JS)]
[compiling method 0x222109ab1201 <JSFunction put (sfi = 0xe8f255d3d9)> (target MAGLEV), mode: ConcurrencyMode::kConcurrent]
[completed compiling 0x222109ab0659 <JSFunction decode (sfi = 0xe8f255c809)> (target MAGLEV) - took 0.000, 0.570, 0.005 ms]
[completed compiling 0x222109ab17a1 <JSFunction traceMappings (sfi = 0xe8f255d931)> (target MAGLEV) OSR - took 0.000, 0.319, 0.006 ms]
[completed compiling 0x222109ab1439 <JSFunction addSegmentInternal (sfi = 0xe8f255d5d1)> (target MAGLEV) - took 0.000, 0.581, 0.006 ms]
[completed compiling 0x222109ab1539 <JSFunction insert (sfi = 0xe8f255d6f1)> (target MAGLEV) - took 0.000, 0.082, 0.002 ms]
[completed compiling 0x222109ab0d81 <JSFunction lowerBound (sfi = 0xe8f255cf59)> (target MAGLEV) - took 0.000, 0.087, 0.001 ms]
[completed compiling 0x222109ab0f41 <JSFunction decodedMappings (sfi = 0xe8f255d109)> (target MAGLEV) - took 0.000, 0.058, 0.001 ms]
[completed compiling 0x222109ab14b9 <JSFunction getIndex (sfi = 0xe8f255d661)> (target MAGLEV) - took 0.000, 0.118, 0.000 ms]
[completed compiling 0x222109ab1201 <JSFunction put (sfi = 0xe8f255d3d9)> (target MAGLEV) - took 0.000, 0.077, 0.002 ms]
[compiling method 0x222109ab17a1 <JSFunction traceMappings (sfi = 0xe8f255d931)> (target TURBOFAN_JS) OSR, mode: ConcurrencyMode::kConcurrent]
[bailout (kind: deopt-eager, reason: not a Smi): begin. deoptimizing 0x222109ab1201 <JSFunction put (sfi = 0xe8f255d3d9)>, 0x017e64dd8ad1 <Code MAGLEV>, opt id 98, bytecode offset 22, deopt exit 7, FP to SP delta 48, caller SP 0x00016d121178, pc 0x0001198823b0]
[compiling method 0x222109ab0719 <JSFunction encode$1 (sfi = 0xe8f255c8e1)> (target MAGLEV), mode: ConcurrencyMode::kConcurrent]
[marking 0x222109ab04e9 <JSFunction encodeInteger (sfi = 0xe8f255c779)> for optimization to TURBOFAN_JS, ConcurrencyMode::kConcurrent, reason: hot and stable]
[compiling method 0x222109ab04e9 <JSFunction encodeInteger (sfi = 0xe8f255c779)> (target TURBOFAN_JS), mode: ConcurrencyMode::kConcurrent]
[completed compiling 0x222109ab0719 <JSFunction encode$1 (sfi = 0xe8f255c8e1)> (target MAGLEV) - took 0.000, 0.500, 0.007 ms]
[marking 0x125ff2b00409 <JSFunction #updateContext (sfi = 0x28df48747191)> for optimization to MAGLEV, ConcurrencyMode::kConcurrent, reason: hot and stable]
[compiling method 0x125ff2b00409 <JSFunction #updateContext (sfi = 0x28df48747191)> (target MAGLEV), mode: ConcurrencyMode::kConcurrent]
[completed compiling 0x222109ab0719 <JSFunction encode$1 (sfi = 0xe8f255c8e1)> (target TURBOFAN_JS) OSR - took 0.001, 4.880, 0.028 ms]
[completed optimizing 0x222109ab0719 <JSFunction encode$1 (sfi = 0xe8f255c8e1)> (target TURBOFAN_JS) OSR]
[completed compiling 0x222109ab04e9 <JSFunction encodeInteger (sfi = 0xe8f255c779)> (target TURBOFAN_JS) - took 0.001, 0.951, 0.010 ms]
[completed optimizing 0x222109ab04e9 <JSFunction encodeInteger (sfi = 0xe8f255c779)> (target TURBOFAN_JS)]
[completed compiling 0x125ff2b00409 <JSFunction #updateContext (sfi = 0x28df48747191)> (target MAGLEV) - took 0.000, 0.150, 0.003 ms]
[marking 0x3684d7c79991 <JSFunction normalizeString (sfi = 0x3684d7c58799)> for optimization to MAGLEV, ConcurrencyMode::kConcurrent, reason: hot and stable]
[75261:0xc0d80c000:0]      274 ms: GC: {"pause":0.346,"mutator":90.524,"gc":"s","reduce_memory":false,"time_to_safepoint":0,"stack":true,"reason":"allocation failure","collector_reason":"","start_object_size":22093536,"end_object_size":15537592,"start_memory_size":28803072,"end_memory_size":28803072,"start_holes_size":3208616,"end_holes_size":3208616,"pool_local_chunks":0,"pool_shared_chunks":0,"pool_total_chunks":0,"new_space_capacity":8388608,"old_gen_allocation_limit":59707072,"global_allocation_limit":59707168,"allocation_throughput":105542,"new_space_allocation_throughput":62021.8,"new_space_survive_rate":10.7349,"allocated":9264776,"promoted":313720,"new_space_survived":845856,"nodes_died_in_new":7,"nodes_copied_in_new":8,"nodes_promoted":47,"promotion_ratio":3.98149,"average_survival_ratio":54.9437,"promotion_rate":0,"during_sweeping":false,"heap.prologue":0,"heap.epilogue":0,"heap.external.prologue":0,"heap.external.epilogue":0,"heap.external_weak_global_handles":0.002,"complete.sweep_array_buffers":0,"scavenge":0.319,"scavenge.free_remembered_set":0.002,"scavenge.roots":0.013,"scavenge.weak":0,"scavenge.weak_global_handles.identify":0,"scavenge.weak_global_handles.process":0.002,"scavenge.parallel":0.26,"scavenge.pin_objects_conservative":0,"scavenge.pin_objects_precise":0,"scavenge.restore_pinned":0.001,"scavenge.sweep_array_buffers":0.004,"scavenge.resize_new_space":0.001,"background.scavenge.parallel":0.124,"incremental.steps_count":0,"incremental.steps_took":0,"scavenge_throughput":4.36742e+06,"quarantined_size":0,"quarantined_pages":0}
[completed compiling 0x222109ab17a1 <JSFunction traceMappings (sfi = 0xe8f255d931)> (target TURBOFAN_JS) OSR - took 0.002, 4.199, 0.031 ms]
[completed optimizing 0x222109ab17a1 <JSFunction traceMappings (sfi = 0xe8f255d931)> (target TURBOFAN_JS) OSR]
[completed compiling 0x222109ab0659 <JSFunction decode (sfi = 0xe8f255c809)> (target TURBOFAN_JS) OSR - took 0.001, 7.843, 0.024 ms]
[completed optimizing 0x222109ab0659 <JSFunction decode (sfi = 0xe8f255c809)> (target TURBOFAN_JS) OSR]
[compiling method 0x222109ab72f1 <JSFunction B (sfi = 0xe8f2562431)> (target MAGLEV), mode: ConcurrencyMode::kConcurrent]
[completed compiling 0x222109ab72f1 <JSFunction B (sfi = 0xe8f2562431)> (target MAGLEV) - took 0.000, 0.094, 0.001 ms]
[compiling method 0x222109ab17a1 <JSFunction traceMappings (sfi = 0xe8f255d931)> (target MAGLEV), mode: ConcurrencyMode::kConcurrent]
[bailout (kind: deopt-eager, reason: not a Smi): begin. deoptimizing 0x222109ab1439 <JSFunction addSegmentInternal (sfi = 0xe8f255d5d1)>, 0x017e64dd7ce9 <Code MAGLEV>, opt id 93, bytecode offset 22, deopt exit 30, FP to SP delta 128, caller SP 0x00016d1211a0, pc 0x00011988186c]
[marking 0x222109ab1439 <JSFunction addSegmentInternal (sfi = 0xe8f255d5d1)> for optimization to MAGLEV, ConcurrencyMode::kConcurrent, reason: hot and stable]
[compiling method 0x222109ab1439 <JSFunction addSegmentInternal (sfi = 0xe8f255d5d1)> (target MAGLEV), mode: ConcurrencyMode::kConcurrent]
[completed compiling 0x222109ab17a1 <JSFunction traceMappings (sfi = 0xe8f255d931)> (target MAGLEV) - took 0.000, 0.333, 0.006 ms]
[completed compiling 0x222109ab1439 <JSFunction addSegmentInternal (sfi = 0xe8f255d5d1)> (target MAGLEV) - took 0.000, 0.425, 0.004 ms]
[compiling method 0x3684d7c79991 <JSFunction normalizeString (sfi = 0x3684d7c58799)> (target MAGLEV), mode: ConcurrencyMode::kConcurrent]
[completed compiling 0x3684d7c79991 <JSFunction normalizeString (sfi = 0x3684d7c58799)> (target MAGLEV) - took 0.000, 0.236, 0.001 ms]
[marking dependent code 0x3067b3d84721 <Code MAGLEV> (0x20540e9be071 <SharedFunctionInfo enter>) (opt id 73) for deoptimization, reason: dependent field type changed]
[marking 0x1123afb9be21 <JSFunction memberExpression (sfi = 0x283fcedea699)> for optimization to MAGLEV, ConcurrencyMode::kConcurrent, reason: hot and stable]
[compiling method 0x1123afb9be21 <JSFunction memberExpression (sfi = 0x283fcedea699)> (target MAGLEV), mode: ConcurrencyMode::kConcurrent]
[marking 0x31192993d0c1 <JSFunction _split (sfi = 0xe8f256d491)> for optimization to MAGLEV, ConcurrencyMode::kConcurrent, reason: hot and stable]
[compiling method 0x31192993d0c1 <JSFunction _split (sfi = 0xe8f256d491)> (target MAGLEV), mode: ConcurrencyMode::kConcurrent]
[marking 0x2dc0b4bdf929 <JSFunction enter (sfi = 0x20540e9be071)> for optimization to MAGLEV, ConcurrencyMode::kConcurrent, reason: hot and stable]
[compiling method 0x2dc0b4bdf929 <JSFunction enter (sfi = 0x20540e9be071)> (target MAGLEV), mode: ConcurrencyMode::kConcurrent]
[completed compiling 0x1123afb9be21 <JSFunction memberExpression (sfi = 0x283fcedea699)> (target MAGLEV) - took 0.000, 0.274, 0.003 ms]
[completed compiling 0x31192993d0c1 <JSFunction _split (sfi = 0xe8f256d491)> (target MAGLEV) - took 0.000, 0.206, 0.003 ms]
[marking 0x222109ab94a1 <JSFunction isRefIdentifier (sfi = 0xe8f2563891)> for optimization to MAGLEV, ConcurrencyMode::kConcurrent, reason: hot and stable]
[compiling method 0x222109ab94a1 <JSFunction isRefIdentifier (sfi = 0xe8f2563891)> (target MAGLEV), mode: ConcurrencyMode::kConcurrent]
[completed compiling 0x2dc0b4bdf929 <JSFunction enter (sfi = 0x20540e9be071)> (target MAGLEV) - took 0.000, 0.433, 0.005 ms]
[completed compiling 0x222109ab94a1 <JSFunction isRefIdentifier (sfi = 0xe8f2563891)> (target MAGLEV) - took 0.000, 0.181, 0.003 ms]
[marking 0x337e3dc13f89 <JSFunction (sfi = 0x325b19beb9a9)> for optimization to TURBOFAN_JS, ConcurrencyMode::kConcurrent, reason: hot and stable]
[compiling method 0x337e3dc13f89 <JSFunction (sfi = 0x325b19beb9a9)> (target TURBOFAN_JS), mode: ConcurrencyMode::kConcurrent]
[marking 0x222109ab47c9 <JSFunction getLocator (sfi = 0xe8f255ff51)> for optimization to MAGLEV, ConcurrencyMode::kConcurrent, reason: hot and stable]
[compiling method 0x222109ab47c9 <JSFunction getLocator (sfi = 0xe8f255ff51)> (target MAGLEV) OSR, mode: ConcurrencyMode::kConcurrent]
[completed compiling 0x222109ab47c9 <JSFunction getLocator (sfi = 0xe8f255ff51)> (target MAGLEV) OSR - took 0.000, 0.106, 0.001 ms]
[completed compiling 0x337e3dc13f89 <JSFunction (sfi = 0x325b19beb9a9)> (target TURBOFAN_JS) - took 0.002, 0.354, 0.005 ms]
[completed optimizing 0x337e3dc13f89 <JSFunction (sfi = 0x325b19beb9a9)> (target TURBOFAN_JS)]
[marking 0x222109ab17e1 <JSFunction originalPositionFor$1 (sfi = 0xe8f255d979)> for optimization to TURBOFAN_JS, ConcurrencyMode::kConcurrent, reason: hot and stable]
[compiling method 0x222109ab17e1 <JSFunction originalPositionFor$1 (sfi = 0xe8f255d979)> (target TURBOFAN_JS), mode: ConcurrencyMode::kConcurrent]
[completed compiling 0x222109ab17e1 <JSFunction originalPositionFor$1 (sfi = 0xe8f255d979)> (target TURBOFAN_JS) - took 0.001, 2.166, 0.027 ms]
[completed optimizing 0x222109ab17e1 <JSFunction originalPositionFor$1 (sfi = 0xe8f255d979)> (target TURBOFAN_JS)]
[compiling method 0x222109ab47c9 <JSFunction getLocator (sfi = 0xe8f255ff51)> (target MAGLEV), mode: ConcurrencyMode::kConcurrent]
[completed compiling 0x222109ab47c9 <JSFunction getLocator (sfi = 0xe8f255ff51)> (target MAGLEV) - took 0.000, 0.160, 0.003 ms]
[marking 0x222109ab9601 <JSFunction isBlock (sfi = 0xe8f2563921)> for optimization to MAGLEV, ConcurrencyMode::kConcurrent, reason: hot and stable]
[compiling method 0x222109ab9601 <JSFunction isBlock (sfi = 0xe8f2563921)> (target MAGLEV), mode: ConcurrencyMode::kConcurrent]
[completed compiling 0x222109ab9601 <JSFunction isBlock (sfi = 0xe8f2563921)> (target MAGLEV) - took 0.000, 0.076, 0.002 ms]
[marking 0x325b19bdf8d1 <JSFunction getEncodingOps (sfi = 0x39b161737c49)> for optimization to MAGLEV, ConcurrencyMode::kConcurrent, reason: hot and stable]
[compiling method 0x325b19bdf8d1 <JSFunction getEncodingOps (sfi = 0x39b161737c49)> (target MAGLEV), mode: ConcurrencyMode::kConcurrent]
[marking 0x222109ab4651 <JSFunction Chunk (sfi = 0xe8f256c6c9)> for optimization to MAGLEV, ConcurrencyMode::kConcurrent, reason: hot and stable]
[compiling method 0x222109ab4651 <JSFunction Chunk (sfi = 0xe8f256c6c9)> (target MAGLEV), mode: ConcurrencyMode::kConcurrent]
[completed compiling 0x325b19bdf8d1 <JSFunction getEncodingOps (sfi = 0x39b161737c49)> (target MAGLEV) - took 0.000, 0.114, 0.002 ms]
[completed compiling 0x222109ab4651 <JSFunction Chunk (sfi = 0xe8f256c6c9)> (target MAGLEV) - took 0.000, 0.053, 0.002 ms]
[marking 0x31192993d7f9 <JSFunction toString (sfi = 0xe8f256ca29)> for optimization to MAGLEV, ConcurrencyMode::kConcurrent, reason: hot and stable]
[compiling method 0x31192993d7f9 <JSFunction toString (sfi = 0xe8f256ca29)> (target MAGLEV), mode: ConcurrencyMode::kConcurrent]
[completed compiling 0x31192993d7f9 <JSFunction toString (sfi = 0xe8f256ca29)> (target MAGLEV) - took 0.000, 0.034, 0.001 ms]
[marking 0x125ff2b00b71 <JSFunction isUint8Array (sfi = 0x3d368e3f9951)> for optimization to MAGLEV, ConcurrencyMode::kConcurrent, reason: hot and stable]
[compiling method 0x125ff2b00b71 <JSFunction isUint8Array (sfi = 0x3d368e3f9951)> (target MAGLEV), mode: ConcurrencyMode::kConcurrent]
[75261:0xc0d80c000:0]      295 ms: GC: {"pause":0.247,"mutator":20.625,"gc":"s","reduce_memory":false,"time_to_safepoint":0,"stack":true,"reason":"allocation failure","collector_reason":"","start_object_size":22538816,"end_object_size":16431544,"start_memory_size":32997376,"end_memory_size":33521664,"start_holes_size":2626016,"end_holes_size":2632152,"pool_local_chunks":0,"pool_shared_chunks":0,"pool_total_chunks":0,"new_space_capacity":8388608,"old_gen_allocation_limit":59707072,"global_allocation_limit":59707168,"allocation_throughput":138726,"new_space_allocation_throughput":95214.8,"new_space_survive_rate":8.479,"allocated":7001224,"promoted":518120,"new_space_survived":629856,"nodes_died_in_new":11,"nodes_copied_in_new":3,"nodes_promoted":46,"promotion_ratio":6.97483,"average_survival_ratio":50.9947,"promotion_rate":61.2539,"during_sweeping":false,"heap.prologue":0,"heap.epilogue":0,"heap.external.prologue":0,"heap.external.epilogue":0,"heap.external_weak_global_handles":0.003,"complete.sweep_array_buffers":0,"scavenge":0.231,"scavenge.free_remembered_set":0.012,"scavenge.roots":0.008,"scavenge.weak":0,"scavenge.weak_global_handles.identify":0,"scavenge.weak_global_handles.process":0.001,"scavenge.parallel":0.136,"scavenge.pin_objects_conservative":0,"scavenge.pin_objects_precise":0,"scavenge.restore_pinned":0,"scavenge.sweep_array_buffers":0.001,"scavenge.resize_new_space":0,"background.scavenge.parallel":0.378,"incremental.steps_count":0,"incremental.steps_took":0,"scavenge_throughput":4.39532e+06,"quarantined_size":0,"quarantined_pages":0}
[completed compiling 0x125ff2b00b71 <JSFunction isUint8Array (sfi = 0x3d368e3f9951)> (target MAGLEV) - took 0.000, 0.305, 0.001 ms]
[marking 0x31192993d0f9 <JSFunction _splitChunk (sfi = 0xe8f256d4d9)> for optimization to MAGLEV, ConcurrencyMode::kConcurrent, reason: hot and stable]
[compiling method 0x31192993d0f9 <JSFunction _splitChunk (sfi = 0xe8f256d4d9)> (target MAGLEV), mode: ConcurrencyMode::kConcurrent]
[marking 0x1123afb95661 <JSFunction visit (sfi = 0xe8f256ffa1)> for optimization to TURBOFAN_JS, ConcurrencyMode::kConcurrent, reason: hot and stable]
[compiling method 0x1123afb95661 <JSFunction visit (sfi = 0xe8f256ffa1)> (target TURBOFAN_JS), mode: ConcurrencyMode::kConcurrent]
[completed compiling 0x31192993d0f9 <JSFunction _splitChunk (sfi = 0xe8f256d4d9)> (target MAGLEV) - took 0.000, 0.086, 0.003 ms]
[marking 0x31192993d7c1 <JSFunction split (sfi = 0xe8f256c9e1)> for optimization to MAGLEV, ConcurrencyMode::kConcurrent, reason: hot and stable]
[compiling method 0x31192993d7c1 <JSFunction split (sfi = 0xe8f256c9e1)> (target MAGLEV), mode: ConcurrencyMode::kConcurrent]
[marking 0x31192993d4b1 <JSFunction addUneditedChunk (sfi = 0xe8f256cc69)> for optimization to TURBOFAN_JS, ConcurrencyMode::kConcurrent, reason: hot and stable]
[marking 0x31192993d4e9 <JSFunction advance (sfi = 0xe8f256ccb1)> for optimization to MAGLEV, ConcurrencyMode::kConcurrent, reason: hot and stable]
[compiling method 0x31192993d4e9 <JSFunction advance (sfi = 0xe8f256ccb1)> (target MAGLEV), mode: ConcurrencyMode::kConcurrent]
[completed compiling 0x31192993d7c1 <JSFunction split (sfi = 0xe8f256c9e1)> (target MAGLEV) - took 0.000, 0.152, 0.003 ms]
[compiling method 0x31192993d4b1 <JSFunction addUneditedChunk (sfi = 0xe8f256cc69)> (target TURBOFAN_JS), mode: ConcurrencyMode::kConcurrent]
[completed compiling 0x31192993d4e9 <JSFunction advance (sfi = 0xe8f256ccb1)> (target MAGLEV) - took 0.000, 0.151, 0.002 ms]
[marking 0x222109ab1339 <JSFunction setSourceContent (sfi = 0xe8f255d4b1)> for optimization to TURBOFAN_JS, ConcurrencyMode::kConcurrent, reason: hot and stable]
[compiling method 0x222109ab1339 <JSFunction setSourceContent (sfi = 0xe8f255d4b1)> (target TURBOFAN_JS), mode: ConcurrencyMode::kConcurrent]
[completed compiling 0x222109ab1339 <JSFunction setSourceContent (sfi = 0xe8f255d4b1)> (target TURBOFAN_JS) - took 0.000, 0.517, 0.007 ms]
[completed optimizing 0x222109ab1339 <JSFunction setSourceContent (sfi = 0xe8f255d4b1)> (target TURBOFAN_JS)]
[completed compiling 0x31192993d4b1 <JSFunction addUneditedChunk (sfi = 0xe8f256cc69)> (target TURBOFAN_JS) - took 0.001, 1.521, 0.014 ms]
[completed optimizing 0x31192993d4b1 <JSFunction addUneditedChunk (sfi = 0xe8f256cc69)> (target TURBOFAN_JS)]
[completed compiling 0x1123afb95661 <JSFunction visit (sfi = 0xe8f256ffa1)> (target TURBOFAN_JS) - took 0.002, 2.062, 0.008 ms]
[completed optimizing 0x1123afb95661 <JSFunction visit (sfi = 0xe8f256ffa1)> (target TURBOFAN_JS)]
[marking 0x125ff2b008b1 <JSFunction isURL (sfi = 0x28df487463b9)> for optimization to MAGLEV, ConcurrencyMode::kConcurrent, reason: hot and stable]
[compiling method 0x125ff2b008b1 <JSFunction isURL (sfi = 0x28df487463b9)> (target MAGLEV), mode: ConcurrencyMode::kConcurrent]
[completed compiling 0x125ff2b008b1 <JSFunction isURL (sfi = 0x28df487463b9)> (target MAGLEV) - took 0.001, 0.098, 0.003 ms]
[marking 0x075669805cf9 <JSFunction (sfi = 0x1abc77b40d81)> for optimization to MAGLEV, ConcurrencyMode::kConcurrent, reason: hot and stable]
[compiling method 0x075669805cf9 <JSFunction (sfi = 0x1abc77b40d81)> (target MAGLEV), mode: ConcurrencyMode::kConcurrent]
[completed compiling 0x075669805cf9 <JSFunction (sfi = 0x1abc77b40d81)> (target MAGLEV) - took 0.000, 0.399, 0.006 ms]
[marking 0x143291c1a409 <JSFunction setScope (sfi = 0x20540e9be029)> for optimization to MAGLEV, ConcurrencyMode::kConcurrent, reason: hot and stable]
[compiling method 0x143291c1a409 <JSFunction setScope (sfi = 0x20540e9be029)> (target MAGLEV), mode: ConcurrencyMode::kConcurrent]
[completed compiling 0x143291c1a409 <JSFunction setScope (sfi = 0x20540e9be029)> (target MAGLEV) - took 0.000, 0.131, 0.004 ms]
[marking 0x125ff2b005c9 <JSFunction dirname (sfi = 0x1fd1b59ba0d1)> for optimization to MAGLEV, ConcurrencyMode::kConcurrent, reason: hot and stable]
[compiling method 0x125ff2b005c9 <JSFunction dirname (sfi = 0x1fd1b59ba0d1)> (target MAGLEV), mode: ConcurrencyMode::kConcurrent]
[completed compiling 0x125ff2b005c9 <JSFunction dirname (sfi = 0x1fd1b59ba0d1)> (target MAGLEV) - took 0.000, 0.159, 0.001 ms]
[marking 0x125ff2b00111 <JSFunction normalizeString (sfi = 0x1fd1b59b9aa1)> for optimization to TURBOFAN_JS, ConcurrencyMode::kConcurrent, reason: hot and stable]
[compiling method 0x125ff2b00111 <JSFunction normalizeString (sfi = 0x1fd1b59b9aa1)> (target TURBOFAN_JS), mode: ConcurrencyMode::kConcurrent]
[marking 0x0bd4ee768841 <JSFunction _write (sfi = 0x125ff2b2b171)> for optimization to MAGLEV, ConcurrencyMode::kConcurrent, reason: hot and stable]
[compiling method 0x0bd4ee768841 <JSFunction _write (sfi = 0x125ff2b2b171)> (target MAGLEV), mode: ConcurrencyMode::kConcurrent]
[completed compiling 0x0bd4ee768841 <JSFunction _write (sfi = 0x125ff2b2b171)> (target MAGLEV) - took 0.000, 0.089, 0.004 ms]
[marking 0x1123afb9b0a1 <JSFunction callExpression (sfi = 0x283fcede9769)> for optimization to MAGLEV, ConcurrencyMode::kConcurrent, reason: hot and stable]
[compiling method 0x1123afb9b0a1 <JSFunction callExpression (sfi = 0x283fcede9769)> (target MAGLEV), mode: ConcurrencyMode::kConcurrent]
[marking dependent code 0x3067b3d849b9 <Code MAGLEV> (0x00e8f25700c1 <SharedFunctionInfo isStaticPropertyKey>) (opt id 74) for deoptimization, reason: dependent field type changed]
[marking 0x222109ab9519 <JSFunction isStaticPropertyKey (sfi = 0xe8f25700c1)> for optimization to MAGLEV, ConcurrencyMode::kConcurrent, reason: hot and stable]
[compiling method 0x222109ab9519 <JSFunction isStaticPropertyKey (sfi = 0xe8f25700c1)> (target MAGLEV), mode: ConcurrencyMode::kConcurrent]
[completed compiling 0x222109ab9519 <JSFunction isStaticPropertyKey (sfi = 0xe8f25700c1)> (target MAGLEV) - took 0.000, 0.073, 0.002 ms]
[completed compiling 0x1123afb9b0a1 <JSFunction callExpression (sfi = 0x283fcede9769)> (target MAGLEV) - took 0.000, 0.353, 0.003 ms]
[completed compiling 0x125ff2b00111 <JSFunction normalizeString (sfi = 0x1fd1b59b9aa1)> (target TURBOFAN_JS) - took 0.002, 2.324, 0.007 ms]
[completed optimizing 0x125ff2b00111 <JSFunction normalizeString (sfi = 0x1fd1b59b9aa1)> (target TURBOFAN_JS)]
[marking 0x222109ab72f1 <JSFunction B (sfi = 0xe8f2562431)> for optimization to TURBOFAN_JS, ConcurrencyMode::kConcurrent, reason: hot and stable]
[compiling method 0x222109ab72f1 <JSFunction B (sfi = 0xe8f2562431)> (target TURBOFAN_JS), mode: ConcurrencyMode::kConcurrent]
[marking 0x2f5c2d52c109 <JSFunction (sfi = 0x3a6a3abb4ee9)> for optimization to MAGLEV, ConcurrencyMode::kConcurrent, reason: hot and stable]
[compiling method 0x2f5c2d52c109 <JSFunction (sfi = 0x3a6a3abb4ee9)> (target MAGLEV), mode: ConcurrencyMode::kConcurrent]
[completed compiling 0x2f5c2d52c109 <JSFunction (sfi = 0x3a6a3abb4ee9)> (target MAGLEV) - took 0.000, 0.312, 0.004 ms]
[completed compiling 0x222109ab72f1 <JSFunction B (sfi = 0xe8f2562431)> (target TURBOFAN_JS) - took 0.003, 1.193, 0.013 ms]
[completed optimizing 0x222109ab72f1 <JSFunction B (sfi = 0xe8f2562431)> (target TURBOFAN_JS)]
[75261:0xc0d80c000:0]      313 ms: GC: {"pause":0.266,"mutator":17.905,"gc":"s","reduce_memory":false,"time_to_safepoint":0,"stack":true,"reason":"allocation failure","collector_reason":"","start_object_size":23034456,"end_object_size":17548352,"start_memory_size":33521664,"end_memory_size":34570240,"start_holes_size":2210584,"end_holes_size":2640392,"pool_local_chunks":0,"pool_shared_chunks":0,"pool_total_chunks":0,"new_space_capacity":8388608,"old_gen_allocation_limit":59707072,"global_allocation_limit":59707168,"allocation_throughput":168950,"new_space_allocation_throughput":124393,"new_space_survive_rate":9.13811,"allocated":6602912,"promoted":618704,"new_space_survived":638240,"nodes_died_in_new":13,"nodes_copied_in_new":4,"nodes_promoted":42,"promotion_ratio":8.8584,"average_survival_ratio":50.1284,"promotion_rate":98.2294,"during_sweeping":false,"heap.prologue":0,"heap.epilogue":0.001,"heap.external.prologue":0,"heap.external.epilogue":0,"heap.external_weak_global_handles":0.002,"complete.sweep_array_buffers":0,"scavenge":0.251,"scavenge.free_remembered_set":0.007,"scavenge.roots":0.01,"scavenge.weak":0,"scavenge.weak_global_handles.identify":0,"scavenge.weak_global_handles.process":0.002,"scavenge.parallel":0.137,"scavenge.pin_objects_conservative":0,"scavenge.pin_objects_precise":0,"scavenge.restore_pinned":0.002,"scavenge.sweep_array_buffers":0.002,"scavenge.resize_new_space":0.001,"background.scavenge.parallel":0.468,"incremental.steps_count":0,"incremental.steps_took":0,"scavenge_throughput":4.42728e+06,"quarantined_size":0,"quarantined_pages":0}
[marking 0x2f5c2d52c0d1 <JSFunction (sfi = 0x3a6a3abb4ea1)> for optimization to MAGLEV, ConcurrencyMode::kConcurrent, reason: hot and stable]
[compiling method 0x2f5c2d52c0d1 <JSFunction (sfi = 0x3a6a3abb4ea1)> (target MAGLEV), mode: ConcurrencyMode::kConcurrent]
[completed compiling 0x2f5c2d52c0d1 <JSFunction (sfi = 0x3a6a3abb4ea1)> (target MAGLEV) - took 0.000, 0.112, 0.001 ms]
[marking 0x04217ceb4cb9 <JSFunction onStatements (sfi = 0x1123afbbcd79)> for optimization to MAGLEV, ConcurrencyMode::kConcurrent, reason: hot and stable]
[compiling method 0x04217ceb4cb9 <JSFunction onStatements (sfi = 0x1123afbbcd79)> (target MAGLEV), mode: ConcurrencyMode::kConcurrent]
[marking 0x222109ab9641 <JSFunction findParentScope (sfi = 0xe8f2563969)> for optimization to MAGLEV, ConcurrencyMode::kConcurrent, reason: hot and stable]
[compiling method 0x222109ab9641 <JSFunction findParentScope (sfi = 0xe8f2563969)> (target MAGLEV), mode: ConcurrencyMode::kConcurrent]
[completed compiling 0x04217ceb4cb9 <JSFunction onStatements (sfi = 0x1123afbbcd79)> (target MAGLEV) - took 0.000, 0.202, 0.008 ms]
[completed compiling 0x222109ab9641 <JSFunction findParentScope (sfi = 0xe8f2563969)> (target MAGLEV) - took 0.002, 0.185, 0.003 ms]
[marking 0x31192993d671 <JSFunction eachNext (sfi = 0xe8f256c831)> for optimization to MAGLEV, ConcurrencyMode::kConcurrent, reason: hot and stable]
[marking 0x222109ab0659 <JSFunction decode (sfi = 0xe8f255c809)> for optimization to TURBOFAN_JS, ConcurrencyMode::kConcurrent, reason: hot and stable]
[marking 0x1f847dcb42f1 <JSFunction (sfi = 0x1c9c3c47ce41)> for optimization to MAGLEV, ConcurrencyMode::kConcurrent, reason: hot and stable]
[compiling method 0x1f847dcb42f1 <JSFunction (sfi = 0x1c9c3c47ce41)> (target MAGLEV), mode: ConcurrencyMode::kConcurrent]
[completed compiling 0x1f847dcb42f1 <JSFunction (sfi = 0x1c9c3c47ce41)> (target MAGLEV) - took 0.000, 0.046, 0.001 ms]
[marking 0x378eeae90171 <JSFunction Parser (sfi = 0x38d0db68eae1)> for optimization to MAGLEV, ConcurrencyMode::kConcurrent, reason: hot and stable]
[compiling method 0x378eeae90171 <JSFunction Parser (sfi = 0x38d0db68eae1)> (target MAGLEV), mode: ConcurrencyMode::kConcurrent]
[marking 0x378eeae894c9 <JSFunction Parser (sfi = 0x38d0db68e391)> for optimization to MAGLEV, ConcurrencyMode::kConcurrent, reason: hot and stable]
[compiling method 0x378eeae894c9 <JSFunction Parser (sfi = 0x38d0db68e391)> (target MAGLEV), mode: ConcurrencyMode::kConcurrent]
[marking 0x325b19be8bb1 <JSFunction (sfi = 0x38d0db68e349)> for optimization to MAGLEV, ConcurrencyMode::kConcurrent, reason: hot and stable]
[compiling method 0x325b19be8bb1 <JSFunction (sfi = 0x38d0db68e349)> (target MAGLEV), mode: ConcurrencyMode::kConcurrent]
[completed compiling 0x378eeae90171 <JSFunction Parser (sfi = 0x38d0db68eae1)> (target MAGLEV) - took 0.000, 0.061, 0.002 ms]
[completed compiling 0x325b19be8bb1 <JSFunction (sfi = 0x38d0db68e349)> (target MAGLEV) - took 0.000, 0.021, 0.000 ms]
[completed compiling 0x378eeae894c9 <JSFunction Parser (sfi = 0x38d0db68e391)> (target MAGLEV) - took 0.000, 0.074, 0.002 ms]
[marking 0x39b16170b699 <JSFunction createParserContext (sfi = 0x93df0a2f261)> for optimization to MAGLEV, ConcurrencyMode::kConcurrent, reason: hot and stable]
[compiling method 0x39b16170b699 <JSFunction createParserContext (sfi = 0x93df0a2f261)> (target MAGLEV), mode: ConcurrencyMode::kConcurrent]
[marking 0x378eeae91f81 <JSFunction makeParser (sfi = 0x38d0db6bae71)> for optimization to MAGLEV, ConcurrencyMode::kConcurrent, reason: hot and stable]
[compiling method 0x378eeae91f81 <JSFunction makeParser (sfi = 0x38d0db6bae71)> (target MAGLEV), mode: ConcurrencyMode::kConcurrent]
[marking 0x125ff2b2ec79 <JSFunction spanned (sfi = 0x1c9c3c47cdb1)> for optimization to MAGLEV, ConcurrencyMode::kConcurrent, reason: hot and stable]
[marking 0x1f847dcb5bb9 <JSFunction (sfi = 0x1c9c3c47ce89)> for optimization to MAGLEV, ConcurrencyMode::kConcurrent, reason: hot and stable]
[compiling method 0x1f847dcb5bb9 <JSFunction (sfi = 0x1c9c3c47ce89)> (target MAGLEV), mode: ConcurrencyMode::kConcurrent]
[completed compiling 0x39b16170b699 <JSFunction createParserContext (sfi = 0x93df0a2f261)> (target MAGLEV) - took 0.000, 0.035, 0.001 ms]
[completed compiling 0x378eeae91f81 <JSFunction makeParser (sfi = 0x38d0db6bae71)> (target MAGLEV) - took 0.000, 0.042, 0.001 ms]
[compiling method 0x125ff2b2ec79 <JSFunction spanned (sfi = 0x1c9c3c47cdb1)> (target MAGLEV), mode: ConcurrencyMode::kConcurrent]
[completed compiling 0x1f847dcb5bb9 <JSFunction (sfi = 0x1c9c3c47ce89)> (target MAGLEV) - took 0.000, 0.055, 0.001 ms]
[completed compiling 0x125ff2b2ec79 <JSFunction spanned (sfi = 0x1c9c3c47cdb1)> (target MAGLEV) - took 0.000, 0.044, 0.001 ms]
[marking 0x37d0498349e9 <JSFunction (sfi = 0x93df0a2f3c9)> for optimization to MAGLEV, ConcurrencyMode::kConcurrent, reason: hot and stable]
[compiling method 0x37d0498349e9 <JSFunction (sfi = 0x93df0a2f3c9)> (target MAGLEV), mode: ConcurrencyMode::kConcurrent]
[marking 0x325b19bf3481 <JSFunction (sfi = 0x26a937392061)> for optimization to MAGLEV, ConcurrencyMode::kConcurrent, reason: hot and stable]
[completed compiling 0x37d0498349e9 <JSFunction (sfi = 0x93df0a2f3c9)> (target MAGLEV) - took 0.000, 0.012, 0.000 ms]
[compiling method 0x325b19bf3481 <JSFunction (sfi = 0x26a937392061)> (target MAGLEV), mode: ConcurrencyMode::kConcurrent]
[marking 0x325b19bc2669 <JSFunction (sfi = 0x24f411b42cd1)> for optimization to MAGLEV, ConcurrencyMode::kConcurrent, reason: hot and stable]
[compiling method 0x325b19bc2669 <JSFunction (sfi = 0x24f411b42cd1)> (target MAGLEV), mode: ConcurrencyMode::kConcurrent]
[marking 0x378eeae9a289 <JSFunction (sfi = 0x38d0db6bb219)> for optimization to MAGLEV, ConcurrencyMode::kConcurrent, reason: hot and stable]
[completed compiling 0x325b19bf3481 <JSFunction (sfi = 0x26a937392061)> (target MAGLEV) - took 0.000, 0.027, 0.000 ms]
[completed compiling 0x325b19bc2669 <JSFunction (sfi = 0x24f411b42cd1)> (target MAGLEV) - took 0.000, 0.014, 0.000 ms]
[compiling method 0x378eeae9a289 <JSFunction (sfi = 0x38d0db6bb219)> (target MAGLEV), mode: ConcurrencyMode::kConcurrent]
[completed compiling 0x378eeae9a289 <JSFunction (sfi = 0x38d0db6bb219)> (target MAGLEV) - took 0.000, 0.009, 0.001 ms]
[marking 0x0b19dbfa64b9 <JSFunction Grammar (sfi = 0xc9906bdef91)> for optimization to MAGLEV, ConcurrencyMode::kConcurrent, reason: hot and stable]
[compiling method 0x0b19dbfa64b9 <JSFunction Grammar (sfi = 0xc9906bdef91)> (target MAGLEV), mode: ConcurrencyMode::kConcurrent]
[completed compiling 0x0b19dbfa64b9 <JSFunction Grammar (sfi = 0xc9906bdef91)> (target MAGLEV) - took 0.000, 0.016, 0.001 ms]
[marking 0x0b19dbfa2d89 <JSFunction literal (sfi = 0xc9906bdebe9)> for optimization to MAGLEV, ConcurrencyMode::kConcurrent, reason: hot and stable]
[marking 0x0b19dbfa65a1 <JSFunction spanned (sfi = 0xc9906bdf0b1)> for optimization to MAGLEV, ConcurrencyMode::kConcurrent, reason: hot and stable]
[marking 0x0f20c4560491 <JSFunction (sfi = 0x1c9c3c47ced1)> for optimization to MAGLEV, ConcurrencyMode::kConcurrent, reason: hot and stable]
[compiling method 0x0f20c4560491 <JSFunction (sfi = 0x1c9c3c47ced1)> (target MAGLEV), mode: ConcurrencyMode::kConcurrent]
[compiling method 0x0b19dbfa2d89 <JSFunction literal (sfi = 0xc9906bdebe9)> (target MAGLEV), mode: ConcurrencyMode::kConcurrent]
[compiling method 0x0b19dbfa65a1 <JSFunction spanned (sfi = 0xc9906bdf0b1)> (target MAGLEV), mode: ConcurrencyMode::kConcurrent]
[marking 0x0b19dbfa3001 <JSFunction (sfi = 0xc9906bdee71)> for optimization to MAGLEV, ConcurrencyMode::kConcurrent, reason: hot and stable]
[compiling method 0x0b19dbfa3001 <JSFunction (sfi = 0xc9906bdee71)> (target MAGLEV), mode: ConcurrencyMode::kConcurrent]
[completed compiling 0x0b19dbfa2d89 <JSFunction literal (sfi = 0xc9906bdebe9)> (target MAGLEV) - took 0.000, 0.042, 0.002 ms]
[completed compiling 0x0f20c4560491 <JSFunction (sfi = 0x1c9c3c47ced1)> (target MAGLEV) - took 0.000, 0.083, 0.003 ms]
[completed compiling 0x0b19dbfa65a1 <JSFunction spanned (sfi = 0xc9906bdf0b1)> (target MAGLEV) - took 0.000, 0.036, 0.001 ms]
[completed compiling 0x0b19dbfa3001 <JSFunction (sfi = 0xc9906bdee71)> (target MAGLEV) - took 0.000, 0.011, 0.001 ms]
[marking 0x13537f9c3da1 <JSFunction (sfi = 0xc9906be6599)> for optimization to MAGLEV, ConcurrencyMode::kConcurrent, reason: hot and stable]
[compiling method 0x13537f9c3da1 <JSFunction (sfi = 0xc9906be6599)> (target MAGLEV), mode: ConcurrencyMode::kConcurrent]
[completed compiling 0x13537f9c3da1 <JSFunction (sfi = 0xc9906be6599)> (target MAGLEV) - took 0.000, 0.012, 0.001 ms]
[marking 0x0b19dbfa2f09 <JSFunction flatten (sfi = 0xc9906bded99)> for optimization to MAGLEV, ConcurrencyMode::kConcurrent, reason: hot and stable]
[compiling method 0x0b19dbfa2f09 <JSFunction flatten (sfi = 0xc9906bded99)> (target MAGLEV), mode: ConcurrencyMode::kConcurrent]
[completed compiling 0x0b19dbfa2f09 <JSFunction flatten (sfi = 0xc9906bded99)> (target MAGLEV) - took 0.000, 0.111, 0.002 ms]
[marking 0x0b19dbfa2ec9 <JSFunction compileTerminals (sfi = 0xc9906bded51)> for optimization to MAGLEV, ConcurrencyMode::kConcurrent, reason: hot and stable]
[compiling method 0x0b19dbfa2ec9 <JSFunction compileTerminals (sfi = 0xc9906bded51)> (target MAGLEV) OSR, mode: ConcurrencyMode::kConcurrent]
[completed compiling 0x0b19dbfa2ec9 <JSFunction compileTerminals (sfi = 0xc9906bded51)> (target MAGLEV) OSR - took 0.000, 0.431, 0.005 ms]
[compiling method 0x0b19dbfa2ec9 <JSFunction compileTerminals (sfi = 0xc9906bded51)> (target MAGLEV) OSR, mode: ConcurrencyMode::kConcurrent]
[75261:0xc0d80c000:0]      350 ms: GC: {"pause":0.296,"mutator":36.378,"gc":"s","reduce_memory":false,"time_to_safepoint":0,"stack":true,"reason":"allocation failure","collector_reason":"","start_object_size":26863360,"end_object_size":19566640,"start_memory_size":36978688,"end_memory_size":35356672,"start_holes_size":2452912,"end_holes_size":1823576,"pool_local_chunks":0,"pool_shared_chunks":0,"pool_total_chunks":0,"new_space_capacity":8388608,"old_gen_allocation_limit":59707072,"global_allocation_limit":59707168,"allocation_throughput":182235,"new_space_allocation_throughput":142669,"new_space_survive_rate":19.1666,"allocated":9315008,"promoted":629336,"new_space_survived":1918024,"nodes_died_in_new":1,"nodes_copied_in_new":1,"nodes_promoted":7,"promotion_ratio":6.2889,"average_survival_ratio":46.0926,"promotion_rate":98.6049,"during_sweeping":false,"heap.prologue":0,"heap.epilogue":0.001,"heap.external.prologue":0,"heap.external.epilogue":0,"heap.external_weak_global_handles":0.001,"complete.sweep_array_buffers":0,"scavenge":0.277,"scavenge.free_remembered_set":0.01,"scavenge.roots":0.018,"scavenge.weak":0,"scavenge.weak_global_handles.identify":0,"scavenge.weak_global_handles.process":0,"scavenge.parallel":0.189,"scavenge.pin_objects_conservative":0,"scavenge.pin_objects_precise":0,"scavenge.restore_pinned":0,"scavenge.sweep_array_buffers":0.002,"scavenge.resize_new_space":0,"background.scavenge.parallel":0.613,"incremental.steps_count":0,"incremental.steps_took":0,"scavenge_throughput":5.05946e+06,"quarantined_size":0,"quarantined_pages":0}
[marking dependent code 0x025c7627a889 <Code MAGLEV> (0x0c9906bded99 <SharedFunctionInfo flatten>) (opt id 157) for deoptimization, reason: dependent allocation site tenuring changed]
[marking dependent code 0x025c762797a9 <Code MAGLEV> (0x0c9906bdf0b1 <SharedFunctionInfo spanned>) (opt id 154) for deoptimization, reason: dependent allocation site tenuring changed]
[marking dependent code 0x3067b3d903a1 <Code MAGLEV> (0x1c9c3c47ced1 <SharedFunctionInfo>) (opt id 153) for deoptimization, reason: dependent allocation site tenuring changed]
[marking dependent code 0x025c76279491 <Code MAGLEV> (0x0c9906bdebe9 <SharedFunctionInfo literal>) (opt id 152) for deoptimization, reason: dependent allocation site tenuring changed]
[marking dependent code 0x025c76277e61 <Code MAGLEV> (0x093df0a2f261 <SharedFunctionInfo createParserContext>) (opt id 143) for deoptimization, reason: dependent allocation site tenuring changed]
[completed compiling 0x2424d6888299 <JSFunction compileTerminals (sfi = 0xc9906bded51)> (target MAGLEV) OSR - took 0.000, 0.788, 0.003 ms]
[marking 0x16f424595e89 <JSFunction (sfi = 0xc9906be8311)> for optimization to MAGLEV, ConcurrencyMode::kConcurrent, reason: hot and stable]
[compiling method 0x16f424595e89 <JSFunction (sfi = 0xc9906be8311)> (target MAGLEV), mode: ConcurrencyMode::kConcurrent]
[completed compiling 0x16f424595e89 <JSFunction (sfi = 0xc9906be8311)> (target MAGLEV) - took 0.000, 0.025, 0.000 ms]
[marking 0x2424d68a48c9 <JSFunction flatten (sfi = 0xc9906bded99)> for optimization to MAGLEV, ConcurrencyMode::kConcurrent, reason: hot and stable]
[marking 0x16f4245a3781 <JSFunction (sfi = 0x1c9c3c47cf19)> for optimization to MAGLEV, ConcurrencyMode::kConcurrent, reason: hot and stable]
[compiling method 0x16f4245a3781 <JSFunction (sfi = 0x1c9c3c47cf19)> (target MAGLEV), mode: ConcurrencyMode::kConcurrent]
[completed compiling 0x16f4245a3781 <JSFunction (sfi = 0x1c9c3c47cf19)> (target MAGLEV) - took 0.000, 0.021, 0.000 ms]
[marking 0x16f4245a3139 <JSFunction (sfi = 0xc9906be8359)> for optimization to MAGLEV, ConcurrencyMode::kConcurrent, reason: hot and stable]
[compiling method 0x16f4245a3139 <JSFunction (sfi = 0xc9906be8359)> (target MAGLEV), mode: ConcurrencyMode::kConcurrent]
[marking 0x07ecaf980749 <JSFunction isDiagnosticsEnabled (sfi = 0x38d0db6a94d9)> for optimization to MAGLEV, ConcurrencyMode::kConcurrent, reason: hot and stable]
[compiling method 0x07ecaf980749 <JSFunction isDiagnosticsEnabled (sfi = 0x38d0db6a94d9)> (target MAGLEV), mode: ConcurrencyMode::kConcurrent]
[completed compiling 0x07ecaf980749 <JSFunction isDiagnosticsEnabled (sfi = 0x38d0db6a94d9)> (target MAGLEV) - took 0.000, 0.019, 0.001 ms]
[marking 0x2006675eb2b9 <JSFunction transform (sfi = 0xc9906be7b39)> for optimization to MAGLEV, ConcurrencyMode::kConcurrent, reason: hot and stable]
[completed compiling 0x16f4245a3139 <JSFunction (sfi = 0xc9906be8359)> (target MAGLEV) - took 0.000, 0.358, 0.005 ms]
[compiling method 0x16f4245a31d1 <JSFunction transform (sfi = 0xc9906be7b39)> (target MAGLEV), mode: ConcurrencyMode::kConcurrent]
[marking 0x07ecaf980b59 <JSFunction unsafeSetValue (sfi = 0x93df0a2f609)> for optimization to MAGLEV, ConcurrencyMode::kConcurrent, reason: hot and stable]
[marking 0x07ecaf980a09 <JSFunction ok (sfi = 0x93df0a2f459)> for optimization to MAGLEV, ConcurrencyMode::kConcurrent, reason: hot and stable]
[completed compiling 0x16f4245a31d1 <JSFunction transform (sfi = 0xc9906be7b39)> (target MAGLEV) - took 0.001, 0.011, 0.000 ms]
[compiling method 0x07ecaf980a09 <JSFunction ok (sfi = 0x93df0a2f459)> (target MAGLEV), mode: ConcurrencyMode::kConcurrent]
[compiling method 0x07ecaf980b59 <JSFunction unsafeSetValue (sfi = 0x93df0a2f609)> (target MAGLEV), mode: ConcurrencyMode::kConcurrent]
[completed compiling 0x07ecaf980b59 <JSFunction unsafeSetValue (sfi = 0x93df0a2f609)> (target MAGLEV) - took 0.000, 0.016, 0.001 ms]
[completed compiling 0x07ecaf980a09 <JSFunction ok (sfi = 0x93df0a2f459)> (target MAGLEV) - took 0.000, 0.043, 0.002 ms]
[marking 0x39b16170a899 <JSFunction (sfi = 0x38d0db6a97a9)> for optimization to MAGLEV, ConcurrencyMode::kConcurrent, reason: hot and stable]
[compiling method 0x39b16170a899 <JSFunction (sfi = 0x38d0db6a97a9)> (target MAGLEV), mode: ConcurrencyMode::kConcurrent]
[completed compiling 0x39b16170a899 <JSFunction (sfi = 0x38d0db6a97a9)> (target MAGLEV) - took 0.000, 0.010, 0.000 ms]
[marking 0x07ecaf9809d1 <JSFunction ParserState (sfi = 0x93df0a2f849)> for optimization to MAGLEV, ConcurrencyMode::kConcurrent, reason: hot and stable]
[marking 0x39b16170ab69 <JSFunction ParserState (sfi = 0x93df0a2f411)> for optimization to MAGLEV, ConcurrencyMode::kConcurrent, reason: hot and stable]
[marking 0x16f4245a3569 <JSFunction parseState (sfi = 0xc9906be6dc1)> for optimization to MAGLEV, ConcurrencyMode::kConcurrent, reason: hot and stable]
[marking 0x16f4245aabc1 <JSFunction parse (sfi = 0x1c9c3c47cfa9)> for optimization to MAGLEV, ConcurrencyMode::kConcurrent, reason: hot and stable]
[compiling method 0x16f4245aabc1 <JSFunction parse (sfi = 0x1c9c3c47cfa9)> (target MAGLEV), mode: ConcurrencyMode::kConcurrent]
[compiling method 0x16f4245a3569 <JSFunction parseState (sfi = 0xc9906be6dc1)> (target MAGLEV), mode: ConcurrencyMode::kConcurrent]
[compiling method 0x39b16170ab69 <JSFunction ParserState (sfi = 0x93df0a2f411)> (target MAGLEV), mode: ConcurrencyMode::kConcurrent]
[compiling method 0x07ecaf9809d1 <JSFunction ParserState (sfi = 0x93df0a2f849)> (target MAGLEV), mode: ConcurrencyMode::kConcurrent]
[marking 0x16f4245a34a9 <JSFunction edges (sfi = 0xc9906be8281)> for optimization to MAGLEV, ConcurrencyMode::kConcurrent, reason: hot and stable]
[compiling method 0x16f4245a34a9 <JSFunction edges (sfi = 0xc9906be8281)> (target MAGLEV), mode: ConcurrencyMode::kConcurrent]
[marking 0x16f4245a3239 <JSFunction (sfi = 0xc9906be7d01)> for optimization to MAGLEV, ConcurrencyMode::kConcurrent, reason: hot and stable]
[marking 0x16f4245a3309 <JSFunction project (sfi = 0xc9906be7bf9)> for optimization to MAGLEV, ConcurrencyMode::kConcurrent, reason: hot and stable]
[completed compiling 0x16f4245aabc1 <JSFunction parse (sfi = 0x1c9c3c47cfa9)> (target MAGLEV) - took 0.000, 0.086, 0.002 ms]
[completed compiling 0x16f4245a3569 <JSFunction parseState (sfi = 0xc9906be6dc1)> (target MAGLEV) - took 0.000, 0.125, 0.003 ms]
[completed compiling 0x07ecaf9809d1 <JSFunction ParserState (sfi = 0x93df0a2f849)> (target MAGLEV) - took 0.000, 0.041, 0.001 ms]
[completed compiling 0x39b16170ab69 <JSFunction ParserState (sfi = 0x93df0a2f411)> (target MAGLEV) - took 0.000, 0.095, 0.003 ms]
[completed compiling 0x16f4245a34a9 <JSFunction edges (sfi = 0xc9906be8281)> (target MAGLEV) - took 0.000, 0.072, 0.002 ms]
[compiling method 0x16f4245a3309 <JSFunction project (sfi = 0xc9906be7bf9)> (target MAGLEV), mode: ConcurrencyMode::kConcurrent]
[compiling method 0x16f4245a3239 <JSFunction (sfi = 0xc9906be7d01)> (target MAGLEV), mode: ConcurrencyMode::kConcurrent]
[marking 0x37d049835d49 <JSFunction (sfi = 0x93df0a2f339)> for optimization to MAGLEV, ConcurrencyMode::kConcurrent, reason: hot and stable]
[compiling method 0x37d049835d49 <JSFunction (sfi = 0x93df0a2f339)> (target MAGLEV), mode: ConcurrencyMode::kConcurrent]
[marking 0x16f4245a3531 <JSFunction (sfi = 0xc9906be77e9)> for optimization to MAGLEV, ConcurrencyMode::kConcurrent, reason: hot and stable]
[compiling method 0x16f4245a3531 <JSFunction (sfi = 0xc9906be77e9)> (target MAGLEV), mode: ConcurrencyMode::kConcurrent]
[completed compiling 0x16f4245a3309 <JSFunction project (sfi = 0xc9906be7bf9)> (target MAGLEV) - took 0.000, 0.060, 0.001 ms]
[completed compiling 0x16f4245a3239 <JSFunction (sfi = 0xc9906be7d01)> (target MAGLEV) - took 0.000, 0.044, 0.001 ms]
[completed compiling 0x37d049835d49 <JSFunction (sfi = 0x93df0a2f339)> (target MAGLEV) - took 0.000, 0.010, 0.000 ms]
[completed compiling 0x16f4245a3531 <JSFunction (sfi = 0xc9906be77e9)> (target MAGLEV) - took 0.000, 0.070, 0.002 ms]
[marking 0x07ecaf980ab1 <JSFunction rollback (sfi = 0x93df0a2f531)> for optimization to MAGLEV, ConcurrencyMode::kConcurrent, reason: hot and stable]
[compiling method 0x07ecaf980ab1 <JSFunction rollback (sfi = 0x93df0a2f531)> (target MAGLEV), mode: ConcurrencyMode::kConcurrent]
[marking 0x14bd977db399 <JSFunction mergeLabels (sfi = 0xc9906bdede1)> for optimization to MAGLEV, ConcurrencyMode::kConcurrent, reason: hot and stable]
[compiling method 0x14bd977db399 <JSFunction mergeLabels (sfi = 0xc9906bdede1)> (target MAGLEV), mode: ConcurrencyMode::kConcurrent]
[completed compiling 0x07ecaf980ab1 <JSFunction rollback (sfi = 0x93df0a2f531)> (target MAGLEV) - took 0.000, 0.048, 0.001 ms]
[completed compiling 0x14bd977db399 <JSFunction mergeLabels (sfi = 0xc9906bdede1)> (target MAGLEV) - took 0.000, 0.079, 0.001 ms]
[marking 0x16f4245a3139 <JSFunction (sfi = 0xc9906be8359)> for optimization to TURBOFAN_JS, ConcurrencyMode::kConcurrent, reason: hot and stable]
[compiling method 0x16f4245a3139 <JSFunction (sfi = 0xc9906be8359)> (target TURBOFAN_JS), mode: ConcurrencyMode::kConcurrent]
[marking 0x125ff2b2e6c1 <JSFunction (sfi = 0x1c9c3c47cb69)> for optimization to MAGLEV, ConcurrencyMode::kConcurrent, reason: hot and stable]
[75261:0xc0d80c000:0]      355 ms: GC: {"pause":0.272,"mutator":4.464,"gc":"s","reduce_memory":false,"time_to_safepoint":0,"stack":true,"reason":"allocation failure","collector_reason":"","start_object_size":25965160,"end_object_size":18666984,"start_memory_size":36405248,"end_memory_size":36929536,"start_holes_size":1994224,"end_holes_size":1609272,"pool_local_chunks":0,"pool_shared_chunks":0,"pool_total_chunks":0,"new_space_capacity":8388608,"old_gen_allocation_limit":59707072,"global_allocation_limit":59707168,"allocation_throughput":224645,"new_space_allocation_throughput":181367,"new_space_survive_rate":1.07381,"allocated":6398520,"promoted":909208,"new_space_survived":90072,"nodes_died_in_new":0,"nodes_copied_in_new":0,"nodes_promoted":1,"promotion_ratio":10.8393,"average_survival_ratio":40.1815,"promotion_rate":47.4034,"during_sweeping":false,"heap.prologue":0,"heap.epilogue":0.001,"heap.external.prologue":0,"heap.external.epilogue":0,"heap.external_weak_global_handles":0,"complete.sweep_array_buffers":0,"scavenge":0.26,"scavenge.free_remembered_set":0.004,"scavenge.roots":0.021,"scavenge.weak":0,"scavenge.weak_global_handles.identify":0,"scavenge.weak_global_handles.process":0.001,"scavenge.parallel":0.122,"scavenge.pin_objects_conservative":0,"scavenge.pin_objects_precise":0,"scavenge.restore_pinned":0,"scavenge.sweep_array_buffers":0.002,"scavenge.resize_new_space":0.001,"background.scavenge.parallel":0.484,"incremental.steps_count":0,"incremental.steps_took":0,"scavenge_throughput":5.00978e+06,"quarantined_size":0,"quarantined_pages":0}
[compiling method 0x125ff2b2e6c1 <JSFunction (sfi = 0x1c9c3c47cb69)> (target MAGLEV) OSR, mode: ConcurrencyMode::kConcurrent]
[completed compiling 0x125ff2b2e6c1 <JSFunction (sfi = 0x1c9c3c47cb69)> (target MAGLEV) OSR - took 0.000, 0.188, 0.003 ms]
[compiling method 0x125ff2b2e6c1 <JSFunction (sfi = 0x1c9c3c47cb69)> (target TURBOFAN_JS) OSR, mode: ConcurrencyMode::kConcurrent]
[marking 0x378eeae88419 <JSFunction edges (sfi = 0xc9906be8281)> for optimization to TURBOFAN_JS, ConcurrencyMode::kConcurrent, reason: hot and stable]
[compiling method 0x378eeae88419 <JSFunction edges (sfi = 0xc9906be8281)> (target TURBOFAN_JS), mode: ConcurrencyMode::kConcurrent]
[completed compiling 0x378eeae883e1 <JSFunction (sfi = 0xc9906be8359)> (target TURBOFAN_JS) - took 0.003, 3.076, 0.018 ms]
[completed optimizing 0x378eeae883e1 <JSFunction (sfi = 0xc9906be8359)> (target TURBOFAN_JS)]
[marking 0x39b16170a899 <JSFunction (sfi = 0x38d0db6a97a9)> for optimization to TURBOFAN_JS, ConcurrencyMode::kConcurrent, reason: hot and stable]
[compiling method 0x39b16170a899 <JSFunction (sfi = 0x38d0db6a97a9)> (target TURBOFAN_JS), mode: ConcurrencyMode::kConcurrent]
[marking 0x378eeae88451 <JSFunction (sfi = 0xc9906be77e9)> for optimization to TURBOFAN_JS, ConcurrencyMode::kConcurrent, reason: hot and stable]
[compiling method 0x378eeae88451 <JSFunction (sfi = 0xc9906be77e9)> (target TURBOFAN_JS), mode: ConcurrencyMode::kConcurrent]
[completed compiling 0x39b16170a899 <JSFunction (sfi = 0x38d0db6a97a9)> (target TURBOFAN_JS) - took 0.001, 0.193, 0.003 ms]
[completed optimizing 0x39b16170a899 <JSFunction (sfi = 0x38d0db6a97a9)> (target TURBOFAN_JS)]
[marking 0x07ecaf980a09 <JSFunction ok (sfi = 0x93df0a2f459)> for optimization to TURBOFAN_JS, ConcurrencyMode::kConcurrent, reason: hot and stable]
[compiling method 0x07ecaf980a09 <JSFunction ok (sfi = 0x93df0a2f459)> (target TURBOFAN_JS), mode: ConcurrencyMode::kConcurrent]
[completed compiling 0x07ecaf980a09 <JSFunction ok (sfi = 0x93df0a2f459)> (target TURBOFAN_JS) - took 0.001, 0.215, 0.006 ms]
[completed optimizing 0x07ecaf980a09 <JSFunction ok (sfi = 0x93df0a2f459)> (target TURBOFAN_JS)]
[completed compiling 0x378eeae88419 <JSFunction edges (sfi = 0xc9906be8281)> (target TURBOFAN_JS) - took 0.001, 1.322, 0.009 ms]
[completed optimizing 0x378eeae88419 <JSFunction edges (sfi = 0xc9906be8281)> (target TURBOFAN_JS)]
[marking 0x07ecaf980ab1 <JSFunction rollback (sfi = 0x93df0a2f531)> for optimization to TURBOFAN_JS, ConcurrencyMode::kConcurrent, reason: hot and stable]
[compiling method 0x07ecaf980ab1 <JSFunction rollback (sfi = 0x93df0a2f531)> (target TURBOFAN_JS), mode: ConcurrencyMode::kConcurrent]
[marking 0x37d049835d49 <JSFunction (sfi = 0x93df0a2f339)> for optimization to TURBOFAN_JS, ConcurrencyMode::kConcurrent, reason: hot and stable]
[compiling method 0x37d049835d49 <JSFunction (sfi = 0x93df0a2f339)> (target TURBOFAN_JS), mode: ConcurrencyMode::kConcurrent]
[75261:0xc0d80c000:0]      358 ms: GC: {"pause":0.127,"mutator":2.958,"gc":"s","reduce_memory":false,"time_to_safepoint":0,"stack":true,"reason":"allocation failure","collector_reason":"","start_object_size":26895232,"end_object_size":18630752,"start_memory_size":36929536,"end_memory_size":36929536,"start_holes_size":1588408,"end_holes_size":1500064,"pool_local_chunks":0,"pool_shared_chunks":0,"pool_total_chunks":0,"new_space_capacity":8388608,"old_gen_allocation_limit":59707072,"global_allocation_limit":59707168,"allocation_throughput":282772,"new_space_allocation_throughput":233992,"new_space_survive_rate":0.032713,"allocated":8228248,"promoted":88344,"new_space_survived":2744,"nodes_died_in_new":0,"nodes_copied_in_new":0,"nodes_promoted":0,"promotion_ratio":1.05321,"average_survival_ratio":34.8835,"promotion_rate":98.0815,"during_sweeping":false,"heap.prologue":0,"heap.epilogue":0.001,"heap.external.prologue":0,"heap.external.epilogue":0,"heap.external_weak_global_handles":0,"complete.sweep_array_buffers":0,"scavenge":0.103,"scavenge.free_remembered_set":0.001,"scavenge.roots":0.017,"scavenge.weak":0,"scavenge.weak_global_handles.identify":0,"scavenge.weak_global_handles.process":0,"scavenge.parallel":0.059,"scavenge.pin_objects_conservative":0,"scavenge.pin_objects_precise":0,"scavenge.restore_pinned":0.001,"scavenge.sweep_array_buffers":0,"scavenge.resize_new_space":0.001,"background.scavenge.parallel":0,"incremental.steps_count":0,"incremental.steps_took":0,"scavenge_throughput":4.92145e+06,"quarantined_size":0,"quarantined_pages":0}
[completed compiling 0x07ecaf980ab1 <JSFunction rollback (sfi = 0x93df0a2f531)> (target TURBOFAN_JS) - took 0.001, 0.425, 0.006 ms]
[completed optimizing 0x07ecaf980ab1 <JSFunction rollback (sfi = 0x93df0a2f531)> (target TURBOFAN_JS)]
[completed compiling 0x37d049835d49 <JSFunction (sfi = 0x93df0a2f339)> (target TURBOFAN_JS) - took 0.000, 0.231, 0.002 ms]
[completed optimizing 0x37d049835d49 <JSFunction (sfi = 0x93df0a2f339)> (target TURBOFAN_JS)]
[completed compiling 0x125ff2b2e6c1 <JSFunction (sfi = 0x1c9c3c47cb69)> (target TURBOFAN_JS) OSR - took 0.002, 2.653, 0.020 ms]
[completed optimizing 0x125ff2b2e6c1 <JSFunction (sfi = 0x1c9c3c47cb69)> (target TURBOFAN_JS) OSR]
[completed compiling 0x167bd9cfecc1 <JSFunction (sfi = 0xc9906be77e9)> (target TURBOFAN_JS) - took 0.006, 1.667, 0.019 ms]
[completed optimizing 0x167bd9cfecc1 <JSFunction (sfi = 0xc9906be77e9)> (target TURBOFAN_JS)]
[bailout (kind: deopt-eager, reason: prepare for on stack replacement (OSR)): begin. deoptimizing 0x125ff2b2e6c1 <JSFunction (sfi = 0x1c9c3c47cb69)>, 0x017e64df8db1 <Code MAGLEV>, opt id 180, bytecode offset 759, deopt exit 19, FP to SP delta 240, caller SP 0x00016d121750, pc 0x0001198a94b0]
[75261:0xc0d80c000:0]      360 ms: GC: {"pause":0.042,"mutator":2.16,"gc":"s","reduce_memory":false,"time_to_safepoint":0,"stack":true,"reason":"allocation failure","collector_reason":"","start_object_size":26999096,"end_object_size":18678384,"start_memory_size":36929536,"end_memory_size":36929536,"start_holes_size":1484544,"end_holes_size":1482888,"pool_local_chunks":0,"pool_shared_chunks":0,"pool_total_chunks":0,"new_space_capacity":8388608,"old_gen_allocation_limit":59707072,"global_allocation_limit":59707168,"allocation_throughput":336744,"new_space_allocation_throughput":287975,"new_space_survive_rate":0.0404383,"allocated":8368344,"promoted":1656,"new_space_survived":3392,"nodes_died_in_new":0,"nodes_copied_in_new":0,"nodes_promoted":0,"promotion_ratio":0.0197423,"average_survival_ratio":28.2779,"promotion_rate":60.3499,"during_sweeping":false,"heap.prologue":0,"heap.epilogue":0.001,"heap.external.prologue":0,"heap.external.epilogue":0,"heap.external_weak_global_handles":0,"complete.sweep_array_buffers":0,"scavenge":0.035,"scavenge.free_remembered_set":0.001,"scavenge.roots":0.004,"scavenge.weak":0,"scavenge.weak_global_handles.identify":0,"scavenge.weak_global_handles.process":0,"scavenge.parallel":0,"scavenge.pin_objects_conservative":0,"scavenge.pin_objects_precise":0,"scavenge.restore_pinned":0.001,"scavenge.sweep_array_buffers":0,"scavenge.resize_new_space":0,"background.scavenge.parallel":0.015,"incremental.steps_count":0,"incremental.steps_took":0,"scavenge_throughput":4.9499e+06,"quarantined_size":0,"quarantined_pages":0}
[marking 0x39b16172bf29 <JSFunction mergeLabels (sfi = 0xc9906bdede1)> for optimization to TURBOFAN_JS, ConcurrencyMode::kConcurrent, reason: hot and stable]
[compiling method 0x39b16172bf29 <JSFunction mergeLabels (sfi = 0xc9906bdede1)> (target TURBOFAN_JS), mode: ConcurrencyMode::kConcurrent]
[completed compiling 0x39b16172bf29 <JSFunction mergeLabels (sfi = 0xc9906bdede1)> (target TURBOFAN_JS) - took 0.001, 0.443, 0.006 ms]
[completed optimizing 0x39b16172bf29 <JSFunction mergeLabels (sfi = 0xc9906bdede1)> (target TURBOFAN_JS)]
[75261:0xc0d80c000:0]      362 ms: GC: {"pause":0.041,"mutator":1.695,"gc":"s","reduce_memory":false,"time_to_safepoint":0,"stack":true,"reason":"allocation failure","collector_reason":"","start_object_size":27003272,"end_object_size":18618856,"start_memory_size":36929536,"end_memory_size":36929536,"start_holes_size":1480368,"end_holes_size":1476976,"pool_local_chunks":0,"pool_shared_chunks":0,"pool_total_chunks":0,"new_space_capacity":8388608,"old_gen_allocation_limit":59707072,"global_allocation_limit":59707168,"allocation_throughput":390186,"new_space_allocation_throughput":341958,"new_space_survive_rate":0.00343344,"allocated":8324888,"promoted":3392,"new_space_survived":288,"nodes_died_in_new":0,"nodes_copied_in_new":0,"nodes_promoted":0,"promotion_ratio":0.0404383,"average_survival_ratio":23.2222,"promotion_rate":100,"during_sweeping":false,"heap.prologue":0,"heap.epilogue":0,"heap.external.prologue":0,"heap.external.epilogue":0,"heap.external_weak_global_handles":0,"complete.sweep_array_buffers":0,"scavenge":0.037,"scavenge.free_remembered_set":0.001,"scavenge.roots":0.003,"scavenge.weak":0,"scavenge.weak_global_handles.identify":0.001,"scavenge.weak_global_handles.process":0,"scavenge.parallel":0,"scavenge.pin_objects_conservative":0,"scavenge.pin_objects_precise":0,"scavenge.restore_pinned":0.001,"scavenge.sweep_array_buffers":0,"scavenge.resize_new_space":0,"background.scavenge.parallel":0.012,"incremental.steps_count":0,"incremental.steps_took":0,"scavenge_throughput":4.90474e+06,"quarantined_size":0,"quarantined_pages":0}
[75261:0xc0d80c000:0]      364 ms: GC: {"pause":0.073,"mutator":2.115,"gc":"s","reduce_memory":false,"time_to_safepoint":0,"stack":true,"reason":"allocation failure","collector_reason":"","start_object_size":27006664,"end_object_size":18651752,"start_memory_size":36929536,"end_memory_size":36929536,"start_holes_size":1476976,"end_holes_size":1476688,"pool_local_chunks":0,"pool_shared_chunks":0,"pool_total_chunks":0,"new_space_capacity":8388608,"old_gen_allocation_limit":59707072,"global_allocation_limit":59707168,"allocation_throughput":442247,"new_space_allocation_throughput":394698,"new_space_survive_rate":0.00419642,"allocated":8387808,"promoted":288,"new_space_survived":352,"nodes_died_in_new":0,"nodes_copied_in_new":0,"nodes_promoted":0,"promotion_ratio":0.00343344,"average_survival_ratio":17.0586,"promotion_rate":100,"during_sweeping":false,"heap.prologue":0,"heap.epilogue":0,"heap.external.prologue":0,"heap.external.epilogue":0,"heap.external_weak_global_handles":0,"complete.sweep_array_buffers":0,"scavenge":0.063,"scavenge.free_remembered_set":0.001,"scavenge.roots":0.013,"scavenge.weak":0,"scavenge.weak_global_handles.identify":0.001,"scavenge.weak_global_handles.process":0.001,"scavenge.parallel":0,"scavenge.pin_objects_conservative":0,"scavenge.pin_objects_precise":0,"scavenge.restore_pinned":0,"scavenge.sweep_array_buffers":0,"scavenge.resize_new_space":0.001,"background.scavenge.parallel":0.013,"incremental.steps_count":0,"incremental.steps_took":0,"scavenge_throughput":4.44465e+06,"quarantined_size":0,"quarantined_pages":0}
[75261:0xc0d80c000:0]      366 ms: GC: {"pause":0.05,"mutator":1.851,"gc":"s","reduce_memory":false,"time_to_safepoint":0,"stack":true,"reason":"allocation failure","collector_reason":"","start_object_size":27006952,"end_object_size":18618856,"start_memory_size":36929536,"end_memory_size":36929536,"start_holes_size":1476688,"end_holes_size":1476688,"pool_local_chunks":0,"pool_shared_chunks":0,"pool_total_chunks":0,"new_space_capacity":8388608,"old_gen_allocation_limit":59707072,"global_allocation_limit":59707168,"allocation_throughput":494152,"new_space_allocation_throughput":447207,"new_space_survive_rate":0,"allocated":8355200,"promoted":0,"new_space_survived":0,"nodes_died_in_new":0,"nodes_copied_in_new":0,"nodes_promoted":0,"promotion_ratio":0,"average_survival_ratio":8.6733,"promotion_rate":0,"during_sweeping":false,"heap.prologue":0,"heap.epilogue":0.001,"heap.external.prologue":0,"heap.external.epilogue":0,"heap.external_weak_global_handles":0,"complete.sweep_array_buffers":0,"scavenge":0.04,"scavenge.free_remembered_set":0,"scavenge.roots":0.008,"scavenge.weak":0,"scavenge.weak_global_handles.identify":0,"scavenge.weak_global_handles.process":0,"scavenge.parallel":0,"scavenge.pin_objects_conservative":0,"scavenge.pin_objects_precise":0,"scavenge.restore_pinned":0,"scavenge.sweep_array_buffers":0,"scavenge.resize_new_space":0,"background.scavenge.parallel":0,"incremental.steps_count":0,"incremental.steps_took":0,"scavenge_throughput":4.0975e+06,"quarantined_size":0,"quarantined_pages":0}
[bailout (kind: deopt-eager, reason: Insufficient type feedback for generic named access): begin. deoptimizing 0x125ff2b2e6c1 <JSFunction (sfi = 0x1c9c3c47cb69)>, 0x017e64dfb641 <Code TURBOFAN_JS>, opt id 181, bytecode offset 766, deopt exit 17, FP to SP delta 320, caller SP 0x00016d121750, pc 0x0001198ac5d8]
[marking 0x07ecaf9809d1 <JSFunction ParserState (sfi = 0x93df0a2f849)> for optimization to TURBOFAN_JS, ConcurrencyMode::kConcurrent, reason: hot and stable]
[compiling method 0x07ecaf9809d1 <JSFunction ParserState (sfi = 0x93df0a2f849)> (target TURBOFAN_JS), mode: ConcurrencyMode::kConcurrent]
[marking 0x167bd9cffb21 <JSFunction parse (sfi = 0x1c9c3c47cfa9)> for optimization to TURBOFAN_JS, ConcurrencyMode::kConcurrent, reason: hot and stable]
[compiling method 0x167bd9cffb21 <JSFunction parse (sfi = 0x1c9c3c47cfa9)> (target TURBOFAN_JS), mode: ConcurrencyMode::kConcurrent]
[completed compiling 0x07ecaf9809d1 <JSFunction ParserState (sfi = 0x93df0a2f849)> (target TURBOFAN_JS) - took 0.003, 0.339, 0.012 ms]
[completed optimizing 0x07ecaf9809d1 <JSFunction ParserState (sfi = 0x93df0a2f849)> (target TURBOFAN_JS)]
[completed compiling 0x167bd9cffb21 <JSFunction parse (sfi = 0x1c9c3c47cfa9)> (target TURBOFAN_JS) - took 0.001, 0.516, 0.010 ms]
[completed optimizing 0x167bd9cffb21 <JSFunction parse (sfi = 0x1c9c3c47cfa9)> (target TURBOFAN_JS)]
[compiling method 0x125ff2b2e6c1 <JSFunction (sfi = 0x1c9c3c47cb69)> (target MAGLEV) OSR, mode: ConcurrencyMode::kConcurrent]
[completed compiling 0x125ff2b2e6c1 <JSFunction (sfi = 0x1c9c3c47cb69)> (target MAGLEV) OSR - took 0.000, 0.183, 0.003 ms]
[compiling method 0x125ff2b2e6c1 <JSFunction (sfi = 0x1c9c3c47cb69)> (target TURBOFAN_JS) OSR, mode: ConcurrencyMode::kConcurrent]
[marking 0x167bd9ce0ec9 <JSFunction parseState (sfi = 0xc9906be6dc1)> for optimization to TURBOFAN_JS, ConcurrencyMode::kConcurrent, reason: hot and stable]
[compiling method 0x167bd9ce0ec9 <JSFunction parseState (sfi = 0xc9906be6dc1)> (target TURBOFAN_JS), mode: ConcurrencyMode::kConcurrent]
[75261:0xc0d80c000:0]      368 ms: GC: {"pause":0.069,"mutator":2.468,"gc":"s","reduce_memory":false,"time_to_safepoint":0,"stack":true,"reason":"allocation failure","collector_reason":"","start_object_size":27014760,"end_object_size":18661400,"start_memory_size":36929536,"end_memory_size":36929536,"start_holes_size":1468880,"end_holes_size":1468880,"pool_local_chunks":0,"pool_shared_chunks":0,"pool_total_chunks":0,"new_space_capacity":8388608,"old_gen_allocation_limit":59707072,"global_allocation_limit":59707168,"allocation_throughput":543468,"new_space_allocation_throughput":497266,"new_space_survive_rate":0.0283259,"allocated":8395904,"promoted":0,"new_space_survived":2376,"nodes_died_in_new":0,"nodes_copied_in_new":0,"nodes_promoted":0,"promotion_ratio":0,"average_survival_ratio":7.20449,"promotion_rate":0,"during_sweeping":false,"heap.prologue":0,"heap.epilogue":0,"heap.external.prologue":0,"heap.external.epilogue":0,"heap.external_weak_global_handles":0,"complete.sweep_array_buffers":0,"scavenge":0.043,"scavenge.free_remembered_set":0,"scavenge.roots":0.011,"scavenge.weak":0,"scavenge.weak_global_handles.identify":0,"scavenge.weak_global_handles.process":0,"scavenge.parallel":0.003,"scavenge.pin_objects_conservative":0,"scavenge.pin_objects_precise":0,"scavenge.restore_pinned":0.001,"scavenge.sweep_array_buffers":0,"scavenge.resize_new_space":0,"background.scavenge.parallel":0,"incremental.steps_count":0,"incremental.steps_took":0,"scavenge_throughput":4.08253e+06,"quarantined_size":0,"quarantined_pages":0}
[completed compiling 0x167bd9ce0ec9 <JSFunction parseState (sfi = 0xc9906be6dc1)> (target TURBOFAN_JS) - took 0.001, 0.613, 0.010 ms]
[completed optimizing 0x167bd9ce0ec9 <JSFunction parseState (sfi = 0xc9906be6dc1)> (target TURBOFAN_JS)]
[completed compiling 0x125ff2b2e6c1 <JSFunction (sfi = 0x1c9c3c47cb69)> (target TURBOFAN_JS) OSR - took 0.001, 1.617, 0.010 ms]
[completed optimizing 0x125ff2b2e6c1 <JSFunction (sfi = 0x1c9c3c47cb69)> (target TURBOFAN_JS) OSR]
[bailout (kind: deopt-eager, reason: prepare for on stack replacement (OSR)): begin. deoptimizing 0x125ff2b2e6c1 <JSFunction (sfi = 0x1c9c3c47cb69)>, 0x3067b3d92141 <Code MAGLEV>, opt id 191, bytecode offset 825, deopt exit 19, FP to SP delta 240, caller SP 0x00016d121750, pc 0x0001198c1d40]
[75261:0xc0d80c000:0]      370 ms: GC: {"pause":0.039,"mutator":2.1,"gc":"s","reduce_memory":false,"time_to_safepoint":0,"stack":true,"reason":"allocation failure","collector_reason":"","start_object_size":27021880,"end_object_size":18669256,"start_memory_size":36929536,"end_memory_size":36929536,"start_holes_size":1461760,"end_holes_size":1460976,"pool_local_chunks":0,"pool_shared_chunks":0,"pool_total_chunks":0,"new_space_capacity":8388608,"old_gen_allocation_limit":59707072,"global_allocation_limit":59707168,"allocation_throughput":593133,"new_space_allocation_throughput":547551,"new_space_survive_rate":0.0306148,"allocated":8360480,"promoted":784,"new_space_survived":2568,"nodes_died_in_new":0,"nodes_copied_in_new":0,"nodes_promoted":0,"promotion_ratio":0.00934658,"average_survival_ratio":5.6631,"promotion_rate":32.9966,"during_sweeping":false,"heap.prologue":0,"heap.epilogue":0,"heap.external.prologue":0,"heap.external.epilogue":0,"heap.external_weak_global_handles":0,"complete.sweep_array_buffers":0,"scavenge":0.033,"scavenge.free_remembered_set":0.001,"scavenge.roots":0.012,"scavenge.weak":0,"scavenge.weak_global_handles.identify":0,"scavenge.weak_global_handles.process":0,"scavenge.parallel":0,"scavenge.pin_objects_conservative":0,"scavenge.pin_objects_precise":0,"scavenge.restore_pinned":0.001,"scavenge.sweep_array_buffers":0,"scavenge.resize_new_space":0,"background.scavenge.parallel":0.012,"incremental.steps_count":0,"incremental.steps_took":0,"scavenge_throughput":3.8508e+06,"quarantined_size":0,"quarantined_pages":0}
[75261:0xc0d80c000:0]      372 ms: GC: {"pause":0.035,"mutator":1.927,"gc":"s","reduce_memory":false,"time_to_safepoint":0,"stack":true,"reason":"allocation failure","collector_reason":"","start_object_size":27022664,"end_object_size":18669968,"start_memory_size":36929536,"end_memory_size":36929536,"start_holes_size":1460976,"end_holes_size":1458408,"pool_local_chunks":0,"pool_shared_chunks":0,"pool_total_chunks":0,"new_space_capacity":8388608,"old_gen_allocation_limit":59707072,"global_allocation_limit":59707168,"allocation_throughput":642781,"new_space_allocation_throughput":597798,"new_space_survive_rate":0.00257508,"allocated":8353408,"promoted":2568,"new_space_survived":216,"nodes_died_in_new":0,"nodes_copied_in_new":0,"nodes_promoted":0,"promotion_ratio":0.0306148,"average_survival_ratio":3.86677,"promotion_rate":100,"during_sweeping":false,"heap.prologue":0,"heap.epilogue":0,"heap.external.prologue":0,"heap.external.epilogue":0,"heap.external_weak_global_handles":0,"complete.sweep_array_buffers":0,"scavenge":0.031,"scavenge.free_remembered_set":0.001,"scavenge.roots":0.006,"scavenge.weak":0,"scavenge.weak_global_handles.identify":0,"scavenge.weak_global_handles.process":0,"scavenge.parallel":0.001,"scavenge.pin_objects_conservative":0,"scavenge.pin_objects_precise":0,"scavenge.restore_pinned":0.001,"scavenge.sweep_array_buffers":0,"scavenge.resize_new_space":0,"background.scavenge.parallel":0.004,"incremental.steps_count":0,"incremental.steps_took":0,"scavenge_throughput":3.50154e+06,"quarantined_size":0,"quarantined_pages":0}
[75261:0xc0d80c000:0]      375 ms: GC: {"pause":0.042,"mutator":2.351,"gc":"s","reduce_memory":false,"time_to_safepoint":0,"stack":true,"reason":"allocation failure","collector_reason":"","start_object_size":27025232,"end_object_size":18637136,"start_memory_size":36929536,"end_memory_size":36929536,"start_holes_size":1458408,"end_holes_size":1458408,"pool_local_chunks":0,"pool_shared_chunks":0,"pool_total_chunks":0,"new_space_capacity":8388608,"old_gen_allocation_limit":59707072,"global_allocation_limit":59707168,"allocation_throughput":689854,"new_space_allocation_throughput":645581,"new_space_survive_rate":0,"allocated":8355264,"promoted":0,"new_space_survived":0,"nodes_died_in_new":0,"nodes_copied_in_new":0,"nodes_promoted":0,"promotion_ratio":0,"average_survival_ratio":1.32122,"promotion_rate":0,"during_sweeping":false,"heap.prologue":0,"heap.epilogue":0.001,"heap.external.prologue":0,"heap.external.epilogue":0,"heap.external_weak_global_handles":0,"complete.sweep_array_buffers":0,"scavenge":0.035,"scavenge.free_remembered_set":0,"scavenge.roots":0.008,"scavenge.weak":0,"scavenge.weak_global_handles.identify":0,"scavenge.weak_global_handles.process":0.001,"scavenge.parallel":0,"scavenge.pin_objects_conservative":0,"scavenge.pin_objects_precise":0,"scavenge.restore_pinned":0,"scavenge.sweep_array_buffers":0,"scavenge.resize_new_space":0.001,"background.scavenge.parallel":0,"incremental.steps_count":0,"incremental.steps_took":0,"scavenge_throughput":1.40285e+06,"quarantined_size":0,"quarantined_pages":0}
[75261:0xc0d80c000:0]      377 ms: GC: {"pause":0.042,"mutator":1.868,"gc":"s","reduce_memory":false,"time_to_safepoint":0,"stack":true,"reason":"allocation failure","collector_reason":"","start_object_size":27025232,"end_object_size":18670008,"start_memory_size":36929536,"end_memory_size":36929536,"start_holes_size":1458408,"end_holes_size":1458408,"pool_local_chunks":0,"pool_shared_chunks":0,"pool_total_chunks":0,"new_space_capacity":8388608,"old_gen_allocation_limit":59707072,"global_allocation_limit":59707168,"allocation_throughput":738741,"new_space_allocation_throughput":695038,"new_space_survive_rate":0.00352881,"allocated":8388096,"promoted":0,"new_space_survived":296,"nodes_died_in_new":0,"nodes_copied_in_new":0,"nodes_promoted":0,"promotion_ratio":0,"average_survival_ratio":0.130261,"promotion_rate":0,"during_sweeping":false,"heap.prologue":0,"heap.epilogue":0,"heap.external.prologue":0,"heap.external.epilogue":0,"heap.external_weak_global_handles":0,"complete.sweep_array_buffers":0,"scavenge":0.036,"scavenge.free_remembered_set":0,"scavenge.roots":0.011,"scavenge.weak":0,"scavenge.weak_global_handles.identify":0,"scavenge.weak_global_handles.process":0,"scavenge.parallel":0.002,"scavenge.pin_objects_conservative":0,"scavenge.pin_objects_precise":0,"scavenge.restore_pinned":0,"scavenge.sweep_array_buffers":0,"scavenge.resize_new_space":0,"background.scavenge.parallel":0,"incremental.steps_count":0,"incremental.steps_took":0,"scavenge_throughput":195114,"quarantined_size":0,"quarantined_pages":0}
[75261:0xc0d80c000:0]      378 ms: GC: {"pause":0.024,"mutator":1.824,"gc":"s","reduce_memory":false,"time_to_safepoint":0,"stack":true,"reason":"allocation failure","collector_reason":"","start_object_size":27025232,"end_object_size":18637136,"start_memory_size":36929536,"end_memory_size":36929536,"start_holes_size":1458408,"end_holes_size":1458408,"pool_local_chunks":0,"pool_shared_chunks":0,"pool_total_chunks":0,"new_space_capacity":8388608,"old_gen_allocation_limit":59707072,"global_allocation_limit":59707168,"allocation_throughput":787010,"new_space_allocation_throughput":743855,"new_space_survive_rate":0,"allocated":8355224,"promoted":0,"new_space_survived":0,"nodes_died_in_new":0,"nodes_copied_in_new":0,"nodes_promoted":0,"promotion_ratio":0,"average_survival_ratio":0.0216688,"promotion_rate":0,"during_sweeping":false,"heap.prologue":0,"heap.epilogue":0.001,"heap.external.prologue":0,"heap.external.epilogue":0,"heap.external_weak_global_handles":0,"complete.sweep_array_buffers":0,"scavenge":0.019,"scavenge.free_remembered_set":0,"scavenge.roots":0.005,"scavenge.weak":0,"scavenge.weak_global_handles.identify":0,"scavenge.weak_global_handles.process":0,"scavenge.parallel":0,"scavenge.pin_objects_conservative":0,"scavenge.pin_objects_precise":0,"scavenge.restore_pinned":0,"scavenge.sweep_array_buffers":0,"scavenge.resize_new_space":0,"background.scavenge.parallel":0,"incremental.steps_count":0,"incremental.steps_took":0,"scavenge_throughput":39772.4,"quarantined_size":0,"quarantined_pages":0}
[75261:0xc0d80c000:0]      380 ms: GC: {"pause":0.023,"mutator":1.783,"gc":"s","reduce_memory":false,"time_to_safepoint":0,"stack":true,"reason":"allocation failure","collector_reason":"","start_object_size":27025232,"end_object_size":18670008,"start_memory_size":36929536,"end_memory_size":36929536,"start_holes_size":1458408,"end_holes_size":1458408,"pool_local_chunks":0,"pool_shared_chunks":0,"pool_total_chunks":0,"new_space_capacity":8388608,"old_gen_allocation_limit":59707072,"global_allocation_limit":59707168,"allocation_throughput":835121,"new_space_allocation_throughput":792498,"new_space_survive_rate":0.00352881,"allocated":8388096,"promoted":0,"new_space_survived":296,"nodes_died_in_new":0,"nodes_copied_in_new":0,"nodes_promoted":0,"promotion_ratio":0,"average_survival_ratio":0.0160036,"promotion_rate":0,"during_sweeping":false,"heap.prologue":0,"heap.epilogue":0,"heap.external.prologue":0,"heap.external.epilogue":0,"heap.external_weak_global_handles":0,"complete.sweep_array_buffers":0,"scavenge":0.02,"scavenge.free_remembered_set":0,"scavenge.roots":0.005,"scavenge.weak":0,"scavenge.weak_global_handles.identify":0,"scavenge.weak_global_handles.process":0,"scavenge.parallel":0.001,"scavenge.pin_objects_conservative":0,"scavenge.pin_objects_precise":0,"scavenge.restore_pinned":0,"scavenge.sweep_array_buffers":0,"scavenge.resize_new_space":0,"background.scavenge.parallel":0,"incremental.steps_count":0,"incremental.steps_took":0,"scavenge_throughput":30648.4,"quarantined_size":0,"quarantined_pages":0}
[75261:0xc0d80c000:0]      382 ms: GC: {"pause":0.05,"mutator":2.222,"gc":"s","reduce_memory":false,"time_to_safepoint":0,"stack":true,"reason":"allocation failure","collector_reason":"","start_object_size":27025232,"end_object_size":18670120,"start_memory_size":36929536,"end_memory_size":36929536,"start_holes_size":1458408,"end_holes_size":1458408,"pool_local_chunks":0,"pool_shared_chunks":0,"pool_total_chunks":0,"new_space_capacity":8388608,"old_gen_allocation_limit":59707072,"global_allocation_limit":59707168,"allocation_throughput":879828,"new_space_allocation_throughput":837856,"new_space_survive_rate":0.00448254,"allocated":8355224,"promoted":0,"new_space_survived":376,"nodes_died_in_new":0,"nodes_copied_in_new":0,"nodes_promoted":0,"promotion_ratio":0,"average_survival_ratio":0.0120647,"promotion_rate":0,"during_sweeping":false,"heap.prologue":0,"heap.epilogue":0,"heap.external.prologue":0,"heap.external.epilogue":0,"heap.external_weak_global_handles":0,"complete.sweep_array_buffers":0,"scavenge":0.042,"scavenge.free_remembered_set":0,"scavenge.roots":0.011,"scavenge.weak":0,"scavenge.weak_global_handles.identify":0,"scavenge.weak_global_handles.process":0,"scavenge.parallel":0.002,"scavenge.pin_objects_conservative":0,"scavenge.pin_objects_precise":0,"scavenge.restore_pinned":0,"scavenge.sweep_array_buffers":0,"scavenge.resize_new_space":0.001,"background.scavenge.parallel":0,"incremental.steps_count":0,"incremental.steps_took":0,"scavenge_throughput":22639.8,"quarantined_size":0,"quarantined_pages":0}
[75261:0xc0d80c000:0]      385 ms: GC: {"pause":0.061,"mutator":2.342,"gc":"s","reduce_memory":false,"time_to_safepoint":0,"stack":true,"reason":"allocation failure","collector_reason":"","start_object_size":27025232,"end_object_size":18637136,"start_memory_size":36929536,"end_memory_size":36929536,"start_holes_size":1458408,"end_holes_size":1458408,"pool_local_chunks":0,"pool_shared_chunks":0,"pool_total_chunks":0,"new_space_capacity":8388608,"old_gen_allocation_limit":59707072,"global_allocation_limit":59707168,"allocation_throughput":923106,"new_space_allocation_throughput":881810,"new_space_survive_rate":0,"allocated":8355112,"promoted":0,"new_space_survived":0,"nodes_died_in_new":0,"nodes_copied_in_new":0,"nodes_promoted":0,"promotion_ratio":0,"average_survival_ratio":0.0113017,"promotion_rate":0,"during_sweeping":false,"heap.prologue":0,"heap.epilogue":0,"heap.external.prologue":0,"heap.external.epilogue":0,"heap.external_weak_global_handles":0,"complete.sweep_array_buffers":0,"scavenge":0.042,"scavenge.free_remembered_set":0.001,"scavenge.roots":0.011,"scavenge.weak":0,"scavenge.weak_global_handles.identify":0,"scavenge.weak_global_handles.process":0,"scavenge.parallel":0,"scavenge.pin_objects_conservative":0,"scavenge.pin_objects_precise":0,"scavenge.restore_pinned":0.001,"scavenge.sweep_array_buffers":0,"scavenge.resize_new_space":0.001,"background.scavenge.parallel":0,"incremental.steps_count":0,"incremental.steps_took":0,"scavenge_throughput":21793.1,"quarantined_size":0,"quarantined_pages":0}
[75261:0xc0d80c000:0]      387 ms: GC: {"pause":0.027,"mutator":1.883,"gc":"s","reduce_memory":false,"time_to_safepoint":0,"stack":true,"reason":"allocation failure","collector_reason":"","start_object_size":27025232,"end_object_size":18637136,"start_memory_size":36929536,"end_memory_size":36929536,"start_holes_size":1458408,"end_holes_size":1458408,"pool_local_chunks":0,"pool_shared_chunks":0,"pool_total_chunks":0,"new_space_capacity":8388608,"old_gen_allocation_limit":59707072,"global_allocation_limit":59707168,"allocation_throughput":968894,"new_space_allocation_throughput":928133,"new_space_survive_rate":0,"allocated":8388096,"promoted":0,"new_space_survived":0,"nodes_died_in_new":0,"nodes_copied_in_new":0,"nodes_promoted":0,"promotion_ratio":0,"average_survival_ratio":0.0113017,"promotion_rate":0,"during_sweeping":false,"heap.prologue":0,"heap.epilogue":0.001,"heap.external.prologue":0,"heap.external.epilogue":0,"heap.external_weak_global_handles":0,"complete.sweep_array_buffers":0,"scavenge":0.02,"scavenge.free_remembered_set":0,"scavenge.roots":0.005,"scavenge.weak":0,"scavenge.weak_global_handles.identify":0,"scavenge.weak_global_handles.process":0.001,"scavenge.parallel":0,"scavenge.pin_objects_conservative":0,"scavenge.pin_objects_precise":0,"scavenge.restore_pinned":0,"scavenge.sweep_array_buffers":0,"scavenge.resize_new_space":0,"background.scavenge.parallel":0,"incremental.steps_count":0,"incremental.steps_took":0,"scavenge_throughput":23009.7,"quarantined_size":0,"quarantined_pages":0}
[75261:0xc0d80c000:0]      389 ms: GC: {"pause":0.021,"mutator":1.861,"gc":"s","reduce_memory":false,"time_to_safepoint":0,"stack":true,"reason":"allocation failure","collector_reason":"","start_object_size":27025232,"end_object_size":18637136,"start_memory_size":36929536,"end_memory_size":36929536,"start_holes_size":1458408,"end_holes_size":1458408,"pool_local_chunks":0,"pool_shared_chunks":0,"pool_total_chunks":0,"new_space_capacity":8388608,"old_gen_allocation_limit":59707072,"global_allocation_limit":59707168,"allocation_throughput":1.01424e+06,"new_space_allocation_throughput":973999,"new_space_survive_rate":0,"allocated":8388096,"promoted":0,"new_space_survived":0,"nodes_died_in_new":0,"nodes_copied_in_new":0,"nodes_promoted":0,"promotion_ratio":0,"average_survival_ratio":0.00846914,"promotion_rate":0,"during_sweeping":false,"heap.prologue":0,"heap.epilogue":0,"heap.external.prologue":0,"heap.external.epilogue":0,"heap.external_weak_global_handles":0,"complete.sweep_array_buffers":0,"scavenge":0.016,"scavenge.free_remembered_set":0,"scavenge.roots":0.004,"scavenge.weak":0,"scavenge.weak_global_handles.identify":0,"scavenge.weak_global_handles.process":0,"scavenge.parallel":0,"scavenge.pin_objects_conservative":0,"scavenge.pin_objects_precise":0,"scavenge.restore_pinned":0,"scavenge.sweep_array_buffers":0,"scavenge.resize_new_space":0,"background.scavenge.parallel":0,"incremental.steps_count":0,"incremental.steps_took":0,"scavenge_throughput":19516.5,"quarantined_size":0,"quarantined_pages":0}
[75261:0xc0d80c000:0]      391 ms: GC: {"pause":0.022,"mutator":1.841,"gc":"s","reduce_memory":false,"time_to_safepoint":0,"stack":true,"reason":"allocation failure","collector_reason":"","start_object_size":27025232,"end_object_size":18669968,"start_memory_size":36929536,"end_memory_size":36929536,"start_holes_size":1458408,"end_holes_size":1458408,"pool_local_chunks":0,"pool_shared_chunks":0,"pool_total_chunks":0,"new_space_capacity":8388608,"old_gen_allocation_limit":59707072,"global_allocation_limit":59707168,"allocation_throughput":1.05914e+06,"new_space_allocation_throughput":1.01941e+06,"new_space_survive_rate":0.00257508,"allocated":8388096,"promoted":0,"new_space_survived":216,"nodes_died_in_new":0,"nodes_copied_in_new":0,"nodes_promoted":0,"promotion_ratio":0,"average_survival_ratio":0.00473051,"promotion_rate":0,"during_sweeping":false,"heap.prologue":0,"heap.epilogue":0,"heap.external.prologue":0,"heap.external.epilogue":0,"heap.external_weak_global_handles":0,"complete.sweep_array_buffers":0,"scavenge":0.02,"scavenge.free_remembered_set":0,"scavenge.roots":0.007,"scavenge.weak":0,"scavenge.weak_global_handles.identify":0,"scavenge.weak_global_handles.process":0,"scavenge.parallel":0.001,"scavenge.pin_objects_conservative":0,"scavenge.pin_objects_precise":0,"scavenge.restore_pinned":0,"scavenge.sweep_array_buffers":0,"scavenge.resize_new_space":0,"background.scavenge.parallel":0,"incremental.steps_count":0,"incremental.steps_took":0,"scavenge_throughput":11435.2,"quarantined_size":0,"quarantined_pages":0}
[75261:0xc0d80c000:0]      392 ms: GC: {"pause":0.015,"mutator":1.774,"gc":"s","reduce_memory":false,"time_to_safepoint":0,"stack":true,"reason":"allocation failure","collector_reason":"","start_object_size":27025232,"end_object_size":18670008,"start_memory_size":36929536,"end_memory_size":36929536,"start_holes_size":1458408,"end_holes_size":1458408,"pool_local_chunks":0,"pool_shared_chunks":0,"pool_total_chunks":0,"new_space_capacity":8388608,"old_gen_allocation_limit":59707072,"global_allocation_limit":59707168,"allocation_throughput":1.10376e+06,"new_space_allocation_throughput":1.06452e+06,"new_space_survive_rate":0.00352881,"allocated":8355264,"promoted":0,"new_space_survived":296,"nodes_died_in_new":0,"nodes_copied_in_new":0,"nodes_promoted":0,"promotion_ratio":0,"average_survival_ratio":0.00176441,"promotion_rate":0,"during_sweeping":false,"heap.prologue":0,"heap.epilogue":0,"heap.external.prologue":0,"heap.external.epilogue":0,"heap.external_weak_global_handles":0,"complete.sweep_array_buffers":0,"scavenge":0.013,"scavenge.free_remembered_set":0,"scavenge.roots":0.002,"scavenge.weak":0,"scavenge.weak_global_handles.identify":0,"scavenge.weak_global_handles.process":0,"scavenge.parallel":0.001,"scavenge.pin_objects_conservative":0,"scavenge.pin_objects_precise":0,"scavenge.restore_pinned":0,"scavenge.sweep_array_buffers":0,"scavenge.resize_new_space":0,"background.scavenge.parallel":0,"incremental.steps_count":0,"incremental.steps_took":0,"scavenge_throughput":4525.99,"quarantined_size":0,"quarantined_pages":0}
[75261:0xc0d80c000:0]      395 ms: GC: {"pause":0.053,"mutator":2.297,"gc":"s","reduce_memory":false,"time_to_safepoint":0,"stack":true,"reason":"allocation failure","collector_reason":"","start_object_size":27025232,"end_object_size":18637136,"start_memory_size":36929536,"end_memory_size":36929536,"start_holes_size":1458408,"end_holes_size":1458408,"pool_local_chunks":0,"pool_shared_chunks":0,"pool_total_chunks":0,"new_space_capacity":8388608,"old_gen_allocation_limit":59707072,"global_allocation_limit":59707168,"allocation_throughput":1.14378e+06,"new_space_allocation_throughput":1.10516e+06,"new_space_survive_rate":0,"allocated":8355224,"promoted":0,"new_space_survived":0,"nodes_died_in_new":0,"nodes_copied_in_new":0,"nodes_promoted":0,"promotion_ratio":0,"average_survival_ratio":0.00176441,"promotion_rate":0,"during_sweeping":false,"heap.prologue":0,"heap.epilogue":0.001,"heap.external.prologue":0,"heap.external.epilogue":0,"heap.external_weak_global_handles":0,"complete.sweep_array_buffers":0,"scavenge":0.046,"scavenge.free_remembered_set":0,"scavenge.roots":0.006,"scavenge.weak":0,"scavenge.weak_global_handles.identify":0,"scavenge.weak_global_handles.process":0,"scavenge.parallel":0,"scavenge.pin_objects_conservative":0,"scavenge.pin_objects_precise":0,"scavenge.restore_pinned":0,"scavenge.sweep_array_buffers":0,"scavenge.resize_new_space":0,"background.scavenge.parallel":0,"incremental.steps_count":0,"incremental.steps_took":0,"scavenge_throughput":4378.7,"quarantined_size":0,"quarantined_pages":0}
[75261:0xc0d80c000:0]      397 ms: GC: {"pause":0.032,"mutator":1.877,"gc":"s","reduce_memory":false,"time_to_safepoint":0,"stack":true,"reason":"allocation failure","collector_reason":"","start_object_size":27025232,"end_object_size":18637136,"start_memory_size":36929536,"end_memory_size":36929536,"start_holes_size":1458408,"end_holes_size":1458408,"pool_local_chunks":0,"pool_shared_chunks":0,"pool_total_chunks":0,"new_space_capacity":8388608,"old_gen_allocation_limit":59707072,"global_allocation_limit":59707168,"allocation_throughput":1.18674e+06,"new_space_allocation_throughput":1.14862e+06,"new_space_survive_rate":0,"allocated":8388096,"promoted":0,"new_space_survived":0,"nodes_died_in_new":0,"nodes_copied_in_new":0,"nodes_promoted":0,"promotion_ratio":0,"average_survival_ratio":0.00141152,"promotion_rate":0,"during_sweeping":false,"heap.prologue":0,"heap.epilogue":0.001,"heap.external.prologue":0,"heap.external.epilogue":0,"heap.external_weak_global_handles":0,"complete.sweep_array_buffers":0,"scavenge":0.024,"scavenge.free_remembered_set":0,"scavenge.roots":0.006,"scavenge.weak":0,"scavenge.weak_global_handles.identify":0,"scavenge.weak_global_handles.process":0,"scavenge.parallel":0,"scavenge.pin_objects_conservative":0,"scavenge.pin_objects_precise":0,"scavenge.restore_pinned":0,"scavenge.sweep_array_buffers":0,"scavenge.resize_new_space":0,"background.scavenge.parallel":0,"incremental.steps_count":0,"incremental.steps_took":0,"scavenge_throughput":3609.76,"quarantined_size":0,"quarantined_pages":0}
[75261:0xc0d80c000:0]      398 ms: GC: {"pause":0.026,"mutator":1.848,"gc":"s","reduce_memory":false,"time_to_safepoint":0,"stack":true,"reason":"allocation failure","collector_reason":"","start_object_size":27025232,"end_object_size":18637136,"start_memory_size":36929536,"end_memory_size":36929536,"start_holes_size":1458408,"end_holes_size":1458408,"pool_local_chunks":0,"pool_shared_chunks":0,"pool_total_chunks":0,"new_space_capacity":8388608,"old_gen_allocation_limit":59707072,"global_allocation_limit":59707168,"allocation_throughput":1.2294e+06,"new_space_allocation_throughput":1.19176e+06,"new_space_survive_rate":0,"allocated":8388096,"promoted":0,"new_space_survived":0,"nodes_died_in_new":0,"nodes_copied_in_new":0,"nodes_promoted":0,"promotion_ratio":0,"average_survival_ratio":0.00141152,"promotion_rate":0,"during_sweeping":false,"heap.prologue":0,"heap.epilogue":0.001,"heap.external.prologue":0,"heap.external.epilogue":0,"heap.external_weak_global_handles":0,"complete.sweep_array_buffers":0,"scavenge":0.021,"scavenge.free_remembered_set":0,"scavenge.roots":0.004,"scavenge.weak":0,"scavenge.weak_global_handles.identify":0,"scavenge.weak_global_handles.process":0,"scavenge.parallel":0,"scavenge.pin_objects_conservative":0,"scavenge.pin_objects_precise":0,"scavenge.restore_pinned":0,"scavenge.sweep_array_buffers":0,"scavenge.resize_new_space":0,"background.scavenge.parallel":0,"incremental.steps_count":0,"incremental.steps_took":0,"scavenge_throughput":3587.88,"quarantined_size":0,"quarantined_pages":0}
[75261:0xc0d80c000:0]      400 ms: GC: {"pause":0.029,"mutator":1.833,"gc":"s","reduce_memory":false,"time_to_safepoint":0,"stack":true,"reason":"allocation failure","collector_reason":"","start_object_size":27025232,"end_object_size":18669968,"start_memory_size":36929536,"end_memory_size":36929536,"start_holes_size":1458408,"end_holes_size":1458408,"pool_local_chunks":0,"pool_shared_chunks":0,"pool_total_chunks":0,"new_space_capacity":8388608,"old_gen_allocation_limit":59707072,"global_allocation_limit":59707168,"allocation_throughput":1.27165e+06,"new_space_allocation_throughput":1.23448e+06,"new_space_survive_rate":0.00257508,"allocated":8388096,"promoted":0,"new_space_survived":216,"nodes_died_in_new":0,"nodes_copied_in_new":0,"nodes_promoted":0,"promotion_ratio":0,"average_survival_ratio":0.00131615,"promotion_rate":0,"during_sweeping":false,"heap.prologue":0,"heap.epilogue":0,"heap.external.prologue":0,"heap.external.epilogue":0,"heap.external_weak_global_handles":0,"complete.sweep_array_buffers":0,"scavenge":0.025,"scavenge.free_remembered_set":0,"scavenge.roots":0.006,"scavenge.weak":0,"scavenge.weak_global_handles.identify":0,"scavenge.weak_global_handles.process":0,"scavenge.parallel":0.001,"scavenge.pin_objects_conservative":0,"scavenge.pin_objects_precise":0,"scavenge.restore_pinned":0,"scavenge.sweep_array_buffers":0,"scavenge.resize_new_space":0,"background.scavenge.parallel":0,"incremental.steps_count":0,"incremental.steps_took":0,"scavenge_throughput":3285.71,"quarantined_size":0,"quarantined_pages":0}
[75261:0xc0d80c000:0]      402 ms: GC: {"pause":0.018,"mutator":1.813,"gc":"s","reduce_memory":false,"time_to_safepoint":0,"stack":true,"reason":"allocation failure","collector_reason":"","start_object_size":27025232,"end_object_size":18637136,"start_memory_size":36929536,"end_memory_size":36929536,"start_holes_size":1458408,"end_holes_size":1458408,"pool_local_chunks":0,"pool_shared_chunks":0,"pool_total_chunks":0,"new_space_capacity":8388608,"old_gen_allocation_limit":59707072,"global_allocation_limit":59707168,"allocation_throughput":1.31332e+06,"new_space_allocation_throughput":1.27662e+06,"new_space_survive_rate":0,"allocated":8355264,"promoted":0,"new_space_survived":0,"nodes_died_in_new":0,"nodes_copied_in_new":0,"nodes_promoted":0,"promotion_ratio":0,"average_survival_ratio":0.000867897,"promotion_rate":0,"during_sweeping":false,"heap.prologue":0,"heap.epilogue":0,"heap.external.prologue":0,"heap.external.epilogue":0,"heap.external_weak_global_handles":0,"complete.sweep_array_buffers":0,"scavenge":0.014,"scavenge.free_remembered_set":0,"scavenge.roots":0.003,"scavenge.weak":0,"scavenge.weak_global_handles.identify":0,"scavenge.weak_global_handles.process":0,"scavenge.parallel":0,"scavenge.pin_objects_conservative":0,"scavenge.pin_objects_precise":0,"scavenge.restore_pinned":0,"scavenge.sweep_array_buffers":0,"scavenge.resize_new_space":0,"background.scavenge.parallel":0,"incremental.steps_count":0,"incremental.steps_took":0,"scavenge_throughput":2394.74,"quarantined_size":0,"quarantined_pages":0}
[75261:0xc0d80c000:0]      404 ms: GC: {"pause":0.08,"mutator":2.077,"gc":"s","reduce_memory":false,"time_to_safepoint":0,"stack":true,"reason":"allocation failure","collector_reason":"","start_object_size":27025232,"end_object_size":18669968,"start_memory_size":36929536,"end_memory_size":36929536,"start_holes_size":1458408,"end_holes_size":1458408,"pool_local_chunks":0,"pool_shared_chunks":0,"pool_total_chunks":0,"new_space_capacity":8388608,"old_gen_allocation_limit":59707072,"global_allocation_limit":59707168,"allocation_throughput":1.35226e+06,"new_space_allocation_throughput":1.31609e+06,"new_space_survive_rate":0.00257508,"allocated":8388096,"promoted":0,"new_space_survived":216,"nodes_died_in_new":0,"nodes_copied_in_new":0,"nodes_promoted":0,"promotion_ratio":0,"average_survival_ratio":0.0011254,"promotion_rate":0,"during_sweeping":false,"heap.prologue":0,"heap.epilogue":0,"heap.external.prologue":0,"heap.external.epilogue":0,"heap.external_weak_global_handles":0,"complete.sweep_array_buffers":0,"scavenge":0.069,"scavenge.free_remembered_set":0,"scavenge.roots":0.028,"scavenge.weak":0,"scavenge.weak_global_handles.identify":0,"scavenge.weak_global_handles.process":0,"scavenge.parallel":0.001,"scavenge.pin_objects_conservative":0,"scavenge.pin_objects_precise":0,"scavenge.restore_pinned":0.003,"scavenge.sweep_array_buffers":0,"scavenge.resize_new_space":0.001,"background.scavenge.parallel":0,"incremental.steps_count":0,"incremental.steps_took":0,"scavenge_throughput":2922.6,"quarantined_size":0,"quarantined_pages":0}
[75261:0xc0d80c000:0]      406 ms: GC: {"pause":0.038,"mutator":2.023,"gc":"s","reduce_memory":false,"time_to_safepoint":0,"stack":true,"reason":"allocation failure","collector_reason":"","start_object_size":27025232,"end_object_size":18637136,"start_memory_size":36929536,"end_memory_size":36929536,"start_holes_size":1458408,"end_holes_size":1458408,"pool_local_chunks":0,"pool_shared_chunks":0,"pool_total_chunks":0,"new_space_capacity":8388608,"old_gen_allocation_limit":59707072,"global_allocation_limit":59707168,"allocation_throughput":1.39092e+06,"new_space_allocation_throughput":1.35525e+06,"new_space_survive_rate":0,"allocated":8355264,"promoted":0,"new_space_survived":0,"nodes_died_in_new":0,"nodes_copied_in_new":0,"nodes_promoted":0,"promotion_ratio":0,"average_survival_ratio":0.0011254,"promotion_rate":0,"during_sweeping":false,"heap.prologue":0,"heap.epilogue":0,"heap.external.prologue":0,"heap.external.epilogue":0,"heap.external_weak_global_handles":0,"complete.sweep_array_buffers":0,"scavenge":0.031,"scavenge.free_remembered_set":0,"scavenge.roots":0.007,"scavenge.weak":0,"scavenge.weak_global_handles.identify":0,"scavenge.weak_global_handles.process":0,"scavenge.parallel":0,"scavenge.pin_objects_conservative":0,"scavenge.pin_objects_precise":0,"scavenge.restore_pinned":0,"scavenge.sweep_array_buffers":0,"scavenge.resize_new_space":0,"background.scavenge.parallel":0,"incremental.steps_count":0,"incremental.steps_took":0,"scavenge_throughput":2826.35,"quarantined_size":0,"quarantined_pages":0}
[75261:0xc0d80c000:0]      408 ms: GC: {"pause":0.03,"mutator":1.814,"gc":"s","reduce_memory":false,"time_to_safepoint":0,"stack":true,"reason":"allocation failure","collector_reason":"","start_object_size":27025232,"end_object_size":18670008,"start_memory_size":36929536,"end_memory_size":36929536,"start_holes_size":1458408,"end_holes_size":1458408,"pool_local_chunks":0,"pool_shared_chunks":0,"pool_total_chunks":0,"new_space_capacity":8388608,"old_gen_allocation_limit":59707072,"global_allocation_limit":59707168,"allocation_throughput":1.43131e+06,"new_space_allocation_throughput":1.39609e+06,"new_space_survive_rate":0.00352881,"allocated":8388096,"promoted":0,"new_space_survived":296,"nodes_died_in_new":0,"nodes_copied_in_new":0,"nodes_promoted":0,"promotion_ratio":0,"average_survival_ratio":0.00147829,"promotion_rate":0,"during_sweeping":false,"heap.prologue":0,"heap.epilogue":0.001,"heap.external.prologue":0,"heap.external.epilogue":0,"heap.external_weak_global_handles":0,"complete.sweep_array_buffers":0,"scavenge":0.025,"scavenge.free_remembered_set":0,"scavenge.roots":0.009,"scavenge.weak":0,"scavenge.weak_global_handles.identify":0,"scavenge.weak_global_handles.process":0,"scavenge.parallel":0.001,"scavenge.pin_objects_conservative":0,"scavenge.pin_objects_precise":0,"scavenge.restore_pinned":0,"scavenge.sweep_array_buffers":0,"scavenge.resize_new_space":0,"background.scavenge.parallel":0,"incremental.steps_count":0,"incremental.steps_took":0,"scavenge_throughput":3615.16,"quarantined_size":0,"quarantined_pages":0}
[75261:0xc0d80c000:0]      410 ms: GC: {"pause":0.019,"mutator":1.788,"gc":"s","reduce_memory":false,"time_to_safepoint":0,"stack":true,"reason":"allocation failure","collector_reason":"","start_object_size":27025232,"end_object_size":18669968,"start_memory_size":36929536,"end_memory_size":36929536,"start_holes_size":1458408,"end_holes_size":1458408,"pool_local_chunks":0,"pool_shared_chunks":0,"pool_total_chunks":0,"new_space_capacity":8388608,"old_gen_allocation_limit":59707072,"global_allocation_limit":59707168,"allocation_throughput":1.47123e+06,"new_space_allocation_throughput":1.43644e+06,"new_space_survive_rate":0.00257508,"allocated":8355224,"promoted":0,"new_space_survived":216,"nodes_died_in_new":0,"nodes_copied_in_new":0,"nodes_promoted":0,"promotion_ratio":0,"average_survival_ratio":0.00147829,"promotion_rate":0,"during_sweeping":false,"heap.prologue":0,"heap.epilogue":0,"heap.external.prologue":0,"heap.external.epilogue":0,"heap.external_weak_global_handles":0,"complete.sweep_array_buffers":0,"scavenge":0.016,"scavenge.free_remembered_set":0,"scavenge.roots":0.003,"scavenge.weak":0,"scavenge.weak_global_handles.identify":0,"scavenge.weak_global_handles.process":0,"scavenge.parallel":0.001,"scavenge.pin_objects_conservative":0,"scavenge.pin_objects_precise":0,"scavenge.restore_pinned":0,"scavenge.sweep_array_buffers":0,"scavenge.resize_new_space":0,"background.scavenge.parallel":0,"incremental.steps_count":0,"incremental.steps_took":0,"scavenge_throughput":3647.06,"quarantined_size":0,"quarantined_pages":0}
[75261:0xc0d80c000:0]      412 ms: GC: {"pause":0.014,"mutator":1.805,"gc":"s","reduce_memory":false,"time_to_safepoint":0,"stack":true,"reason":"allocation failure","collector_reason":"","start_object_size":27025232,"end_object_size":18669968,"start_memory_size":36929536,"end_memory_size":36929536,"start_holes_size":1458408,"end_holes_size":1458408,"pool_local_chunks":0,"pool_shared_chunks":0,"pool_total_chunks":0,"new_space_capacity":8388608,"old_gen_allocation_limit":59707072,"global_allocation_limit":59707168,"allocation_throughput":1.51049e+06,"new_space_allocation_throughput":1.47613e+06,"new_space_survive_rate":0.00257508,"allocated":8355264,"promoted":0,"new_space_survived":216,"nodes_died_in_new":0,"nodes_copied_in_new":0,"nodes_promoted":0,"promotion_ratio":0,"average_survival_ratio":0.00138291,"promotion_rate":0,"during_sweeping":false,"heap.prologue":0,"heap.epilogue":0.001,"heap.external.prologue":0,"heap.external.epilogue":0,"heap.external_weak_global_handles":0,"complete.sweep_array_buffers":0,"scavenge":0.012,"scavenge.free_remembered_set":0,"scavenge.roots":0.002,"scavenge.weak":0,"scavenge.weak_global_handles.identify":0,"scavenge.weak_global_handles.process":0,"scavenge.parallel":0,"scavenge.pin_objects_conservative":0,"scavenge.pin_objects_precise":0,"scavenge.restore_pinned":0,"scavenge.sweep_array_buffers":0,"scavenge.resize_new_space":0,"background.scavenge.parallel":0,"incremental.steps_count":0,"incremental.steps_took":0,"scavenge_throughput":3421.83,"quarantined_size":0,"quarantined_pages":0}
[75261:0xc0d80c000:0]      414 ms: GC: {"pause":0.059,"mutator":2.245,"gc":"s","reduce_memory":false,"time_to_safepoint":0,"stack":true,"reason":"allocation failure","collector_reason":"","start_object_size":27025232,"end_object_size":18669968,"start_memory_size":36929536,"end_memory_size":36929536,"start_holes_size":1458408,"end_holes_size":1458408,"pool_local_chunks":0,"pool_shared_chunks":0,"pool_total_chunks":0,"new_space_capacity":8388608,"old_gen_allocation_limit":59707072,"global_allocation_limit":59707168,"allocation_throughput":1.54462e+06,"new_space_allocation_throughput":1.5108e+06,"new_space_survive_rate":0.00257508,"allocated":8355264,"promoted":0,"new_space_survived":216,"nodes_died_in_new":0,"nodes_copied_in_new":0,"nodes_promoted":0,"promotion_ratio":0,"average_survival_ratio":0.00164042,"promotion_rate":0,"during_sweeping":false,"heap.prologue":0,"heap.epilogue":0,"heap.external.prologue":0,"heap.external.epilogue":0,"heap.external_weak_global_handles":0,"complete.sweep_array_buffers":0,"scavenge":0.036,"scavenge.free_remembered_set":0,"scavenge.roots":0.007,"scavenge.weak":0,"scavenge.weak_global_handles.identify":0,"scavenge.weak_global_handles.process":0,"scavenge.parallel":0.001,"scavenge.pin_objects_conservative":0,"scavenge.pin_objects_precise":0,"scavenge.restore_pinned":0,"scavenge.sweep_array_buffers":0,"scavenge.resize_new_space":0,"background.scavenge.parallel":0,"incremental.steps_count":0,"incremental.steps_took":0,"scavenge_throughput":3988.41,"quarantined_size":0,"quarantined_pages":0}
[75261:0xc0d80c000:0]      416 ms: GC: {"pause":0.043,"mutator":2.019,"gc":"s","reduce_memory":false,"time_to_safepoint":0,"stack":true,"reason":"allocation failure","collector_reason":"","start_object_size":27025232,"end_object_size":18670008,"start_memory_size":36929536,"end_memory_size":36929536,"start_holes_size":1458408,"end_holes_size":1458408,"pool_local_chunks":0,"pool_shared_chunks":0,"pool_total_chunks":0,"new_space_capacity":8388608,"old_gen_allocation_limit":59707072,"global_allocation_limit":59707168,"allocation_throughput":1.58066e+06,"new_space_allocation_throughput":1.5473e+06,"new_space_survive_rate":0.00352881,"allocated":8355264,"promoted":0,"new_space_survived":296,"nodes_died_in_new":0,"nodes_copied_in_new":0,"nodes_promoted":0,"promotion_ratio":0,"average_survival_ratio":0.0019933,"promotion_rate":0,"during_sweeping":false,"heap.prologue":0,"heap.epilogue":0.001,"heap.external.prologue":0,"heap.external.epilogue":0,"heap.external_weak_global_handles":0,"complete.sweep_array_buffers":0,"scavenge":0.034,"scavenge.free_remembered_set":0,"scavenge.roots":0.008,"scavenge.weak":0,"scavenge.weak_global_handles.identify":0,"scavenge.weak_global_handles.process":0.001,"scavenge.parallel":0.002,"scavenge.pin_objects_conservative":0,"scavenge.pin_objects_precise":0,"scavenge.restore_pinned":0,"scavenge.sweep_array_buffers":0,"scavenge.resize_new_space":0,"background.scavenge.parallel":0,"incremental.steps_count":0,"incremental.steps_took":0,"scavenge_throughput":4696.63,"quarantined_size":0,"quarantined_pages":0}
[75261:0xc0d80c000:0]      418 ms: GC: {"pause":0.03,"mutator":1.89,"gc":"s","reduce_memory":false,"time_to_safepoint":0,"stack":true,"reason":"allocation failure","collector_reason":"","start_object_size":27025232,"end_object_size":18669968,"start_memory_size":36929536,"end_memory_size":36929536,"start_holes_size":1458408,"end_holes_size":1458408,"pool_local_chunks":0,"pool_shared_chunks":0,"pool_total_chunks":0,"new_space_capacity":8388608,"old_gen_allocation_limit":59707072,"global_allocation_limit":59707168,"allocation_throughput":1.61761e+06,"new_space_allocation_throughput":1.58469e+06,"new_space_survive_rate":0.00257508,"allocated":8355224,"promoted":0,"new_space_survived":216,"nodes_died_in_new":0,"nodes_copied_in_new":0,"nodes_promoted":0,"promotion_ratio":0,"average_survival_ratio":0.00225081,"promotion_rate":0,"during_sweeping":false,"heap.prologue":0,"heap.epilogue":0,"heap.external.prologue":0,"heap.external.epilogue":0,"heap.external_weak_global_handles":0,"complete.sweep_array_buffers":0,"scavenge":0.025,"scavenge.free_remembered_set":0.001,"scavenge.roots":0.006,"scavenge.weak":0,"scavenge.weak_global_handles.identify":0,"scavenge.weak_global_handles.process":0,"scavenge.parallel":0.001,"scavenge.pin_objects_conservative":0,"scavenge.pin_objects_precise":0,"scavenge.restore_pinned":0,"scavenge.sweep_array_buffers":0,"scavenge.resize_new_space":0,"background.scavenge.parallel":0,"incremental.steps_count":0,"incremental.steps_took":0,"scavenge_throughput":5244.44,"quarantined_size":0,"quarantined_pages":0}
[75261:0xc0d80c000:0]      420 ms: GC: {"pause":0.017,"mutator":1.853,"gc":"s","reduce_memory":false,"time_to_safepoint":0,"stack":true,"reason":"allocation failure","collector_reason":"","start_object_size":27025232,"end_object_size":18637136,"start_memory_size":36929536,"end_memory_size":36929536,"start_holes_size":1458408,"end_holes_size":1458408,"pool_local_chunks":0,"pool_shared_chunks":0,"pool_total_chunks":0,"new_space_capacity":8388608,"old_gen_allocation_limit":59707072,"global_allocation_limit":59707168,"allocation_throughput":1.65451e+06,"new_space_allocation_throughput":1.62201e+06,"new_space_survive_rate":0,"allocated":8355264,"promoted":0,"new_space_survived":0,"nodes_died_in_new":0,"nodes_copied_in_new":0,"nodes_promoted":0,"promotion_ratio":0,"average_survival_ratio":0.0019933,"promotion_rate":0,"during_sweeping":false,"heap.prologue":0,"heap.epilogue":0.001,"heap.external.prologue":0,"heap.external.epilogue":0,"heap.external_weak_global_handles":0,"complete.sweep_array_buffers":0,"scavenge":0.013,"scavenge.free_remembered_set":0,"scavenge.roots":0.003,"scavenge.weak":0,"scavenge.weak_global_handles.identify":0,"scavenge.weak_global_handles.process":0,"scavenge.parallel":0,"scavenge.pin_objects_conservative":0,"scavenge.pin_objects_precise":0,"scavenge.restore_pinned":0,"scavenge.sweep_array_buffers":0,"scavenge.resize_new_space":0,"background.scavenge.parallel":0,"incremental.steps_count":0,"incremental.steps_took":0,"scavenge_throughput":4804.6,"quarantined_size":0,"quarantined_pages":0}
[75261:0xc0d80c000:0]      422 ms: GC: {"pause":0.016,"mutator":1.837,"gc":"s","reduce_memory":false,"time_to_safepoint":0,"stack":true,"reason":"allocation failure","collector_reason":"","start_object_size":27025232,"end_object_size":18637136,"start_memory_size":36929536,"end_memory_size":36929536,"start_holes_size":1458408,"end_holes_size":1458408,"pool_local_chunks":0,"pool_shared_chunks":0,"pool_total_chunks":0,"new_space_capacity":8388608,"old_gen_allocation_limit":59707072,"global_allocation_limit":59707168,"allocation_throughput":1.69134e+06,"new_space_allocation_throughput":1.65925e+06,"new_space_survive_rate":0,"allocated":8388096,"promoted":0,"new_space_survived":0,"nodes_died_in_new":0,"nodes_copied_in_new":0,"nodes_promoted":0,"promotion_ratio":0,"average_survival_ratio":0.0019933,"promotion_rate":0,"during_sweeping":false,"heap.prologue":0,"heap.epilogue":0,"heap.external.prologue":0,"heap.external.epilogue":0,"heap.external_weak_global_handles":0,"complete.sweep_array_buffers":0,"scavenge":0.013,"scavenge.free_remembered_set":0,"scavenge.roots":0.003,"scavenge.weak":0,"scavenge.weak_global_handles.identify":0,"scavenge.weak_global_handles.process":0,"scavenge.parallel":0,"scavenge.pin_objects_conservative":0,"scavenge.pin_objects_precise":0,"scavenge.restore_pinned":0,"scavenge.sweep_array_buffers":0,"scavenge.resize_new_space":0,"background.scavenge.parallel":0,"incremental.steps_count":0,"incremental.steps_took":0,"scavenge_throughput":4832.37,"quarantined_size":0,"quarantined_pages":0}
[75261:0xc0d80c000:0]      424 ms: GC: {"pause":0.057,"mutator":2.069,"gc":"s","reduce_memory":false,"time_to_safepoint":0,"stack":true,"reason":"allocation failure","collector_reason":"","start_object_size":27025232,"end_object_size":18637136,"start_memory_size":36929536,"end_memory_size":36929536,"start_holes_size":1458408,"end_holes_size":1458408,"pool_local_chunks":0,"pool_shared_chunks":0,"pool_total_chunks":0,"new_space_capacity":8388608,"old_gen_allocation_limit":59707072,"global_allocation_limit":59707168,"allocation_throughput":1.72497e+06,"new_space_allocation_throughput":1.69334e+06,"new_space_survive_rate":0,"allocated":8388096,"promoted":0,"new_space_survived":0,"nodes_died_in_new":0,"nodes_copied_in_new":0,"nodes_promoted":0,"promotion_ratio":0,"average_survival_ratio":0.00173579,"promotion_rate":0,"during_sweeping":false,"heap.prologue":0,"heap.epilogue":0.001,"heap.external.prologue":0,"heap.external.epilogue":0,"heap.external_weak_global_handles":0,"complete.sweep_array_buffers":0,"scavenge":0.047,"scavenge.free_remembered_set":0,"scavenge.roots":0.005,"scavenge.weak":0,"scavenge.weak_global_handles.identify":0,"scavenge.weak_global_handles.process":0,"scavenge.parallel":0,"scavenge.pin_objects_conservative":0,"scavenge.pin_objects_precise":0,"scavenge.restore_pinned":0.003,"scavenge.sweep_array_buffers":0,"scavenge.resize_new_space":0,"background.scavenge.parallel":0,"incremental.steps_count":0,"incremental.steps_took":0,"scavenge_throughput":4507.74,"quarantined_size":0,"quarantined_pages":0}
[75261:0xc0d80c000:0]      426 ms: GC: {"pause":0.035,"mutator":2.122,"gc":"s","reduce_memory":false,"time_to_safepoint":0,"stack":true,"reason":"allocation failure","collector_reason":"","start_object_size":27025232,"end_object_size":18637136,"start_memory_size":36929536,"end_memory_size":36929536,"start_holes_size":1458408,"end_holes_size":1458408,"pool_local_chunks":0,"pool_shared_chunks":0,"pool_total_chunks":0,"new_space_capacity":8388608,"old_gen_allocation_limit":59707072,"global_allocation_limit":59707168,"allocation_throughput":1.75748e+06,"new_space_allocation_throughput":1.72631e+06,"new_space_survive_rate":0,"allocated":8388096,"promoted":0,"new_space_survived":0,"nodes_died_in_new":0,"nodes_copied_in_new":0,"nodes_promoted":0,"promotion_ratio":0,"average_survival_ratio":0.00173579,"promotion_rate":0,"during_sweeping":false,"heap.prologue":0,"heap.epilogue":0,"heap.external.prologue":0,"heap.external.epilogue":0,"heap.external_weak_global_handles":0,"complete.sweep_array_buffers":0,"scavenge":0.028,"scavenge.free_remembered_set":0.001,"scavenge.roots":0.006,"scavenge.weak":0,"scavenge.weak_global_handles.identify":0,"scavenge.weak_global_handles.process":0.001,"scavenge.parallel":0,"scavenge.pin_objects_conservative":0,"scavenge.pin_objects_precise":0,"scavenge.restore_pinned":0,"scavenge.sweep_array_buffers":0,"scavenge.resize_new_space":0,"background.scavenge.parallel":0,"incremental.steps_count":0,"incremental.steps_took":0,"scavenge_throughput":4550,"quarantined_size":0,"quarantined_pages":0}
[75261:0xc0d80c000:0]      428 ms: GC: {"pause":0.015,"mutator":1.828,"gc":"s","reduce_memory":false,"time_to_safepoint":0,"stack":true,"reason":"allocation failure","collector_reason":"","start_object_size":27025232,"end_object_size":18637136,"start_memory_size":36929536,"end_memory_size":36929536,"start_holes_size":1458408,"end_holes_size":1458408,"pool_local_chunks":0,"pool_shared_chunks":0,"pool_total_chunks":0,"new_space_capacity":8388608,"old_gen_allocation_limit":59707072,"global_allocation_limit":59707168,"allocation_throughput":1.79311e+06,"new_space_allocation_throughput":1.76233e+06,"new_space_survive_rate":0,"allocated":8388096,"promoted":0,"new_space_survived":0,"nodes_died_in_new":0,"nodes_copied_in_new":0,"nodes_promoted":0,"promotion_ratio":0,"average_survival_ratio":0.00138291,"promotion_rate":0,"during_sweeping":false,"heap.prologue":0,"heap.epilogue":0,"heap.external.prologue":0,"heap.external.epilogue":0,"heap.external_weak_global_handles":0,"complete.sweep_array_buffers":0,"scavenge":0.011,"scavenge.free_remembered_set":0,"scavenge.roots":0.002,"scavenge.weak":0,"scavenge.weak_global_handles.identify":0,"scavenge.weak_global_handles.process":0,"scavenge.parallel":0,"scavenge.pin_objects_conservative":0,"scavenge.pin_objects_precise":0,"scavenge.restore_pinned":0,"scavenge.sweep_array_buffers":0,"scavenge.resize_new_space":0,"background.scavenge.parallel":0,"incremental.steps_count":0,"incremental.steps_took":0,"scavenge_throughput":3803.28,"quarantined_size":0,"quarantined_pages":0}
[75261:0xc0d80c000:0]      430 ms: GC: {"pause":0.017,"mutator":1.794,"gc":"s","reduce_memory":false,"time_to_safepoint":0,"stack":true,"reason":"allocation failure","collector_reason":"","start_object_size":27025232,"end_object_size":18670008,"start_memory_size":36929536,"end_memory_size":36929536,"start_holes_size":1458408,"end_holes_size":1458408,"pool_local_chunks":0,"pool_shared_chunks":0,"pool_total_chunks":0,"new_space_capacity":8388608,"old_gen_allocation_limit":59707072,"global_allocation_limit":59707168,"allocation_throughput":1.82873e+06,"new_space_allocation_throughput":1.79834e+06,"new_space_survive_rate":0.00352881,"allocated":8388096,"promoted":0,"new_space_survived":296,"nodes_died_in_new":0,"nodes_copied_in_new":0,"nodes_promoted":0,"promotion_ratio":0,"average_survival_ratio":0.00147829,"promotion_rate":0,"during_sweeping":false,"heap.prologue":0,"heap.epilogue":0,"heap.external.prologue":0,"heap.external.epilogue":0,"heap.external_weak_global_handles":0,"complete.sweep_array_buffers":0,"scavenge":0.016,"scavenge.free_remembered_set":0,"scavenge.roots":0.004,"scavenge.weak":0,"scavenge.weak_global_handles.identify":0,"scavenge.weak_global_handles.process":0,"scavenge.parallel":0.001,"scavenge.pin_objects_conservative":0,"scavenge.pin_objects_precise":0,"scavenge.restore_pinned":0,"scavenge.sweep_array_buffers":0,"scavenge.resize_new_space":0,"background.scavenge.parallel":0,"incremental.steps_count":0,"incremental.steps_took":0,"scavenge_throughput":4092.41,"quarantined_size":0,"quarantined_pages":0}
[75261:0xc0d80c000:0]      432 ms: GC: {"pause":0.014,"mutator":1.793,"gc":"s","reduce_memory":false,"time_to_safepoint":0,"stack":true,"reason":"allocation failure","collector_reason":"","start_object_size":27025232,"end_object_size":18637136,"start_memory_size":36929536,"end_memory_size":36929536,"start_holes_size":1458408,"end_holes_size":1458408,"pool_local_chunks":0,"pool_shared_chunks":0,"pool_total_chunks":0,"new_space_capacity":8388608,"old_gen_allocation_limit":59707072,"global_allocation_limit":59707168,"allocation_throughput":1.8637e+06,"new_space_allocation_throughput":1.83368e+06,"new_space_survive_rate":0,"allocated":8355224,"promoted":0,"new_space_survived":0,"nodes_died_in_new":0,"nodes_copied_in_new":0,"nodes_promoted":0,"promotion_ratio":0,"average_survival_ratio":0.00122078,"promotion_rate":0,"during_sweeping":false,"heap.prologue":0,"heap.epilogue":0.001,"heap.external.prologue":0,"heap.external.epilogue":0,"heap.external_weak_global_handles":0,"complete.sweep_array_buffers":0,"scavenge":0.012,"scavenge.free_remembered_set":0,"scavenge.roots":0.003,"scavenge.weak":0,"scavenge.weak_global_handles.identify":0,"scavenge.weak_global_handles.process":0,"scavenge.parallel":0,"scavenge.pin_objects_conservative":0,"scavenge.pin_objects_precise":0,"scavenge.restore_pinned":0,"scavenge.sweep_array_buffers":0,"scavenge.resize_new_space":0,"background.scavenge.parallel":0,"incremental.steps_count":0,"incremental.steps_took":0,"scavenge_throughput":3379.54,"quarantined_size":0,"quarantined_pages":0}
[75261:0xc0d80c000:0]      433 ms: GC: {"pause":0.016,"mutator":1.828,"gc":"s","reduce_memory":false,"time_to_safepoint":0,"stack":true,"reason":"allocation failure","collector_reason":"","start_object_size":27025232,"end_object_size":18637136,"start_memory_size":36929536,"end_memory_size":36929536,"start_holes_size":1458408,"end_holes_size":1458408,"pool_local_chunks":0,"pool_shared_chunks":0,"pool_total_chunks":0,"new_space_capacity":8388608,"old_gen_allocation_limit":59707072,"global_allocation_limit":59707168,"allocation_throughput":1.898e+06,"new_space_allocation_throughput":1.86836e+06,"new_space_survive_rate":0,"allocated":8388096,"promoted":0,"new_space_survived":0,"nodes_died_in_new":0,"nodes_copied_in_new":0,"nodes_promoted":0,"promotion_ratio":0,"average_survival_ratio":0.00096327,"promotion_rate":0,"during_sweeping":false,"heap.prologue":0,"heap.epilogue":0,"heap.external.prologue":0,"heap.external.epilogue":0,"heap.external_weak_global_handles":0,"complete.sweep_array_buffers":0,"scavenge":0.013,"scavenge.free_remembered_set":0,"scavenge.roots":0.003,"scavenge.weak":0,"scavenge.weak_global_handles.identify":0,"scavenge.weak_global_handles.process":0,"scavenge.parallel":0,"scavenge.pin_objects_conservative":0,"scavenge.pin_objects_precise":0,"scavenge.restore_pinned":0,"scavenge.sweep_array_buffers":0,"scavenge.resize_new_space":0,"background.scavenge.parallel":0,"incremental.steps_count":0,"incremental.steps_took":0,"scavenge_throughput":3107.69,"quarantined_size":0,"quarantined_pages":0}
[75261:0xc0d80c000:0]      436 ms: GC: {"pause":0.053,"mutator":2.406,"gc":"s","reduce_memory":false,"time_to_safepoint":0,"stack":true,"reason":"allocation failure","collector_reason":"","start_object_size":27025232,"end_object_size":18637136,"start_memory_size":36929536,"end_memory_size":36929536,"start_holes_size":1458408,"end_holes_size":1458408,"pool_local_chunks":0,"pool_shared_chunks":0,"pool_total_chunks":0,"new_space_capacity":8388608,"old_gen_allocation_limit":59707072,"global_allocation_limit":59707168,"allocation_throughput":1.92426e+06,"new_space_allocation_throughput":1.8951e+06,"new_space_survive_rate":0,"allocated":8388096,"promoted":0,"new_space_survived":0,"nodes_died_in_new":0,"nodes_copied_in_new":0,"nodes_promoted":0,"promotion_ratio":0,"average_survival_ratio":0.000610389,"promotion_rate":0,"during_sweeping":false,"heap.prologue":0,"heap.epilogue":0.001,"heap.external.prologue":0,"heap.external.epilogue":0,"heap.external_weak_global_handles":0,"complete.sweep_array_buffers":0,"scavenge":0.044,"scavenge.free_remembered_set":0,"scavenge.roots":0.007,"scavenge.weak":0,"scavenge.weak_global_handles.identify":0,"scavenge.weak_global_handles.process":0,"scavenge.parallel":0,"scavenge.pin_objects_conservative":0,"scavenge.pin_objects_precise":0,"scavenge.restore_pinned":0.001,"scavenge.sweep_array_buffers":0,"scavenge.resize_new_space":0,"background.scavenge.parallel":0,"incremental.steps_count":0,"incremental.steps_took":0,"scavenge_throughput":1896.3,"quarantined_size":0,"quarantined_pages":0}
[75261:0xc0d80c000:0]      438 ms: GC: {"pause":0.03,"mutator":1.861,"gc":"s","reduce_memory":false,"time_to_safepoint":0,"stack":true,"reason":"allocation failure","collector_reason":"","start_object_size":27025232,"end_object_size":18670120,"start_memory_size":36929536,"end_memory_size":36929536,"start_holes_size":1458408,"end_holes_size":1458408,"pool_local_chunks":0,"pool_shared_chunks":0,"pool_total_chunks":0,"new_space_capacity":8388608,"old_gen_allocation_limit":59707072,"global_allocation_limit":59707168,"allocation_throughput":1.95735e+06,"new_space_allocation_throughput":1.92857e+06,"new_space_survive_rate":0.00448254,"allocated":8388096,"promoted":0,"new_space_survived":376,"nodes_died_in_new":0,"nodes_copied_in_new":0,"nodes_promoted":0,"promotion_ratio":0,"average_survival_ratio":0.000801135,"promotion_rate":0,"during_sweeping":false,"heap.prologue":0,"heap.epilogue":0.001,"heap.external.prologue":0,"heap.external.epilogue":0,"heap.external_weak_global_handles":0,"complete.sweep_array_buffers":0,"scavenge":0.025,"scavenge.free_remembered_set":0,"scavenge.roots":0.005,"scavenge.weak":0,"scavenge.weak_global_handles.identify":0,"scavenge.weak_global_handles.process":0,"scavenge.parallel":0.002,"scavenge.pin_objects_conservative":0,"scavenge.pin_objects_precise":0,"scavenge.restore_pinned":0,"scavenge.sweep_array_buffers":0,"scavenge.resize_new_space":0,"background.scavenge.parallel":0,"incremental.steps_count":0,"incremental.steps_took":0,"scavenge_throughput":2488.89,"quarantined_size":0,"quarantined_pages":0}
[75261:0xc0d80c000:0]      440 ms: GC: {"pause":0.016,"mutator":1.815,"gc":"s","reduce_memory":false,"time_to_safepoint":0,"stack":true,"reason":"allocation failure","collector_reason":"","start_object_size":27025232,"end_object_size":18637136,"start_memory_size":36929536,"end_memory_size":36929536,"start_holes_size":1458408,"end_holes_size":1458408,"pool_local_chunks":0,"pool_shared_chunks":0,"pool_total_chunks":0,"new_space_capacity":8388608,"old_gen_allocation_limit":59707072,"global_allocation_limit":59707168,"allocation_throughput":1.99041e+06,"new_space_allocation_throughput":1.962e+06,"new_space_survive_rate":0,"allocated":8355112,"promoted":0,"new_space_survived":0,"nodes_died_in_new":0,"nodes_copied_in_new":0,"nodes_promoted":0,"promotion_ratio":0,"average_survival_ratio":0.000801135,"promotion_rate":0,"during_sweeping":false,"heap.prologue":0,"heap.epilogue":0.001,"heap.external.prologue":0,"heap.external.epilogue":0,"heap.external_weak_global_handles":0,"complete.sweep_array_buffers":0,"scavenge":0.013,"scavenge.free_remembered_set":0,"scavenge.roots":0.003,"scavenge.weak":0,"scavenge.weak_global_handles.identify":0,"scavenge.weak_global_handles.process":0,"scavenge.parallel":0,"scavenge.pin_objects_conservative":0,"scavenge.pin_objects_precise":0,"scavenge.restore_pinned":0,"scavenge.sweep_array_buffers":0,"scavenge.resize_new_space":0,"background.scavenge.parallel":0,"incremental.steps_count":0,"incremental.steps_took":0,"scavenge_throughput":2498.14,"quarantined_size":0,"quarantined_pages":0}
[75261:0xc0d80c000:0]      441 ms: GC: {"pause":0.015,"mutator":1.801,"gc":"s","reduce_memory":false,"time_to_safepoint":0,"stack":true,"reason":"allocation failure","collector_reason":"","start_object_size":27025232,"end_object_size":18670008,"start_memory_size":36929536,"end_memory_size":36929536,"start_holes_size":1458408,"end_holes_size":1458408,"pool_local_chunks":0,"pool_shared_chunks":0,"pool_total_chunks":0,"new_space_capacity":8388608,"old_gen_allocation_limit":59707072,"global_allocation_limit":59707168,"allocation_throughput":2.02349e+06,"new_space_allocation_throughput":1.99542e+06,"new_space_survive_rate":0.00352881,"allocated":8388096,"promoted":0,"new_space_survived":296,"nodes_died_in_new":0,"nodes_copied_in_new":0,"nodes_promoted":0,"promotion_ratio":0,"average_survival_ratio":0.00115402,"promotion_rate":0,"during_sweeping":false,"heap.prologue":0,"heap.epilogue":0,"heap.external.prologue":0,"heap.external.epilogue":0,"heap.external_weak_global_handles":0,"complete.sweep_array_buffers":0,"scavenge":0.013,"scavenge.free_remembered_set":0,"scavenge.roots":0.003,"scavenge.weak":0,"scavenge.weak_global_handles.identify":0,"scavenge.weak_global_handles.process":0,"scavenge.parallel":0,"scavenge.pin_objects_conservative":0,"scavenge.pin_objects_precise":0,"scavenge.restore_pinned":0,"scavenge.sweep_array_buffers":0,"scavenge.resize_new_space":0,"background.scavenge.parallel":0,"incremental.steps_count":0,"incremental.steps_took":0,"scavenge_throughput":3611.94,"quarantined_size":0,"quarantined_pages":0}
[75261:0xc0d80c000:0]      443 ms: GC: {"pause":0.014,"mutator":1.789,"gc":"s","reduce_memory":false,"time_to_safepoint":0,"stack":true,"reason":"allocation failure","collector_reason":"","start_object_size":27025232,"end_object_size":18669968,"start_memory_size":36929536,"end_memory_size":36929536,"start_holes_size":1458408,"end_holes_size":1458408,"pool_local_chunks":0,"pool_shared_chunks":0,"pool_total_chunks":0,"new_space_capacity":8388608,"old_gen_allocation_limit":59707072,"global_allocation_limit":59707168,"allocation_throughput":2.05609e+06,"new_space_allocation_throughput":2.02837e+06,"new_space_survive_rate":0.00257508,"allocated":8355224,"promoted":0,"new_space_survived":216,"nodes_died_in_new":0,"nodes_copied_in_new":0,"nodes_promoted":0,"promotion_ratio":0,"average_survival_ratio":0.00141152,"promotion_rate":0,"during_sweeping":false,"heap.prologue":0,"heap.epilogue":0.001,"heap.external.prologue":0,"heap.external.epilogue":0,"heap.external_weak_global_handles":0,"complete.sweep_array_buffers":0,"scavenge":0.012,"scavenge.free_remembered_set":0,"scavenge.roots":0.002,"scavenge.weak":0,"scavenge.weak_global_handles.identify":0,"scavenge.weak_global_handles.process":0,"scavenge.parallel":0.001,"scavenge.pin_objects_conservative":0,"scavenge.pin_objects_precise":0,"scavenge.restore_pinned":0,"scavenge.sweep_array_buffers":0,"scavenge.resize_new_space":0,"background.scavenge.parallel":0,"incremental.steps_count":0,"incremental.steps_took":0,"scavenge_throughput":5262.22,"quarantined_size":0,"quarantined_pages":0}
[75261:0xc0d80c000:0]      446 ms: GC: {"pause":0.052,"mutator":2.649,"gc":"s","reduce_memory":false,"time_to_safepoint":0,"stack":true,"reason":"allocation failure","collector_reason":"","start_object_size":27025232,"end_object_size":18670008,"start_memory_size":36929536,"end_memory_size":36929536,"start_holes_size":1458408,"end_holes_size":1458408,"pool_local_chunks":0,"pool_shared_chunks":0,"pool_total_chunks":0,"new_space_capacity":8388608,"old_gen_allocation_limit":59707072,"global_allocation_limit":59707168,"allocation_throughput":2.07606e+06,"new_space_allocation_throughput":2.04884e+06,"new_space_survive_rate":0.00352881,"allocated":8355264,"promoted":0,"new_space_survived":296,"nodes_died_in_new":0,"nodes_copied_in_new":0,"nodes_promoted":0,"promotion_ratio":0,"average_survival_ratio":0.00176441,"promotion_rate":0,"during_sweeping":false,"heap.prologue":0,"heap.epilogue":0,"heap.external.prologue":0,"heap.external.epilogue":0,"heap.external_weak_global_handles":0,"complete.sweep_array_buffers":0,"scavenge":0.043,"scavenge.free_remembered_set":0,"scavenge.roots":0.009,"scavenge.weak":0,"scavenge.weak_global_handles.identify":0,"scavenge.weak_global_handles.process":0,"scavenge.parallel":0.001,"scavenge.pin_objects_conservative":0,"scavenge.pin_objects_precise":0,"scavenge.restore_pinned":0,"scavenge.sweep_array_buffers":0,"scavenge.resize_new_space":0,"background.scavenge.parallel":0,"incremental.steps_count":0,"incremental.steps_took":0,"scavenge_throughput":6115.7,"quarantined_size":0,"quarantined_pages":0}
[75261:0xc0d80c000:0]      448 ms: GC: {"pause":0.028,"mutator":1.813,"gc":"s","reduce_memory":false,"time_to_safepoint":0,"stack":true,"reason":"allocation failure","collector_reason":"","start_object_size":27025232,"end_object_size":18670008,"start_memory_size":36929536,"end_memory_size":36929536,"start_holes_size":1458408,"end_holes_size":1458408,"pool_local_chunks":0,"pool_shared_chunks":0,"pool_total_chunks":0,"new_space_capacity":8388608,"old_gen_allocation_limit":59707072,"global_allocation_limit":59707168,"allocation_throughput":2.10767e+06,"new_space_allocation_throughput":2.08079e+06,"new_space_survive_rate":0.00352881,"allocated":8355224,"promoted":0,"new_space_survived":296,"nodes_died_in_new":0,"nodes_copied_in_new":0,"nodes_promoted":0,"promotion_ratio":0,"average_survival_ratio":0.00211729,"promotion_rate":0,"during_sweeping":false,"heap.prologue":0,"heap.epilogue":0,"heap.external.prologue":0,"heap.external.epilogue":0,"heap.external_weak_global_handles":0,"complete.sweep_array_buffers":0,"scavenge":0.023,"scavenge.free_remembered_set":0,"scavenge.roots":0.006,"scavenge.weak":0,"scavenge.weak_global_handles.identify":0,"scavenge.weak_global_handles.process":0,"scavenge.parallel":0.001,"scavenge.pin_objects_conservative":0,"scavenge.pin_objects_precise":0,"scavenge.restore_pinned":0.001,"scavenge.sweep_array_buffers":0,"scavenge.resize_new_space":0.001,"background.scavenge.parallel":0,"incremental.steps_count":0,"incremental.steps_took":0,"scavenge_throughput":6964.71,"quarantined_size":0,"quarantined_pages":0}
[75261:0xc0d80c000:0]      451 ms: GC: {"pause":0.025,"mutator":3.426,"gc":"s","reduce_memory":false,"time_to_safepoint":0,"stack":true,"reason":"allocation failure","collector_reason":"","start_object_size":27025232,"end_object_size":18670008,"start_memory_size":36929536,"end_memory_size":36929536,"start_holes_size":1458408,"end_holes_size":1458408,"pool_local_chunks":0,"pool_shared_chunks":0,"pool_total_chunks":0,"new_space_capacity":8388608,"old_gen_allocation_limit":59707072,"global_allocation_limit":59707168,"allocation_throughput":2.11542e+06,"new_space_allocation_throughput":2.08918e+06,"new_space_survive_rate":0.00352881,"allocated":8355224,"promoted":0,"new_space_survived":296,"nodes_died_in_new":0,"nodes_copied_in_new":0,"nodes_promoted":0,"promotion_ratio":0,"average_survival_ratio":0.00211729,"promotion_rate":0,"during_sweeping":false,"heap.prologue":0,"heap.epilogue":0,"heap.external.prologue":0,"heap.external.epilogue":0,"heap.external_weak_global_handles":0,"complete.sweep_array_buffers":0,"scavenge":0.022,"scavenge.free_remembered_set":0,"scavenge.roots":0.006,"scavenge.weak":0,"scavenge.weak_global_handles.identify":0,"scavenge.weak_global_handles.process":0,"scavenge.parallel":0.002,"scavenge.pin_objects_conservative":0,"scavenge.pin_objects_precise":0,"scavenge.restore_pinned":0,"scavenge.sweep_array_buffers":0,"scavenge.resize_new_space":0.001,"background.scavenge.parallel":0,"incremental.steps_count":0,"incremental.steps_took":0,"scavenge_throughput":6752.85,"quarantined_size":0,"quarantined_pages":0}
[75261:0xc0d80c000:0]      453 ms: GC: {"pause":0.016,"mutator":1.817,"gc":"s","reduce_memory":false,"time_to_safepoint":0,"stack":true,"reason":"allocation failure","collector_reason":"","start_object_size":27025232,"end_object_size":18669968,"start_memory_size":36929536,"end_memory_size":36929536,"start_holes_size":1458408,"end_holes_size":1458408,"pool_local_chunks":0,"pool_shared_chunks":0,"pool_total_chunks":0,"new_space_capacity":8388608,"old_gen_allocation_limit":59707072,"global_allocation_limit":59707168,"allocation_throughput":2.1465e+06,"new_space_allocation_throughput":2.12058e+06,"new_space_survive_rate":0.00257508,"allocated":8355224,"promoted":0,"new_space_survived":216,"nodes_died_in_new":0,"nodes_copied_in_new":0,"nodes_promoted":0,"promotion_ratio":0,"average_survival_ratio":0.00237479,"promotion_rate":0,"during_sweeping":false,"heap.prologue":0,"heap.epilogue":0.001,"heap.external.prologue":0,"heap.external.epilogue":0,"heap.external_weak_global_handles":0,"complete.sweep_array_buffers":0,"scavenge":0.013,"scavenge.free_remembered_set":0,"scavenge.roots":0.003,"scavenge.weak":0,"scavenge.weak_global_handles.identify":0,"scavenge.weak_global_handles.process":0,"scavenge.parallel":0.001,"scavenge.pin_objects_conservative":0,"scavenge.pin_objects_precise":0,"scavenge.restore_pinned":0,"scavenge.sweep_array_buffers":0,"scavenge.resize_new_space":0,"background.scavenge.parallel":0,"incremental.steps_count":0,"incremental.steps_took":0,"scavenge_throughput":7516.98,"quarantined_size":0,"quarantined_pages":0}
[75261:0xc0d80c000:0]      456 ms: GC: {"pause":0.059,"mutator":2.374,"gc":"s","reduce_memory":false,"time_to_safepoint":0,"stack":true,"reason":"allocation failure","collector_reason":"","start_object_size":27025232,"end_object_size":18670008,"start_memory_size":36929536,"end_memory_size":36929536,"start_holes_size":1458408,"end_holes_size":1458408,"pool_local_chunks":0,"pool_shared_chunks":0,"pool_total_chunks":0,"new_space_capacity":8388608,"old_gen_allocation_limit":59707072,"global_allocation_limit":59707168,"allocation_throughput":2.16889e+06,"new_space_allocation_throughput":2.1434e+06,"new_space_survive_rate":0.00352881,"allocated":8355264,"promoted":0,"new_space_survived":296,"nodes_died_in_new":0,"nodes_copied_in_new":0,"nodes_promoted":0,"promotion_ratio":0,"average_survival_ratio":0.00272768,"promotion_rate":0,"during_sweeping":false,"heap.prologue":0,"heap.epilogue":0,"heap.external.prologue":0,"heap.external.epilogue":0,"heap.external_weak_global_handles":0,"complete.sweep_array_buffers":0,"scavenge":0.042,"scavenge.free_remembered_set":0,"scavenge.roots":0.009,"scavenge.weak":0,"scavenge.weak_global_handles.identify":0,"scavenge.weak_global_handles.process":0,"scavenge.parallel":0.002,"scavenge.pin_objects_conservative":0,"scavenge.pin_objects_precise":0,"scavenge.restore_pinned":0,"scavenge.sweep_array_buffers":0,"scavenge.resize_new_space":0.001,"background.scavenge.parallel":0,"incremental.steps_count":0,"incremental.steps_took":0,"scavenge_throughput":7428.57,"quarantined_size":0,"quarantined_pages":0}
[75261:0xc0d80c000:0]      457 ms: GC: {"pause":0.026,"mutator":1.808,"gc":"s","reduce_memory":false,"time_to_safepoint":0,"stack":true,"reason":"allocation failure","collector_reason":"","start_object_size":27025232,"end_object_size":18669968,"start_memory_size":36929536,"end_memory_size":36929536,"start_holes_size":1458408,"end_holes_size":1458408,"pool_local_chunks":0,"pool_shared_chunks":0,"pool_total_chunks":0,"new_space_capacity":8388608,"old_gen_allocation_limit":59707072,"global_allocation_limit":59707168,"allocation_throughput":2.19942e+06,"new_space_allocation_throughput":2.17424e+06,"new_space_survive_rate":0.00257508,"allocated":8355224,"promoted":0,"new_space_survived":216,"nodes_died_in_new":0,"nodes_copied_in_new":0,"nodes_promoted":0,"promotion_ratio":0,"average_survival_ratio":0.00298518,"promotion_rate":0,"during_sweeping":false,"heap.prologue":0,"heap.epilogue":0,"heap.external.prologue":0,"heap.external.epilogue":0,"heap.external_weak_global_handles":0,"complete.sweep_array_buffers":0,"scavenge":0.022,"scavenge.free_remembered_set":0,"scavenge.roots":0.006,"scavenge.weak":0,"scavenge.weak_global_handles.identify":0.001,"scavenge.weak_global_handles.process":0,"scavenge.parallel":0.001,"scavenge.pin_objects_conservative":0,"scavenge.pin_objects_precise":0,"scavenge.restore_pinned":0,"scavenge.sweep_array_buffers":0,"scavenge.resize_new_space":0,"background.scavenge.parallel":0,"incremental.steps_count":0,"incremental.steps_took":0,"scavenge_throughput":8911.03,"quarantined_size":0,"quarantined_pages":0}
[75261:0xc0d80c000:0]      459 ms: GC: {"pause":0.019,"mutator":1.809,"gc":"s","reduce_memory":false,"time_to_safepoint":0,"stack":true,"reason":"allocation failure","collector_reason":"","start_object_size":27025232,"end_object_size":18637136,"start_memory_size":36929536,"end_memory_size":36929536,"start_holes_size":1458408,"end_holes_size":1458408,"pool_local_chunks":0,"pool_shared_chunks":0,"pool_total_chunks":0,"new_space_capacity":8388608,"old_gen_allocation_limit":59707072,"global_allocation_limit":59707168,"allocation_throughput":2.22956e+06,"new_space_allocation_throughput":2.2047e+06,"new_space_survive_rate":0,"allocated":8355264,"promoted":0,"new_space_survived":0,"nodes_died_in_new":0,"nodes_copied_in_new":0,"nodes_promoted":0,"promotion_ratio":0,"average_survival_ratio":0.00253693,"promotion_rate":0,"during_sweeping":false,"heap.prologue":0,"heap.epilogue":0,"heap.external.prologue":0,"heap.external.epilogue":0,"heap.external_weak_global_handles":0,"complete.sweep_array_buffers":0,"scavenge":0.015,"scavenge.free_remembered_set":0,"scavenge.roots":0.003,"scavenge.weak":0,"scavenge.weak_global_handles.identify":0,"scavenge.weak_global_handles.process":0,"scavenge.parallel":0,"scavenge.pin_objects_conservative":0,"scavenge.pin_objects_precise":0,"scavenge.restore_pinned":0,"scavenge.sweep_array_buffers":0,"scavenge.resize_new_space":0,"background.scavenge.parallel":0,"incremental.steps_count":0,"incremental.steps_took":0,"scavenge_throughput":7881.48,"quarantined_size":0,"quarantined_pages":0}
[75261:0xc0d80c000:0]      461 ms: GC: {"pause":0.015,"mutator":1.886,"gc":"s","reduce_memory":false,"time_to_safepoint":0,"stack":true,"reason":"allocation failure","collector_reason":"","start_object_size":27025232,"end_object_size":18637136,"start_memory_size":36929536,"end_memory_size":36929536,"start_holes_size":1458408,"end_holes_size":1458408,"pool_local_chunks":0,"pool_shared_chunks":0,"pool_total_chunks":0,"new_space_capacity":8388608,"old_gen_allocation_limit":59707072,"global_allocation_limit":59707168,"allocation_throughput":2.25836e+06,"new_space_allocation_throughput":2.23382e+06,"new_space_survive_rate":0,"allocated":8388096,"promoted":0,"new_space_survived":0,"nodes_died_in_new":0,"nodes_copied_in_new":0,"nodes_promoted":0,"promotion_ratio":0,"average_survival_ratio":0.00253693,"promotion_rate":0,"during_sweeping":false,"heap.prologue":0,"heap.epilogue":0,"heap.external.prologue":0,"heap.external.epilogue":0,"heap.external_weak_global_handles":0,"complete.sweep_array_buffers":0,"scavenge":0.011,"scavenge.free_remembered_set":0,"scavenge.roots":0.002,"scavenge.weak":0,"scavenge.weak_global_handles.identify":0,"scavenge.weak_global_handles.process":0.001,"scavenge.parallel":0,"scavenge.pin_objects_conservative":0,"scavenge.pin_objects_precise":0,"scavenge.restore_pinned":0.001,"scavenge.sweep_array_buffers":0,"scavenge.resize_new_space":0,"background.scavenge.parallel":0,"incremental.steps_count":0,"incremental.steps_took":0,"scavenge_throughput":7910.78,"quarantined_size":0,"quarantined_pages":0}
[75261:0xc0d80c000:0]      463 ms: GC: {"pause":0.014,"mutator":1.815,"gc":"s","reduce_memory":false,"time_to_safepoint":0,"stack":true,"reason":"allocation failure","collector_reason":"","start_object_size":27025232,"end_object_size":18637136,"start_memory_size":36929536,"end_memory_size":36929536,"start_holes_size":1458408,"end_holes_size":1458408,"pool_local_chunks":0,"pool_shared_chunks":0,"pool_total_chunks":0,"new_space_capacity":8388608,"old_gen_allocation_limit":59707072,"global_allocation_limit":59707168,"allocation_throughput":2.28788e+06,"new_space_allocation_throughput":2.26365e+06,"new_space_survive_rate":0,"allocated":8388096,"promoted":0,"new_space_survived":0,"nodes_died_in_new":0,"nodes_copied_in_new":0,"nodes_promoted":0,"promotion_ratio":0,"average_survival_ratio":0.00218405,"promotion_rate":0,"during_sweeping":false,"heap.prologue":0,"heap.epilogue":0,"heap.external.prologue":0,"heap.external.epilogue":0,"heap.external_weak_global_handles":0,"complete.sweep_array_buffers":0,"scavenge":0.012,"scavenge.free_remembered_set":0,"scavenge.roots":0.002,"scavenge.weak":0,"scavenge.weak_global_handles.identify":0,"scavenge.weak_global_handles.process":0,"scavenge.parallel":0,"scavenge.pin_objects_conservative":0,"scavenge.pin_objects_precise":0,"scavenge.restore_pinned":0,"scavenge.sweep_array_buffers":0,"scavenge.resize_new_space":0,"background.scavenge.parallel":0,"incremental.steps_count":0,"incremental.steps_took":0,"scavenge_throughput":6835.82,"quarantined_size":0,"quarantined_pages":0}
[75261:0xc0d80c000:0]      465 ms: GC: {"pause":0.044,"mutator":2.092,"gc":"s","reduce_memory":false,"time_to_safepoint":0,"stack":true,"reason":"allocation failure","collector_reason":"","start_object_size":27025232,"end_object_size":18637136,"start_memory_size":36929536,"end_memory_size":36929536,"start_holes_size":1458408,"end_holes_size":1458408,"pool_local_chunks":0,"pool_shared_chunks":0,"pool_total_chunks":0,"new_space_capacity":8388608,"old_gen_allocation_limit":59707072,"global_allocation_limit":59707168,"allocation_throughput":2.31267e+06,"new_space_allocation_throughput":2.28879e+06,"new_space_survive_rate":0,"allocated":8388096,"promoted":0,"new_space_survived":0,"nodes_died_in_new":0,"nodes_copied_in_new":0,"nodes_promoted":0,"promotion_ratio":0,"average_survival_ratio":0.00192654,"promotion_rate":0,"during_sweeping":false,"heap.prologue":0,"heap.epilogue":0.001,"heap.external.prologue":0,"heap.external.epilogue":0,"heap.external_weak_global_handles":0,"complete.sweep_array_buffers":0,"scavenge":0.036,"scavenge.free_remembered_set":0,"scavenge.roots":0.007,"scavenge.weak":0,"scavenge.weak_global_handles.identify":0,"scavenge.weak_global_handles.process":0,"scavenge.parallel":0,"scavenge.pin_objects_conservative":0,"scavenge.pin_objects_precise":0,"scavenge.restore_pinned":0,"scavenge.sweep_array_buffers":0,"scavenge.resize_new_space":0,"background.scavenge.parallel":0,"incremental.steps_count":0,"incremental.steps_took":0,"scavenge_throughput":5422.82,"quarantined_size":0,"quarantined_pages":0}
[75261:0xc0d80c000:0]      467 ms: GC: {"pause":0.025,"mutator":1.902,"gc":"s","reduce_memory":false,"time_to_safepoint":0,"stack":true,"reason":"allocation failure","collector_reason":"","start_object_size":27025232,"end_object_size":18637136,"start_memory_size":36929536,"end_memory_size":36929536,"start_holes_size":1458408,"end_holes_size":1458408,"pool_local_chunks":0,"pool_shared_chunks":0,"pool_total_chunks":0,"new_space_capacity":8388608,"old_gen_allocation_limit":59707072,"global_allocation_limit":59707168,"allocation_throughput":2.34012e+06,"new_space_allocation_throughput":2.31656e+06,"new_space_survive_rate":0,"allocated":8388096,"promoted":0,"new_space_survived":0,"nodes_died_in_new":0,"nodes_copied_in_new":0,"nodes_promoted":0,"promotion_ratio":0,"average_survival_ratio":0.00157366,"promotion_rate":0,"during_sweeping":false,"heap.prologue":0,"heap.epilogue":0,"heap.external.prologue":0,"heap.external.epilogue":0,"heap.external_weak_global_handles":0,"complete.sweep_array_buffers":0,"scavenge":0.02,"scavenge.free_remembered_set":0,"scavenge.roots":0.004,"scavenge.weak":0,"scavenge.weak_global_handles.identify":0,"scavenge.weak_global_handles.process":0,"scavenge.parallel":0,"scavenge.pin_objects_conservative":0,"scavenge.pin_objects_precise":0,"scavenge.restore_pinned":0.001,"scavenge.sweep_array_buffers":0,"scavenge.resize_new_space":0,"background.scavenge.parallel":0,"incremental.steps_count":0,"incremental.steps_took":0,"scavenge_throughput":4870.85,"quarantined_size":0,"quarantined_pages":0}
[75261:0xc0d80c000:0]      469 ms: GC: {"pause":0.02,"mutator":1.828,"gc":"s","reduce_memory":false,"time_to_safepoint":0,"stack":true,"reason":"allocation failure","collector_reason":"","start_object_size":27025232,"end_object_size":18670008,"start_memory_size":36929536,"end_memory_size":36929536,"start_holes_size":1458408,"end_holes_size":1458408,"pool_local_chunks":0,"pool_shared_chunks":0,"pool_total_chunks":0,"new_space_capacity":8388608,"old_gen_allocation_limit":59707072,"global_allocation_limit":59707168,"allocation_throughput":2.36844e+06,"new_space_allocation_throughput":2.34516e+06,"new_space_survive_rate":0.00352881,"allocated":8388096,"promoted":0,"new_space_survived":296,"nodes_died_in_new":0,"nodes_copied_in_new":0,"nodes_promoted":0,"promotion_ratio":0,"average_survival_ratio":0.00157366,"promotion_rate":0,"during_sweeping":false,"heap.prologue":0,"heap.epilogue":0,"heap.external.prologue":0,"heap.external.epilogue":0,"heap.external_weak_global_handles":0,"complete.sweep_array_buffers":0,"scavenge":0.017,"scavenge.free_remembered_set":0.001,"scavenge.roots":0.005,"scavenge.weak":0,"scavenge.weak_global_handles.identify":0,"scavenge.weak_global_handles.process":0,"scavenge.parallel":0.002,"scavenge.pin_objects_conservative":0,"scavenge.pin_objects_precise":0,"scavenge.restore_pinned":0,"scavenge.sweep_array_buffers":0,"scavenge.resize_new_space":0,"background.scavenge.parallel":0,"incremental.steps_count":0,"incremental.steps_took":0,"scavenge_throughput":5019.01,"quarantined_size":0,"quarantined_pages":0}
[75261:0xc0d80c000:0]      471 ms: GC: {"pause":0.016,"mutator":1.829,"gc":"s","reduce_memory":false,"time_to_safepoint":0,"stack":true,"reason":"allocation failure","collector_reason":"","start_object_size":27025232,"end_object_size":18637136,"start_memory_size":36929536,"end_memory_size":36929536,"start_holes_size":1458408,"end_holes_size":1458408,"pool_local_chunks":0,"pool_shared_chunks":0,"pool_total_chunks":0,"new_space_capacity":8388608,"old_gen_allocation_limit":59707072,"global_allocation_limit":59707168,"allocation_throughput":2.39615e+06,"new_space_allocation_throughput":2.37317e+06,"new_space_survive_rate":0,"allocated":8355224,"promoted":0,"new_space_survived":0,"nodes_died_in_new":0,"nodes_copied_in_new":0,"nodes_promoted":0,"promotion_ratio":0,"average_survival_ratio":0.00122078,"promotion_rate":0,"during_sweeping":false,"heap.prologue":0,"heap.epilogue":0,"heap.external.prologue":0,"heap.external.epilogue":0,"heap.external_weak_global_handles":0,"complete.sweep_array_buffers":0,"scavenge":0.013,"scavenge.free_remembered_set":0,"scavenge.roots":0.003,"scavenge.weak":0,"scavenge.weak_global_handles.identify":0,"scavenge.weak_global_handles.process":0,"scavenge.parallel":0,"scavenge.pin_objects_conservative":0,"scavenge.pin_objects_precise":0,"scavenge.restore_pinned":0,"scavenge.sweep_array_buffers":0,"scavenge.resize_new_space":0,"background.scavenge.parallel":0,"incremental.steps_count":0,"incremental.steps_took":0,"scavenge_throughput":4031.5,"quarantined_size":0,"quarantined_pages":0}
[75261:0xc0d80c000:0]      472 ms: GC: {"pause":0.013,"mutator":1.792,"gc":"s","reduce_memory":false,"time_to_safepoint":0,"stack":true,"reason":"allocation failure","collector_reason":"","start_object_size":27025232,"end_object_size":18637136,"start_memory_size":36929536,"end_memory_size":36929536,"start_holes_size":1458408,"end_holes_size":1458408,"pool_local_chunks":0,"pool_shared_chunks":0,"pool_total_chunks":0,"new_space_capacity":8388608,"old_gen_allocation_limit":59707072,"global_allocation_limit":59707168,"allocation_throughput":2.42435e+06,"new_space_allocation_throughput":2.40165e+06,"new_space_survive_rate":0,"allocated":8388096,"promoted":0,"new_space_survived":0,"nodes_died_in_new":0,"nodes_copied_in_new":0,"nodes_promoted":0,"promotion_ratio":0,"average_survival_ratio":0.00096327,"promotion_rate":0,"during_sweeping":false,"heap.prologue":0,"heap.epilogue":0.001,"heap.external.prologue":0,"heap.external.epilogue":0,"heap.external_weak_global_handles":0,"complete.sweep_array_buffers":0,"scavenge":0.011,"scavenge.free_remembered_set":0,"scavenge.roots":0.002,"scavenge.weak":0,"scavenge.weak_global_handles.identify":0,"scavenge.weak_global_handles.process":0,"scavenge.parallel":0,"scavenge.pin_objects_conservative":0,"scavenge.pin_objects_precise":0,"scavenge.restore_pinned":0,"scavenge.sweep_array_buffers":0,"scavenge.resize_new_space":0,"background.scavenge.parallel":0,"incremental.steps_count":0,"incremental.steps_took":0,"scavenge_throughput":3219.12,"quarantined_size":0,"quarantined_pages":0}
[75261:0xc0d80c000:0]      475 ms: GC: {"pause":0.042,"mutator":2.02,"gc":"s","reduce_memory":false,"time_to_safepoint":0,"stack":true,"reason":"allocation failure","collector_reason":"","start_object_size":27025232,"end_object_size":18637136,"start_memory_size":36929536,"end_memory_size":36929536,"start_holes_size":1458408,"end_holes_size":1458408,"pool_local_chunks":0,"pool_shared_chunks":0,"pool_total_chunks":0,"new_space_capacity":8388608,"old_gen_allocation_limit":59707072,"global_allocation_limit":59707168,"allocation_throughput":2.44836e+06,"new_space_allocation_throughput":2.42598e+06,"new_space_survive_rate":0,"allocated":8388096,"promoted":0,"new_space_survived":0,"nodes_died_in_new":0,"nodes_copied_in_new":0,"nodes_promoted":0,"promotion_ratio":0,"average_survival_ratio":0.000610389,"promotion_rate":0,"during_sweeping":false,"heap.prologue":0,"heap.epilogue":0.001,"heap.external.prologue":0,"heap.external.epilogue":0,"heap.external_weak_global_handles":0,"complete.sweep_array_buffers":0,"scavenge":0.033,"scavenge.free_remembered_set":0,"scavenge.roots":0.008,"scavenge.weak":0,"scavenge.weak_global_handles.identify":0,"scavenge.weak_global_handles.process":0,"scavenge.parallel":0,"scavenge.pin_objects_conservative":0,"scavenge.pin_objects_precise":0,"scavenge.restore_pinned":0.001,"scavenge.sweep_array_buffers":0,"scavenge.resize_new_space":0,"background.scavenge.parallel":0,"incremental.steps_count":0,"incremental.steps_took":0,"scavenge_throughput":2188.03,"quarantined_size":0,"quarantined_pages":0}
[75261:0xc0d80c000:0]      477 ms: GC: {"pause":0.046,"mutator":2.225,"gc":"s","reduce_memory":false,"time_to_safepoint":0,"stack":true,"reason":"allocation failure","collector_reason":"","start_object_size":27025232,"end_object_size":18670120,"start_memory_size":36929536,"end_memory_size":36929536,"start_holes_size":1458408,"end_holes_size":1458408,"pool_local_chunks":0,"pool_shared_chunks":0,"pool_total_chunks":0,"new_space_capacity":8388608,"old_gen_allocation_limit":59707072,"global_allocation_limit":59707168,"allocation_throughput":2.46855e+06,"new_space_allocation_throughput":2.44652e+06,"new_space_survive_rate":0.00448254,"allocated":8388096,"promoted":0,"new_space_survived":376,"nodes_died_in_new":0,"nodes_copied_in_new":0,"nodes_promoted":0,"promotion_ratio":0,"average_survival_ratio":0.000801135,"promotion_rate":0,"during_sweeping":false,"heap.prologue":0,"heap.epilogue":0,"heap.external.prologue":0,"heap.external.epilogue":0,"heap.external_weak_global_handles":0,"complete.sweep_array_buffers":0,"scavenge":0.04,"scavenge.free_remembered_set":0,"scavenge.roots":0.01,"scavenge.weak":0,"scavenge.weak_global_handles.identify":0,"scavenge.weak_global_handles.process":0,"scavenge.parallel":0.001,"scavenge.pin_objects_conservative":0,"scavenge.pin_objects_precise":0,"scavenge.restore_pinned":0,"scavenge.sweep_array_buffers":0,"scavenge.resize_new_space":0,"background.scavenge.parallel":0,"incremental.steps_count":0,"incremental.steps_took":0,"scavenge_throughput":2645.67,"quarantined_size":0,"quarantined_pages":0}
[75261:0xc0d80c000:0]      479 ms: GC: {"pause":0.022,"mutator":1.824,"gc":"s","reduce_memory":false,"time_to_safepoint":0,"stack":true,"reason":"allocation failure","collector_reason":"","start_object_size":27025232,"end_object_size":18637136,"start_memory_size":36929536,"end_memory_size":36929536,"start_holes_size":1458408,"end_holes_size":1458408,"pool_local_chunks":0,"pool_shared_chunks":0,"pool_total_chunks":0,"new_space_capacity":8388608,"old_gen_allocation_limit":59707072,"global_allocation_limit":59707168,"allocation_throughput":2.49509e+06,"new_space_allocation_throughput":2.47333e+06,"new_space_survive_rate":0,"allocated":8355112,"promoted":0,"new_space_survived":0,"nodes_died_in_new":0,"nodes_copied_in_new":0,"nodes_promoted":0,"promotion_ratio":0,"average_survival_ratio":0.000801135,"promotion_rate":0,"during_sweeping":false,"heap.prologue":0,"heap.epilogue":0.001,"heap.external.prologue":0,"heap.external.epilogue":0,"heap.external_weak_global_handles":0,"complete.sweep_array_buffers":0,"scavenge":0.016,"scavenge.free_remembered_set":0,"scavenge.roots":0.004,"scavenge.weak":0,"scavenge.weak_global_handles.identify":0,"scavenge.weak_global_handles.process":0,"scavenge.parallel":0,"scavenge.pin_objects_conservative":0,"scavenge.pin_objects_precise":0,"scavenge.restore_pinned":0,"scavenge.sweep_array_buffers":0,"scavenge.resize_new_space":0,"background.scavenge.parallel":0,"incremental.steps_count":0,"incremental.steps_took":0,"scavenge_throughput":2614.79,"quarantined_size":0,"quarantined_pages":0}
[75261:0xc0d80c000:0]      481 ms: GC: {"pause":0.026,"mutator":1.886,"gc":"s","reduce_memory":false,"time_to_safepoint":0,"stack":true,"reason":"allocation failure","collector_reason":"","start_object_size":27025232,"end_object_size":18670008,"start_memory_size":36929536,"end_memory_size":36929536,"start_holes_size":1458408,"end_holes_size":1458408,"pool_local_chunks":0,"pool_shared_chunks":0,"pool_total_chunks":0,"new_space_capacity":8388608,"old_gen_allocation_limit":59707072,"global_allocation_limit":59707168,"allocation_throughput":2.52043e+06,"new_space_allocation_throughput":2.49895e+06,"new_space_survive_rate":0.00352881,"allocated":8388096,"promoted":0,"new_space_survived":296,"nodes_died_in_new":0,"nodes_copied_in_new":0,"nodes_promoted":0,"promotion_ratio":0,"average_survival_ratio":0.00115402,"promotion_rate":0,"during_sweeping":false,"heap.prologue":0,"heap.epilogue":0.001,"heap.external.prologue":0,"heap.external.epilogue":0,"heap.external_weak_global_handles":0,"complete.sweep_array_buffers":0,"scavenge":0.021,"scavenge.free_remembered_set":0,"scavenge.roots":0.005,"scavenge.weak":0,"scavenge.weak_global_handles.identify":0,"scavenge.weak_global_handles.process":0,"scavenge.parallel":0.001,"scavenge.pin_objects_conservative":0,"scavenge.pin_objects_precise":0,"scavenge.restore_pinned":0,"scavenge.sweep_array_buffers":0,"scavenge.resize_new_space":0,"background.scavenge.parallel":0,"incremental.steps_count":0,"incremental.steps_took":0,"scavenge_throughput":3611.94,"quarantined_size":0,"quarantined_pages":0}
[75261:0xc0d80c000:0]      482 ms: GC: {"pause":0.019,"mutator":1.83,"gc":"s","reduce_memory":false,"time_to_safepoint":0,"stack":true,"reason":"allocation failure","collector_reason":"","start_object_size":27025232,"end_object_size":18669968,"start_memory_size":36929536,"end_memory_size":36929536,"start_holes_size":1458408,"end_holes_size":1458408,"pool_local_chunks":0,"pool_shared_chunks":0,"pool_total_chunks":0,"new_space_capacity":8388608,"old_gen_allocation_limit":59707072,"global_allocation_limit":59707168,"allocation_throughput":2.54619e+06,"new_space_allocation_throughput":2.52499e+06,"new_space_survive_rate":0.00257508,"allocated":8355224,"promoted":0,"new_space_survived":216,"nodes_died_in_new":0,"nodes_copied_in_new":0,"nodes_promoted":0,"promotion_ratio":0,"average_survival_ratio":0.00141152,"promotion_rate":0,"during_sweeping":false,"heap.prologue":0,"heap.epilogue":0.001,"heap.external.prologue":0,"heap.external.epilogue":0,"heap.external_weak_global_handles":0,"complete.sweep_array_buffers":0,"scavenge":0.016,"scavenge.free_remembered_set":0,"scavenge.roots":0.003,"scavenge.weak":0,"scavenge.weak_global_handles.identify":0,"scavenge.weak_global_handles.process":0,"scavenge.parallel":0,"scavenge.pin_objects_conservative":0,"scavenge.pin_objects_precise":0,"scavenge.restore_pinned":0,"scavenge.sweep_array_buffers":0,"scavenge.resize_new_space":0,"background.scavenge.parallel":0,"incremental.steps_count":0,"incremental.steps_took":0,"scavenge_throughput":4337,"quarantined_size":0,"quarantined_pages":0}
[75261:0xc0d80c000:0]      484 ms: GC: {"pause":0.025,"mutator":1.959,"gc":"s","reduce_memory":false,"time_to_safepoint":0,"stack":true,"reason":"allocation failure","collector_reason":"","start_object_size":27025232,"end_object_size":18670008,"start_memory_size":36929536,"end_memory_size":36929536,"start_holes_size":1458408,"end_holes_size":1458408,"pool_local_chunks":0,"pool_shared_chunks":0,"pool_total_chunks":0,"new_space_capacity":8388608,"old_gen_allocation_limit":59707072,"global_allocation_limit":59707168,"allocation_throughput":2.56936e+06,"new_space_allocation_throughput":2.54844e+06,"new_space_survive_rate":0.00352881,"allocated":8355264,"promoted":0,"new_space_survived":296,"nodes_died_in_new":0,"nodes_copied_in_new":0,"nodes_promoted":0,"promotion_ratio":0,"average_survival_ratio":0.00176441,"promotion_rate":0,"during_sweeping":false,"heap.prologue":0,"heap.epilogue":0.001,"heap.external.prologue":0,"heap.external.epilogue":0,"heap.external_weak_global_handles":0,"complete.sweep_array_buffers":0,"scavenge":0.021,"scavenge.free_remembered_set":0,"scavenge.roots":0.004,"scavenge.weak":0,"scavenge.weak_global_handles.identify":0,"scavenge.weak_global_handles.process":0,"scavenge.parallel":0,"scavenge.pin_objects_conservative":0,"scavenge.pin_objects_precise":0,"scavenge.restore_pinned":0,"scavenge.sweep_array_buffers":0,"scavenge.resize_new_space":0,"background.scavenge.parallel":0,"incremental.steps_count":0,"incremental.steps_took":0,"scavenge_throughput":5826.77,"quarantined_size":0,"quarantined_pages":0}
[75261:0xc0d80c000:0]      487 ms: GC: {"pause":0.049,"mutator":2.519,"gc":"s","reduce_memory":false,"time_to_safepoint":0,"stack":true,"reason":"allocation failure","collector_reason":"","start_object_size":27025232,"end_object_size":18670008,"start_memory_size":36929536,"end_memory_size":36929536,"start_holes_size":1458408,"end_holes_size":1458408,"pool_local_chunks":0,"pool_shared_chunks":0,"pool_total_chunks":0,"new_space_capacity":8388608,"old_gen_allocation_limit":59707072,"global_allocation_limit":59707168,"allocation_throughput":2.58228e+06,"new_space_allocation_throughput":2.56172e+06,"new_space_survive_rate":0.00352881,"allocated":8355224,"promoted":0,"new_space_survived":296,"nodes_died_in_new":0,"nodes_copied_in_new":0,"nodes_promoted":0,"promotion_ratio":0,"average_survival_ratio":0.00211729,"promotion_rate":0,"during_sweeping":false,"heap.prologue":0,"heap.epilogue":0,"heap.external.prologue":0,"heap.external.epilogue":0,"heap.external_weak_global_handles":0,"complete.sweep_array_buffers":0,"scavenge":0.042,"scavenge.free_remembered_set":0,"scavenge.roots":0.009,"scavenge.weak":0,"scavenge.weak_global_handles.identify":0,"scavenge.weak_global_handles.process":0,"scavenge.parallel":0.002,"scavenge.pin_objects_conservative":0,"scavenge.pin_objects_precise":0,"scavenge.restore_pinned":0,"scavenge.sweep_array_buffers":0,"scavenge.resize_new_space":0.001,"background.scavenge.parallel":0,"incremental.steps_count":0,"incremental.steps_took":0,"scavenge_throughput":6388.49,"quarantined_size":0,"quarantined_pages":0}
[75261:0xc0d80c000:0]      489 ms: GC: {"pause":0.032,"mutator":1.879,"gc":"s","reduce_memory":false,"time_to_safepoint":0,"stack":true,"reason":"allocation failure","collector_reason":"","start_object_size":27025232,"end_object_size":18670008,"start_memory_size":36929536,"end_memory_size":36929536,"start_holes_size":1458408,"end_holes_size":1458408,"pool_local_chunks":0,"pool_shared_chunks":0,"pool_total_chunks":0,"new_space_capacity":8388608,"old_gen_allocation_limit":59707072,"global_allocation_limit":59707168,"allocation_throughput":2.6064e+06,"new_space_allocation_throughput":2.58611e+06,"new_space_survive_rate":0.00352881,"allocated":8355224,"promoted":0,"new_space_survived":296,"nodes_died_in_new":0,"nodes_copied_in_new":0,"nodes_promoted":0,"promotion_ratio":0,"average_survival_ratio":0.00211729,"promotion_rate":0,"during_sweeping":false,"heap.prologue":0,"heap.epilogue":0.001,"heap.external.prologue":0,"heap.external.epilogue":0,"heap.external_weak_global_handles":0,"complete.sweep_array_buffers":0,"scavenge":0.026,"scavenge.free_remembered_set":0,"scavenge.roots":0.005,"scavenge.weak":0,"scavenge.weak_global_handles.identify":0,"scavenge.weak_global_handles.process":0,"scavenge.parallel":0.001,"scavenge.pin_objects_conservative":0,"scavenge.pin_objects_precise":0,"scavenge.restore_pinned":0,"scavenge.sweep_array_buffers":0,"scavenge.resize_new_space":0,"background.scavenge.parallel":0,"incremental.steps_count":0,"incremental.steps_took":0,"scavenge_throughput":6124.14,"quarantined_size":0,"quarantined_pages":0}
[75261:0xc0d80c000:0]      491 ms: GC: {"pause":0.028,"mutator":1.844,"gc":"s","reduce_memory":false,"time_to_safepoint":0,"stack":true,"reason":"allocation failure","collector_reason":"","start_object_size":27025232,"end_object_size":18669968,"start_memory_size":36929536,"end_memory_size":36929536,"start_holes_size":1458408,"end_holes_size":1458408,"pool_local_chunks":0,"pool_shared_chunks":0,"pool_total_chunks":0,"new_space_capacity":8388608,"old_gen_allocation_limit":59707072,"global_allocation_limit":59707168,"allocation_throughput":2.63083e+06,"new_space_allocation_throughput":2.61079e+06,"new_space_survive_rate":0.00257508,"allocated":8355224,"promoted":0,"new_space_survived":216,"nodes_died_in_new":0,"nodes_copied_in_new":0,"nodes_promoted":0,"promotion_ratio":0,"average_survival_ratio":0.00237479,"promotion_rate":0,"during_sweeping":false,"heap.prologue":0,"heap.epilogue":0.001,"heap.external.prologue":0,"heap.external.epilogue":0,"heap.external_weak_global_handles":0,"complete.sweep_array_buffers":0,"scavenge":0.023,"scavenge.free_remembered_set":0,"scavenge.roots":0.006,"scavenge.weak":0,"scavenge.weak_global_handles.identify":0,"scavenge.weak_global_handles.process":0,"scavenge.parallel":0.001,"scavenge.pin_objects_conservative":0,"scavenge.pin_objects_precise":0,"scavenge.restore_pinned":0,"scavenge.sweep_array_buffers":0,"scavenge.resize_new_space":0,"background.scavenge.parallel":0,"incremental.steps_count":0,"incremental.steps_took":0,"scavenge_throughput":6596.03,"quarantined_size":0,"quarantined_pages":0}
[75261:0xc0d80c000:0]      493 ms: GC: {"pause":0.018,"mutator":1.814,"gc":"s","reduce_memory":false,"time_to_safepoint":0,"stack":true,"reason":"allocation failure","collector_reason":"","start_object_size":27025232,"end_object_size":18670008,"start_memory_size":36929536,"end_memory_size":36929536,"start_holes_size":1458408,"end_holes_size":1458408,"pool_local_chunks":0,"pool_shared_chunks":0,"pool_total_chunks":0,"new_space_capacity":8388608,"old_gen_allocation_limit":59707072,"global_allocation_limit":59707168,"allocation_throughput":2.65549e+06,"new_space_allocation_throughput":2.63571e+06,"new_space_survive_rate":0.00352881,"allocated":8355264,"promoted":0,"new_space_survived":296,"nodes_died_in_new":0,"nodes_copied_in_new":0,"nodes_promoted":0,"promotion_ratio":0,"average_survival_ratio":0.00272768,"promotion_rate":0,"during_sweeping":false,"heap.prologue":0,"heap.epilogue":0,"heap.external.prologue":0,"heap.external.epilogue":0,"heap.external_weak_global_handles":0,"complete.sweep_array_buffers":0,"scavenge":0.015,"scavenge.free_remembered_set":0,"scavenge.roots":0.004,"scavenge.weak":0,"scavenge.weak_global_handles.identify":0,"scavenge.weak_global_handles.process":0,"scavenge.parallel":0,"scavenge.pin_objects_conservative":0,"scavenge.pin_objects_precise":0,"scavenge.restore_pinned":0,"scavenge.sweep_array_buffers":0,"scavenge.resize_new_space":0,"background.scavenge.parallel":0,"incremental.steps_count":0,"incremental.steps_took":0,"scavenge_throughput":7452.77,"quarantined_size":0,"quarantined_pages":0}
[75261:0xc0d80c000:0]      495 ms: GC: {"pause":0.038,"mutator":2.174,"gc":"s","reduce_memory":false,"time_to_safepoint":0,"stack":true,"reason":"allocation failure","collector_reason":"","start_object_size":27025232,"end_object_size":18669968,"start_memory_size":36929536,"end_memory_size":36929536,"start_holes_size":1458408,"end_holes_size":1458408,"pool_local_chunks":0,"pool_shared_chunks":0,"pool_total_chunks":0,"new_space_capacity":8388608,"old_gen_allocation_limit":59707072,"global_allocation_limit":59707168,"allocation_throughput":2.67325e+06,"new_space_allocation_throughput":2.65377e+06,"new_space_survive_rate":0.00257508,"allocated":8355224,"promoted":0,"new_space_survived":216,"nodes_died_in_new":0,"nodes_copied_in_new":0,"nodes_promoted":0,"promotion_ratio":0,"average_survival_ratio":0.00298518,"promotion_rate":0,"during_sweeping":false,"heap.prologue":0,"heap.epilogue":0,"heap.external.prologue":0,"heap.external.epilogue":0,"heap.external_weak_global_handles":0,"complete.sweep_array_buffers":0,"scavenge":0.032,"scavenge.free_remembered_set":0,"scavenge.roots":0.007,"scavenge.weak":0,"scavenge.weak_global_handles.identify":0,"scavenge.weak_global_handles.process":0,"scavenge.parallel":0.001,"scavenge.pin_objects_conservative":0,"scavenge.pin_objects_precise":0,"scavenge.restore_pinned":0,"scavenge.sweep_array_buffers":0,"scavenge.resize_new_space":0,"background.scavenge.parallel":0,"incremental.steps_count":0,"incremental.steps_took":0,"scavenge_throughput":8264.03,"quarantined_size":0,"quarantined_pages":0}
[75261:0xc0d80c000:0]      497 ms: GC: {"pause":0.044,"mutator":2.19,"gc":"s","reduce_memory":false,"time_to_safepoint":0,"stack":true,"reason":"allocation failure","collector_reason":"","start_object_size":27025232,"end_object_size":18637136,"start_memory_size":36929536,"end_memory_size":36929536,"start_holes_size":1458408,"end_holes_size":1458408,"pool_local_chunks":0,"pool_shared_chunks":0,"pool_total_chunks":0,"new_space_capacity":8388608,"old_gen_allocation_limit":59707072,"global_allocation_limit":59707168,"allocation_throughput":2.69046e+06,"new_space_allocation_throughput":2.67126e+06,"new_space_survive_rate":0,"allocated":8355264,"promoted":0,"new_space_survived":0,"nodes_died_in_new":0,"nodes_copied_in_new":0,"nodes_promoted":0,"promotion_ratio":0,"average_survival_ratio":0.00253693,"promotion_rate":0,"during_sweeping":false,"heap.prologue":0,"heap.epilogue":0.001,"heap.external.prologue":0,"heap.external.epilogue":0,"heap.external_weak_global_handles":0,"complete.sweep_array_buffers":0,"scavenge":0.036,"scavenge.free_remembered_set":0,"scavenge.roots":0.007,"scavenge.weak":0,"scavenge.weak_global_handles.identify":0.001,"scavenge.weak_global_handles.process":0,"scavenge.parallel":0,"scavenge.pin_objects_conservative":0,"scavenge.pin_objects_precise":0,"scavenge.restore_pinned":0,"scavenge.sweep_array_buffers":0,"scavenge.resize_new_space":0,"background.scavenge.parallel":0,"incremental.steps_count":0,"incremental.steps_took":0,"scavenge_throughput":7069.77,"quarantined_size":0,"quarantined_pages":0}
[75261:0xc0d80c000:0]      499 ms: GC: {"pause":0.046,"mutator":1.995,"gc":"s","reduce_memory":false,"time_to_safepoint":0,"stack":true,"reason":"allocation failure","collector_reason":"","start_object_size":27025232,"end_object_size":18637136,"start_memory_size":36929536,"end_memory_size":36929536,"start_holes_size":1458408,"end_holes_size":1458408,"pool_local_chunks":0,"pool_shared_chunks":0,"pool_total_chunks":0,"new_space_capacity":8388608,"old_gen_allocation_limit":59707072,"global_allocation_limit":59707168,"allocation_throughput":2.71123e+06,"new_space_allocation_throughput":2.6923e+06,"new_space_survive_rate":0,"allocated":8388096,"promoted":0,"new_space_survived":0,"nodes_died_in_new":0,"nodes_copied_in_new":0,"nodes_promoted":0,"promotion_ratio":0,"average_survival_ratio":0.00253693,"promotion_rate":0,"during_sweeping":false,"heap.prologue":0,"heap.epilogue":0.001,"heap.external.prologue":0,"heap.external.epilogue":0,"heap.external_weak_global_handles":0,"complete.sweep_array_buffers":0,"scavenge":0.039,"scavenge.free_remembered_set":0,"scavenge.roots":0.006,"scavenge.weak":0,"scavenge.weak_global_handles.identify":0,"scavenge.weak_global_handles.process":0,"scavenge.parallel":0,"scavenge.pin_objects_conservative":0,"scavenge.pin_objects_precise":0,"scavenge.restore_pinned":0.001,"scavenge.sweep_array_buffers":0,"scavenge.resize_new_space":0.001,"background.scavenge.parallel":0,"incremental.steps_count":0,"incremental.steps_took":0,"scavenge_throughput":6547.69,"quarantined_size":0,"quarantined_pages":0}
[75261:0xc0d80c000:0]      501 ms: GC: {"pause":0.017,"mutator":1.839,"gc":"s","reduce_memory":false,"time_to_safepoint":0,"stack":true,"reason":"allocation failure","collector_reason":"","start_object_size":27025232,"end_object_size":18637136,"start_memory_size":36929536,"end_memory_size":36929536,"start_holes_size":1458408,"end_holes_size":1458408,"pool_local_chunks":0,"pool_shared_chunks":0,"pool_total_chunks":0,"new_space_capacity":8388608,"old_gen_allocation_limit":59707072,"global_allocation_limit":59707168,"allocation_throughput":2.73465e+06,"new_space_allocation_throughput":2.71595e+06,"new_space_survive_rate":0,"allocated":8388096,"promoted":0,"new_space_survived":0,"nodes_died_in_new":0,"nodes_copied_in_new":0,"nodes_promoted":0,"promotion_ratio":0,"average_survival_ratio":0.00218405,"promotion_rate":0,"during_sweeping":false,"heap.prologue":0,"heap.epilogue":0.001,"heap.external.prologue":0,"heap.external.epilogue":0,"heap.external_weak_global_handles":0,"complete.sweep_array_buffers":0,"scavenge":0.012,"scavenge.free_remembered_set":0,"scavenge.roots":0.002,"scavenge.weak":0,"scavenge.weak_global_handles.identify":0,"scavenge.weak_global_handles.process":0,"scavenge.parallel":0,"scavenge.pin_objects_conservative":0,"scavenge.pin_objects_precise":0,"scavenge.restore_pinned":0,"scavenge.sweep_array_buffers":0,"scavenge.resize_new_space":0.001,"background.scavenge.parallel":0,"incremental.steps_count":0,"incremental.steps_took":0,"scavenge_throughput":5797.47,"quarantined_size":0,"quarantined_pages":0}
[75261:0xc0d80c000:0]      503 ms: GC: {"pause":0.015,"mutator":1.927,"gc":"s","reduce_memory":false,"time_to_safepoint":0,"stack":true,"reason":"allocation failure","collector_reason":"","start_object_size":27025232,"end_object_size":18637136,"start_memory_size":36929536,"end_memory_size":36929536,"start_holes_size":1458408,"end_holes_size":1458408,"pool_local_chunks":0,"pool_shared_chunks":0,"pool_total_chunks":0,"new_space_capacity":8388608,"old_gen_allocation_limit":59707072,"global_allocation_limit":59707168,"allocation_throughput":2.7561e+06,"new_space_allocation_throughput":2.73766e+06,"new_space_survive_rate":0,"allocated":8388096,"promoted":0,"new_space_survived":0,"nodes_died_in_new":0,"nodes_copied_in_new":0,"nodes_promoted":0,"promotion_ratio":0,"average_survival_ratio":0.00192654,"promotion_rate":0,"during_sweeping":false,"heap.prologue":0,"heap.epilogue":0,"heap.external.prologue":0,"heap.external.epilogue":0,"heap.external_weak_global_handles":0,"complete.sweep_array_buffers":0,"scavenge":0.012,"scavenge.free_remembered_set":0,"scavenge.roots":0.003,"scavenge.weak":0,"scavenge.weak_global_handles.identify":0,"scavenge.weak_global_handles.process":0,"scavenge.parallel":0,"scavenge.pin_objects_conservative":0,"scavenge.pin_objects_precise":0,"scavenge.restore_pinned":0,"scavenge.sweep_array_buffers":0,"scavenge.resize_new_space":0,"background.scavenge.parallel":0,"incremental.steps_count":0,"incremental.steps_took":0,"scavenge_throughput":5179.49,"quarantined_size":0,"quarantined_pages":0}
[75261:0xc0d80c000:0]      505 ms: GC: {"pause":0.074,"mutator":2.289,"gc":"s","reduce_memory":false,"time_to_safepoint":0,"stack":true,"reason":"allocation failure","collector_reason":"","start_object_size":27025232,"end_object_size":18637136,"start_memory_size":36929536,"end_memory_size":36929536,"start_holes_size":1458408,"end_holes_size":1458408,"pool_local_chunks":0,"pool_shared_chunks":0,"pool_total_chunks":0,"new_space_capacity":8388608,"old_gen_allocation_limit":59707072,"global_allocation_limit":59707168,"allocation_throughput":2.7704e+06,"new_space_allocation_throughput":2.75224e+06,"new_space_survive_rate":0,"allocated":8388096,"promoted":0,"new_space_survived":0,"nodes_died_in_new":0,"nodes_copied_in_new":0,"nodes_promoted":0,"promotion_ratio":0,"average_survival_ratio":0.00157366,"promotion_rate":0,"during_sweeping":false,"heap.prologue":0,"heap.epilogue":0.001,"heap.external.prologue":0,"heap.external.epilogue":0,"heap.external_weak_global_handles":0,"complete.sweep_array_buffers":0,"scavenge":0.065,"scavenge.free_remembered_set":0,"scavenge.roots":0.008,"scavenge.weak":0,"scavenge.weak_global_handles.identify":0,"scavenge.weak_global_handles.process":0,"scavenge.parallel":0,"scavenge.pin_objects_conservative":0,"scavenge.pin_objects_precise":0,"scavenge.restore_pinned":0,"scavenge.sweep_array_buffers":0,"scavenge.resize_new_space":0,"background.scavenge.parallel":0,"incremental.steps_count":0,"incremental.steps_took":0,"scavenge_throughput":3656.51,"quarantined_size":0,"quarantined_pages":0}
[75261:0xc0d80c000:0]      507 ms: GC: {"pause":0.042,"mutator":2.144,"gc":"s","reduce_memory":false,"time_to_safepoint":0,"stack":true,"reason":"allocation failure","collector_reason":"","start_object_size":27025232,"end_object_size":18670008,"start_memory_size":36929536,"end_memory_size":36929536,"start_holes_size":1458408,"end_holes_size":1458408,"pool_local_chunks":0,"pool_shared_chunks":0,"pool_total_chunks":0,"new_space_capacity":8388608,"old_gen_allocation_limit":59707072,"global_allocation_limit":59707168,"allocation_throughput":2.7872e+06,"new_space_allocation_throughput":2.76932e+06,"new_space_survive_rate":0.00352881,"allocated":8388096,"promoted":0,"new_space_survived":296,"nodes_died_in_new":0,"nodes_copied_in_new":0,"nodes_promoted":0,"promotion_ratio":0,"average_survival_ratio":0.00157366,"promotion_rate":0,"during_sweeping":false,"heap.prologue":0,"heap.epilogue":0,"heap.external.prologue":0,"heap.external.epilogue":0,"heap.external_weak_global_handles":0,"complete.sweep_array_buffers":0,"scavenge":0.036,"scavenge.free_remembered_set":0,"scavenge.roots":0.008,"scavenge.weak":0,"scavenge.weak_global_handles.identify":0,"scavenge.weak_global_handles.process":0,"scavenge.parallel":0.001,"scavenge.pin_objects_conservative":0,"scavenge.pin_objects_precise":0,"scavenge.restore_pinned":0,"scavenge.sweep_array_buffers":0,"scavenge.resize_new_space":0,"background.scavenge.parallel":0,"incremental.steps_count":0,"incremental.steps_took":0,"scavenge_throughput":3728.81,"quarantined_size":0,"quarantined_pages":0}
[75261:0xc0d80c000:0]      509 ms: GC: {"pause":0.031,"mutator":1.913,"gc":"s","reduce_memory":false,"time_to_safepoint":0,"stack":true,"reason":"allocation failure","collector_reason":"","start_object_size":27025232,"end_object_size":18637136,"start_memory_size":36929536,"end_memory_size":36929536,"start_holes_size":1458408,"end_holes_size":1458408,"pool_local_chunks":0,"pool_shared_chunks":0,"pool_total_chunks":0,"new_space_capacity":8388608,"old_gen_allocation_limit":59707072,"global_allocation_limit":59707168,"allocation_throughput":2.808e+06,"new_space_allocation_throughput":2.79035e+06,"new_space_survive_rate":0,"allocated":8355224,"promoted":0,"new_space_survived":0,"nodes_died_in_new":0,"nodes_copied_in_new":0,"nodes_promoted":0,"promotion_ratio":0,"average_survival_ratio":0.00122078,"promotion_rate":0,"during_sweeping":false,"heap.prologue":0,"heap.epilogue":0,"heap.external.prologue":0,"heap.external.epilogue":0,"heap.external_weak_global_handles":0,"complete.sweep_array_buffers":0,"scavenge":0.025,"scavenge.free_remembered_set":0,"scavenge.roots":0.006,"scavenge.weak":0,"scavenge.weak_global_handles.identify":0,"scavenge.weak_global_handles.process":0,"scavenge.parallel":0,"scavenge.pin_objects_conservative":0,"scavenge.pin_objects_precise":0,"scavenge.restore_pinned":0,"scavenge.sweep_array_buffers":0,"scavenge.resize_new_space":0.001,"background.scavenge.parallel":0,"incremental.steps_count":0,"incremental.steps_took":0,"scavenge_throughput":2900.85,"quarantined_size":0,"quarantined_pages":0}
[75261:0xc0d80c000:0]      511 ms: GC: {"pause":0.019,"mutator":1.852,"gc":"s","reduce_memory":false,"time_to_safepoint":0,"stack":true,"reason":"allocation failure","collector_reason":"","start_object_size":27025232,"end_object_size":18637136,"start_memory_size":36929536,"end_memory_size":36929536,"start_holes_size":1458408,"end_holes_size":1458408,"pool_local_chunks":0,"pool_shared_chunks":0,"pool_total_chunks":0,"new_space_capacity":8388608,"old_gen_allocation_limit":59707072,"global_allocation_limit":59707168,"allocation_throughput":2.82994e+06,"new_space_allocation_throughput":2.81251e+06,"new_space_survive_rate":0,"allocated":8388096,"promoted":0,"new_space_survived":0,"nodes_died_in_new":0,"nodes_copied_in_new":0,"nodes_promoted":0,"promotion_ratio":0,"average_survival_ratio":0.00096327,"promotion_rate":0,"during_sweeping":false,"heap.prologue":0,"heap.epilogue":0,"heap.external.prologue":0,"heap.external.epilogue":0,"heap.external_weak_global_handles":0,"complete.sweep_array_buffers":0,"scavenge":0.016,"scavenge.free_remembered_set":0,"scavenge.roots":0.003,"scavenge.weak":0,"scavenge.weak_global_handles.identify":0,"scavenge.weak_global_handles.process":0,"scavenge.parallel":0,"scavenge.pin_objects_conservative":0,"scavenge.pin_objects_precise":0,"scavenge.restore_pinned":0,"scavenge.sweep_array_buffers":0,"scavenge.resize_new_space":0,"background.scavenge.parallel":0,"incremental.steps_count":0,"incremental.steps_took":0,"scavenge_throughput":2348.84,"quarantined_size":0,"quarantined_pages":0}
[75261:0xc0d80c000:0]      513 ms: GC: {"pause":0.024,"mutator":1.851,"gc":"s","reduce_memory":false,"time_to_safepoint":0,"stack":true,"reason":"allocation failure","collector_reason":"","start_object_size":27025232,"end_object_size":18637136,"start_memory_size":36929536,"end_memory_size":36929536,"start_holes_size":1458408,"end_holes_size":1458408,"pool_local_chunks":0,"pool_shared_chunks":0,"pool_total_chunks":0,"new_space_capacity":8388608,"old_gen_allocation_limit":59707072,"global_allocation_limit":59707168,"allocation_throughput":2.85163e+06,"new_space_allocation_throughput":2.83443e+06,"new_space_survive_rate":0,"allocated":8388096,"promoted":0,"new_space_survived":0,"nodes_died_in_new":0,"nodes_copied_in_new":0,"nodes_promoted":0,"promotion_ratio":0,"average_survival_ratio":0.000610389,"promotion_rate":0,"during_sweeping":false,"heap.prologue":0,"heap.epilogue":0,"heap.external.prologue":0,"heap.external.epilogue":0,"heap.external_weak_global_handles":0,"complete.sweep_array_buffers":0,"scavenge":0.02,"scavenge.free_remembered_set":0,"scavenge.roots":0.004,"scavenge.weak":0,"scavenge.weak_global_handles.identify":0,"scavenge.weak_global_handles.process":0,"scavenge.parallel":0,"scavenge.pin_objects_conservative":0,"scavenge.pin_objects_precise":0,"scavenge.restore_pinned":0,"scavenge.sweep_array_buffers":0,"scavenge.resize_new_space":0,"background.scavenge.parallel":0,"incremental.steps_count":0,"incremental.steps_took":0,"scavenge_throughput":1462.86,"quarantined_size":0,"quarantined_pages":0}
[75261:0xc0d80c000:0]      515 ms: GC: {"pause":0.032,"mutator":2.041,"gc":"s","reduce_memory":false,"time_to_safepoint":0,"stack":true,"reason":"allocation failure","collector_reason":"","start_object_size":27025232,"end_object_size":18670120,"start_memory_size":36929536,"end_memory_size":36929536,"start_holes_size":1458408,"end_holes_size":1458408,"pool_local_chunks":0,"pool_shared_chunks":0,"pool_total_chunks":0,"new_space_capacity":8388608,"old_gen_allocation_limit":59707072,"global_allocation_limit":59707168,"allocation_throughput":2.86931e+06,"new_space_allocation_throughput":2.85235e+06,"new_space_survive_rate":0.00448254,"allocated":8388096,"promoted":0,"new_space_survived":376,"nodes_died_in_new":0,"nodes_copied_in_new":0,"nodes_promoted":0,"promotion_ratio":0,"average_survival_ratio":0.000801135,"promotion_rate":0,"during_sweeping":false,"heap.prologue":0,"heap.epilogue":0,"heap.external.prologue":0,"heap.external.epilogue":0,"heap.external_weak_global_handles":0,"complete.sweep_array_buffers":0,"scavenge":0.028,"scavenge.free_remembered_set":0,"scavenge.roots":0.005,"scavenge.weak":0,"scavenge.weak_global_handles.identify":0,"scavenge.weak_global_handles.process":0,"scavenge.parallel":0.001,"scavenge.pin_objects_conservative":0,"scavenge.pin_objects_precise":0,"scavenge.restore_pinned":0,"scavenge.sweep_array_buffers":0,"scavenge.resize_new_space":0,"background.scavenge.parallel":0,"incremental.steps_count":0,"incremental.steps_took":0,"scavenge_throughput":1953.49,"quarantined_size":0,"quarantined_pages":0}
[75261:0xc0d80c000:0]      517 ms: GC: {"pause":0.044,"mutator":2.254,"gc":"s","reduce_memory":false,"time_to_safepoint":0,"stack":true,"reason":"allocation failure","collector_reason":"","start_object_size":27025232,"end_object_size":18637136,"start_memory_size":36929536,"end_memory_size":36929536,"start_holes_size":1458408,"end_holes_size":1458408,"pool_local_chunks":0,"pool_shared_chunks":0,"pool_total_chunks":0,"new_space_capacity":8388608,"old_gen_allocation_limit":59707072,"global_allocation_limit":59707168,"allocation_throughput":2.88227e+06,"new_space_allocation_throughput":2.86557e+06,"new_space_survive_rate":0,"allocated":8355112,"promoted":0,"new_space_survived":0,"nodes_died_in_new":0,"nodes_copied_in_new":0,"nodes_promoted":0,"promotion_ratio":0,"average_survival_ratio":0.000801135,"promotion_rate":0,"during_sweeping":false,"heap.prologue":0,"heap.epilogue":0.001,"heap.external.prologue":0,"heap.external.epilogue":0,"heap.external_weak_global_handles":0,"complete.sweep_array_buffers":0,"scavenge":0.036,"scavenge.free_remembered_set":0,"scavenge.roots":0.008,"scavenge.weak":0,"scavenge.weak_global_handles.identify":0,"scavenge.weak_global_handles.process":0,"scavenge.parallel":0,"scavenge.pin_objects_conservative":0,"scavenge.pin_objects_precise":0,"scavenge.restore_pinned":0,"scavenge.sweep_array_buffers":0,"scavenge.resize_new_space":0.001,"background.scavenge.parallel":0,"incremental.steps_count":0,"incremental.steps_took":0,"scavenge_throughput":1953.49,"quarantined_size":0,"quarantined_pages":0}
[75261:0xc0d80c000:0]      519 ms: GC: {"pause":0.03,"mutator":1.883,"gc":"s","reduce_memory":false,"time_to_safepoint":0,"stack":true,"reason":"allocation failure","collector_reason":"","start_object_size":27025232,"end_object_size":18670008,"start_memory_size":36929536,"end_memory_size":36929536,"start_holes_size":1458408,"end_holes_size":1458408,"pool_local_chunks":0,"pool_shared_chunks":0,"pool_total_chunks":0,"new_space_capacity":8388608,"old_gen_allocation_limit":59707072,"global_allocation_limit":59707168,"allocation_throughput":2.90264e+06,"new_space_allocation_throughput":2.88616e+06,"new_space_survive_rate":0.00352881,"allocated":8388096,"promoted":0,"new_space_survived":296,"nodes_died_in_new":0,"nodes_copied_in_new":0,"nodes_promoted":0,"promotion_ratio":0,"average_survival_ratio":0.00115402,"promotion_rate":0,"during_sweeping":false,"heap.prologue":0,"heap.epilogue":0.001,"heap.external.prologue":0,"heap.external.epilogue":0,"heap.external_weak_global_handles":0,"complete.sweep_array_buffers":0,"scavenge":0.024,"scavenge.free_remembered_set":0,"scavenge.roots":0.005,"scavenge.weak":0,"scavenge.weak_global_handles.identify":0,"scavenge.weak_global_handles.process":0,"scavenge.parallel":0.001,"scavenge.pin_objects_conservative":0,"scavenge.pin_objects_precise":0,"scavenge.restore_pinned":0,"scavenge.sweep_array_buffers":0,"scavenge.resize_new_space":0,"background.scavenge.parallel":0,"incremental.steps_count":0,"incremental.steps_took":0,"scavenge_throughput":2951.22,"quarantined_size":0,"quarantined_pages":0}
[75261:0xc0d80c000:0]      522 ms: GC: {"pause":0.038,"mutator":2.185,"gc":"s","reduce_memory":false,"time_to_safepoint":0,"stack":true,"reason":"allocation failure","collector_reason":"","start_object_size":27025232,"end_object_size":18669968,"start_memory_size":36929536,"end_memory_size":36929536,"start_holes_size":1458408,"end_holes_size":1458408,"pool_local_chunks":0,"pool_shared_chunks":0,"pool_total_chunks":0,"new_space_capacity":8388608,"old_gen_allocation_limit":59707072,"global_allocation_limit":59707168,"allocation_throughput":2.91647e+06,"new_space_allocation_throughput":2.90023e+06,"new_space_survive_rate":0.00257508,"allocated":8355224,"promoted":0,"new_space_survived":216,"nodes_died_in_new":0,"nodes_copied_in_new":0,"nodes_promoted":0,"promotion_ratio":0,"average_survival_ratio":0.00141152,"promotion_rate":0,"during_sweeping":false,"heap.prologue":0,"heap.epilogue":0,"heap.external.prologue":0,"heap.external.epilogue":0,"heap.external_weak_global_handles":0,"complete.sweep_array_buffers":0,"scavenge":0.032,"scavenge.free_remembered_set":0.001,"scavenge.roots":0.008,"scavenge.weak":0,"scavenge.weak_global_handles.identify":0,"scavenge.weak_global_handles.process":0.001,"scavenge.parallel":0.001,"scavenge.pin_objects_conservative":0,"scavenge.pin_objects_precise":0,"scavenge.restore_pinned":0,"scavenge.sweep_array_buffers":0,"scavenge.resize_new_space":0,"background.scavenge.parallel":0,"incremental.steps_count":0,"incremental.steps_took":0,"scavenge_throughput":3392.55,"quarantined_size":0,"quarantined_pages":0}
[75261:0xc0d80c000:0]      524 ms: GC: {"pause":0.027,"mutator":1.901,"gc":"s","reduce_memory":false,"time_to_safepoint":0,"stack":true,"reason":"allocation failure","collector_reason":"","start_object_size":27025232,"end_object_size":18670008,"start_memory_size":36929536,"end_memory_size":36929536,"start_holes_size":1458408,"end_holes_size":1458408,"pool_local_chunks":0,"pool_shared_chunks":0,"pool_total_chunks":0,"new_space_capacity":8388608,"old_gen_allocation_limit":59707072,"global_allocation_limit":59707168,"allocation_throughput":2.9358e+06,"new_space_allocation_throughput":2.91978e+06,"new_space_survive_rate":0.00352881,"allocated":8355264,"promoted":0,"new_space_survived":296,"nodes_died_in_new":0,"nodes_copied_in_new":0,"nodes_promoted":0,"promotion_ratio":0,"average_survival_ratio":0.00176441,"promotion_rate":0,"during_sweeping":false,"heap.prologue":0,"heap.epilogue":0,"heap.external.prologue":0,"heap.external.epilogue":0,"heap.external_weak_global_handles":0,"complete.sweep_array_buffers":0,"scavenge":0.023,"scavenge.free_remembered_set":0,"scavenge.roots":0.005,"scavenge.weak":0,"scavenge.weak_global_handles.identify":0,"scavenge.weak_global_handles.process":0,"scavenge.parallel":0.002,"scavenge.pin_objects_conservative":0,"scavenge.pin_objects_precise":0,"scavenge.restore_pinned":0,"scavenge.sweep_array_buffers":0,"scavenge.resize_new_space":0,"background.scavenge.parallel":0,"incremental.steps_count":0,"incremental.steps_took":0,"scavenge_throughput":4099.72,"quarantined_size":0,"quarantined_pages":0}
[75261:0xc0d80c000:0]      526 ms: GC: {"pause":0.103,"mutator":2.737,"gc":"s","reduce_memory":false,"time_to_safepoint":0,"stack":true,"reason":"allocation failure","collector_reason":"","start_object_size":27025232,"end_object_size":18670008,"start_memory_size":36929536,"end_memory_size":36929536,"start_holes_size":1458408,"end_holes_size":1458408,"pool_local_chunks":0,"pool_shared_chunks":0,"pool_total_chunks":0,"new_space_capacity":8388608,"old_gen_allocation_limit":59707072,"global_allocation_limit":59707168,"allocation_throughput":2.938e+06,"new_space_allocation_throughput":2.92228e+06,"new_space_survive_rate":0.00352881,"allocated":8355224,"promoted":0,"new_space_survived":296,"nodes_died_in_new":0,"nodes_copied_in_new":0,"nodes_promoted":0,"promotion_ratio":0,"average_survival_ratio":0.00211729,"promotion_rate":0,"during_sweeping":false,"heap.prologue":0,"heap.epilogue":0,"heap.external.prologue":0,"heap.external.epilogue":0,"heap.external_weak_global_handles":0,"complete.sweep_array_buffers":0,"scavenge":0.094,"scavenge.free_remembered_set":0,"scavenge.roots":0.009,"scavenge.weak":0,"scavenge.weak_global_handles.identify":0,"scavenge.weak_global_handles.process":0,"scavenge.parallel":0.001,"scavenge.pin_objects_conservative":0,"scavenge.pin_objects_precise":0,"scavenge.restore_pinned":0.001,"scavenge.sweep_array_buffers":0,"scavenge.resize_new_space":0,"background.scavenge.parallel":0,"incremental.steps_count":0,"incremental.steps_took":0,"scavenge_throughput":4553.85,"quarantined_size":0,"quarantined_pages":0}
[75261:0xc0d80c000:0]      529 ms: GC: {"pause":0.042,"mutator":2.181,"gc":"s","reduce_memory":false,"time_to_safepoint":0,"stack":true,"reason":"allocation failure","collector_reason":"","start_object_size":27025232,"end_object_size":18670008,"start_memory_size":36929536,"end_memory_size":36929536,"start_holes_size":1458408,"end_holes_size":1458408,"pool_local_chunks":0,"pool_shared_chunks":0,"pool_total_chunks":0,"new_space_capacity":8388608,"old_gen_allocation_limit":59707072,"global_allocation_limit":59707168,"allocation_throughput":2.95138e+06,"new_space_allocation_throughput":2.93589e+06,"new_space_survive_rate":0.00352881,"allocated":8355224,"promoted":0,"new_space_survived":296,"nodes_died_in_new":0,"nodes_copied_in_new":0,"nodes_promoted":0,"promotion_ratio":0,"average_survival_ratio":0.00211729,"promotion_rate":0,"during_sweeping":false,"heap.prologue":0,"heap.epilogue":0,"heap.external.prologue":0,"heap.external.epilogue":0,"heap.external_weak_global_handles":0,"complete.sweep_array_buffers":0,"scavenge":0.035,"scavenge.free_remembered_set":0,"scavenge.roots":0.007,"scavenge.weak":0,"scavenge.weak_global_handles.identify":0,"scavenge.weak_global_handles.process":0,"scavenge.parallel":0.002,"scavenge.pin_objects_conservative":0,"scavenge.pin_objects_precise":0,"scavenge.restore_pinned":0,"scavenge.sweep_array_buffers":0,"scavenge.resize_new_space":0,"background.scavenge.parallel":0,"incremental.steps_count":0,"incremental.steps_took":0,"scavenge_throughput":4553.85,"quarantined_size":0,"quarantined_pages":0}
[75261:0xc0d80c000:0]      531 ms: GC: {"pause":0.028,"mutator":2.301,"gc":"s","reduce_memory":false,"time_to_safepoint":0,"stack":true,"reason":"allocation failure","collector_reason":"","start_object_size":27025232,"end_object_size":18669968,"start_memory_size":36929536,"end_memory_size":36929536,"start_holes_size":1458408,"end_holes_size":1458408,"pool_local_chunks":0,"pool_shared_chunks":0,"pool_total_chunks":0,"new_space_capacity":8388608,"old_gen_allocation_limit":59707072,"global_allocation_limit":59707168,"allocation_throughput":2.96211e+06,"new_space_allocation_throughput":2.94687e+06,"new_space_survive_rate":0.00257508,"allocated":8355224,"promoted":0,"new_space_survived":216,"nodes_died_in_new":0,"nodes_copied_in_new":0,"nodes_promoted":0,"promotion_ratio":0,"average_survival_ratio":0.00237479,"promotion_rate":0,"during_sweeping":false,"heap.prologue":0,"heap.epilogue":0,"heap.external.prologue":0,"heap.external.epilogue":0,"heap.external_weak_global_handles":0,"complete.sweep_array_buffers":0,"scavenge":0.023,"scavenge.free_remembered_set":0,"scavenge.roots":0.005,"scavenge.weak":0,"scavenge.weak_global_handles.identify":0,"scavenge.weak_global_handles.process":0,"scavenge.parallel":0.001,"scavenge.pin_objects_conservative":0,"scavenge.pin_objects_precise":0,"scavenge.restore_pinned":0,"scavenge.sweep_array_buffers":0,"scavenge.resize_new_space":0,"background.scavenge.parallel":0,"incremental.steps_count":0,"incremental.steps_took":0,"scavenge_throughput":5147.29,"quarantined_size":0,"quarantined_pages":0}
[75261:0xc0d80c000:0]      533 ms: GC: {"pause":0.02,"mutator":1.779,"gc":"s","reduce_memory":false,"time_to_safepoint":0,"stack":true,"reason":"allocation failure","collector_reason":"","start_object_size":27025232,"end_object_size":18670008,"start_memory_size":36929536,"end_memory_size":36929536,"start_holes_size":1458408,"end_holes_size":1458408,"pool_local_chunks":0,"pool_shared_chunks":0,"pool_total_chunks":0,"new_space_capacity":8388608,"old_gen_allocation_limit":59707072,"global_allocation_limit":59707168,"allocation_throughput":2.98337e+06,"new_space_allocation_throughput":2.96832e+06,"new_space_survive_rate":0.00352881,"allocated":8355264,"promoted":0,"new_space_survived":296,"nodes_died_in_new":0,"nodes_copied_in_new":0,"nodes_promoted":0,"promotion_ratio":0,"average_survival_ratio":0.00272768,"promotion_rate":0,"during_sweeping":false,"heap.prologue":0,"heap.epilogue":0,"heap.external.prologue":0,"heap.external.epilogue":0,"heap.external_weak_global_handles":0,"complete.sweep_array_buffers":0,"scavenge":0.017,"scavenge.free_remembered_set":0,"scavenge.roots":0.004,"scavenge.weak":0,"scavenge.weak_global_handles.identify":0,"scavenge.weak_global_handles.process":0,"scavenge.parallel":0.001,"scavenge.pin_objects_conservative":0,"scavenge.pin_objects_precise":0,"scavenge.restore_pinned":0,"scavenge.sweep_array_buffers":0,"scavenge.resize_new_space":0,"background.scavenge.parallel":0,"incremental.steps_count":0,"incremental.steps_took":0,"scavenge_throughput":5896.91,"quarantined_size":0,"quarantined_pages":0}
[75261:0xc0d80c000:0]      535 ms: GC: {"pause":0.037,"mutator":2.078,"gc":"s","reduce_memory":false,"time_to_safepoint":0,"stack":true,"reason":"allocation failure","collector_reason":"","start_object_size":27025232,"end_object_size":18669968,"start_memory_size":36929536,"end_memory_size":36929536,"start_holes_size":1458408,"end_holes_size":1458408,"pool_local_chunks":0,"pool_shared_chunks":0,"pool_total_chunks":0,"new_space_capacity":8388608,"old_gen_allocation_limit":59707072,"global_allocation_limit":59707168,"allocation_throughput":2.9982e+06,"new_space_allocation_throughput":2.98337e+06,"new_space_survive_rate":0.00257508,"allocated":8355224,"promoted":0,"new_space_survived":216,"nodes_died_in_new":0,"nodes_copied_in_new":0,"nodes_promoted":0,"promotion_ratio":0,"average_survival_ratio":0.00298518,"promotion_rate":0,"during_sweeping":false,"heap.prologue":0,"heap.epilogue":0,"heap.external.prologue":0,"heap.external.epilogue":0,"heap.external_weak_global_handles":0,"complete.sweep_array_buffers":0,"scavenge":0.031,"scavenge.free_remembered_set":0,"scavenge.roots":0.006,"scavenge.weak":0,"scavenge.weak_global_handles.identify":0,"scavenge.weak_global_handles.process":0,"scavenge.parallel":0.001,"scavenge.pin_objects_conservative":0,"scavenge.pin_objects_precise":0,"scavenge.restore_pinned":0,"scavenge.sweep_array_buffers":0,"scavenge.resize_new_space":0,"background.scavenge.parallel":0,"incremental.steps_count":0,"incremental.steps_took":0,"scavenge_throughput":6244.39,"quarantined_size":0,"quarantined_pages":0}
[75261:0xc0d80c000:0]      537 ms: GC: {"pause":0.039,"mutator":2.232,"gc":"s","reduce_memory":false,"time_to_safepoint":0,"stack":true,"reason":"allocation failure","collector_reason":"","start_object_size":27025232,"end_object_size":18637136,"start_memory_size":36929536,"end_memory_size":36929536,"start_holes_size":1458408,"end_holes_size":1458408,"pool_local_chunks":0,"pool_shared_chunks":0,"pool_total_chunks":0,"new_space_capacity":8388608,"old_gen_allocation_limit":59707072,"global_allocation_limit":59707168,"allocation_throughput":3.00962e+06,"new_space_allocation_throughput":2.99502e+06,"new_space_survive_rate":0,"allocated":8355264,"promoted":0,"new_space_survived":0,"nodes_died_in_new":0,"nodes_copied_in_new":0,"nodes_promoted":0,"promotion_ratio":0,"average_survival_ratio":0.00253693,"promotion_rate":0,"during_sweeping":false,"heap.prologue":0,"heap.epilogue":0.001,"heap.external.prologue":0,"heap.external.epilogue":0,"heap.external_weak_global_handles":0,"complete.sweep_array_buffers":0,"scavenge":0.031,"scavenge.free_remembered_set":0,"scavenge.roots":0.007,"scavenge.weak":0,"scavenge.weak_global_handles.identify":0,"scavenge.weak_global_handles.process":0,"scavenge.parallel":0,"scavenge.pin_objects_conservative":0,"scavenge.pin_objects_precise":0,"scavenge.restore_pinned":0,"scavenge.sweep_array_buffers":0,"scavenge.resize_new_space":0,"background.scavenge.parallel":0,"incremental.steps_count":0,"incremental.steps_took":0,"scavenge_throughput":5215.69,"quarantined_size":0,"quarantined_pages":0}
[75261:0xc0d80c000:0]      539 ms: GC: {"pause":0.034,"mutator":1.935,"gc":"s","reduce_memory":false,"time_to_safepoint":0,"stack":true,"reason":"allocation failure","collector_reason":"","start_object_size":27025232,"end_object_size":18637136,"start_memory_size":36929536,"end_memory_size":36929536,"start_holes_size":1458408,"end_holes_size":1458408,"pool_local_chunks":0,"pool_shared_chunks":0,"pool_total_chunks":0,"new_space_capacity":8388608,"old_gen_allocation_limit":59707072,"global_allocation_limit":59707168,"allocation_throughput":3.02726e+06,"new_space_allocation_throughput":3.01285e+06,"new_space_survive_rate":0,"allocated":8388096,"promoted":0,"new_space_survived":0,"nodes_died_in_new":0,"nodes_copied_in_new":0,"nodes_promoted":0,"promotion_ratio":0,"average_survival_ratio":0.00253693,"promotion_rate":0,"during_sweeping":false,"heap.prologue":0,"heap.epilogue":0.001,"heap.external.prologue":0,"heap.external.epilogue":0,"heap.external_weak_global_handles":0,"complete.sweep_array_buffers":0,"scavenge":0.026,"scavenge.free_remembered_set":0,"scavenge.roots":0.007,"scavenge.weak":0,"scavenge.weak_global_handles.identify":0,"scavenge.weak_global_handles.process":0.001,"scavenge.parallel":0,"scavenge.pin_objects_conservative":0,"scavenge.pin_objects_precise":0,"scavenge.restore_pinned":0,"scavenge.sweep_array_buffers":0,"scavenge.resize_new_space":0.001,"background.scavenge.parallel":0,"incremental.steps_count":0,"incremental.steps_took":0,"scavenge_throughput":5346.73,"quarantined_size":0,"quarantined_pages":0}
[75261:0xc0d80c000:0]      541 ms: GC: {"pause":0.019,"mutator":1.869,"gc":"s","reduce_memory":false,"time_to_safepoint":0,"stack":true,"reason":"allocation failure","collector_reason":"","start_object_size":27025232,"end_object_size":18637136,"start_memory_size":36929536,"end_memory_size":36929536,"start_holes_size":1458408,"end_holes_size":1458408,"pool_local_chunks":0,"pool_shared_chunks":0,"pool_total_chunks":0,"new_space_capacity":8388608,"old_gen_allocation_limit":59707072,"global_allocation_limit":59707168,"allocation_throughput":3.04604e+06,"new_space_allocation_throughput":3.03181e+06,"new_space_survive_rate":0,"allocated":8388096,"promoted":0,"new_space_survived":0,"nodes_died_in_new":0,"nodes_copied_in_new":0,"nodes_promoted":0,"promotion_ratio":0,"average_survival_ratio":0.00218405,"promotion_rate":0,"during_sweeping":false,"heap.prologue":0,"heap.epilogue":0,"heap.external.prologue":0,"heap.external.epilogue":0,"heap.external_weak_global_handles":0,"complete.sweep_array_buffers":0,"scavenge":0.015,"scavenge.free_remembered_set":0,"scavenge.roots":0.004,"scavenge.weak":0,"scavenge.weak_global_handles.identify":0,"scavenge.weak_global_handles.process":0,"scavenge.parallel":0,"scavenge.pin_objects_conservative":0,"scavenge.pin_objects_precise":0,"scavenge.restore_pinned":0,"scavenge.sweep_array_buffers":0,"scavenge.resize_new_space":0,"background.scavenge.parallel":0,"incremental.steps_count":0,"incremental.steps_took":0,"scavenge_throughput":4733.85,"quarantined_size":0,"quarantined_pages":0}
[75261:0xc0d80c000:0]      543 ms: GC: {"pause":0.018,"mutator":2.346,"gc":"s","reduce_memory":false,"time_to_safepoint":0,"stack":true,"reason":"allocation failure","collector_reason":"","start_object_size":27025232,"end_object_size":18637136,"start_memory_size":36929536,"end_memory_size":36929536,"start_holes_size":1458408,"end_holes_size":1458408,"pool_local_chunks":0,"pool_shared_chunks":0,"pool_total_chunks":0,"new_space_capacity":8388608,"old_gen_allocation_limit":59707072,"global_allocation_limit":59707168,"allocation_throughput":3.05458e+06,"new_space_allocation_throughput":3.04058e+06,"new_space_survive_rate":0,"allocated":8388096,"promoted":0,"new_space_survived":0,"nodes_died_in_new":0,"nodes_copied_in_new":0,"nodes_promoted":0,"promotion_ratio":0,"average_survival_ratio":0.00192654,"promotion_rate":0,"during_sweeping":false,"heap.prologue":0,"heap.epilogue":0,"heap.external.prologue":0,"heap.external.epilogue":0,"heap.external_weak_global_handles":0,"complete.sweep_array_buffers":0,"scavenge":0.015,"scavenge.free_remembered_set":0,"scavenge.roots":0.004,"scavenge.weak":0,"scavenge.weak_global_handles.identify":0,"scavenge.weak_global_handles.process":0,"scavenge.parallel":0,"scavenge.pin_objects_conservative":0,"scavenge.pin_objects_precise":0,"scavenge.restore_pinned":0.001,"scavenge.sweep_array_buffers":0,"scavenge.resize_new_space":0,"background.scavenge.parallel":0,"incremental.steps_count":0,"incremental.steps_took":0,"scavenge_throughput":4403.27,"quarantined_size":0,"quarantined_pages":0}
[75261:0xc0d80c000:0]      546 ms: GC: {"pause":0.025,"mutator":2.798,"gc":"s","reduce_memory":false,"time_to_safepoint":0,"stack":true,"reason":"allocation failure","collector_reason":"","start_object_size":27025232,"end_object_size":18637136,"start_memory_size":36929536,"end_memory_size":36929536,"start_holes_size":1458408,"end_holes_size":1458408,"pool_local_chunks":0,"pool_shared_chunks":0,"pool_total_chunks":0,"new_space_capacity":8388608,"old_gen_allocation_limit":59707072,"global_allocation_limit":59707168,"allocation_throughput":3.05347e+06,"new_space_allocation_throughput":3.03974e+06,"new_space_survive_rate":0,"allocated":8388096,"promoted":0,"new_space_survived":0,"nodes_died_in_new":0,"nodes_copied_in_new":0,"nodes_promoted":0,"promotion_ratio":0,"average_survival_ratio":0.00157366,"promotion_rate":0,"during_sweeping":false,"heap.prologue":0,"heap.epilogue":0.001,"heap.external.prologue":0,"heap.external.epilogue":0,"heap.external_weak_global_handles":0,"complete.sweep_array_buffers":0,"scavenge":0.02,"scavenge.free_remembered_set":0,"scavenge.roots":0.004,"scavenge.weak":0,"scavenge.weak_global_handles.identify":0,"scavenge.weak_global_handles.process":0,"scavenge.parallel":0,"scavenge.pin_objects_conservative":0,"scavenge.pin_objects_precise":0,"scavenge.restore_pinned":0,"scavenge.sweep_array_buffers":0,"scavenge.resize_new_space":0,"background.scavenge.parallel":0,"incremental.steps_count":0,"incremental.steps_took":0,"scavenge_throughput":3616.44,"quarantined_size":0,"quarantined_pages":0}
[75261:0xc0d80c000:0]      548 ms: GC: {"pause":0.043,"mutator":2.239,"gc":"s","reduce_memory":false,"time_to_safepoint":0,"stack":true,"reason":"allocation failure","collector_reason":"","start_object_size":27025232,"end_object_size":18670008,"start_memory_size":36929536,"end_memory_size":36929536,"start_holes_size":1458408,"end_holes_size":1458408,"pool_local_chunks":0,"pool_shared_chunks":0,"pool_total_chunks":0,"new_space_capacity":8388608,"old_gen_allocation_limit":59707072,"global_allocation_limit":59707168,"allocation_throughput":3.06412e+06,"new_space_allocation_throughput":3.0506e+06,"new_space_survive_rate":0.00352881,"allocated":8388096,"promoted":0,"new_space_survived":296,"nodes_died_in_new":0,"nodes_copied_in_new":0,"nodes_promoted":0,"promotion_ratio":0,"average_survival_ratio":0.00157366,"promotion_rate":0,"during_sweeping":false,"heap.prologue":0,"heap.epilogue":0.001,"heap.external.prologue":0,"heap.external.epilogue":0,"heap.external_weak_global_handles":0,"complete.sweep_array_buffers":0,"scavenge":0.036,"scavenge.free_remembered_set":0,"scavenge.roots":0.009,"scavenge.weak":0,"scavenge.weak_global_handles.identify":0,"scavenge.weak_global_handles.process":0,"scavenge.parallel":0.001,"scavenge.pin_objects_conservative":0,"scavenge.pin_objects_precise":0,"scavenge.restore_pinned":0,"scavenge.sweep_array_buffers":0,"scavenge.resize_new_space":0,"background.scavenge.parallel":0,"incremental.steps_count":0,"incremental.steps_took":0,"scavenge_throughput":4327.87,"quarantined_size":0,"quarantined_pages":0}
[75261:0xc0d80c000:0]      550 ms: GC: {"pause":0.03,"mutator":1.845,"gc":"s","reduce_memory":false,"time_to_safepoint":0,"stack":true,"reason":"allocation failure","collector_reason":"","start_object_size":27025232,"end_object_size":18637136,"start_memory_size":36929536,"end_memory_size":36929536,"start_holes_size":1458408,"end_holes_size":1458408,"pool_local_chunks":0,"pool_shared_chunks":0,"pool_total_chunks":0,"new_space_capacity":8388608,"old_gen_allocation_limit":59707072,"global_allocation_limit":59707168,"allocation_throughput":3.08271e+06,"new_space_allocation_throughput":3.06936e+06,"new_space_survive_rate":0,"allocated":8355224,"promoted":0,"new_space_survived":0,"nodes_died_in_new":0,"nodes_copied_in_new":0,"nodes_promoted":0,"promotion_ratio":0,"average_survival_ratio":0.00122078,"promotion_rate":0,"during_sweeping":false,"heap.prologue":0,"heap.epilogue":0.001,"heap.external.prologue":0,"heap.external.epilogue":0,"heap.external_weak_global_handles":0,"complete.sweep_array_buffers":0,"scavenge":0.023,"scavenge.free_remembered_set":0,"scavenge.roots":0.005,"scavenge.weak":0,"scavenge.weak_global_handles.identify":0,"scavenge.weak_global_handles.process":0.001,"scavenge.parallel":0,"scavenge.pin_objects_conservative":0,"scavenge.pin_objects_precise":0,"scavenge.restore_pinned":0,"scavenge.sweep_array_buffers":0,"scavenge.resize_new_space":0,"background.scavenge.parallel":0,"incremental.steps_count":0,"incremental.steps_took":0,"scavenge_throughput":3494.88,"quarantined_size":0,"quarantined_pages":0}
[75261:0xc0d80c000:0]      552 ms: GC: {"pause":0.021,"mutator":1.873,"gc":"s","reduce_memory":false,"time_to_safepoint":0,"stack":true,"reason":"allocation failure","collector_reason":"","start_object_size":27025232,"end_object_size":18637136,"start_memory_size":36929536,"end_memory_size":36929536,"start_holes_size":1458408,"end_holes_size":1458408,"pool_local_chunks":0,"pool_shared_chunks":0,"pool_total_chunks":0,"new_space_capacity":8388608,"old_gen_allocation_limit":59707072,"global_allocation_limit":59707168,"allocation_throughput":3.10069e+06,"new_space_allocation_throughput":3.08752e+06,"new_space_survive_rate":0,"allocated":8388096,"promoted":0,"new_space_survived":0,"nodes_died_in_new":0,"nodes_copied_in_new":0,"nodes_promoted":0,"promotion_ratio":0,"average_survival_ratio":0.00096327,"promotion_rate":0,"during_sweeping":false,"heap.prologue":0,"heap.epilogue":0.001,"heap.external.prologue":0,"heap.external.epilogue":0,"heap.external_weak_global_handles":0,"complete.sweep_array_buffers":0,"scavenge":0.016,"scavenge.free_remembered_set":0,"scavenge.roots":0.004,"scavenge.weak":0,"scavenge.weak_global_handles.identify":0,"scavenge.weak_global_handles.process":0,"scavenge.parallel":0,"scavenge.pin_objects_conservative":0,"scavenge.pin_objects_precise":0,"scavenge.restore_pinned":0,"scavenge.sweep_array_buffers":0,"scavenge.resize_new_space":0,"background.scavenge.parallel":0,"incremental.steps_count":0,"incremental.steps_took":0,"scavenge_throughput":2825.17,"quarantined_size":0,"quarantined_pages":0}
[75261:0xc0d80c000:0]      554 ms: GC: {"pause":0.018,"mutator":1.841,"gc":"s","reduce_memory":false,"time_to_safepoint":0,"stack":true,"reason":"allocation failure","collector_reason":"","start_object_size":27025232,"end_object_size":18637136,"start_memory_size":36929536,"end_memory_size":36929536,"start_holes_size":1458408,"end_holes_size":1458408,"pool_local_chunks":0,"pool_shared_chunks":0,"pool_total_chunks":0,"new_space_capacity":8388608,"old_gen_allocation_limit":59707072,"global_allocation_limit":59707168,"allocation_throughput":3.11912e+06,"new_space_allocation_throughput":3.10612e+06,"new_space_survive_rate":0,"allocated":8388096,"promoted":0,"new_space_survived":0,"nodes_died_in_new":0,"nodes_copied_in_new":0,"nodes_promoted":0,"promotion_ratio":0,"average_survival_ratio":0.000610389,"promotion_rate":0,"during_sweeping":false,"heap.prologue":0,"heap.epilogue":0.001,"heap.external.prologue":0,"heap.external.epilogue":0,"heap.external_weak_global_handles":0,"complete.sweep_array_buffers":0,"scavenge":0.014,"scavenge.free_remembered_set":0,"scavenge.roots":0.003,"scavenge.weak":0,"scavenge.weak_global_handles.identify":0,"scavenge.weak_global_handles.process":0,"scavenge.parallel":0,"scavenge.pin_objects_conservative":0,"scavenge.pin_objects_precise":0,"scavenge.restore_pinned":0,"scavenge.sweep_array_buffers":0,"scavenge.resize_new_space":0,"background.scavenge.parallel":0,"incremental.steps_count":0,"incremental.steps_took":0,"scavenge_throughput":1802.82,"quarantined_size":0,"quarantined_pages":0}
[75261:0xc0d80c000:0]      556 ms: GC: {"pause":0.041,"mutator":1.919,"gc":"s","reduce_memory":false,"time_to_safepoint":0,"stack":true,"reason":"allocation failure","collector_reason":"","start_object_size":27025232,"end_object_size":18670120,"start_memory_size":36929536,"end_memory_size":36929536,"start_holes_size":1458408,"end_holes_size":1458408,"pool_local_chunks":0,"pool_shared_chunks":0,"pool_total_chunks":0,"new_space_capacity":8388608,"old_gen_allocation_limit":59707072,"global_allocation_limit":59707168,"allocation_throughput":3.13565e+06,"new_space_allocation_throughput":3.12281e+06,"new_space_survive_rate":0.00448254,"allocated":8388096,"promoted":0,"new_space_survived":376,"nodes_died_in_new":0,"nodes_copied_in_new":0,"nodes_promoted":0,"promotion_ratio":0,"average_survival_ratio":0.000801135,"promotion_rate":0,"during_sweeping":false,"heap.prologue":0,"heap.epilogue":0,"heap.external.prologue":0,"heap.external.epilogue":0,"heap.external_weak_global_handles":0,"complete.sweep_array_buffers":0,"scavenge":0.036,"scavenge.free_remembered_set":0,"scavenge.roots":0.009,"scavenge.weak":0,"scavenge.weak_global_handles.identify":0,"scavenge.weak_global_handles.process":0,"scavenge.parallel":0.001,"scavenge.pin_objects_conservative":0,"scavenge.pin_objects_precise":0,"scavenge.restore_pinned":0,"scavenge.sweep_array_buffers":0,"scavenge.resize_new_space":0,"background.scavenge.parallel":0,"incremental.steps_count":0,"incremental.steps_took":0,"scavenge_throughput":2333.33,"quarantined_size":0,"quarantined_pages":0}
[75261:0xc0d80c000:0]      559 ms: GC: {"pause":0.049,"mutator":2.484,"gc":"s","reduce_memory":false,"time_to_safepoint":0,"stack":true,"reason":"allocation failure","collector_reason":"","start_object_size":27025232,"end_object_size":18637136,"start_memory_size":36929536,"end_memory_size":36929536,"start_holes_size":1458408,"end_holes_size":1458408,"pool_local_chunks":0,"pool_shared_chunks":0,"pool_total_chunks":0,"new_space_capacity":8388608,"old_gen_allocation_limit":59707072,"global_allocation_limit":59707168,"allocation_throughput":3.13951e+06,"new_space_allocation_throughput":3.1269e+06,"new_space_survive_rate":0,"allocated":8355112,"promoted":0,"new_space_survived":0,"nodes_died_in_new":0,"nodes_copied_in_new":0,"nodes_promoted":0,"promotion_ratio":0,"average_survival_ratio":0.000801135,"promotion_rate":0,"during_sweeping":false,"heap.prologue":0,"heap.epilogue":0.001,"heap.external.prologue":0,"heap.external.epilogue":0,"heap.external_weak_global_handles":0,"complete.sweep_array_buffers":0,"scavenge":0.041,"scavenge.free_remembered_set":0,"scavenge.roots":0.009,"scavenge.weak":0,"scavenge.weak_global_handles.identify":0,"scavenge.weak_global_handles.process":0,"scavenge.parallel":0,"scavenge.pin_objects_conservative":0,"scavenge.pin_objects_precise":0,"scavenge.restore_pinned":0,"scavenge.sweep_array_buffers":0,"scavenge.resize_new_space":0,"background.scavenge.parallel":0,"incremental.steps_count":0,"incremental.steps_took":0,"scavenge_throughput":2255.03,"quarantined_size":0,"quarantined_pages":0}
[75261:0xc0d80c000:0]      586 ms: GC: {"pause":0.051,"mutator":27.204,"gc":"s","reduce_memory":false,"time_to_safepoint":0,"stack":true,"reason":"allocation failure","collector_reason":"","start_object_size":27025232,"end_object_size":18670008,"start_memory_size":36929536,"end_memory_size":36929536,"start_holes_size":1458408,"end_holes_size":1458408,"pool_local_chunks":0,"pool_shared_chunks":0,"pool_total_chunks":0,"new_space_capacity":8388608,"old_gen_allocation_limit":59707072,"global_allocation_limit":59707168,"allocation_throughput":2.65295e+06,"new_space_allocation_throughput":2.64251e+06,"new_space_survive_rate":0.00352881,"allocated":8388096,"promoted":0,"new_space_survived":296,"nodes_died_in_new":0,"nodes_copied_in_new":0,"nodes_promoted":0,"promotion_ratio":0,"average_survival_ratio":0.00115402,"promotion_rate":0,"during_sweeping":false,"heap.prologue":0,"heap.epilogue":0.001,"heap.external.prologue":0,"heap.external.epilogue":0,"heap.external_weak_global_handles":0,"complete.sweep_array_buffers":0,"scavenge":0.042,"scavenge.free_remembered_set":0,"scavenge.roots":0.01,"scavenge.weak":0,"scavenge.weak_global_handles.identify":0,"scavenge.weak_global_handles.process":0,"scavenge.parallel":0.001,"scavenge.pin_objects_conservative":0,"scavenge.pin_objects_precise":0,"scavenge.restore_pinned":0,"scavenge.sweep_array_buffers":0,"scavenge.resize_new_space":0,"background.scavenge.parallel":0,"incremental.steps_count":0,"incremental.steps_took":0,"scavenge_throughput":3073.02,"quarantined_size":0,"quarantined_pages":0}
[75261:0xc0d80c000:0]      589 ms: GC: {"pause":0.048,"mutator":2.985,"gc":"s","reduce_memory":false,"time_to_safepoint":0,"stack":true,"reason":"allocation failure","collector_reason":"","start_object_size":27025232,"end_object_size":18669968,"start_memory_size":36929536,"end_memory_size":36929536,"start_holes_size":1458408,"end_holes_size":1458408,"pool_local_chunks":0,"pool_shared_chunks":0,"pool_total_chunks":0,"new_space_capacity":8388608,"old_gen_allocation_limit":59707072,"global_allocation_limit":59707168,"allocation_throughput":2.65593e+06,"new_space_allocation_throughput":2.64569e+06,"new_space_survive_rate":0.00257508,"allocated":8355224,"promoted":0,"new_space_survived":216,"nodes_died_in_new":0,"nodes_copied_in_new":0,"nodes_promoted":0,"promotion_ratio":0,"average_survival_ratio":0.00141152,"promotion_rate":0,"during_sweeping":false,"heap.prologue":0,"heap.epilogue":0,"heap.external.prologue":0,"heap.external.epilogue":0,"heap.external_weak_global_handles":0,"complete.sweep_array_buffers":0,"scavenge":0.04,"scavenge.free_remembered_set":0,"scavenge.roots":0.009,"scavenge.weak":0,"scavenge.weak_global_handles.identify":0.001,"scavenge.weak_global_handles.process":0.001,"scavenge.parallel":0.002,"scavenge.pin_objects_conservative":0,"scavenge.pin_objects_precise":0,"scavenge.restore_pinned":0,"scavenge.sweep_array_buffers":0,"scavenge.resize_new_space":0,"background.scavenge.parallel":0,"incremental.steps_count":0,"incremental.steps_took":0,"scavenge_throughput":3441.86,"quarantined_size":0,"quarantined_pages":0}
[75261:0xc0d80c000:0]      591 ms: GC: {"pause":0.032,"mutator":1.931,"gc":"s","reduce_memory":false,"time_to_safepoint":0,"stack":true,"reason":"allocation failure","collector_reason":"","start_object_size":27025232,"end_object_size":18670008,"start_memory_size":36929536,"end_memory_size":36929536,"start_holes_size":1458408,"end_holes_size":1458408,"pool_local_chunks":0,"pool_shared_chunks":0,"pool_total_chunks":0,"new_space_capacity":8388608,"old_gen_allocation_limit":59707072,"global_allocation_limit":59707168,"allocation_throughput":2.67812e+06,"new_space_allocation_throughput":2.66803e+06,"new_space_survive_rate":0.00352881,"allocated":8355264,"promoted":0,"new_space_survived":296,"nodes_died_in_new":0,"nodes_copied_in_new":0,"nodes_promoted":0,"promotion_ratio":0,"average_survival_ratio":0.00176441,"promotion_rate":0,"during_sweeping":false,"heap.prologue":0,"heap.epilogue":0,"heap.external.prologue":0,"heap.external.epilogue":0,"heap.external_weak_global_handles":0,"complete.sweep_array_buffers":0,"scavenge":0.026,"scavenge.free_remembered_set":0,"scavenge.roots":0.006,"scavenge.weak":0,"scavenge.weak_global_handles.identify":0.001,"scavenge.weak_global_handles.process":0,"scavenge.parallel":0.002,"scavenge.pin_objects_conservative":0,"scavenge.pin_objects_precise":0,"scavenge.restore_pinned":0.001,"scavenge.sweep_array_buffers":0,"scavenge.resize_new_space":0,"background.scavenge.parallel":0,"incremental.steps_count":0,"incremental.steps_took":0,"scavenge_throughput":4134.08,"quarantined_size":0,"quarantined_pages":0}
[75261:0xc0d80c000:0]      593 ms: GC: {"pause":0.038,"mutator":1.937,"gc":"s","reduce_memory":false,"time_to_safepoint":0,"stack":true,"reason":"allocation failure","collector_reason":"","start_object_size":27025232,"end_object_size":18670008,"start_memory_size":36929536,"end_memory_size":36929536,"start_holes_size":1458408,"end_holes_size":1458408,"pool_local_chunks":0,"pool_shared_chunks":0,"pool_total_chunks":0,"new_space_capacity":8388608,"old_gen_allocation_limit":59707072,"global_allocation_limit":59707168,"allocation_throughput":2.69993e+06,"new_space_allocation_throughput":2.68997e+06,"new_space_survive_rate":0.00352881,"allocated":8355224,"promoted":0,"new_space_survived":296,"nodes_died_in_new":0,"nodes_copied_in_new":0,"nodes_promoted":0,"promotion_ratio":0,"average_survival_ratio":0.00211729,"promotion_rate":0,"during_sweeping":false,"heap.prologue":0,"heap.epilogue":0.001,"heap.external.prologue":0,"heap.external.epilogue":0,"heap.external_weak_global_handles":0,"complete.sweep_array_buffers":0,"scavenge":0.032,"scavenge.free_remembered_set":0,"scavenge.roots":0.006,"scavenge.weak":0,"scavenge.weak_global_handles.identify":0,"scavenge.weak_global_handles.process":0,"scavenge.parallel":0,"scavenge.pin_objects_conservative":0,"scavenge.pin_objects_precise":0,"scavenge.restore_pinned":0.001,"scavenge.sweep_array_buffers":0,"scavenge.resize_new_space":0.001,"background.scavenge.parallel":0,"incremental.steps_count":0,"incremental.steps_took":0,"scavenge_throughput":4787.06,"quarantined_size":0,"quarantined_pages":0}
[75261:0xc0d80c000:0]      595 ms: GC: {"pause":0.026,"mutator":1.837,"gc":"s","reduce_memory":false,"time_to_safepoint":0,"stack":true,"reason":"allocation failure","collector_reason":"","start_object_size":27025232,"end_object_size":18670008,"start_memory_size":36929536,"end_memory_size":36929536,"start_holes_size":1458408,"end_holes_size":1458408,"pool_local_chunks":0,"pool_shared_chunks":0,"pool_total_chunks":0,"new_space_capacity":8388608,"old_gen_allocation_limit":59707072,"global_allocation_limit":59707168,"allocation_throughput":2.7233e+06,"new_space_allocation_throughput":2.71347e+06,"new_space_survive_rate":0.00352881,"allocated":8355224,"promoted":0,"new_space_survived":296,"nodes_died_in_new":0,"nodes_copied_in_new":0,"nodes_promoted":0,"promotion_ratio":0,"average_survival_ratio":0.00211729,"promotion_rate":0,"during_sweeping":false,"heap.prologue":0,"heap.epilogue":0,"heap.external.prologue":0,"heap.external.epilogue":0,"heap.external_weak_global_handles":0,"complete.sweep_array_buffers":0,"scavenge":0.023,"scavenge.free_remembered_set":0,"scavenge.roots":0.004,"scavenge.weak":0,"scavenge.weak_global_handles.identify":0,"scavenge.weak_global_handles.process":0,"scavenge.parallel":0.001,"scavenge.pin_objects_conservative":0,"scavenge.pin_objects_precise":0,"scavenge.restore_pinned":0,"scavenge.sweep_array_buffers":0,"scavenge.resize_new_space":0,"background.scavenge.parallel":0,"incremental.steps_count":0,"incremental.steps_took":0,"scavenge_throughput":5016.95,"quarantined_size":0,"quarantined_pages":0}
[75261:0xc0d80c000:0]      597 ms: GC: {"pause":0.088,"mutator":2.112,"gc":"s","reduce_memory":false,"time_to_safepoint":0,"stack":true,"reason":"allocation failure","collector_reason":"","start_object_size":27025232,"end_object_size":18669968,"start_memory_size":36929536,"end_memory_size":36929536,"start_holes_size":1458408,"end_holes_size":1458408,"pool_local_chunks":0,"pool_shared_chunks":0,"pool_total_chunks":0,"new_space_capacity":8388608,"old_gen_allocation_limit":59707072,"global_allocation_limit":59707168,"allocation_throughput":2.74122e+06,"new_space_allocation_throughput":2.73152e+06,"new_space_survive_rate":0.00257508,"allocated":8355224,"promoted":0,"new_space_survived":216,"nodes_died_in_new":0,"nodes_copied_in_new":0,"nodes_promoted":0,"promotion_ratio":0,"average_survival_ratio":0.00237479,"promotion_rate":0,"during_sweeping":false,"heap.prologue":0,"heap.epilogue":0,"heap.external.prologue":0,"heap.external.epilogue":0,"heap.external_weak_global_handles":0,"complete.sweep_array_buffers":0,"scavenge":0.082,"scavenge.free_remembered_set":0,"scavenge.roots":0.051,"scavenge.weak":0,"scavenge.weak_global_handles.identify":0,"scavenge.weak_global_handles.process":0,"scavenge.parallel":0.006,"scavenge.pin_objects_conservative":0,"scavenge.pin_objects_precise":0,"scavenge.restore_pinned":0.001,"scavenge.sweep_array_buffers":0,"scavenge.resize_new_space":0,"background.scavenge.parallel":0.001,"incremental.steps_count":0,"incremental.steps_took":0,"scavenge_throughput":4834.95,"quarantined_size":0,"quarantined_pages":0}
[75261:0xc0d80c000:0]      599 ms: GC: {"pause":0.05,"mutator":2.516,"gc":"s","reduce_memory":false,"time_to_safepoint":0,"stack":true,"reason":"allocation failure","collector_reason":"","start_object_size":27025232,"end_object_size":18670008,"start_memory_size":36929536,"end_memory_size":36929536,"start_holes_size":1458408,"end_holes_size":1458408,"pool_local_chunks":0,"pool_shared_chunks":0,"pool_total_chunks":0,"new_space_capacity":8388608,"old_gen_allocation_limit":59707072,"global_allocation_limit":59707168,"allocation_throughput":2.75124e+06,"new_space_allocation_throughput":2.74171e+06,"new_space_survive_rate":0.00352881,"allocated":8355264,"promoted":0,"new_space_survived":296,"nodes_died_in_new":0,"nodes_copied_in_new":0,"nodes_promoted":0,"promotion_ratio":0,"average_survival_ratio":0.00272768,"promotion_rate":0,"during_sweeping":false,"heap.prologue":0,"heap.epilogue":0,"heap.external.prologue":0,"heap.external.epilogue":0,"heap.external_weak_global_handles":0,"complete.sweep_array_buffers":0,"scavenge":0.042,"scavenge.free_remembered_set":0,"scavenge.roots":0.01,"scavenge.weak":0,"scavenge.weak_global_handles.identify":0,"scavenge.weak_global_handles.process":0,"scavenge.parallel":0.002,"scavenge.pin_objects_conservative":0,"scavenge.pin_objects_precise":0,"scavenge.restore_pinned":0,"scavenge.sweep_array_buffers":0,"scavenge.resize_new_space":0,"background.scavenge.parallel":0,"incremental.steps_count":0,"incremental.steps_took":0,"scavenge_throughput":5188.21,"quarantined_size":0,"quarantined_pages":0}
[75261:0xc0d80c000:0]      601 ms: GC: {"pause":0.04,"mutator":1.847,"gc":"s","reduce_memory":false,"time_to_safepoint":0,"stack":true,"reason":"allocation failure","collector_reason":"","start_object_size":27025232,"end_object_size":18669968,"start_memory_size":36929536,"end_memory_size":36929536,"start_holes_size":1458408,"end_holes_size":1458408,"pool_local_chunks":0,"pool_shared_chunks":0,"pool_total_chunks":0,"new_space_capacity":8388608,"old_gen_allocation_limit":59707072,"global_allocation_limit":59707168,"allocation_throughput":2.77377e+06,"new_space_allocation_throughput":2.76436e+06,"new_space_survive_rate":0.00257508,"allocated":8355224,"promoted":0,"new_space_survived":216,"nodes_died_in_new":0,"nodes_copied_in_new":0,"nodes_promoted":0,"promotion_ratio":0,"average_survival_ratio":0.00298518,"promotion_rate":0,"during_sweeping":false,"heap.prologue":0,"heap.epilogue":0,"heap.external.prologue":0,"heap.external.epilogue":0,"heap.external_weak_global_handles":0,"complete.sweep_array_buffers":0,"scavenge":0.034,"scavenge.free_remembered_set":0,"scavenge.roots":0.008,"scavenge.weak":0,"scavenge.weak_global_handles.identify":0,"scavenge.weak_global_handles.process":0.001,"scavenge.parallel":0.002,"scavenge.pin_objects_conservative":0,"scavenge.pin_objects_precise":0,"scavenge.restore_pinned":0,"scavenge.sweep_array_buffers":0,"scavenge.resize_new_space":0,"background.scavenge.parallel":0,"incremental.steps_count":0,"incremental.steps_took":0,"scavenge_throughput":5408.21,"quarantined_size":0,"quarantined_pages":0}
[75261:0xc0d80c000:0]      603 ms: GC: {"pause":0.024,"mutator":1.977,"gc":"s","reduce_memory":false,"time_to_safepoint":0,"stack":true,"reason":"allocation failure","collector_reason":"","start_object_size":27025232,"end_object_size":18637136,"start_memory_size":36929536,"end_memory_size":36929536,"start_holes_size":1458408,"end_holes_size":1458408,"pool_local_chunks":0,"pool_shared_chunks":0,"pool_total_chunks":0,"new_space_capacity":8388608,"old_gen_allocation_limit":59707072,"global_allocation_limit":59707168,"allocation_throughput":2.79352e+06,"new_space_allocation_throughput":2.78424e+06,"new_space_survive_rate":0,"allocated":8355264,"promoted":0,"new_space_survived":0,"nodes_died_in_new":0,"nodes_copied_in_new":0,"nodes_promoted":0,"promotion_ratio":0,"average_survival_ratio":0.00253693,"promotion_rate":0,"during_sweeping":false,"heap.prologue":0,"heap.epilogue":0.001,"heap.external.prologue":0,"heap.external.epilogue":0,"heap.external_weak_global_handles":0,"complete.sweep_array_buffers":0,"scavenge":0.018,"scavenge.free_remembered_set":0,"scavenge.roots":0.004,"scavenge.weak":0,"scavenge.weak_global_handles.identify":0,"scavenge.weak_global_handles.process":0,"scavenge.parallel":0,"scavenge.pin_objects_conservative":0,"scavenge.pin_objects_precise":0,"scavenge.restore_pinned":0,"scavenge.sweep_array_buffers":0,"scavenge.resize_new_space":0,"background.scavenge.parallel":0,"incremental.steps_count":0,"incremental.steps_took":0,"scavenge_throughput":4771.3,"quarantined_size":0,"quarantined_pages":0}
[75261:0xc0d80c000:0]      605 ms: GC: {"pause":0.02,"mutator":1.909,"gc":"s","reduce_memory":false,"time_to_safepoint":0,"stack":true,"reason":"allocation failure","collector_reason":"","start_object_size":27025232,"end_object_size":18637136,"start_memory_size":36929536,"end_memory_size":36929536,"start_holes_size":1458408,"end_holes_size":1458408,"pool_local_chunks":0,"pool_shared_chunks":0,"pool_total_chunks":0,"new_space_capacity":8388608,"old_gen_allocation_limit":59707072,"global_allocation_limit":59707168,"allocation_throughput":2.81453e+06,"new_space_allocation_throughput":2.80538e+06,"new_space_survive_rate":0,"allocated":8388096,"promoted":0,"new_space_survived":0,"nodes_died_in_new":0,"nodes_copied_in_new":0,"nodes_promoted":0,"promotion_ratio":0,"average_survival_ratio":0.00253693,"promotion_rate":0,"during_sweeping":false,"heap.prologue":0,"heap.epilogue":0,"heap.external.prologue":0,"heap.external.epilogue":0,"heap.external_weak_global_handles":0,"complete.sweep_array_buffers":0,"scavenge":0.016,"scavenge.free_remembered_set":0,"scavenge.roots":0.004,"scavenge.weak":0,"scavenge.weak_global_handles.identify":0,"scavenge.weak_global_handles.process":0,"scavenge.parallel":0,"scavenge.pin_objects_conservative":0,"scavenge.pin_objects_precise":0,"scavenge.restore_pinned":0,"scavenge.sweep_array_buffers":0,"scavenge.resize_new_space":0,"background.scavenge.parallel":0,"incremental.steps_count":0,"incremental.steps_took":0,"scavenge_throughput":5103.12,"quarantined_size":0,"quarantined_pages":0}
[75261:0xc0d80c000:0]      607 ms: GC: {"pause":0.016,"mutator":1.98,"gc":"s","reduce_memory":false,"time_to_safepoint":0,"stack":true,"reason":"allocation failure","collector_reason":"","start_object_size":27025232,"end_object_size":18637136,"start_memory_size":36929536,"end_memory_size":36929536,"start_holes_size":1458408,"end_holes_size":1458408,"pool_local_chunks":0,"pool_shared_chunks":0,"pool_total_chunks":0,"new_space_capacity":8388608,"old_gen_allocation_limit":59707072,"global_allocation_limit":59707168,"allocation_throughput":2.8339e+06,"new_space_allocation_throughput":2.82487e+06,"new_space_survive_rate":0,"allocated":8388096,"promoted":0,"new_space_survived":0,"nodes_died_in_new":0,"nodes_copied_in_new":0,"nodes_promoted":0,"promotion_ratio":0,"average_survival_ratio":0.00218405,"promotion_rate":0,"during_sweeping":false,"heap.prologue":0,"heap.epilogue":0,"heap.external.prologue":0,"heap.external.epilogue":0,"heap.external_weak_global_handles":0,"complete.sweep_array_buffers":0,"scavenge":0.013,"scavenge.free_remembered_set":0,"scavenge.roots":0.003,"scavenge.weak":0,"scavenge.weak_global_handles.identify":0,"scavenge.weak_global_handles.process":0,"scavenge.parallel":0,"scavenge.pin_objects_conservative":0,"scavenge.pin_objects_precise":0,"scavenge.restore_pinned":0,"scavenge.sweep_array_buffers":0,"scavenge.resize_new_space":0,"background.scavenge.parallel":0,"incremental.steps_count":0,"incremental.steps_took":0,"scavenge_throughput":4795.81,"quarantined_size":0,"quarantined_pages":0}
[75261:0xc0d80c000:0]      609 ms: GC: {"pause":0.05,"mutator":2.118,"gc":"s","reduce_memory":false,"time_to_safepoint":0,"stack":true,"reason":"allocation failure","collector_reason":"","start_object_size":27025232,"end_object_size":18637136,"start_memory_size":36929536,"end_memory_size":36929536,"start_holes_size":1458408,"end_holes_size":1458408,"pool_local_chunks":0,"pool_shared_chunks":0,"pool_total_chunks":0,"new_space_capacity":8388608,"old_gen_allocation_limit":59707072,"global_allocation_limit":59707168,"allocation_throughput":2.85031e+06,"new_space_allocation_throughput":2.84141e+06,"new_space_survive_rate":0,"allocated":8388096,"promoted":0,"new_space_survived":0,"nodes_died_in_new":0,"nodes_copied_in_new":0,"nodes_promoted":0,"promotion_ratio":0,"average_survival_ratio":0.00192654,"promotion_rate":0,"during_sweeping":false,"heap.prologue":0,"heap.epilogue":0.001,"heap.external.prologue":0,"heap.external.epilogue":0,"heap.external_weak_global_handles":0,"complete.sweep_array_buffers":0,"scavenge":0.039,"scavenge.free_remembered_set":0,"scavenge.roots":0.007,"scavenge.weak":0,"scavenge.weak_global_handles.identify":0,"scavenge.weak_global_handles.process":0,"scavenge.parallel":0,"scavenge.pin_objects_conservative":0,"scavenge.pin_objects_precise":0,"scavenge.restore_pinned":0,"scavenge.sweep_array_buffers":0,"scavenge.resize_new_space":0,"background.scavenge.parallel":0,"incremental.steps_count":0,"incremental.steps_took":0,"scavenge_throughput":4208.33,"quarantined_size":0,"quarantined_pages":0}
[75261:0xc0d80c000:0]      611 ms: GC: {"pause":0.024,"mutator":1.867,"gc":"s","reduce_memory":false,"time_to_safepoint":0,"stack":true,"reason":"allocation failure","collector_reason":"","start_object_size":27025232,"end_object_size":18637136,"start_memory_size":36929536,"end_memory_size":36929536,"start_holes_size":1458408,"end_holes_size":1458408,"pool_local_chunks":0,"pool_shared_chunks":0,"pool_total_chunks":0,"new_space_capacity":8388608,"old_gen_allocation_limit":59707072,"global_allocation_limit":59707168,"allocation_throughput":2.87139e+06,"new_space_allocation_throughput":2.86261e+06,"new_space_survive_rate":0,"allocated":8388096,"promoted":0,"new_space_survived":0,"nodes_died_in_new":0,"nodes_copied_in_new":0,"nodes_promoted":0,"promotion_ratio":0,"average_survival_ratio":0.00157366,"promotion_rate":0,"during_sweeping":false,"heap.prologue":0,"heap.epilogue":0.001,"heap.external.prologue":0,"heap.external.epilogue":0,"heap.external_weak_global_handles":0,"complete.sweep_array_buffers":0,"scavenge":0.019,"scavenge.free_remembered_set":0,"scavenge.roots":0.004,"scavenge.weak":0,"scavenge.weak_global_handles.identify":0,"scavenge.weak_global_handles.process":0,"scavenge.parallel":0,"scavenge.pin_objects_conservative":0,"scavenge.pin_objects_precise":0,"scavenge.restore_pinned":0,"scavenge.sweep_array_buffers":0,"scavenge.resize_new_space":0,"background.scavenge.parallel":0,"incremental.steps_count":0,"incremental.steps_took":0,"scavenge_throughput":3510.64,"quarantined_size":0,"quarantined_pages":0}
[75261:0xc0d80c000:0]      613 ms: GC: {"pause":0.026,"mutator":1.873,"gc":"s","reduce_memory":false,"time_to_safepoint":0,"stack":true,"reason":"allocation failure","collector_reason":"","start_object_size":27025232,"end_object_size":18670008,"start_memory_size":36929536,"end_memory_size":36929536,"start_holes_size":1458408,"end_holes_size":1458408,"pool_local_chunks":0,"pool_shared_chunks":0,"pool_total_chunks":0,"new_space_capacity":8388608,"old_gen_allocation_limit":59707072,"global_allocation_limit":59707168,"allocation_throughput":2.8921e+06,"new_space_allocation_throughput":2.88343e+06,"new_space_survive_rate":0.00352881,"allocated":8388096,"promoted":0,"new_space_survived":296,"nodes_died_in_new":0,"nodes_copied_in_new":0,"nodes_promoted":0,"promotion_ratio":0,"average_survival_ratio":0.00157366,"promotion_rate":0,"during_sweeping":false,"heap.prologue":0,"heap.epilogue":0,"heap.external.prologue":0,"heap.external.epilogue":0,"heap.external_weak_global_handles":0,"complete.sweep_array_buffers":0,"scavenge":0.022,"scavenge.free_remembered_set":0.001,"scavenge.roots":0.004,"scavenge.weak":0,"scavenge.weak_global_handles.identify":0,"scavenge.weak_global_handles.process":0,"scavenge.parallel":0.003,"scavenge.pin_objects_conservative":0,"scavenge.pin_objects_precise":0,"scavenge.restore_pinned":0,"scavenge.sweep_array_buffers":0,"scavenge.resize_new_space":0,"background.scavenge.parallel":0,"incremental.steps_count":0,"incremental.steps_took":0,"scavenge_throughput":3626.37,"quarantined_size":0,"quarantined_pages":0}
[75261:0xc0d80c000:0]      615 ms: GC: {"pause":0.012,"mutator":1.816,"gc":"s","reduce_memory":false,"time_to_safepoint":0,"stack":true,"reason":"allocation failure","collector_reason":"","start_object_size":27025232,"end_object_size":18637136,"start_memory_size":36929536,"end_memory_size":36929536,"start_holes_size":1458408,"end_holes_size":1458408,"pool_local_chunks":0,"pool_shared_chunks":0,"pool_total_chunks":0,"new_space_capacity":8388608,"old_gen_allocation_limit":59707072,"global_allocation_limit":59707168,"allocation_throughput":2.91346e+06,"new_space_allocation_throughput":2.90489e+06,"new_space_survive_rate":0,"allocated":8355224,"promoted":0,"new_space_survived":0,"nodes_died_in_new":0,"nodes_copied_in_new":0,"nodes_promoted":0,"promotion_ratio":0,"average_survival_ratio":0.00122078,"promotion_rate":0,"during_sweeping":false,"heap.prologue":0,"heap.epilogue":0,"heap.external.prologue":0,"heap.external.epilogue":0,"heap.external_weak_global_handles":0,"complete.sweep_array_buffers":0,"scavenge":0.01,"scavenge.free_remembered_set":0,"scavenge.roots":0.002,"scavenge.weak":0,"scavenge.weak_global_handles.identify":0,"scavenge.weak_global_handles.process":0,"scavenge.parallel":0,"scavenge.pin_objects_conservative":0,"scavenge.pin_objects_precise":0,"scavenge.restore_pinned":0,"scavenge.sweep_array_buffers":0,"scavenge.resize_new_space":0,"background.scavenge.parallel":0,"incremental.steps_count":0,"incremental.steps_took":0,"scavenge_throughput":2925.71,"quarantined_size":0,"quarantined_pages":0}
[75261:0xc0d80c000:0]      617 ms: GC: {"pause":0.114,"mutator":2.278,"gc":"s","reduce_memory":false,"time_to_safepoint":0,"stack":true,"reason":"allocation failure","collector_reason":"","start_object_size":27025232,"end_object_size":18637136,"start_memory_size":36929536,"end_memory_size":36929536,"start_holes_size":1458408,"end_holes_size":1458408,"pool_local_chunks":0,"pool_shared_chunks":0,"pool_total_chunks":0,"new_space_capacity":8388608,"old_gen_allocation_limit":59707072,"global_allocation_limit":59707168,"allocation_throughput":2.9255e+06,"new_space_allocation_throughput":2.91707e+06,"new_space_survive_rate":0,"allocated":8388096,"promoted":0,"new_space_survived":0,"nodes_died_in_new":0,"nodes_copied_in_new":0,"nodes_promoted":0,"promotion_ratio":0,"average_survival_ratio":0.00096327,"promotion_rate":0,"during_sweeping":false,"heap.prologue":0,"heap.epilogue":0.01,"heap.external.prologue":0,"heap.external.epilogue":0,"heap.external_weak_global_handles":0,"complete.sweep_array_buffers":0,"scavenge":0.091,"scavenge.free_remembered_set":0,"scavenge.roots":0.011,"scavenge.weak":0,"scavenge.weak_global_handles.identify":0.001,"scavenge.weak_global_handles.process":0,"scavenge.parallel":0,"scavenge.pin_objects_conservative":0,"scavenge.pin_objects_precise":0,"scavenge.restore_pinned":0.003,"scavenge.sweep_array_buffers":0,"scavenge.resize_new_space":0,"background.scavenge.parallel":0,"incremental.steps_count":0,"incremental.steps_took":0,"scavenge_throughput":2148.94,"quarantined_size":0,"quarantined_pages":0}
[75261:0xc0d80c000:0]      619 ms: GC: {"pause":0.036,"mutator":1.985,"gc":"s","reduce_memory":false,"time_to_safepoint":0,"stack":true,"reason":"allocation failure","collector_reason":"","start_object_size":27025232,"end_object_size":18637136,"start_memory_size":36929536,"end_memory_size":36929536,"start_holes_size":1458408,"end_holes_size":1458408,"pool_local_chunks":0,"pool_shared_chunks":0,"pool_total_chunks":0,"new_space_capacity":8388608,"old_gen_allocation_limit":59707072,"global_allocation_limit":59707168,"allocation_throughput":2.94306e+06,"new_space_allocation_throughput":2.93475e+06,"new_space_survive_rate":0,"allocated":8388096,"promoted":0,"new_space_survived":0,"nodes_died_in_new":0,"nodes_copied_in_new":0,"nodes_promoted":0,"promotion_ratio":0,"average_survival_ratio":0.000610389,"promotion_rate":0,"during_sweeping":false,"heap.prologue":0,"heap.epilogue":0.001,"heap.external.prologue":0,"heap.external.epilogue":0,"heap.external_weak_global_handles":0,"complete.sweep_array_buffers":0,"scavenge":0.029,"scavenge.free_remembered_set":0,"scavenge.roots":0.005,"scavenge.weak":0,"scavenge.weak_global_handles.identify":0,"scavenge.weak_global_handles.process":0,"scavenge.parallel":0,"scavenge.pin_objects_conservative":0,"scavenge.pin_objects_precise":0,"scavenge.restore_pinned":0,"scavenge.sweep_array_buffers":0,"scavenge.resize_new_space":0,"background.scavenge.parallel":0,"incremental.steps_count":0,"incremental.steps_took":0,"scavenge_throughput":1414.36,"quarantined_size":0,"quarantined_pages":0}
[75261:0xc0d80c000:0]      621 ms: GC: {"pause":0.035,"mutator":1.939,"gc":"s","reduce_memory":false,"time_to_safepoint":0,"stack":true,"reason":"allocation failure","collector_reason":"","start_object_size":27025232,"end_object_size":18670120,"start_memory_size":36929536,"end_memory_size":36929536,"start_holes_size":1458408,"end_holes_size":1458408,"pool_local_chunks":0,"pool_shared_chunks":0,"pool_total_chunks":0,"new_space_capacity":8388608,"old_gen_allocation_limit":59707072,"global_allocation_limit":59707168,"allocation_throughput":2.96151e+06,"new_space_allocation_throughput":2.95331e+06,"new_space_survive_rate":0.00448254,"allocated":8388096,"promoted":0,"new_space_survived":376,"nodes_died_in_new":0,"nodes_copied_in_new":0,"nodes_promoted":0,"promotion_ratio":0,"average_survival_ratio":0.000801135,"promotion_rate":0,"during_sweeping":false,"heap.prologue":0,"heap.epilogue":0,"heap.external.prologue":0,"heap.external.epilogue":0,"heap.external_weak_global_handles":0,"complete.sweep_array_buffers":0,"scavenge":0.03,"scavenge.free_remembered_set":0,"scavenge.roots":0.007,"scavenge.weak":0,"scavenge.weak_global_handles.identify":0,"scavenge.weak_global_handles.process":0,"scavenge.parallel":0.002,"scavenge.pin_objects_conservative":0,"scavenge.pin_objects_precise":0,"scavenge.restore_pinned":0,"scavenge.sweep_array_buffers":0,"scavenge.resize_new_space":0.001,"background.scavenge.parallel":0,"incremental.steps_count":0,"incremental.steps_took":0,"scavenge_throughput":1882.35,"quarantined_size":0,"quarantined_pages":0}
[75261:0xc0d80c000:0]      623 ms: GC: {"pause":0.02,"mutator":1.86,"gc":"s","reduce_memory":false,"time_to_safepoint":0,"stack":true,"reason":"allocation failure","collector_reason":"","start_object_size":27025232,"end_object_size":18637136,"start_memory_size":36929536,"end_memory_size":36929536,"start_holes_size":1458408,"end_holes_size":1458408,"pool_local_chunks":0,"pool_shared_chunks":0,"pool_total_chunks":0,"new_space_capacity":8388608,"old_gen_allocation_limit":59707072,"global_allocation_limit":59707168,"allocation_throughput":2.98109e+06,"new_space_allocation_throughput":2.973e+06,"new_space_survive_rate":0,"allocated":8355112,"promoted":0,"new_space_survived":0,"nodes_died_in_new":0,"nodes_copied_in_new":0,"nodes_promoted":0,"promotion_ratio":0,"average_survival_ratio":0.000801135,"promotion_rate":0,"during_sweeping":false,"heap.prologue":0,"heap.epilogue":0.001,"heap.external.prologue":0,"heap.external.epilogue":0,"heap.external_weak_global_handles":0,"complete.sweep_array_buffers":0,"scavenge":0.015,"scavenge.free_remembered_set":0,"scavenge.roots":0.004,"scavenge.weak":0,"scavenge.weak_global_handles.identify":0,"scavenge.weak_global_handles.process":0,"scavenge.parallel":0,"scavenge.pin_objects_conservative":0,"scavenge.pin_objects_precise":0,"scavenge.restore_pinned":0,"scavenge.sweep_array_buffers":0,"scavenge.resize_new_space":0,"background.scavenge.parallel":0,"incremental.steps_count":0,"incremental.steps_took":0,"scavenge_throughput":1903.68,"quarantined_size":0,"quarantined_pages":0}
[75261:0xc0d80c000:0]      625 ms: GC: {"pause":0.018,"mutator":1.813,"gc":"s","reduce_memory":false,"time_to_safepoint":0,"stack":true,"reason":"allocation failure","collector_reason":"","start_object_size":27025232,"end_object_size":18670008,"start_memory_size":36929536,"end_memory_size":36929536,"start_holes_size":1458408,"end_holes_size":1458408,"pool_local_chunks":0,"pool_shared_chunks":0,"pool_total_chunks":0,"new_space_capacity":8388608,"old_gen_allocation_limit":59707072,"global_allocation_limit":59707168,"allocation_throughput":3.00162e+06,"new_space_allocation_throughput":2.99363e+06,"new_space_survive_rate":0.00352881,"allocated":8388096,"promoted":0,"new_space_survived":296,"nodes_died_in_new":0,"nodes_copied_in_new":0,"nodes_promoted":0,"promotion_ratio":0,"average_survival_ratio":0.00115402,"promotion_rate":0,"during_sweeping":false,"heap.prologue":0,"heap.epilogue":0,"heap.external.prologue":0,"heap.external.epilogue":0,"heap.external_weak_global_handles":0,"complete.sweep_array_buffers":0,"scavenge":0.016,"scavenge.free_remembered_set":0,"scavenge.roots":0.003,"scavenge.weak":0,"scavenge.weak_global_handles.identify":0,"scavenge.weak_global_handles.process":0,"scavenge.parallel":0.001,"scavenge.pin_objects_conservative":0,"scavenge.pin_objects_precise":0,"scavenge.restore_pinned":0,"scavenge.sweep_array_buffers":0,"scavenge.resize_new_space":0.001,"background.scavenge.parallel":0,"incremental.steps_count":0,"incremental.steps_took":0,"scavenge_throughput":2757.83,"quarantined_size":0,"quarantined_pages":0}
[75261:0xc0d80c000:0]      627 ms: GC: {"pause":0.067,"mutator":2.101,"gc":"s","reduce_memory":false,"time_to_safepoint":0,"stack":true,"reason":"allocation failure","collector_reason":"","start_object_size":27025232,"end_object_size":18669968,"start_memory_size":36929536,"end_memory_size":36929536,"start_holes_size":1458408,"end_holes_size":1458408,"pool_local_chunks":0,"pool_shared_chunks":0,"pool_total_chunks":0,"new_space_capacity":8388608,"old_gen_allocation_limit":59707072,"global_allocation_limit":59707168,"allocation_throughput":3.0157e+06,"new_space_allocation_throughput":3.00782e+06,"new_space_survive_rate":0.00257508,"allocated":8355224,"promoted":0,"new_space_survived":216,"nodes_died_in_new":0,"nodes_copied_in_new":0,"nodes_promoted":0,"promotion_ratio":0,"average_survival_ratio":0.00141152,"promotion_rate":0,"during_sweeping":false,"heap.prologue":0,"heap.epilogue":0.001,"heap.external.prologue":0,"heap.external.epilogue":0,"heap.external_weak_global_handles":0,"complete.sweep_array_buffers":0,"scavenge":0.06,"scavenge.free_remembered_set":0,"scavenge.roots":0.019,"scavenge.weak":0,"scavenge.weak_global_handles.identify":0,"scavenge.weak_global_handles.process":0,"scavenge.parallel":0.002,"scavenge.pin_objects_conservative":0,"scavenge.pin_objects_precise":0,"scavenge.restore_pinned":0.002,"scavenge.sweep_array_buffers":0,"scavenge.resize_new_space":0,"background.scavenge.parallel":0,"incremental.steps_count":0,"incremental.steps_took":0,"scavenge_throughput":2945.27,"quarantined_size":0,"quarantined_pages":0}
[75261:0xc0d80c000:0]      630 ms: GC: {"pause":0.063,"mutator":3.143,"gc":"s","reduce_memory":false,"time_to_safepoint":0,"stack":true,"reason":"allocation failure","collector_reason":"","start_object_size":27025232,"end_object_size":18670008,"start_memory_size":36929536,"end_memory_size":36929536,"start_holes_size":1458408,"end_holes_size":1458408,"pool_local_chunks":0,"pool_shared_chunks":0,"pool_total_chunks":0,"new_space_capacity":8388608,"old_gen_allocation_limit":59707072,"global_allocation_limit":59707168,"allocation_throughput":3.00798e+06,"new_space_allocation_throughput":3.00027e+06,"new_space_survive_rate":0.00352881,"allocated":8355264,"promoted":0,"new_space_survived":296,"nodes_died_in_new":0,"nodes_copied_in_new":0,"nodes_promoted":0,"promotion_ratio":0,"average_survival_ratio":0.00176441,"promotion_rate":0,"during_sweeping":false,"heap.prologue":0,"heap.epilogue":0,"heap.external.prologue":0,"heap.external.epilogue":0,"heap.external_weak_global_handles":0,"complete.sweep_array_buffers":0,"scavenge":0.054,"scavenge.free_remembered_set":0,"scavenge.roots":0.015,"scavenge.weak":0,"scavenge.weak_global_handles.identify":0,"scavenge.weak_global_handles.process":0,"scavenge.parallel":0.002,"scavenge.pin_objects_conservative":0,"scavenge.pin_objects_precise":0,"scavenge.restore_pinned":0.001,"scavenge.sweep_array_buffers":0,"scavenge.resize_new_space":0,"background.scavenge.parallel":0,"incremental.steps_count":0,"incremental.steps_took":0,"scavenge_throughput":3566.27,"quarantined_size":0,"quarantined_pages":0}
[75261:0xc0d80c000:0]      633 ms: GC: {"pause":0.052,"mutator":2.943,"gc":"s","reduce_memory":false,"time_to_safepoint":0,"stack":true,"reason":"allocation failure","collector_reason":"","start_object_size":27025232,"end_object_size":18670008,"start_memory_size":36929536,"end_memory_size":36929536,"start_holes_size":1458408,"end_holes_size":1458408,"pool_local_chunks":0,"pool_shared_chunks":0,"pool_total_chunks":0,"new_space_capacity":8388608,"old_gen_allocation_limit":59707072,"global_allocation_limit":59707168,"allocation_throughput":3.00455e+06,"new_space_allocation_throughput":2.99699e+06,"new_space_survive_rate":0.00352881,"allocated":8355224,"promoted":0,"new_space_survived":296,"nodes_died_in_new":0,"nodes_copied_in_new":0,"nodes_promoted":0,"promotion_ratio":0,"average_survival_ratio":0.00211729,"promotion_rate":0,"during_sweeping":false,"heap.prologue":0,"heap.epilogue":0,"heap.external.prologue":0,"heap.external.epilogue":0,"heap.external_weak_global_handles":0,"complete.sweep_array_buffers":0,"scavenge":0.044,"scavenge.free_remembered_set":0,"scavenge.roots":0.009,"scavenge.weak":0,"scavenge.weak_global_handles.identify":0,"scavenge.weak_global_handles.process":0,"scavenge.parallel":0.002,"scavenge.pin_objects_conservative":0,"scavenge.pin_objects_precise":0,"scavenge.restore_pinned":0,"scavenge.sweep_array_buffers":0,"scavenge.resize_new_space":0,"background.scavenge.parallel":0,"incremental.steps_count":0,"incremental.steps_took":0,"scavenge_throughput":4009.03,"quarantined_size":0,"quarantined_pages":0}
[75261:0xc0d80c000:0]      636 ms: GC: {"pause":0.055,"mutator":2.131,"gc":"s","reduce_memory":false,"time_to_safepoint":0,"stack":true,"reason":"allocation failure","collector_reason":"","start_object_size":27025232,"end_object_size":18670008,"start_memory_size":36929536,"end_memory_size":36929536,"start_holes_size":1458408,"end_holes_size":1458408,"pool_local_chunks":0,"pool_shared_chunks":0,"pool_total_chunks":0,"new_space_capacity":8388608,"old_gen_allocation_limit":59707072,"global_allocation_limit":59707168,"allocation_throughput":3.01796e+06,"new_space_allocation_throughput":3.01052e+06,"new_space_survive_rate":0.00352881,"allocated":8355224,"promoted":0,"new_space_survived":296,"nodes_died_in_new":0,"nodes_copied_in_new":0,"nodes_promoted":0,"promotion_ratio":0,"average_survival_ratio":0.00211729,"promotion_rate":0,"during_sweeping":false,"heap.prologue":0,"heap.epilogue":0.001,"heap.external.prologue":0,"heap.external.epilogue":0,"heap.external_weak_global_handles":0,"complete.sweep_array_buffers":0,"scavenge":0.044,"scavenge.free_remembered_set":0,"scavenge.roots":0.009,"scavenge.weak":0,"scavenge.weak_global_handles.identify":0,"scavenge.weak_global_handles.process":0,"scavenge.parallel":0.002,"scavenge.pin_objects_conservative":0,"scavenge.pin_objects_precise":0,"scavenge.restore_pinned":0,"scavenge.sweep_array_buffers":0,"scavenge.resize_new_space":0.001,"background.scavenge.parallel":0,"incremental.steps_count":0,"incremental.steps_took":0,"scavenge_throughput":3762.71,"quarantined_size":0,"quarantined_pages":0}
[75261:0xc0d80c000:0]      638 ms: GC: {"pause":0.051,"mutator":2.27,"gc":"s","reduce_memory":false,"time_to_safepoint":0,"stack":true,"reason":"allocation failure","collector_reason":"","start_object_size":27025232,"end_object_size":18669968,"start_memory_size":36929536,"end_memory_size":36929536,"start_holes_size":1458408,"end_holes_size":1458408,"pool_local_chunks":0,"pool_shared_chunks":0,"pool_total_chunks":0,"new_space_capacity":8388608,"old_gen_allocation_limit":59707072,"global_allocation_limit":59707168,"allocation_throughput":3.02828e+06,"new_space_allocation_throughput":3.02096e+06,"new_space_survive_rate":0.00257508,"allocated":8355224,"promoted":0,"new_space_survived":216,"nodes_died_in_new":0,"nodes_copied_in_new":0,"nodes_promoted":0,"promotion_ratio":0,"average_survival_ratio":0.00237479,"promotion_rate":0,"during_sweeping":false,"heap.prologue":0,"heap.epilogue":0.001,"heap.external.prologue":0,"heap.external.epilogue":0,"heap.external_weak_global_handles":0,"complete.sweep_array_buffers":0,"scavenge":0.042,"scavenge.free_remembered_set":0,"scavenge.roots":0.01,"scavenge.weak":0,"scavenge.weak_global_handles.identify":0,"scavenge.weak_global_handles.process":0,"scavenge.parallel":0.002,"scavenge.pin_objects_conservative":0,"scavenge.pin_objects_precise":0,"scavenge.restore_pinned":0.001,"scavenge.sweep_array_buffers":0,"scavenge.resize_new_space":0,"background.scavenge.parallel":0,"incremental.steps_count":0,"incremental.steps_took":0,"scavenge_throughput":3898.24,"quarantined_size":0,"quarantined_pages":0}
[75261:0xc0d80c000:0]      640 ms: GC: {"pause":0.058,"mutator":2.348,"gc":"s","reduce_memory":false,"time_to_safepoint":0,"stack":true,"reason":"allocation failure","collector_reason":"","start_object_size":27025232,"end_object_size":18670008,"start_memory_size":36929536,"end_memory_size":36929536,"start_holes_size":1458408,"end_holes_size":1458408,"pool_local_chunks":0,"pool_shared_chunks":0,"pool_total_chunks":0,"new_space_capacity":8388608,"old_gen_allocation_limit":59707072,"global_allocation_limit":59707168,"allocation_throughput":3.03682e+06,"new_space_allocation_throughput":3.02961e+06,"new_space_survive_rate":0.00352881,"allocated":8355264,"promoted":0,"new_space_survived":296,"nodes_died_in_new":0,"nodes_copied_in_new":0,"nodes_promoted":0,"promotion_ratio":0,"average_survival_ratio":0.00272768,"promotion_rate":0,"during_sweeping":false,"heap.prologue":0,"heap.epilogue":0,"heap.external.prologue":0,"heap.external.epilogue":0,"heap.external_weak_global_handles":0,"complete.sweep_array_buffers":0,"scavenge":0.049,"scavenge.free_remembered_set":0,"scavenge.roots":0.011,"scavenge.weak":0,"scavenge.weak_global_handles.identify":0,"scavenge.weak_global_handles.process":0,"scavenge.parallel":0.002,"scavenge.pin_objects_conservative":0,"scavenge.pin_objects_precise":0,"scavenge.restore_pinned":0,"scavenge.sweep_array_buffers":0,"scavenge.resize_new_space":0,"background.scavenge.parallel":0,"incremental.steps_count":0,"incremental.steps_took":0,"scavenge_throughput":5028.57,"quarantined_size":0,"quarantined_pages":0}
[75261:0xc0d80c000:0]      642 ms: GC: {"pause":0.027,"mutator":1.86,"gc":"s","reduce_memory":false,"time_to_safepoint":0,"stack":true,"reason":"allocation failure","collector_reason":"","start_object_size":27025232,"end_object_size":18669968,"start_memory_size":36929536,"end_memory_size":36929536,"start_holes_size":1458408,"end_holes_size":1458408,"pool_local_chunks":0,"pool_shared_chunks":0,"pool_total_chunks":0,"new_space_capacity":8388608,"old_gen_allocation_limit":59707072,"global_allocation_limit":59707168,"allocation_throughput":3.05544e+06,"new_space_allocation_throughput":3.04833e+06,"new_space_survive_rate":0.00257508,"allocated":8355224,"promoted":0,"new_space_survived":216,"nodes_died_in_new":0,"nodes_copied_in_new":0,"nodes_promoted":0,"promotion_ratio":0,"average_survival_ratio":0.00298518,"promotion_rate":0,"during_sweeping":false,"heap.prologue":0,"heap.epilogue":0.001,"heap.external.prologue":0,"heap.external.epilogue":0,"heap.external_weak_global_handles":0,"complete.sweep_array_buffers":0,"scavenge":0.021,"scavenge.free_remembered_set":0,"scavenge.roots":0.005,"scavenge.weak":0,"scavenge.weak_global_handles.identify":0,"scavenge.weak_global_handles.process":0.001,"scavenge.parallel":0.001,"scavenge.pin_objects_conservative":0,"scavenge.pin_objects_precise":0,"scavenge.restore_pinned":0,"scavenge.sweep_array_buffers":0,"scavenge.resize_new_space":0.001,"background.scavenge.parallel":0,"incremental.steps_count":0,"incremental.steps_took":0,"scavenge_throughput":5614.35,"quarantined_size":0,"quarantined_pages":0}
[75261:0xc0d80c000:0]      644 ms: GC: {"pause":0.015,"mutator":1.804,"gc":"s","reduce_memory":false,"time_to_safepoint":0,"stack":true,"reason":"allocation failure","collector_reason":"","start_object_size":27025232,"end_object_size":18637136,"start_memory_size":36929536,"end_memory_size":36929536,"start_holes_size":1458408,"end_holes_size":1458408,"pool_local_chunks":0,"pool_shared_chunks":0,"pool_total_chunks":0,"new_space_capacity":8388608,"old_gen_allocation_limit":59707072,"global_allocation_limit":59707168,"allocation_throughput":3.07501e+06,"new_space_allocation_throughput":3.06798e+06,"new_space_survive_rate":0,"allocated":8355264,"promoted":0,"new_space_survived":0,"nodes_died_in_new":0,"nodes_copied_in_new":0,"nodes_promoted":0,"promotion_ratio":0,"average_survival_ratio":0.00253693,"promotion_rate":0,"during_sweeping":false,"heap.prologue":0,"heap.epilogue":0.001,"heap.external.prologue":0,"heap.external.epilogue":0,"heap.external_weak_global_handles":0,"complete.sweep_array_buffers":0,"scavenge":0.011,"scavenge.free_remembered_set":0,"scavenge.roots":0.002,"scavenge.weak":0,"scavenge.weak_global_handles.identify":0,"scavenge.weak_global_handles.process":0,"scavenge.parallel":0,"scavenge.pin_objects_conservative":0,"scavenge.pin_objects_precise":0,"scavenge.restore_pinned":0.001,"scavenge.sweep_array_buffers":0,"scavenge.resize_new_space":0,"background.scavenge.parallel":0,"incremental.steps_count":0,"incremental.steps_took":0,"scavenge_throughput":4995.31,"quarantined_size":0,"quarantined_pages":0}
[75261:0xc0d80c000:0]      646 ms: GC: {"pause":0.018,"mutator":1.846,"gc":"s","reduce_memory":false,"time_to_safepoint":0,"stack":true,"reason":"allocation failure","collector_reason":"","start_object_size":27025232,"end_object_size":18637136,"start_memory_size":36929536,"end_memory_size":36929536,"start_holes_size":1458408,"end_holes_size":1458408,"pool_local_chunks":0,"pool_shared_chunks":0,"pool_total_chunks":0,"new_space_capacity":8388608,"old_gen_allocation_limit":59707072,"global_allocation_limit":59707168,"allocation_throughput":3.09366e+06,"new_space_allocation_throughput":3.08672e+06,"new_space_survive_rate":0,"allocated":8388096,"promoted":0,"new_space_survived":0,"nodes_died_in_new":0,"nodes_copied_in_new":0,"nodes_promoted":0,"promotion_ratio":0,"average_survival_ratio":0.00253693,"promotion_rate":0,"during_sweeping":false,"heap.prologue":0,"heap.epilogue":0.001,"heap.external.prologue":0,"heap.external.epilogue":0,"heap.external_weak_global_handles":0,"complete.sweep_array_buffers":0,"scavenge":0.014,"scavenge.free_remembered_set":0,"scavenge.roots":0.003,"scavenge.weak":0,"scavenge.weak_global_handles.identify":0,"scavenge.weak_global_handles.process":0,"scavenge.parallel":0,"scavenge.pin_objects_conservative":0,"scavenge.pin_objects_precise":0,"scavenge.restore_pinned":0,"scavenge.sweep_array_buffers":0,"scavenge.resize_new_space":0,"background.scavenge.parallel":0,"incremental.steps_count":0,"incremental.steps_took":0,"scavenge_throughput":5018.87,"quarantined_size":0,"quarantined_pages":0}
[75261:0xc0d80c000:0]      648 ms: GC: {"pause":0.092,"mutator":2.201,"gc":"s","reduce_memory":false,"time_to_safepoint":0,"stack":true,"reason":"allocation failure","collector_reason":"","start_object_size":27025232,"end_object_size":18637136,"start_memory_size":36929536,"end_memory_size":36929536,"start_holes_size":1458408,"end_holes_size":1458408,"pool_local_chunks":0,"pool_shared_chunks":0,"pool_total_chunks":0,"new_space_capacity":8388608,"old_gen_allocation_limit":59707072,"global_allocation_limit":59707168,"allocation_throughput":3.1045e+06,"new_space_allocation_throughput":3.09767e+06,"new_space_survive_rate":0,"allocated":8388096,"promoted":0,"new_space_survived":0,"nodes_died_in_new":0,"nodes_copied_in_new":0,"nodes_promoted":0,"promotion_ratio":0,"average_survival_ratio":0.00218405,"promotion_rate":0,"during_sweeping":false,"heap.prologue":0,"heap.epilogue":0.001,"heap.external.prologue":0,"heap.external.epilogue":0,"heap.external_weak_global_handles":0,"complete.sweep_array_buffers":0,"scavenge":0.083,"scavenge.free_remembered_set":0,"scavenge.roots":0.035,"scavenge.weak":0,"scavenge.weak_global_handles.identify":0,"scavenge.weak_global_handles.process":0,"scavenge.parallel":0,"scavenge.pin_objects_conservative":0,"scavenge.pin_objects_precise":0,"scavenge.restore_pinned":0.001,"scavenge.sweep_array_buffers":0,"scavenge.resize_new_space":0,"background.scavenge.parallel":0,"incremental.steps_count":0,"incremental.steps_took":0,"scavenge_throughput":3678.71,"quarantined_size":0,"quarantined_pages":0}
[75261:0xc0d80c000:0]      650 ms: GC: {"pause":0.032,"mutator":1.917,"gc":"s","reduce_memory":false,"time_to_safepoint":0,"stack":true,"reason":"allocation failure","collector_reason":"","start_object_size":27025232,"end_object_size":18637136,"start_memory_size":36929536,"end_memory_size":36929536,"start_holes_size":1458408,"end_holes_size":1458408,"pool_local_chunks":0,"pool_shared_chunks":0,"pool_total_chunks":0,"new_space_capacity":8388608,"old_gen_allocation_limit":59707072,"global_allocation_limit":59707168,"allocation_throughput":3.12124e+06,"new_space_allocation_throughput":3.11449e+06,"new_space_survive_rate":0,"allocated":8388096,"promoted":0,"new_space_survived":0,"nodes_died_in_new":0,"nodes_copied_in_new":0,"nodes_promoted":0,"promotion_ratio":0,"average_survival_ratio":0.00192654,"promotion_rate":0,"during_sweeping":false,"heap.prologue":0,"heap.epilogue":0.001,"heap.external.prologue":0,"heap.external.epilogue":0,"heap.external_weak_global_handles":0,"complete.sweep_array_buffers":0,"scavenge":0.025,"scavenge.free_remembered_set":0,"scavenge.roots":0.005,"scavenge.weak":0,"scavenge.weak_global_handles.identify":0,"scavenge.weak_global_handles.process":0.001,"scavenge.parallel":0,"scavenge.pin_objects_conservative":0,"scavenge.pin_objects_precise":0,"scavenge.restore_pinned":0,"scavenge.sweep_array_buffers":0,"scavenge.resize_new_space":0,"background.scavenge.parallel":0,"incremental.steps_count":0,"incremental.steps_took":0,"scavenge_throughput":3490.28,"quarantined_size":0,"quarantined_pages":0}
[75261:0xc0d80c000:0]      652 ms: GC: {"pause":0.021,"mutator":1.861,"gc":"s","reduce_memory":false,"time_to_safepoint":0,"stack":true,"reason":"allocation failure","collector_reason":"","start_object_size":27025232,"end_object_size":18637136,"start_memory_size":36929536,"end_memory_size":36929536,"start_holes_size":1458408,"end_holes_size":1458408,"pool_local_chunks":0,"pool_shared_chunks":0,"pool_total_chunks":0,"new_space_capacity":8388608,"old_gen_allocation_limit":59707072,"global_allocation_limit":59707168,"allocation_throughput":3.13898e+06,"new_space_allocation_throughput":3.13232e+06,"new_space_survive_rate":0,"allocated":8388096,"promoted":0,"new_space_survived":0,"nodes_died_in_new":0,"nodes_copied_in_new":0,"nodes_promoted":0,"promotion_ratio":0,"average_survival_ratio":0.00157366,"promotion_rate":0,"during_sweeping":false,"heap.prologue":0,"heap.epilogue":0.001,"heap.external.prologue":0,"heap.external.epilogue":0,"heap.external_weak_global_handles":0,"complete.sweep_array_buffers":0,"scavenge":0.017,"scavenge.free_remembered_set":0,"scavenge.roots":0.004,"scavenge.weak":0,"scavenge.weak_global_handles.identify":0,"scavenge.weak_global_handles.process":0,"scavenge.parallel":0,"scavenge.pin_objects_conservative":0,"scavenge.pin_objects_precise":0,"scavenge.restore_pinned":0,"scavenge.sweep_array_buffers":0,"scavenge.resize_new_space":0,"background.scavenge.parallel":0,"incremental.steps_count":0,"incremental.steps_took":0,"scavenge_throughput":3135.39,"quarantined_size":0,"quarantined_pages":0}
[75261:0xc0d80c000:0]      654 ms: GC: {"pause":0.018,"mutator":1.811,"gc":"s","reduce_memory":false,"time_to_safepoint":0,"stack":true,"reason":"allocation failure","collector_reason":"","start_object_size":27025232,"end_object_size":18670008,"start_memory_size":36929536,"end_memory_size":36929536,"start_holes_size":1458408,"end_holes_size":1458408,"pool_local_chunks":0,"pool_shared_chunks":0,"pool_total_chunks":0,"new_space_capacity":8388608,"old_gen_allocation_limit":59707072,"global_allocation_limit":59707168,"allocation_throughput":3.15758e+06,"new_space_allocation_throughput":3.15101e+06,"new_space_survive_rate":0.00352881,"allocated":8388096,"promoted":0,"new_space_survived":296,"nodes_died_in_new":0,"nodes_copied_in_new":0,"nodes_promoted":0,"promotion_ratio":0,"average_survival_ratio":0.00157366,"promotion_rate":0,"during_sweeping":false,"heap.prologue":0,"heap.epilogue":0,"heap.external.prologue":0,"heap.external.epilogue":0,"heap.external_weak_global_handles":0,"complete.sweep_array_buffers":0,"scavenge":0.016,"scavenge.free_remembered_set":0,"scavenge.roots":0.004,"scavenge.weak":0,"scavenge.weak_global_handles.identify":0,"scavenge.weak_global_handles.process":0,"scavenge.parallel":0.001,"scavenge.pin_objects_conservative":0,"scavenge.pin_objects_precise":0,"scavenge.restore_pinned":0.001,"scavenge.sweep_array_buffers":0,"scavenge.resize_new_space":0,"background.scavenge.parallel":0,"incremental.steps_count":0,"incremental.steps_took":0,"scavenge_throughput":3410.85,"quarantined_size":0,"quarantined_pages":0}
[75261:0xc0d80c000:0]      656 ms: GC: {"pause":0.015,"mutator":1.84,"gc":"s","reduce_memory":false,"time_to_safepoint":0,"stack":true,"reason":"allocation failure","collector_reason":"","start_object_size":27025232,"end_object_size":18637136,"start_memory_size":36929536,"end_memory_size":36929536,"start_holes_size":1458408,"end_holes_size":1458408,"pool_local_chunks":0,"pool_shared_chunks":0,"pool_total_chunks":0,"new_space_capacity":8388608,"old_gen_allocation_limit":59707072,"global_allocation_limit":59707168,"allocation_throughput":3.17511e+06,"new_space_allocation_throughput":3.16862e+06,"new_space_survive_rate":0,"allocated":8355224,"promoted":0,"new_space_survived":0,"nodes_died_in_new":0,"nodes_copied_in_new":0,"nodes_promoted":0,"promotion_ratio":0,"average_survival_ratio":0.00122078,"promotion_rate":0,"during_sweeping":false,"heap.prologue":0,"heap.epilogue":0,"heap.external.prologue":0,"heap.external.epilogue":0,"heap.external_weak_global_handles":0,"complete.sweep_array_buffers":0,"scavenge":0.012,"scavenge.free_remembered_set":0,"scavenge.roots":0.003,"scavenge.weak":0,"scavenge.weak_global_handles.identify":0,"scavenge.weak_global_handles.process":0,"scavenge.parallel":0,"scavenge.pin_objects_conservative":0,"scavenge.pin_objects_precise":0,"scavenge.restore_pinned":0,"scavenge.sweep_array_buffers":0,"scavenge.resize_new_space":0,"background.scavenge.parallel":0,"incremental.steps_count":0,"incremental.steps_took":0,"scavenge_throughput":2951.01,"quarantined_size":0,"quarantined_pages":0}
[75261:0xc0d80c000:0]      658 ms: GC: {"pause":0.015,"mutator":1.887,"gc":"s","reduce_memory":false,"time_to_safepoint":0,"stack":true,"reason":"allocation failure","collector_reason":"","start_object_size":27025232,"end_object_size":18637136,"start_memory_size":36929536,"end_memory_size":36929536,"start_holes_size":1458408,"end_holes_size":1458408,"pool_local_chunks":0,"pool_shared_chunks":0,"pool_total_chunks":0,"new_space_capacity":8388608,"old_gen_allocation_limit":59707072,"global_allocation_limit":59707168,"allocation_throughput":3.19159e+06,"new_space_allocation_throughput":3.18519e+06,"new_space_survive_rate":0,"allocated":8388096,"promoted":0,"new_space_survived":0,"nodes_died_in_new":0,"nodes_copied_in_new":0,"nodes_promoted":0,"promotion_ratio":0,"average_survival_ratio":0.00096327,"promotion_rate":0,"during_sweeping":false,"heap.prologue":0,"heap.epilogue":0.001,"heap.external.prologue":0,"heap.external.epilogue":0,"heap.external_weak_global_handles":0,"complete.sweep_array_buffers":0,"scavenge":0.012,"scavenge.free_remembered_set":0,"scavenge.roots":0.003,"scavenge.weak":0,"scavenge.weak_global_handles.identify":0,"scavenge.weak_global_handles.process":0,"scavenge.parallel":0,"scavenge.pin_objects_conservative":0,"scavenge.pin_objects_precise":0,"scavenge.restore_pinned":0,"scavenge.sweep_array_buffers":0,"scavenge.resize_new_space":0,"background.scavenge.parallel":0,"incremental.steps_count":0,"incremental.steps_took":0,"scavenge_throughput":2598.07,"quarantined_size":0,"quarantined_pages":0}
[75261:0xc0d80c000:0]      660 ms: GC: {"pause":0.048,"mutator":2.325,"gc":"s","reduce_memory":false,"time_to_safepoint":0,"stack":true,"reason":"allocation failure","collector_reason":"","start_object_size":27025232,"end_object_size":18637136,"start_memory_size":36929536,"end_memory_size":36929536,"start_holes_size":1458408,"end_holes_size":1458408,"pool_local_chunks":0,"pool_shared_chunks":0,"pool_total_chunks":0,"new_space_capacity":8388608,"old_gen_allocation_limit":59707072,"global_allocation_limit":59707168,"allocation_throughput":3.19822e+06,"new_space_allocation_throughput":3.19192e+06,"new_space_survive_rate":0,"allocated":8388096,"promoted":0,"new_space_survived":0,"nodes_died_in_new":0,"nodes_copied_in_new":0,"nodes_promoted":0,"promotion_ratio":0,"average_survival_ratio":0.000610389,"promotion_rate":0,"during_sweeping":false,"heap.prologue":0,"heap.epilogue":0.002,"heap.external.prologue":0,"heap.external.epilogue":0,"heap.external_weak_global_handles":0,"complete.sweep_array_buffers":0,"scavenge":0.038,"scavenge.free_remembered_set":0,"scavenge.roots":0.009,"scavenge.weak":0,"scavenge.weak_global_handles.identify":0,"scavenge.weak_global_handles.process":0.001,"scavenge.parallel":0,"scavenge.pin_objects_conservative":0,"scavenge.pin_objects_precise":0,"scavenge.restore_pinned":0,"scavenge.sweep_array_buffers":0,"scavenge.resize_new_space":0,"background.scavenge.parallel":0,"incremental.steps_count":0,"incremental.steps_took":0,"scavenge_throughput":1701,"quarantined_size":0,"quarantined_pages":0}
[75261:0xc0d80c000:0]      662 ms: GC: {"pause":0.024,"mutator":1.873,"gc":"s","reduce_memory":false,"time_to_safepoint":0,"stack":true,"reason":"allocation failure","collector_reason":"","start_object_size":27025232,"end_object_size":18670120,"start_memory_size":36929536,"end_memory_size":36929536,"start_holes_size":1458408,"end_holes_size":1458408,"pool_local_chunks":0,"pool_shared_chunks":0,"pool_total_chunks":0,"new_space_capacity":8388608,"old_gen_allocation_limit":59707072,"global_allocation_limit":59707168,"allocation_throughput":3.21469e+06,"new_space_allocation_throughput":3.20847e+06,"new_space_survive_rate":0.00448254,"allocated":8388096,"promoted":0,"new_space_survived":376,"nodes_died_in_new":0,"nodes_copied_in_new":0,"nodes_promoted":0,"promotion_ratio":0,"average_survival_ratio":0.000801135,"promotion_rate":0,"during_sweeping":false,"heap.prologue":0,"heap.epilogue":0.001,"heap.external.prologue":0,"heap.external.epilogue":0,"heap.external_weak_global_handles":0,"complete.sweep_array_buffers":0,"scavenge":0.02,"scavenge.free_remembered_set":0,"scavenge.roots":0.005,"scavenge.weak":0,"scavenge.weak_global_handles.identify":0,"scavenge.weak_global_handles.process":0,"scavenge.parallel":0.001,"scavenge.pin_objects_conservative":0,"scavenge.pin_objects_precise":0,"scavenge.restore_pinned":0,"scavenge.sweep_array_buffers":0,"scavenge.resize_new_space":0,"background.scavenge.parallel":0,"incremental.steps_count":0,"incremental.steps_took":0,"scavenge_throughput":2255.03,"quarantined_size":0,"quarantined_pages":0}
[75261:0xc0d80c000:0]      664 ms: GC: {"pause":0.015,"mutator":1.832,"gc":"s","reduce_memory":false,"time_to_safepoint":0,"stack":true,"reason":"allocation failure","collector_reason":"","start_object_size":27025232,"end_object_size":18637136,"start_memory_size":36929536,"end_memory_size":36929536,"start_holes_size":1458408,"end_holes_size":1458408,"pool_local_chunks":0,"pool_shared_chunks":0,"pool_total_chunks":0,"new_space_capacity":8388608,"old_gen_allocation_limit":59707072,"global_allocation_limit":59707168,"allocation_throughput":3.23165e+06,"new_space_allocation_throughput":3.22551e+06,"new_space_survive_rate":0,"allocated":8355112,"promoted":0,"new_space_survived":0,"nodes_died_in_new":0,"nodes_copied_in_new":0,"nodes_promoted":0,"promotion_ratio":0,"average_survival_ratio":0.000801135,"promotion_rate":0,"during_sweeping":false,"heap.prologue":0,"heap.epilogue":0,"heap.external.prologue":0,"heap.external.epilogue":0,"heap.external_weak_global_handles":0,"complete.sweep_array_buffers":0,"scavenge":0.013,"scavenge.free_remembered_set":0,"scavenge.roots":0.002,"scavenge.weak":0,"scavenge.weak_global_handles.identify":0,"scavenge.weak_global_handles.process":0,"scavenge.parallel":0,"scavenge.pin_objects_conservative":0,"scavenge.pin_objects_precise":0,"scavenge.restore_pinned":0,"scavenge.sweep_array_buffers":0,"scavenge.resize_new_space":0,"background.scavenge.parallel":0,"incremental.steps_count":0,"incremental.steps_took":0,"scavenge_throughput":2255.03,"quarantined_size":0,"quarantined_pages":0}
[75261:0xc0d80c000:0]      666 ms: GC: {"pause":0.015,"mutator":1.803,"gc":"s","reduce_memory":false,"time_to_safepoint":0,"stack":true,"reason":"allocation failure","collector_reason":"","start_object_size":27025232,"end_object_size":18670008,"start_memory_size":36929536,"end_memory_size":36929536,"start_holes_size":1458408,"end_holes_size":1458408,"pool_local_chunks":0,"pool_shared_chunks":0,"pool_total_chunks":0,"new_space_capacity":8388608,"old_gen_allocation_limit":59707072,"global_allocation_limit":59707168,"allocation_throughput":3.2493e+06,"new_space_allocation_throughput":3.24323e+06,"new_space_survive_rate":0.00352881,"allocated":8388096,"promoted":0,"new_space_survived":296,"nodes_died_in_new":0,"nodes_copied_in_new":0,"nodes_promoted":0,"promotion_ratio":0,"average_survival_ratio":0.00115402,"promotion_rate":0,"during_sweeping":false,"heap.prologue":0,"heap.epilogue":0,"heap.external.prologue":0,"heap.external.epilogue":0,"heap.external_weak_global_handles":0,"complete.sweep_array_buffers":0,"scavenge":0.013,"scavenge.free_remembered_set":0,"scavenge.roots":0.003,"scavenge.weak":0,"scavenge.weak_global_handles.identify":0,"scavenge.weak_global_handles.process":0,"scavenge.parallel":0.001,"scavenge.pin_objects_conservative":0,"scavenge.pin_objects_precise":0,"scavenge.restore_pinned":0,"scavenge.sweep_array_buffers":0,"scavenge.resize_new_space":0,"background.scavenge.parallel":0,"incremental.steps_count":0,"incremental.steps_took":0,"scavenge_throughput":3281.36,"quarantined_size":0,"quarantined_pages":0}
[75261:0xc0d80c000:0]      667 ms: GC: {"pause":0.018,"mutator":1.866,"gc":"s","reduce_memory":false,"time_to_safepoint":0,"stack":true,"reason":"allocation failure","collector_reason":"","start_object_size":27025232,"end_object_size":18669968,"start_memory_size":36929536,"end_memory_size":36929536,"start_holes_size":1458408,"end_holes_size":1458408,"pool_local_chunks":0,"pool_shared_chunks":0,"pool_total_chunks":0,"new_space_capacity":8388608,"old_gen_allocation_limit":59707072,"global_allocation_limit":59707168,"allocation_throughput":3.26506e+06,"new_space_allocation_throughput":3.25907e+06,"new_space_survive_rate":0.00257508,"allocated":8355224,"promoted":0,"new_space_survived":216,"nodes_died_in_new":0,"nodes_copied_in_new":0,"nodes_promoted":0,"promotion_ratio":0,"average_survival_ratio":0.00141152,"promotion_rate":0,"during_sweeping":false,"heap.prologue":0,"heap.epilogue":0,"heap.external.prologue":0,"heap.external.epilogue":0,"heap.external_weak_global_handles":0,"complete.sweep_array_buffers":0,"scavenge":0.015,"scavenge.free_remembered_set":0,"scavenge.roots":0.003,"scavenge.weak":0,"scavenge.weak_global_handles.identify":0,"scavenge.weak_global_handles.process":0,"scavenge.parallel":0.001,"scavenge.pin_objects_conservative":0,"scavenge.pin_objects_precise":0,"scavenge.restore_pinned":0,"scavenge.sweep_array_buffers":0,"scavenge.resize_new_space":0,"background.scavenge.parallel":0,"incremental.steps_count":0,"incremental.steps_took":0,"scavenge_throughput":5357.47,"quarantined_size":0,"quarantined_pages":0}
[75261:0xc0d80c000:0]      670 ms: GC: {"pause":0.097,"mutator":2.28,"gc":"s","reduce_memory":false,"time_to_safepoint":0,"stack":true,"reason":"allocation failure","collector_reason":"","start_object_size":27025232,"end_object_size":18670008,"start_memory_size":36929536,"end_memory_size":36929536,"start_holes_size":1458408,"end_holes_size":1458408,"pool_local_chunks":0,"pool_shared_chunks":0,"pool_total_chunks":0,"new_space_capacity":8388608,"old_gen_allocation_limit":59707072,"global_allocation_limit":59707168,"allocation_throughput":3.27133e+06,"new_space_allocation_throughput":3.26543e+06,"new_space_survive_rate":0.00352881,"allocated":8355264,"promoted":0,"new_space_survived":296,"nodes_died_in_new":0,"nodes_copied_in_new":0,"nodes_promoted":0,"promotion_ratio":0,"average_survival_ratio":0.00176441,"promotion_rate":0,"during_sweeping":false,"heap.prologue":0,"heap.epilogue":0.001,"heap.external.prologue":0,"heap.external.epilogue":0,"heap.external_weak_global_handles":0,"complete.sweep_array_buffers":0,"scavenge":0.086,"scavenge.free_remembered_set":0,"scavenge.roots":0.01,"scavenge.weak":0,"scavenge.weak_global_handles.identify":0.001,"scavenge.weak_global_handles.process":0,"scavenge.parallel":0.025,"scavenge.pin_objects_conservative":0,"scavenge.pin_objects_precise":0,"scavenge.restore_pinned":0.003,"scavenge.sweep_array_buffers":0,"scavenge.resize_new_space":0,"background.scavenge.parallel":0.004,"incremental.steps_count":0,"incremental.steps_took":0,"scavenge_throughput":5174.83,"quarantined_size":0,"quarantined_pages":0}
[75261:0xc0d80c000:0]      672 ms: GC: {"pause":0.042,"mutator":1.953,"gc":"s","reduce_memory":false,"time_to_safepoint":0,"stack":true,"reason":"allocation failure","collector_reason":"","start_object_size":27025232,"end_object_size":18670008,"start_memory_size":36929536,"end_memory_size":36929536,"start_holes_size":1458408,"end_holes_size":1458408,"pool_local_chunks":0,"pool_shared_chunks":0,"pool_total_chunks":0,"new_space_capacity":8388608,"old_gen_allocation_limit":59707072,"global_allocation_limit":59707168,"allocation_throughput":3.28482e+06,"new_space_allocation_throughput":3.279e+06,"new_space_survive_rate":0.00352881,"allocated":8355224,"promoted":0,"new_space_survived":296,"nodes_died_in_new":0,"nodes_copied_in_new":0,"nodes_promoted":0,"promotion_ratio":0,"average_survival_ratio":0.00211729,"promotion_rate":0,"during_sweeping":false,"heap.prologue":0,"heap.epilogue":0,"heap.external.prologue":0,"heap.external.epilogue":0,"heap.external_weak_global_handles":0,"complete.sweep_array_buffers":0,"scavenge":0.035,"scavenge.free_remembered_set":0,"scavenge.roots":0.007,"scavenge.weak":0,"scavenge.weak_global_handles.identify":0,"scavenge.weak_global_handles.process":0.001,"scavenge.parallel":0.001,"scavenge.pin_objects_conservative":0,"scavenge.pin_objects_precise":0,"scavenge.restore_pinned":0,"scavenge.sweep_array_buffers":0,"scavenge.resize_new_space":0,"background.scavenge.parallel":0,"incremental.steps_count":0,"incremental.steps_took":0,"scavenge_throughput":5785.02,"quarantined_size":0,"quarantined_pages":0}
[75261:0xc0d80c000:0]      674 ms: GC: {"pause":0.027,"mutator":1.885,"gc":"s","reduce_memory":false,"time_to_safepoint":0,"stack":true,"reason":"allocation failure","collector_reason":"","start_object_size":27025232,"end_object_size":18670008,"start_memory_size":36929536,"end_memory_size":36929536,"start_holes_size":1458408,"end_holes_size":1458408,"pool_local_chunks":0,"pool_shared_chunks":0,"pool_total_chunks":0,"new_space_capacity":8388608,"old_gen_allocation_limit":59707072,"global_allocation_limit":59707168,"allocation_throughput":3.29969e+06,"new_space_allocation_throughput":3.29395e+06,"new_space_survive_rate":0.00352881,"allocated":8355224,"promoted":0,"new_space_survived":296,"nodes_died_in_new":0,"nodes_copied_in_new":0,"nodes_promoted":0,"promotion_ratio":0,"average_survival_ratio":0.00211729,"promotion_rate":0,"during_sweeping":false,"heap.prologue":0,"heap.epilogue":0,"heap.external.prologue":0,"heap.external.epilogue":0,"heap.external_weak_global_handles":0,"complete.sweep_array_buffers":0,"scavenge":0.022,"scavenge.free_remembered_set":0,"scavenge.roots":0.005,"scavenge.weak":0,"scavenge.weak_global_handles.identify":0,"scavenge.weak_global_handles.process":0,"scavenge.parallel":0.001,"scavenge.pin_objects_conservative":0,"scavenge.pin_objects_precise":0,"scavenge.restore_pinned":0,"scavenge.sweep_array_buffers":0,"scavenge.resize_new_space":0,"background.scavenge.parallel":0,"incremental.steps_count":0,"incremental.steps_took":0,"scavenge_throughput":5620.25,"quarantined_size":0,"quarantined_pages":0}
[75261:0xc0d80c000:0]      676 ms: GC: {"pause":0.027,"mutator":1.929,"gc":"s","reduce_memory":false,"time_to_safepoint":0,"stack":true,"reason":"allocation failure","collector_reason":"","start_object_size":27025232,"end_object_size":18669968,"start_memory_size":36929536,"end_memory_size":36929536,"start_holes_size":1458408,"end_holes_size":1458408,"pool_local_chunks":0,"pool_shared_chunks":0,"pool_total_chunks":0,"new_space_capacity":8388608,"old_gen_allocation_limit":59707072,"global_allocation_limit":59707168,"allocation_throughput":3.3134e+06,"new_space_allocation_throughput":3.30773e+06,"new_space_survive_rate":0.00257508,"allocated":8355224,"promoted":0,"new_space_survived":216,"nodes_died_in_new":0,"nodes_copied_in_new":0,"nodes_promoted":0,"promotion_ratio":0,"average_survival_ratio":0.00237479,"promotion_rate":0,"during_sweeping":false,"heap.prologue":0,"heap.epilogue":0,"heap.external.prologue":0,"heap.external.epilogue":0,"heap.external_weak_global_handles":0,"complete.sweep_array_buffers":0,"scavenge":0.021,"scavenge.free_remembered_set":0,"scavenge.roots":0.005,"scavenge.weak":0,"scavenge.weak_global_handles.identify":0,"scavenge.weak_global_handles.process":0,"scavenge.parallel":0.001,"scavenge.pin_objects_conservative":0,"scavenge.pin_objects_precise":0,"scavenge.restore_pinned":0,"scavenge.sweep_array_buffers":0,"scavenge.resize_new_space":0,"background.scavenge.parallel":0,"incremental.steps_count":0,"incremental.steps_took":0,"scavenge_throughput":6073.17,"quarantined_size":0,"quarantined_pages":0}
[75261:0xc0d80c000:0]      678 ms: GC: {"pause":0.021,"mutator":1.867,"gc":"s","reduce_memory":false,"time_to_safepoint":0,"stack":true,"reason":"allocation failure","collector_reason":"","start_object_size":27025232,"end_object_size":18670008,"start_memory_size":36929536,"end_memory_size":36929536,"start_holes_size":1458408,"end_holes_size":1458408,"pool_local_chunks":0,"pool_shared_chunks":0,"pool_total_chunks":0,"new_space_capacity":8388608,"old_gen_allocation_limit":59707072,"global_allocation_limit":59707168,"allocation_throughput":3.32833e+06,"new_space_allocation_throughput":3.32274e+06,"new_space_survive_rate":0.00352881,"allocated":8355264,"promoted":0,"new_space_survived":296,"nodes_died_in_new":0,"nodes_copied_in_new":0,"nodes_promoted":0,"promotion_ratio":0,"average_survival_ratio":0.00272768,"promotion_rate":0,"during_sweeping":false,"heap.prologue":0,"heap.epilogue":0,"heap.external.prologue":0,"heap.external.epilogue":0,"heap.external_weak_global_handles":0,"complete.sweep_array_buffers":0,"scavenge":0.017,"scavenge.free_remembered_set":0,"scavenge.roots":0.003,"scavenge.weak":0,"scavenge.weak_global_handles.identify":0,"scavenge.weak_global_handles.process":0,"scavenge.parallel":0,"scavenge.pin_objects_conservative":0,"scavenge.pin_objects_precise":0,"scavenge.restore_pinned":0,"scavenge.sweep_array_buffers":0,"scavenge.resize_new_space":0,"background.scavenge.parallel":0,"incremental.steps_count":0,"incremental.steps_took":0,"scavenge_throughput":6850.3,"quarantined_size":0,"quarantined_pages":0}
[75261:0xc0d80c000:0]      681 ms: GC: {"pause":0.056,"mutator":3.422,"gc":"s","reduce_memory":false,"time_to_safepoint":0,"stack":true,"reason":"allocation failure","collector_reason":"","start_object_size":27025232,"end_object_size":18669968,"start_memory_size":36929536,"end_memory_size":36929536,"start_holes_size":1458408,"end_holes_size":1458408,"pool_local_chunks":0,"pool_shared_chunks":0,"pool_total_chunks":0,"new_space_capacity":8388608,"old_gen_allocation_limit":59707072,"global_allocation_limit":59707168,"allocation_throughput":3.30753e+06,"new_space_allocation_throughput":3.30207e+06,"new_space_survive_rate":0.00257508,"allocated":8355224,"promoted":0,"new_space_survived":216,"nodes_died_in_new":0,"nodes_copied_in_new":0,"nodes_promoted":0,"promotion_ratio":0,"average_survival_ratio":0.00298518,"promotion_rate":0,"during_sweeping":false,"heap.prologue":0,"heap.epilogue":0,"heap.external.prologue":0,"heap.external.epilogue":0,"heap.external_weak_global_handles":0,"complete.sweep_array_buffers":0,"scavenge":0.048,"scavenge.free_remembered_set":0,"scavenge.roots":0.011,"scavenge.weak":0,"scavenge.weak_global_handles.identify":0.001,"scavenge.weak_global_handles.process":0,"scavenge.parallel":0.001,"scavenge.pin_objects_conservative":0,"scavenge.pin_objects_precise":0,"scavenge.restore_pinned":0,"scavenge.sweep_array_buffers":0,"scavenge.resize_new_space":0,"background.scavenge.parallel":0,"incremental.steps_count":0,"incremental.steps_took":0,"scavenge_throughput":7321.64,"quarantined_size":0,"quarantined_pages":0}
[75261:0xc0d80c000:0]      689 ms: GC: {"pause":0.057,"mutator":7.445,"gc":"s","reduce_memory":false,"time_to_safepoint":0,"stack":true,"reason":"allocation failure","collector_reason":"","start_object_size":27025232,"end_object_size":18637136,"start_memory_size":36929536,"end_memory_size":36929536,"start_holes_size":1458408,"end_holes_size":1458408,"pool_local_chunks":0,"pool_shared_chunks":0,"pool_total_chunks":0,"new_space_capacity":8388608,"old_gen_allocation_limit":59707072,"global_allocation_limit":59707168,"allocation_throughput":3.19759e+06,"new_space_allocation_throughput":3.19241e+06,"new_space_survive_rate":0,"allocated":8355264,"promoted":0,"new_space_survived":0,"nodes_died_in_new":0,"nodes_copied_in_new":0,"nodes_promoted":0,"promotion_ratio":0,"average_survival_ratio":0.00253693,"promotion_rate":0,"during_sweeping":false,"heap.prologue":0,"heap.epilogue":0.001,"heap.external.prologue":0,"heap.external.epilogue":0,"heap.external_weak_global_handles":0,"complete.sweep_array_buffers":0,"scavenge":0.04,"scavenge.free_remembered_set":0,"scavenge.roots":0.009,"scavenge.weak":0,"scavenge.weak_global_handles.identify":0,"scavenge.weak_global_handles.process":0,"scavenge.parallel":0,"scavenge.pin_objects_conservative":0,"scavenge.pin_objects_precise":0,"scavenge.restore_pinned":0,"scavenge.sweep_array_buffers":0,"scavenge.resize_new_space":0,"background.scavenge.parallel":0,"incremental.steps_count":0,"incremental.steps_took":0,"scavenge_throughput":5674.67,"quarantined_size":0,"quarantined_pages":0}
[75261:0xc0d80c000:0]      694 ms: GC: {"pause":0.053,"mutator":5.096,"gc":"s","reduce_memory":false,"time_to_safepoint":0,"stack":true,"reason":"allocation failure","collector_reason":"","start_object_size":27025232,"end_object_size":18637136,"start_memory_size":36929536,"end_memory_size":36929536,"start_holes_size":1458408,"end_holes_size":1458408,"pool_local_chunks":0,"pool_shared_chunks":0,"pool_total_chunks":0,"new_space_capacity":8388608,"old_gen_allocation_limit":59707072,"global_allocation_limit":59707168,"allocation_throughput":3.1437e+06,"new_space_allocation_throughput":3.1387e+06,"new_space_survive_rate":0,"allocated":8388096,"promoted":0,"new_space_survived":0,"nodes_died_in_new":0,"nodes_copied_in_new":0,"nodes_promoted":0,"promotion_ratio":0,"average_survival_ratio":0.00253693,"promotion_rate":0,"during_sweeping":false,"heap.prologue":0,"heap.epilogue":0.001,"heap.external.prologue":0,"heap.external.epilogue":0,"heap.external_weak_global_handles":0,"complete.sweep_array_buffers":0,"scavenge":0.042,"scavenge.free_remembered_set":0,"scavenge.roots":0.009,"scavenge.weak":0,"scavenge.weak_global_handles.identify":0,"scavenge.weak_global_handles.process":0,"scavenge.parallel":0,"scavenge.pin_objects_conservative":0,"scavenge.pin_objects_precise":0,"scavenge.restore_pinned":0,"scavenge.sweep_array_buffers":0,"scavenge.resize_new_space":0,"background.scavenge.parallel":0,"incremental.steps_count":0,"incremental.steps_took":0,"scavenge_throughput":5152.54,"quarantined_size":0,"quarantined_pages":0}
[75261:0xc0d80c000:0]      696 ms: GC: {"pause":0.036,"mutator":2.137,"gc":"s","reduce_memory":false,"time_to_safepoint":0,"stack":true,"reason":"allocation failure","collector_reason":"","start_object_size":27025232,"end_object_size":18637136,"start_memory_size":36929536,"end_memory_size":36929536,"start_holes_size":1458408,"end_holes_size":1458408,"pool_local_chunks":0,"pool_shared_chunks":0,"pool_total_chunks":0,"new_space_capacity":8388608,"old_gen_allocation_limit":59707072,"global_allocation_limit":59707168,"allocation_throughput":3.15515e+06,"new_space_allocation_throughput":3.15022e+06,"new_space_survive_rate":0,"allocated":8388096,"promoted":0,"new_space_survived":0,"nodes_died_in_new":0,"nodes_copied_in_new":0,"nodes_promoted":0,"promotion_ratio":0,"average_survival_ratio":0.00218405,"promotion_rate":0,"during_sweeping":false,"heap.prologue":0,"heap.epilogue":0.001,"heap.external.prologue":0,"heap.external.epilogue":0,"heap.external_weak_global_handles":0,"complete.sweep_array_buffers":0,"scavenge":0.028,"scavenge.free_remembered_set":0,"scavenge.roots":0.006,"scavenge.weak":0,"scavenge.weak_global_handles.identify":0,"scavenge.weak_global_handles.process":0,"scavenge.parallel":0,"scavenge.pin_objects_conservative":0,"scavenge.pin_objects_precise":0,"scavenge.restore_pinned":0,"scavenge.sweep_array_buffers":0,"scavenge.resize_new_space":0,"background.scavenge.parallel":0,"incremental.steps_count":0,"incremental.steps_took":0,"scavenge_throughput":4221.2,"quarantined_size":0,"quarantined_pages":0}
[75261:0xc0d80c000:0]      718 ms: GC: {"pause":0.042,"mutator":21.66,"gc":"s","reduce_memory":false,"time_to_safepoint":0,"stack":true,"reason":"allocation failure","collector_reason":"","start_object_size":27025232,"end_object_size":18637136,"start_memory_size":36929536,"end_memory_size":36929536,"start_holes_size":1458408,"end_holes_size":1458408,"pool_local_chunks":0,"pool_shared_chunks":0,"pool_total_chunks":0,"new_space_capacity":8388608,"old_gen_allocation_limit":59707072,"global_allocation_limit":59707168,"allocation_throughput":2.76926e+06,"new_space_allocation_throughput":2.76502e+06,"new_space_survive_rate":0,"allocated":8388096,"promoted":0,"new_space_survived":0,"nodes_died_in_new":0,"nodes_copied_in_new":0,"nodes_promoted":0,"promotion_ratio":0,"average_survival_ratio":0.00192654,"promotion_rate":0,"during_sweeping":false,"heap.prologue":0,"heap.epilogue":0.001,"heap.external.prologue":0,"heap.external.epilogue":0,"heap.external_weak_global_handles":0,"complete.sweep_array_buffers":0,"scavenge":0.033,"scavenge.free_remembered_set":0,"scavenge.roots":0.006,"scavenge.weak":0,"scavenge.weak_global_handles.identify":0,"scavenge.weak_global_handles.process":0,"scavenge.parallel":0,"scavenge.pin_objects_conservative":0,"scavenge.pin_objects_precise":0,"scavenge.restore_pinned":0.001,"scavenge.sweep_array_buffers":0,"scavenge.resize_new_space":0,"background.scavenge.parallel":0,"incremental.steps_count":0,"incremental.steps_took":0,"scavenge_throughput":3528.38,"quarantined_size":0,"quarantined_pages":0}
[75261:0xc0d80c000:0]      720 ms: GC: {"pause":0.052,"mutator":2.441,"gc":"s","reduce_memory":false,"time_to_safepoint":0,"stack":true,"reason":"allocation failure","collector_reason":"","start_object_size":27025232,"end_object_size":18637136,"start_memory_size":36929536,"end_memory_size":36929536,"start_holes_size":1458408,"end_holes_size":1458408,"pool_local_chunks":0,"pool_shared_chunks":0,"pool_total_chunks":0,"new_space_capacity":8388608,"old_gen_allocation_limit":59707072,"global_allocation_limit":59707168,"allocation_throughput":2.78043e+06,"new_space_allocation_throughput":2.77626e+06,"new_space_survive_rate":0,"allocated":8388096,"promoted":0,"new_space_survived":0,"nodes_died_in_new":0,"nodes_copied_in_new":0,"nodes_promoted":0,"promotion_ratio":0,"average_survival_ratio":0.00157366,"promotion_rate":0,"during_sweeping":false,"heap.prologue":0,"heap.epilogue":0.001,"heap.external.prologue":0,"heap.external.epilogue":0,"heap.external_weak_global_handles":0,"complete.sweep_array_buffers":0,"scavenge":0.041,"scavenge.free_remembered_set":0,"scavenge.roots":0.009,"scavenge.weak":0,"scavenge.weak_global_handles.identify":0,"scavenge.weak_global_handles.process":0,"scavenge.parallel":0,"scavenge.pin_objects_conservative":0,"scavenge.pin_objects_precise":0,"scavenge.restore_pinned":0,"scavenge.sweep_array_buffers":0,"scavenge.resize_new_space":0,"background.scavenge.parallel":0,"incremental.steps_count":0,"incremental.steps_took":0,"scavenge_throughput":3196.13,"quarantined_size":0,"quarantined_pages":0}
[75261:0xc0d80c000:0]      722 ms: GC: {"pause":0.032,"mutator":1.878,"gc":"s","reduce_memory":false,"time_to_safepoint":0,"stack":true,"reason":"allocation failure","collector_reason":"","start_object_size":27025232,"end_object_size":18670008,"start_memory_size":36929536,"end_memory_size":36929536,"start_holes_size":1458408,"end_holes_size":1458408,"pool_local_chunks":0,"pool_shared_chunks":0,"pool_total_chunks":0,"new_space_capacity":8388608,"old_gen_allocation_limit":59707072,"global_allocation_limit":59707168,"allocation_throughput":2.8022e+06,"new_space_allocation_throughput":2.79808e+06,"new_space_survive_rate":0.00352881,"allocated":8388096,"promoted":0,"new_space_survived":296,"nodes_died_in_new":0,"nodes_copied_in_new":0,"nodes_promoted":0,"promotion_ratio":0,"average_survival_ratio":0.00157366,"promotion_rate":0,"during_sweeping":false,"heap.prologue":0,"heap.epilogue":0,"heap.external.prologue":0,"heap.external.epilogue":0,"heap.external_weak_global_handles":0,"complete.sweep_array_buffers":0,"scavenge":0.027,"scavenge.free_remembered_set":0,"scavenge.roots":0.007,"scavenge.weak":0,"scavenge.weak_global_handles.identify":0,"scavenge.weak_global_handles.process":0,"scavenge.parallel":0.002,"scavenge.pin_objects_conservative":0,"scavenge.pin_objects_precise":0,"scavenge.restore_pinned":0,"scavenge.sweep_array_buffers":0,"scavenge.resize_new_space":0,"background.scavenge.parallel":0,"incremental.steps_count":0,"incremental.steps_took":0,"scavenge_throughput":3275.43,"quarantined_size":0,"quarantined_pages":0}
[75261:0xc0d80c000:0]      724 ms: GC: {"pause":0.023,"mutator":1.853,"gc":"s","reduce_memory":false,"time_to_safepoint":0,"stack":true,"reason":"allocation failure","collector_reason":"","start_object_size":27025232,"end_object_size":18637136,"start_memory_size":36929536,"end_memory_size":36929536,"start_holes_size":1458408,"end_holes_size":1458408,"pool_local_chunks":0,"pool_shared_chunks":0,"pool_total_chunks":0,"new_space_capacity":8388608,"old_gen_allocation_limit":59707072,"global_allocation_limit":59707168,"allocation_throughput":2.82397e+06,"new_space_allocation_throughput":2.8199e+06,"new_space_survive_rate":0,"allocated":8355224,"promoted":0,"new_space_survived":0,"nodes_died_in_new":0,"nodes_copied_in_new":0,"nodes_promoted":0,"promotion_ratio":0,"average_survival_ratio":0.00122078,"promotion_rate":0,"during_sweeping":false,"heap.prologue":0,"heap.epilogue":0,"heap.external.prologue":0,"heap.external.epilogue":0,"heap.external_weak_global_handles":0,"complete.sweep_array_buffers":0,"scavenge":0.018,"scavenge.free_remembered_set":0,"scavenge.roots":0.003,"scavenge.weak":0,"scavenge.weak_global_handles.identify":0,"scavenge.weak_global_handles.process":0,"scavenge.parallel":0,"scavenge.pin_objects_conservative":0,"scavenge.pin_objects_precise":0,"scavenge.restore_pinned":0,"scavenge.sweep_array_buffers":0,"scavenge.resize_new_space":0,"background.scavenge.parallel":0,"incremental.steps_count":0,"incremental.steps_took":0,"scavenge_throughput":2566.42,"quarantined_size":0,"quarantined_pages":0}
[75261:0xc0d80c000:0]      726 ms: GC: {"pause":0.02,"mutator":1.85,"gc":"s","reduce_memory":false,"time_to_safepoint":0,"stack":true,"reason":"allocation failure","collector_reason":"","start_object_size":27025232,"end_object_size":18637136,"start_memory_size":36929536,"end_memory_size":36929536,"start_holes_size":1458408,"end_holes_size":1458408,"pool_local_chunks":0,"pool_shared_chunks":0,"pool_total_chunks":0,"new_space_capacity":8388608,"old_gen_allocation_limit":59707072,"global_allocation_limit":59707168,"allocation_throughput":2.84574e+06,"new_space_allocation_throughput":2.84172e+06,"new_space_survive_rate":0,"allocated":8388096,"promoted":0,"new_space_survived":0,"nodes_died_in_new":0,"nodes_copied_in_new":0,"nodes_promoted":0,"promotion_ratio":0,"average_survival_ratio":0.00096327,"promotion_rate":0,"during_sweeping":false,"heap.prologue":0,"heap.epilogue":0.001,"heap.external.prologue":0,"heap.external.epilogue":0,"heap.external_weak_global_handles":0,"complete.sweep_array_buffers":0,"scavenge":0.016,"scavenge.free_remembered_set":0,"scavenge.roots":0.003,"scavenge.weak":0,"scavenge.weak_global_handles.identify":0,"scavenge.weak_global_handles.process":0,"scavenge.parallel":0,"scavenge.pin_objects_conservative":0,"scavenge.pin_objects_precise":0,"scavenge.restore_pinned":0,"scavenge.sweep_array_buffers":0,"scavenge.resize_new_space":0,"background.scavenge.parallel":0,"incremental.steps_count":0,"incremental.steps_took":0,"scavenge_throughput":2061.22,"quarantined_size":0,"quarantined_pages":0}
[75261:0xc0d80c000:0]      728 ms: GC: {"pause":0.018,"mutator":1.863,"gc":"s","reduce_memory":false,"time_to_safepoint":0,"stack":true,"reason":"allocation failure","collector_reason":"","start_object_size":27025232,"end_object_size":18637136,"start_memory_size":36929536,"end_memory_size":36929536,"start_holes_size":1458408,"end_holes_size":1458408,"pool_local_chunks":0,"pool_shared_chunks":0,"pool_total_chunks":0,"new_space_capacity":8388608,"old_gen_allocation_limit":59707072,"global_allocation_limit":59707168,"allocation_throughput":2.86697e+06,"new_space_allocation_throughput":2.86301e+06,"new_space_survive_rate":0,"allocated":8388096,"promoted":0,"new_space_survived":0,"nodes_died_in_new":0,"nodes_copied_in_new":0,"nodes_promoted":0,"promotion_ratio":0,"average_survival_ratio":0.000610389,"promotion_rate":0,"during_sweeping":false,"heap.prologue":0,"heap.epilogue":0.001,"heap.external.prologue":0,"heap.external.epilogue":0,"heap.external_weak_global_handles":0,"complete.sweep_array_buffers":0,"scavenge":0.014,"scavenge.free_remembered_set":0,"scavenge.roots":0.003,"scavenge.weak":0,"scavenge.weak_global_handles.identify":0,"scavenge.weak_global_handles.process":0,"scavenge.parallel":0,"scavenge.pin_objects_conservative":0,"scavenge.pin_objects_precise":0,"scavenge.restore_pinned":0,"scavenge.sweep_array_buffers":0,"scavenge.resize_new_space":0,"background.scavenge.parallel":0,"incremental.steps_count":0,"incremental.steps_took":0,"scavenge_throughput":1316.2,"quarantined_size":0,"quarantined_pages":0}
[75261:0xc0d80c000:0]      730 ms: GC: {"pause":0.097,"mutator":2.344,"gc":"s","reduce_memory":false,"time_to_safepoint":0,"stack":true,"reason":"allocation failure","collector_reason":"","start_object_size":27025232,"end_object_size":18670120,"start_memory_size":36929536,"end_memory_size":36929536,"start_holes_size":1458408,"end_holes_size":1458408,"pool_local_chunks":0,"pool_shared_chunks":0,"pool_total_chunks":0,"new_space_capacity":8388608,"old_gen_allocation_limit":59707072,"global_allocation_limit":59707168,"allocation_throughput":2.87842e+06,"new_space_allocation_throughput":2.87452e+06,"new_space_survive_rate":0.00448254,"allocated":8388096,"promoted":0,"new_space_survived":376,"nodes_died_in_new":0,"nodes_copied_in_new":0,"nodes_promoted":0,"promotion_ratio":0,"average_survival_ratio":0.000801135,"promotion_rate":0,"during_sweeping":false,"heap.prologue":0,"heap.epilogue":0.001,"heap.external.prologue":0,"heap.external.epilogue":0,"heap.external_weak_global_handles":0,"complete.sweep_array_buffers":0,"scavenge":0.088,"scavenge.free_remembered_set":0,"scavenge.roots":0.024,"scavenge.weak":0,"scavenge.weak_global_handles.identify":0,"scavenge.weak_global_handles.process":0,"scavenge.parallel":0.002,"scavenge.pin_objects_conservative":0,"scavenge.pin_objects_precise":0,"scavenge.restore_pinned":0.001,"scavenge.sweep_array_buffers":0,"scavenge.resize_new_space":0,"background.scavenge.parallel":0,"incremental.steps_count":0,"incremental.steps_took":0,"scavenge_throughput":1562.79,"quarantined_size":0,"quarantined_pages":0}
[75261:0xc0d80c000:0]      732 ms: GC: {"pause":0.04,"mutator":2.01,"gc":"s","reduce_memory":false,"time_to_safepoint":0,"stack":true,"reason":"allocation failure","collector_reason":"","start_object_size":27025232,"end_object_size":18637136,"start_memory_size":36929536,"end_memory_size":36929536,"start_holes_size":1458408,"end_holes_size":1458408,"pool_local_chunks":0,"pool_shared_chunks":0,"pool_total_chunks":0,"new_space_capacity":8388608,"old_gen_allocation_limit":59707072,"global_allocation_limit":59707168,"allocation_throughput":2.89609e+06,"new_space_allocation_throughput":2.89224e+06,"new_space_survive_rate":0,"allocated":8355112,"promoted":0,"new_space_survived":0,"nodes_died_in_new":0,"nodes_copied_in_new":0,"nodes_promoted":0,"promotion_ratio":0,"average_survival_ratio":0.000801135,"promotion_rate":0,"during_sweeping":false,"heap.prologue":0,"heap.epilogue":0.001,"heap.external.prologue":0,"heap.external.epilogue":0,"heap.external_weak_global_handles":0,"complete.sweep_array_buffers":0,"scavenge":0.032,"scavenge.free_remembered_set":0,"scavenge.roots":0.006,"scavenge.weak":0,"scavenge.weak_global_handles.identify":0,"scavenge.weak_global_handles.process":0,"scavenge.parallel":0,"scavenge.pin_objects_conservative":0,"scavenge.pin_objects_precise":0,"scavenge.restore_pinned":0,"scavenge.sweep_array_buffers":0,"scavenge.resize_new_space":0.001,"background.scavenge.parallel":0,"incremental.steps_count":0,"incremental.steps_took":0,"scavenge_throughput":1627.12,"quarantined_size":0,"quarantined_pages":0}
[75261:0xc0d80c000:0]      734 ms: GC: {"pause":0.027,"mutator":1.8,"gc":"s","reduce_memory":false,"time_to_safepoint":0,"stack":true,"reason":"allocation failure","collector_reason":"","start_object_size":27025232,"end_object_size":18670008,"start_memory_size":36929536,"end_memory_size":36929536,"start_holes_size":1458408,"end_holes_size":1458408,"pool_local_chunks":0,"pool_shared_chunks":0,"pool_total_chunks":0,"new_space_capacity":8388608,"old_gen_allocation_limit":59707072,"global_allocation_limit":59707168,"allocation_throughput":2.91794e+06,"new_space_allocation_throughput":2.91414e+06,"new_space_survive_rate":0.00352881,"allocated":8388096,"promoted":0,"new_space_survived":296,"nodes_died_in_new":0,"nodes_copied_in_new":0,"nodes_promoted":0,"promotion_ratio":0,"average_survival_ratio":0.00115402,"promotion_rate":0,"during_sweeping":false,"heap.prologue":0,"heap.epilogue":0.001,"heap.external.prologue":0,"heap.external.epilogue":0,"heap.external_weak_global_handles":0,"complete.sweep_array_buffers":0,"scavenge":0.023,"scavenge.free_remembered_set":0,"scavenge.roots":0.005,"scavenge.weak":0,"scavenge.weak_global_handles.identify":0,"scavenge.weak_global_handles.process":0,"scavenge.parallel":0.001,"scavenge.pin_objects_conservative":0,"scavenge.pin_objects_precise":0,"scavenge.restore_pinned":0,"scavenge.sweep_array_buffers":0,"scavenge.resize_new_space":0.001,"background.scavenge.parallel":0,"incremental.steps_count":0,"incremental.steps_took":0,"scavenge_throughput":2501.29,"quarantined_size":0,"quarantined_pages":0}
[75261:0xc0d80c000:0]      736 ms: GC: {"pause":0.024,"mutator":2.042,"gc":"s","reduce_memory":false,"time_to_safepoint":0,"stack":true,"reason":"allocation failure","collector_reason":"","start_object_size":27025232,"end_object_size":18669968,"start_memory_size":36929536,"end_memory_size":36929536,"start_holes_size":1458408,"end_holes_size":1458408,"pool_local_chunks":0,"pool_shared_chunks":0,"pool_total_chunks":0,"new_space_capacity":8388608,"old_gen_allocation_limit":59707072,"global_allocation_limit":59707168,"allocation_throughput":2.93441e+06,"new_space_allocation_throughput":2.93067e+06,"new_space_survive_rate":0.00257508,"allocated":8355224,"promoted":0,"new_space_survived":216,"nodes_died_in_new":0,"nodes_copied_in_new":0,"nodes_promoted":0,"promotion_ratio":0,"average_survival_ratio":0.00141152,"promotion_rate":0,"during_sweeping":false,"heap.prologue":0,"heap.epilogue":0,"heap.external.prologue":0,"heap.external.epilogue":0,"heap.external_weak_global_handles":0,"complete.sweep_array_buffers":0,"scavenge":0.021,"scavenge.free_remembered_set":0,"scavenge.roots":0.006,"scavenge.weak":0,"scavenge.weak_global_handles.identify":0,"scavenge.weak_global_handles.process":0.001,"scavenge.parallel":0.001,"scavenge.pin_objects_conservative":0,"scavenge.pin_objects_precise":0,"scavenge.restore_pinned":0.001,"scavenge.sweep_array_buffers":0,"scavenge.resize_new_space":0,"background.scavenge.parallel":0,"incremental.steps_count":0,"incremental.steps_took":0,"scavenge_throughput":3157.33,"quarantined_size":0,"quarantined_pages":0}
[75261:0xc0d80c000:0]      738 ms: GC: {"pause":0.025,"mutator":2.023,"gc":"s","reduce_memory":false,"time_to_safepoint":0,"stack":true,"reason":"allocation failure","collector_reason":"","start_object_size":27025232,"end_object_size":18670008,"start_memory_size":36929536,"end_memory_size":36929536,"start_holes_size":1458408,"end_holes_size":1458408,"pool_local_chunks":0,"pool_shared_chunks":0,"pool_total_chunks":0,"new_space_capacity":8388608,"old_gen_allocation_limit":59707072,"global_allocation_limit":59707168,"allocation_throughput":2.95106e+06,"new_space_allocation_throughput":2.94737e+06,"new_space_survive_rate":0.00352881,"allocated":8355264,"promoted":0,"new_space_survived":296,"nodes_died_in_new":0,"nodes_copied_in_new":0,"nodes_promoted":0,"promotion_ratio":0,"average_survival_ratio":0.00176441,"promotion_rate":0,"during_sweeping":false,"heap.prologue":0,"heap.epilogue":0,"heap.external.prologue":0,"heap.external.epilogue":0,"heap.external_weak_global_handles":0,"complete.sweep_array_buffers":0,"scavenge":0.022,"scavenge.free_remembered_set":0,"scavenge.roots":0.005,"scavenge.weak":0,"scavenge.weak_global_handles.identify":0.001,"scavenge.weak_global_handles.process":0,"scavenge.parallel":0.001,"scavenge.pin_objects_conservative":0,"scavenge.pin_objects_precise":0,"scavenge.restore_pinned":0.001,"scavenge.sweep_array_buffers":0,"scavenge.resize_new_space":0,"background.scavenge.parallel":0,"incremental.steps_count":0,"incremental.steps_took":0,"scavenge_throughput":4134.08,"quarantined_size":0,"quarantined_pages":0}
[75261:0xc0d80c000:0]      740 ms: GC: {"pause":0.048,"mutator":2.341,"gc":"s","reduce_memory":false,"time_to_safepoint":0,"stack":true,"reason":"allocation failure","collector_reason":"","start_object_size":27025232,"end_object_size":18670008,"start_memory_size":36929536,"end_memory_size":36929536,"start_holes_size":1458408,"end_holes_size":1458408,"pool_local_chunks":0,"pool_shared_chunks":0,"pool_total_chunks":0,"new_space_capacity":8388608,"old_gen_allocation_limit":59707072,"global_allocation_limit":59707168,"allocation_throughput":2.96101e+06,"new_space_allocation_throughput":2.95738e+06,"new_space_survive_rate":0.00352881,"allocated":8355224,"promoted":0,"new_space_survived":296,"nodes_died_in_new":0,"nodes_copied_in_new":0,"nodes_promoted":0,"promotion_ratio":0,"average_survival_ratio":0.00211729,"promotion_rate":0,"during_sweeping":false,"heap.prologue":0,"heap.epilogue":0.001,"heap.external.prologue":0,"heap.external.epilogue":0,"heap.external_weak_global_handles":0,"complete.sweep_array_buffers":0,"scavenge":0.04,"scavenge.free_remembered_set":0,"scavenge.roots":0.008,"scavenge.weak":0,"scavenge.weak_global_handles.identify":0,"scavenge.weak_global_handles.process":0,"scavenge.parallel":0.002,"scavenge.pin_objects_conservative":0,"scavenge.pin_objects_precise":0,"scavenge.restore_pinned":0,"scavenge.sweep_array_buffers":0,"scavenge.resize_new_space":0,"background.scavenge.parallel":0,"incremental.steps_count":0,"incremental.steps_took":0,"scavenge_throughput":5016.95,"quarantined_size":0,"quarantined_pages":0}
[75261:0xc0d80c000:0]      742 ms: GC: {"pause":0.028,"mutator":1.837,"gc":"s","reduce_memory":false,"time_to_safepoint":0,"stack":true,"reason":"allocation failure","collector_reason":"","start_object_size":27025232,"end_object_size":18670008,"start_memory_size":36929536,"end_memory_size":36929536,"start_holes_size":1458408,"end_holes_size":1458408,"pool_local_chunks":0,"pool_shared_chunks":0,"pool_total_chunks":0,"new_space_capacity":8388608,"old_gen_allocation_limit":59707072,"global_allocation_limit":59707168,"allocation_throughput":2.98107e+06,"new_space_allocation_throughput":2.97749e+06,"new_space_survive_rate":0.00352881,"allocated":8355224,"promoted":0,"new_space_survived":296,"nodes_died_in_new":0,"nodes_copied_in_new":0,"nodes_promoted":0,"promotion_ratio":0,"average_survival_ratio":0.00211729,"promotion_rate":0,"during_sweeping":false,"heap.prologue":0,"heap.epilogue":0,"heap.external.prologue":0,"heap.external.epilogue":0,"heap.external_weak_global_handles":0,"complete.sweep_array_buffers":0,"scavenge":0.024,"scavenge.free_remembered_set":0,"scavenge.roots":0.006,"scavenge.weak":0,"scavenge.weak_global_handles.identify":0,"scavenge.weak_global_handles.process":0,"scavenge.parallel":0.001,"scavenge.pin_objects_conservative":0,"scavenge.pin_objects_precise":0,"scavenge.restore_pinned":0.001,"scavenge.sweep_array_buffers":0,"scavenge.resize_new_space":0.001,"background.scavenge.parallel":0,"incremental.steps_count":0,"incremental.steps_took":0,"scavenge_throughput":5074.29,"quarantined_size":0,"quarantined_pages":0}
[75261:0xc0d80c000:0]      744 ms: GC: {"pause":0.022,"mutator":1.927,"gc":"s","reduce_memory":false,"time_to_safepoint":0,"stack":true,"reason":"allocation failure","collector_reason":"","start_object_size":27025232,"end_object_size":18669968,"start_memory_size":36929536,"end_memory_size":36929536,"start_holes_size":1458408,"end_holes_size":1458408,"pool_local_chunks":0,"pool_shared_chunks":0,"pool_total_chunks":0,"new_space_capacity":8388608,"old_gen_allocation_limit":59707072,"global_allocation_limit":59707168,"allocation_throughput":2.99905e+06,"new_space_allocation_throughput":2.99551e+06,"new_space_survive_rate":0.00257508,"allocated":8355224,"promoted":0,"new_space_survived":216,"nodes_died_in_new":0,"nodes_copied_in_new":0,"nodes_promoted":0,"promotion_ratio":0,"average_survival_ratio":0.00237479,"promotion_rate":0,"during_sweeping":false,"heap.prologue":0,"heap.epilogue":0.001,"heap.external.prologue":0,"heap.external.epilogue":0,"heap.external_weak_global_handles":0,"complete.sweep_array_buffers":0,"scavenge":0.017,"scavenge.free_remembered_set":0,"scavenge.roots":0.004,"scavenge.weak":0,"scavenge.weak_global_handles.identify":0,"scavenge.weak_global_handles.process":0,"scavenge.parallel":0.001,"scavenge.pin_objects_conservative":0,"scavenge.pin_objects_precise":0,"scavenge.restore_pinned":0,"scavenge.sweep_array_buffers":0,"scavenge.resize_new_space":0,"background.scavenge.parallel":0,"incremental.steps_count":0,"incremental.steps_took":0,"scavenge_throughput":5707.74,"quarantined_size":0,"quarantined_pages":0}
[75261:0xc0d80c000:0]      746 ms: GC: {"pause":0.031,"mutator":1.822,"gc":"s","reduce_memory":false,"time_to_safepoint":0,"stack":true,"reason":"allocation failure","collector_reason":"","start_object_size":27025232,"end_object_size":18670008,"start_memory_size":36929536,"end_memory_size":36929536,"start_holes_size":1458408,"end_holes_size":1458408,"pool_local_chunks":0,"pool_shared_chunks":0,"pool_total_chunks":0,"new_space_capacity":8388608,"old_gen_allocation_limit":59707072,"global_allocation_limit":59707168,"allocation_throughput":3.01894e+06,"new_space_allocation_throughput":3.01545e+06,"new_space_survive_rate":0.00352881,"allocated":8355264,"promoted":0,"new_space_survived":296,"nodes_died_in_new":0,"nodes_copied_in_new":0,"nodes_promoted":0,"promotion_ratio":0,"average_survival_ratio":0.00272768,"promotion_rate":0,"during_sweeping":false,"heap.prologue":0,"heap.epilogue":0,"heap.external.prologue":0,"heap.external.epilogue":0,"heap.external_weak_global_handles":0,"complete.sweep_array_buffers":0,"scavenge":0.028,"scavenge.free_remembered_set":0,"scavenge.roots":0.005,"scavenge.weak":0,"scavenge.weak_global_handles.identify":0,"scavenge.weak_global_handles.process":0,"scavenge.parallel":0.001,"scavenge.pin_objects_conservative":0,"scavenge.pin_objects_precise":0,"scavenge.restore_pinned":0,"scavenge.sweep_array_buffers":0,"scavenge.resize_new_space":0,"background.scavenge.parallel":0,"incremental.steps_count":0,"incremental.steps_took":0,"scavenge_throughput":6355.56,"quarantined_size":0,"quarantined_pages":0}
[75261:0xc0d80c000:0]      748 ms: GC: {"pause":0.014,"mutator":1.823,"gc":"s","reduce_memory":false,"time_to_safepoint":0,"stack":true,"reason":"allocation failure","collector_reason":"","start_object_size":27025232,"end_object_size":18669968,"start_memory_size":36929536,"end_memory_size":36929536,"start_holes_size":1458408,"end_holes_size":1458408,"pool_local_chunks":0,"pool_shared_chunks":0,"pool_total_chunks":0,"new_space_capacity":8388608,"old_gen_allocation_limit":59707072,"global_allocation_limit":59707168,"allocation_throughput":3.03858e+06,"new_space_allocation_throughput":3.03513e+06,"new_space_survive_rate":0.00257508,"allocated":8355224,"promoted":0,"new_space_survived":216,"nodes_died_in_new":0,"nodes_copied_in_new":0,"nodes_promoted":0,"promotion_ratio":0,"average_survival_ratio":0.00298518,"promotion_rate":0,"during_sweeping":false,"heap.prologue":0,"heap.epilogue":0,"heap.external.prologue":0,"heap.external.epilogue":0,"heap.external_weak_global_handles":0,"complete.sweep_array_buffers":0,"scavenge":0.012,"scavenge.free_remembered_set":0,"scavenge.roots":0.002,"scavenge.weak":0,"scavenge.weak_global_handles.identify":0,"scavenge.weak_global_handles.process":0,"scavenge.parallel":0,"scavenge.pin_objects_conservative":0,"scavenge.pin_objects_precise":0,"scavenge.restore_pinned":0,"scavenge.sweep_array_buffers":0,"scavenge.resize_new_space":0,"background.scavenge.parallel":0,"incremental.steps_count":0,"incremental.steps_took":0,"scavenge_throughput":7033.71,"quarantined_size":0,"quarantined_pages":0}
[75261:0xc0d80c000:0]      750 ms: GC: {"pause":0.052,"mutator":2.087,"gc":"s","reduce_memory":false,"time_to_safepoint":0,"stack":true,"reason":"allocation failure","collector_reason":"","start_object_size":27025232,"end_object_size":18637136,"start_memory_size":36929536,"end_memory_size":36929536,"start_holes_size":1458408,"end_holes_size":1458408,"pool_local_chunks":0,"pool_shared_chunks":0,"pool_total_chunks":0,"new_space_capacity":8388608,"old_gen_allocation_limit":59707072,"global_allocation_limit":59707168,"allocation_throughput":3.05244e+06,"new_space_allocation_throughput":3.04904e+06,"new_space_survive_rate":0,"allocated":8355264,"promoted":0,"new_space_survived":0,"nodes_died_in_new":0,"nodes_copied_in_new":0,"nodes_promoted":0,"promotion_ratio":0,"average_survival_ratio":0.00253693,"promotion_rate":0,"during_sweeping":false,"heap.prologue":0,"heap.epilogue":0.001,"heap.external.prologue":0,"heap.external.epilogue":0,"heap.external_weak_global_handles":0,"complete.sweep_array_buffers":0,"scavenge":0.043,"scavenge.free_remembered_set":0,"scavenge.roots":0.01,"scavenge.weak":0,"scavenge.weak_global_handles.identify":0,"scavenge.weak_global_handles.process":0,"scavenge.parallel":0,"scavenge.pin_objects_conservative":0,"scavenge.pin_objects_precise":0,"scavenge.restore_pinned":0.001,"scavenge.sweep_array_buffers":0,"scavenge.resize_new_space":0,"background.scavenge.parallel":0,"incremental.steps_count":0,"incremental.steps_took":0,"scavenge_throughput":6842.44,"quarantined_size":0,"quarantined_pages":0}
[75261:0xc0d80c000:0]      752 ms: GC: {"pause":0.054,"mutator":1.999,"gc":"s","reduce_memory":false,"time_to_safepoint":0,"stack":true,"reason":"allocation failure","collector_reason":"","start_object_size":27025232,"end_object_size":18637136,"start_memory_size":36929536,"end_memory_size":36929536,"start_holes_size":1458408,"end_holes_size":1458408,"pool_local_chunks":0,"pool_shared_chunks":0,"pool_total_chunks":0,"new_space_capacity":8388608,"old_gen_allocation_limit":59707072,"global_allocation_limit":59707168,"allocation_throughput":3.06816e+06,"new_space_allocation_throughput":3.0648e+06,"new_space_survive_rate":0,"allocated":8388096,"promoted":0,"new_space_survived":0,"nodes_died_in_new":0,"nodes_copied_in_new":0,"nodes_promoted":0,"promotion_ratio":0,"average_survival_ratio":0.00253693,"promotion_rate":0,"during_sweeping":false,"heap.prologue":0,"heap.epilogue":0.001,"heap.external.prologue":0,"heap.external.epilogue":0,"heap.external_weak_global_handles":0,"complete.sweep_array_buffers":0,"scavenge":0.048,"scavenge.free_remembered_set":0,"scavenge.roots":0.005,"scavenge.weak":0,"scavenge.weak_global_handles.identify":0,"scavenge.weak_global_handles.process":0,"scavenge.parallel":0,"scavenge.pin_objects_conservative":0,"scavenge.pin_objects_precise":0,"scavenge.restore_pinned":0,"scavenge.sweep_array_buffers":0,"scavenge.resize_new_space":0,"background.scavenge.parallel":0,"incremental.steps_count":0,"incremental.steps_took":0,"scavenge_throughput":6547.69,"quarantined_size":0,"quarantined_pages":0}
[75261:0xc0d80c000:0]      754 ms: GC: {"pause":0.023,"mutator":1.83,"gc":"s","reduce_memory":false,"time_to_safepoint":0,"stack":true,"reason":"allocation failure","collector_reason":"","start_object_size":27025232,"end_object_size":18637136,"start_memory_size":36929536,"end_memory_size":36929536,"start_holes_size":1458408,"end_holes_size":1458408,"pool_local_chunks":0,"pool_shared_chunks":0,"pool_total_chunks":0,"new_space_capacity":8388608,"old_gen_allocation_limit":59707072,"global_allocation_limit":59707168,"allocation_throughput":3.08724e+06,"new_space_allocation_throughput":3.08393e+06,"new_space_survive_rate":0,"allocated":8388096,"promoted":0,"new_space_survived":0,"nodes_died_in_new":0,"nodes_copied_in_new":0,"nodes_promoted":0,"promotion_ratio":0,"average_survival_ratio":0.00218405,"promotion_rate":0,"during_sweeping":false,"heap.prologue":0,"heap.epilogue":0.001,"heap.external.prologue":0,"heap.external.epilogue":0,"heap.external_weak_global_handles":0,"complete.sweep_array_buffers":0,"scavenge":0.017,"scavenge.free_remembered_set":0,"scavenge.roots":0.005,"scavenge.weak":0,"scavenge.weak_global_handles.identify":0,"scavenge.weak_global_handles.process":0,"scavenge.parallel":0,"scavenge.pin_objects_conservative":0,"scavenge.pin_objects_precise":0,"scavenge.restore_pinned":0.001,"scavenge.sweep_array_buffers":0,"scavenge.resize_new_space":0,"background.scavenge.parallel":0,"incremental.steps_count":0,"incremental.steps_took":0,"scavenge_throughput":5707.17,"quarantined_size":0,"quarantined_pages":0}
[bailout (kind: deopt-eager, reason: Insufficient type feedback for generic named access): begin. deoptimizing 0x125ff2b2e6c1 <JSFunction (sfi = 0x1c9c3c47cb69)>, 0x017e64dfdca1 <Code TURBOFAN_JS>, opt id 192, bytecode offset 837, deopt exit 20, FP to SP delta 288, caller SP 0x00016d121750, pc 0x0001198ae98c]
{"mode":"staged","shape":"sequence","elapsedMs":388.60487499999994,"final":{"suggestions":[],"secondarySpans":[],"diagnostics":[],"liveDepth":0,"maxDepth":0,"src":"text-box:","value":[{"value":"text-box","span":{"start":0,"end":8}},{"value":":","span":{"start":8,"end":9}}],"offset":9,"isError":false,"furthest":0},"plan":{"terminals":754,"states":4838,"asciiAlphabet":27,"asciiCells":130626,"coldEdges":0,"tableBytes":271056}}
