[48350:0xc2d40c000]        8 ms: Scavenge 1.4 (3.0) -> 0.8 (3.5) MB, pooled: 0.0 MB, 0.26 / 0.00 ms (average mu = 1.000, current mu = 1.000) allocation failure;
[48350:0xc2d40c000]       12 ms: Scavenge 1.8 (4.0) -> 1.5 (4.8) MB, pooled: 0.0 MB, 0.18 / 0.00 ms (average mu = 1.000, current mu = 1.000) allocation failure;
[48350:0xc2d40c000]       22 ms: Scavenge 3.0 (5.1) -> 2.7 (5.9) MB, pooled: 0.0 MB, 0.22 / 0.00 ms (average mu = 1.000, current mu = 1.000) allocation failure;
[bailout (kind: deopt-eager, reason: wrong map): begin. deoptimizing 0x3d6e6da92fb9 <JSFunction next (sfi = 0x33694cf897c1)>, 0x34ec177417c9 <Code MAGLEV>, opt id 2, bytecode offset 3, deopt exit 0, FP to SP delta 32, caller SP 0x00016efa9aa8, pc 0x000117942814]
[48350:0xc2d40c000]       71 ms: Scavenge 7.9 (9.6) -> 6.9 (10.3) MB, pooled: 0.0 MB, 0.37 / 0.00 ms (average mu = 1.000, current mu = 1.000) allocation failure;
[48350:0xc2d40c000]       86 ms: Scavenge 9.0 (12.1) -> 8.4 (13.1) MB, pooled: 0.0 MB, 0.30 / 0.00 ms (average mu = 1.000, current mu = 1.000) allocation failure;
[bailout (kind: deopt-eager, reason: wrong map): begin. deoptimizing 0x044e65680d71 <JSFunction requireBuiltin (sfi = 0x33694cf9e749)>, 0x31b8d3342cf9 <Code MAGLEV>, opt id 6, bytecode offset 4, deopt exit 0, FP to SP delta 32, caller SP 0x00016efa5a60, pc 0x0001179623cc]
[bailout (kind: deopt-lazy, reason: (unknown)): begin. deoptimizing 0x044e65680d71 <JSFunction requireBuiltin (sfi = 0x33694cf9e749)>, 0x31b8d3342cf9 <Code MAGLEV>, opt id 6, bytecode offset 72, deopt exit 4, FP to SP delta 32, caller SP 0x00016efa61f0, pc 0x0001179623dc]
[48350:0xc2d40c000]      142 ms: Scavenge 14.1 (17.4) -> 12.3 (18.9) MB, pooled: 0.0 MB, 0.34 / 0.00 ms (average mu = 1.000, current mu = 1.000) allocation failure;
[48350:0xc2d40c000]      158 ms: Incremental Mark-Compact 14.1 (19.9) -> 10.9 (19.2) MB, pooled: 0.5 MB, 0.90 / 0.00 ms (+ 1.2 ms in 70 steps since start of marking, biggest step 0.1 ms, walltime since start of marking 2 ms) (average mu = 0.987, current mu = 0.987) finalize incremental marking via task; GC in old space requested
[bailout (kind: deopt-eager, reason: Insufficient type feedback for binary operation): begin. deoptimizing 0x023fe88c00f9 <JSFunction markTransferMode (sfi = 0x44e6568fe89)>, 0x2d29db8c0551 <Code MAGLEV>, opt id 21, bytecode offset 69, deopt exit 1, FP to SP delta 32, caller SP 0x00016efa15e0, pc 0x000117980af0]
[bailout (kind: deopt-eager, reason: Insufficient type feedback for compare operation): begin. deoptimizing 0x3c26446a8239 <JSFunction normalizeString (sfi = 0x44e656b4209)>, 0x31b8d3378dc1 <Code TURBOFAN_JS>, opt id 29, bytecode offset 266, deopt exit 8, FP to SP delta 96, caller SP 0x00016ef9f148, pc 0x000117939cfc]
[bailout (kind: deopt-eager, reason: Insufficient type feedback for binary operation): begin. deoptimizing 0x3c26446a8239 <JSFunction normalizeString (sfi = 0x44e656b4209)>, 0x31b8d337fe51 <Code MAGLEV>, opt id 35, bytecode offset 95, deopt exit 26, FP to SP delta 128, caller SP 0x00016ef9f148, pc 0x0001179c31d4]
[48350:0xc2d40c000]      327 ms: Scavenge 23.7 (26.6) -> 21.7 (26.8) MB, pooled: 0.0 MB, 0.53 / 0.01 ms (average mu = 0.987, current mu = 0.987) allocation failure;
[48350:0xc2d40c000]      368 ms: Incremental Mark-Compact 25.8 (31.8) -> 22.5 (32.2) MB, pooled: 0.0 MB, 1.59 / 0.00 ms (+ 0.0 ms in 6 steps since start of marking, biggest step 0.0 ms, walltime since start of marking 7 ms) (average mu = 0.990, current mu = 0.992) finalize incremental marking via stack guard; GC in old space requested
[48350:0xc2d40c000]      473 ms: Scavenge (during sweeping) 46.0 (51.2) -> 41.6 (51.7) MB, pooled: 0.0 MB, 0.43 / 0.00 ms (average mu = 0.990, current mu = 0.992) allocation failure;
[marking dependent code 0x17216b840bb1 <Code MAGLEV> (0x3e395d996349 <SharedFunctionInfo multiMapAdd>) (opt id 63) for deoptimization, reason: dependent allocation site tenuring changed]
[marking dependent code 0x31b8d3378921 <Code MAGLEV> (0x3e395d999799 <SharedFunctionInfo diag>) (opt id 60) for deoptimization, reason: dependent allocation site tenuring changed]
[48350:0xc2d40c000]      568 ms: Scavenge (during sweeping) 57.2 (66.9) -> 49.6 (70.4) MB, pooled: 0.0 MB, 1.07 / 0.00 ms (average mu = 0.990, current mu = 0.992) allocation failure;
[marking dependent code 0x22be92e02e91 <Code MAGLEV> (0x11d82a996341 <SharedFunctionInfo multiMapAdd>) (opt id 72) for deoptimization, reason: dependent allocation site tenuring changed]
[marking dependent code 0x22be92e00a39 <Code MAGLEV> (0x11d82a999791 <SharedFunctionInfo diag>) (opt id 69) for deoptimization, reason: dependent allocation site tenuring changed]
[bailout (kind: deopt-eager, reason: Insufficient type feedback for compare operation): begin. deoptimizing 0x3f00c57b41a1 <JSFunction Module._findPath (sfi = 0x3f00c57ad4f9)>, 0x18d2f74c1d49 <Code MAGLEV>, opt id 91, bytecode offset 191, deopt exit 16, FP to SP delta 144, caller SP 0x00016ef9d068, pc 0x0001179d38a4]
[marking dependent code 0x080b61e02611 <Code MAGLEV> (0x3b4f4ea1a059 <SharedFunctionInfo _>) (opt id 119) for deoptimization, reason: dependent prototype chain changed]
[marking dependent code 0x080b61e00401 <Code MAGLEV> (0x3b4f4ea1a0e9 <SharedFunctionInfo addCodeArg>) (opt id 117) for deoptimization, reason: dependent prototype chain changed]
[48350:0xc2d40c000]      657 ms: Scavenge (during sweeping) 64.0 (81.2) -> 55.8 (86.8) MB, pooled: 0.0 MB, 0.99 / 0.00 ms (average mu = 0.990, current mu = 0.992) allocation failure;
[bailout (kind: deopt-eager, reason: Insufficient type feedback for generic named access): begin. deoptimizing 0x2793f7440ce1 <JSFunction (sfi = 0x214c93681f29)>, 0x015d8c9c1dd1 <Code MAGLEV>, opt id 152, bytecode offset 65, deopt exit 1, FP to SP delta 64, caller SP 0x00016ef9ea78, pc 0x000117b414b8]
[bailout (kind: deopt-eager, reason: Insufficient type feedback for call): begin. deoptimizing 0x23d81962f5d1 <JSFunction __importStar (sfi = 0x53598105af9)>, 0x080b61e12dc1 <Code MAGLEV>, opt id 157, bytecode offset 90, deopt exit 11, FP to SP delta 112, caller SP 0x00016ef9e680, pc 0x000117a36d00]
[bailout (kind: deopt-eager, reason: Insufficient type feedback for call): begin. deoptimizing 0x19ae20f70971 <JSFunction __importStar (sfi = 0x53598122109)>, 0x080b61e13921 <Code MAGLEV>, opt id 160, bytecode offset 90, deopt exit 11, FP to SP delta 112, caller SP 0x00016ef9e270, pc 0x000117a37fc0]
[bailout (kind: deopt-eager, reason: Insufficient type feedback for call): begin. deoptimizing 0x2a27b07893f1 <JSFunction __importStar (sfi = 0x53598135bd1)>, 0x015d8c9c2931 <Code MAGLEV>, opt id 163, bytecode offset 90, deopt exit 11, FP to SP delta 112, caller SP 0x00016ef9e260, pc 0x000117a39280]
[bailout (kind: deopt-eager, reason: Insufficient type feedback for call): begin. deoptimizing 0x37cf946d8b51 <JSFunction __importStar (sfi = 0xed0dc5876d1)>, 0x015d8c9c3491 <Code MAGLEV>, opt id 166, bytecode offset 90, deopt exit 11, FP to SP delta 112, caller SP 0x00016ef9de70, pc 0x000117a3a540]
[bailout (kind: deopt-eager, reason: Insufficient type feedback for call): begin. deoptimizing 0x0a2f71cdead9 <JSFunction __importStar (sfi = 0xed0dc5983e1)>, 0x015d8c9c3ff1 <Code MAGLEV>, opt id 169, bytecode offset 90, deopt exit 11, FP to SP delta 112, caller SP 0x00016ef9da10, pc 0x000117a3b800]
[bailout (kind: deopt-eager, reason: Insufficient type feedback for call): begin. deoptimizing 0x3f025dd69569 <JSFunction __importStar (sfi = 0xed0dc5aa199)>, 0x015d8c9c4b51 <Code MAGLEV>, opt id 172, bytecode offset 90, deopt exit 11, FP to SP delta 112, caller SP 0x00016ef9de40, pc 0x000117b42760]
[bailout (kind: deopt-eager, reason: Insufficient type feedback for call): begin. deoptimizing 0x09dad1535411 <JSFunction __importStar (sfi = 0xed0dc5bab09)>, 0x2bc3b2f408f9 <Code MAGLEV>, opt id 175, bytecode offset 90, deopt exit 11, FP to SP delta 112, caller SP 0x00016ef9da40, pc 0x000117b44100]
[bailout (kind: deopt-eager, reason: Insufficient type feedback for call): begin. deoptimizing 0x0b2a865b6939 <JSFunction __importStar (sfi = 0x12985c88dfd1)>, 0x2bc3b2f41459 <Code MAGLEV>, opt id 178, bytecode offset 90, deopt exit 11, FP to SP delta 112, caller SP 0x00016ef9de00, pc 0x000117b453c0]
[bailout (kind: deopt-eager, reason: Insufficient type feedback for call): begin. deoptimizing 0x18323ee79219 <JSFunction __importStar (sfi = 0x12985c89e479)>, 0x2bc3b2f42371 <Code MAGLEV>, opt id 182, bytecode offset 90, deopt exit 11, FP to SP delta 112, caller SP 0x00016ef9da40, pc 0x000117b46b20]
[bailout (kind: deopt-eager, reason: Insufficient type feedback for call): begin. deoptimizing 0x224db60b0cb1 <JSFunction __importStar (sfi = 0x12985c8adcd1)>, 0x2bc3b2f42ed1 <Code MAGLEV>, opt id 185, bytecode offset 90, deopt exit 11, FP to SP delta 112, caller SP 0x00016ef9e2d0, pc 0x000117b47de0]
[bailout (kind: deopt-eager, reason: Insufficient type feedback for call): begin. deoptimizing 0x3f9e813f8a81 <JSFunction __importStar (sfi = 0x38247974bcb9)>, 0x2bc3b2f43a31 <Code MAGLEV>, opt id 188, bytecode offset 90, deopt exit 11, FP to SP delta 112, caller SP 0x00016ef9e2a0, pc 0x000117b80c60]
[bailout (kind: deopt-eager, reason: Insufficient type feedback for call): begin. deoptimizing 0x1be224478239 <JSFunction __importStar (sfi = 0x38247975c2a9)>, 0x2bc3b2f44591 <Code MAGLEV>, opt id 191, bytecode offset 90, deopt exit 11, FP to SP delta 112, caller SP 0x00016ef9e740, pc 0x000117b81f20]
[bailout (kind: deopt-eager, reason: Insufficient type feedback for call): begin. deoptimizing 0x27e058703b99 <JSFunction __importStar (sfi = 0x38247976c789)>, 0x2bc3b2f450f1 <Code MAGLEV>, opt id 194, bytecode offset 90, deopt exit 11, FP to SP delta 112, caller SP 0x00016ef9e350, pc 0x000117b831e0]
[bailout (kind: deopt-eager, reason: Insufficient type feedback for call): begin. deoptimizing 0x10e55c35ec21 <JSFunction __importStar (sfi = 0x1bee0d48dca1)>, 0x015d8c9c5b79 <Code MAGLEV>, opt id 200, bytecode offset 90, deopt exit 11, FP to SP delta 112, caller SP 0x00016ef9e290, pc 0x000117bc1940]
[bailout (kind: deopt-eager, reason: Insufficient type feedback for call): begin. deoptimizing 0x1405d3d9dee9 <JSFunction __importStar (sfi = 0x1bee0d49d549)>, 0x015d8c9c66d9 <Code MAGLEV>, opt id 203, bytecode offset 90, deopt exit 11, FP to SP delta 112, caller SP 0x00016ef9e270, pc 0x000117bc2c00]
[bailout (kind: deopt-eager, reason: Insufficient type feedback for call): begin. deoptimizing 0x2c9452628e11 <JSFunction __importStar (sfi = 0x1bee0d4ae0e9)>, 0x015d8c9c7239 <Code MAGLEV>, opt id 206, bytecode offset 90, deopt exit 11, FP to SP delta 112, caller SP 0x00016ef9e720, pc 0x000117bc3ec0]
[bailout (kind: deopt-eager, reason: Insufficient type feedback for call): begin. deoptimizing 0x29b3118b9611 <JSFunction __importStar (sfi = 0xb065ddcdc41)>, 0x015d8c9c88d1 <Code MAGLEV>, opt id 212, bytecode offset 90, deopt exit 11, FP to SP delta 112, caller SP 0x00016ef9e710, pc 0x000117bc6300]
[bailout (kind: deopt-eager, reason: Insufficient type feedback for call): begin. deoptimizing 0x10432eefc2e9 <JSFunction __importStar (sfi = 0xb065dddeb41)>, 0x015d8c9c9431 <Code MAGLEV>, opt id 215, bytecode offset 90, deopt exit 11, FP to SP delta 112, caller SP 0x00016ef9e6a0, pc 0x000117bc75c0]
[bailout (kind: deopt-eager, reason: Insufficient type feedback for call): begin. deoptimizing 0x023fe88c01e1 <JSFunction resolve (sfi = 0x44e656b4689)>, 0x393ef4402fd9 <Code MAGLEV>, opt id 36, bytecode offset 216, deopt exit 15, FP to SP delta 128, caller SP 0x00016efa1338, pc 0x000117a0ea78]
[marking dependent code 0x015d8c9c0279 <Code MAGLEV> (0x3b4f4ea1a299 <SharedFunctionInfo safeStringify>) (opt id 125) for deoptimization, reason: dependent prototype chain changed]
[48350:0xc2d40c000]      721 ms: Scavenge 84.3 (101.7) -> 66.9 (104.9) MB, pooled: 0.0 MB, 1.56 / 0.00 ms (average mu = 0.990, current mu = 0.992) allocation failure;
[marking dependent code 0x1815b7d01bb9 <Code MAGLEV> (0x044e656bcbf1 <SharedFunctionInfo #updateContext>) (opt id 17) for deoptimization, reason: dependent prototype chain changed]
[bailout (kind: deopt-eager, reason: Insufficient type feedback for generic named access): begin. deoptimizing 0x303229c6e9f9 <JSFunction encodeInteger (sfi = 0x20af755f40f9)>, 0x3d97ce9c2951 <Code MAGLEV>, opt id 228, bytecode offset 32, deopt exit 19, FP to SP delta 48, caller SP 0x00016efa1300, pc 0x000117bfce28]
[bailout (kind: deopt-eager, reason: Insufficient type feedback for generic named access): begin. deoptimizing 0x303229c6eae9 <JSFunction decode (sfi = 0x20af755f4189)>, 0x2a8dd88cd7c1 <Code MAGLEV>, opt id 251, bytecode offset 24, deopt exit 36, FP to SP delta 192, caller SP 0x00016efa1110, pc 0x000117ba5dbc]
[bailout (kind: deopt-eager, reason: Insufficient type feedback for generic named access): begin. deoptimizing 0x303229c6fbb1 <JSFunction originalPositionFor$1 (sfi = 0x20af755f52f9)>, 0x37295fc43c29 <Code MAGLEV>, opt id 260, bytecode offset 90, deopt exit 10, FP to SP delta 32, caller SP 0x00016efa12d8, pc 0x000117c405ac]
[bailout (kind: deopt-eager, reason: Insufficient type feedback for call): begin. deoptimizing 0x303229c6f809 <JSFunction addSegmentInternal (sfi = 0x20af755f4f51)>, 0x2a8dd88d2111 <Code MAGLEV>, opt id 272, bytecode offset 124, deopt exit 44, FP to SP delta 112, caller SP 0x00016efa1260, pc 0x000117babe64]
[bailout (kind: deopt-eager, reason: unexpected name in keyed access): begin. deoptimizing 0x303229c6f611 <JSFunction put (sfi = 0x20af755f4d59)>, 0x37295fc46d19 <Code MAGLEV>, opt id 271, bytecode offset 8, deopt exit 3, FP to SP delta 32, caller SP 0x00016efa1148, pc 0x000117c42be8]
[bailout (kind: deopt-eager, reason: unexpected name in keyed access): begin. deoptimizing 0x303229c6f5d1 <JSFunction get$2 (sfi = 0x20af755f4d11)>, 0x37295fc43649 <Code MAGLEV>, opt id 257, bytecode offset 8, deopt exit 2, FP to SP delta 32, caller SP 0x00016efa10b8, pc 0x000117bfff2c]
[bailout (kind: deopt-eager, reason: Insufficient type feedback for generic keyed access): begin. deoptimizing 0x303229c6f9c9 <JSFunction skipSource (sfi = 0x20af755f5149)>, 0x37295fc45751 <Code MAGLEV>, opt id 269, bytecode offset 35, deopt exit 13, FP to SP delta 32, caller SP 0x00016efa1148, pc 0x000117c419f8]
[bailout (kind: deopt-eager, reason: Insufficient type feedback for generic keyed access): begin. deoptimizing 0x303229c6eba9 <JSFunction encode$1 (sfi = 0x20af755f4261)>, 0x2a8dd88c9df1 <Code MAGLEV>, opt id 245, bytecode offset 227, deopt exit 56, FP to SP delta 176, caller SP 0x00016efa1270, pc 0x000117ba1f8c]
[marking dependent code 0x2a8dd88d6601 <Code MAGLEV> (0x20af755f4261 <SharedFunctionInfo encode$1>) (opt id 281) for deoptimization, reason: dependent property cell changed]
[marking dependent code 0x37295fc49651 <Code MAGLEV> (0x20af755f4261 <SharedFunctionInfo encode$1>) (opt id 280) for deoptimization, reason: dependent property cell changed]
[marking dependent code 0x3d97ce9d5499 <Code TURBOFAN_JS> (0x20af755f40b1 <SharedFunctionInfo decodeInteger>) (opt id 252) for deoptimization, reason: dependent property cell changed]
[marking dependent code 0x2a8dd88cbf79 <Code MAGLEV> (0x20af755f40b1 <SharedFunctionInfo decodeInteger>) (opt id 250) for deoptimization, reason: dependent property cell changed]
[marking dependent code 0x2a8dd88ca9f1 <Code MAGLEV> (0x20af755f40f9 <SharedFunctionInfo encodeInteger>) (opt id 246) for deoptimization, reason: dependent property cell changed]
[marking dependent code 0x2a8dd88c1849 <Code MAGLEV> (0x1e19ab806109 <SharedFunctionInfo convertNodeList>) (opt id 236) for deoptimization, reason: dependent property cell changed]
[marking dependent code 0x37295fc42ff1 <Code MAGLEV> (0x1e19ab806c49 <SharedFunctionInfo identifier>) (opt id 235) for deoptimization, reason: dependent property cell changed]
[marking dependent code 0x37295fc42841 <Code MAGLEV> (0x30aba855aec1 <SharedFunctionInfo convertString>) (opt id 233) for deoptimization, reason: dependent property cell changed]
[marking dependent code 0x2a8dd88c0389 <Code MAGLEV> (0x1e19ab805d89 <SharedFunctionInfo convertNode>) (opt id 232) for deoptimization, reason: dependent property cell changed]
[marking dependent code 0x37295fc40f91 <Code MAGLEV> (0x20af755f9db1 <SharedFunctionInfo B>) (opt id 231) for deoptimization, reason: dependent property cell changed]
[marking dependent code 0x37295fc407d1 <Code MAGLEV> (0x20af755f9db1 <SharedFunctionInfo B>) (opt id 230) for deoptimization, reason: dependent property cell changed]
[marking dependent code 0x3d97ce9c20b1 <Code MAGLEV> (0x02c3ab802e91 <SharedFunctionInfo write>) (opt id 227) for deoptimization, reason: dependent property cell changed]
[marking dependent code 0x015d8c9cf151 <Code MAGLEV> (0x3daa00a84a39 <SharedFunctionInfo isErrorStackTraceLimitWritable>) (opt id 226) for deoptimization, reason: dependent property cell changed]
[marking dependent code 0x015d8c9cec31 <Code MAGLEV> (0x3d6e6dabe369 <SharedFunctionInfo isBuildingSnapshot>) (opt id 225) for deoptimization, reason: dependent property cell changed]
[marking dependent code 0x22be92e07ea9 <Code MAGLEV> (0x3f00c57ac5d1 <SharedFunctionInfo wrapModuleLoad>) (opt id 85) for deoptimization, reason: dependent property cell changed]
[marking dependent code 0x2d29db8fff99 <Code MAGLEV> (0x3f00c57b35c1 <SharedFunctionInfo ensureTimerFlagsAreUpdated>) (opt id 47) for deoptimization, reason: dependent property cell changed]
[marking dependent code 0x3d97ce9c3169 <Code MAGLEV> (0x044e656bcbf1 <SharedFunctionInfo #updateContext>) (opt id 229) for deoptimization, reason: dependent property cell changed]
[marking dependent code 0x393ef4404d41 <Code MAGLEV> (0x3f00c57a0fe9 <SharedFunctionInfo realpathSync>) (opt id 40) for deoptimization, reason: dependent property cell changed]
[marking dependent code 0x1815b7d03209 <Code MAGLEV> (0x3f00c579f451 <SharedFunctionInfo isFileType>) (opt id 24) for deoptimization, reason: dependent property cell changed]
[marking dependent code 0x2a8dd88c6589 <Code MAGLEV> (0x30aba855e799 <SharedFunctionInfo enter>) (opt id 243) for deoptimization, reason: dependent field type changed]
[bailout (kind: deopt-eager, reason: Insufficient type feedback for call): begin. deoptimizing 0x3cec7f8aa029 <JSFunction enter (sfi = 0x30aba855e799)>, 0x37295fc4f7b9 <Code MAGLEV>, opt id 291, bytecode offset 734, deopt exit 67, FP to SP delta 64, caller SP 0x00016efa0c88, pc 0x000117c50478]
[bailout (kind: deopt-eager, reason: Insufficient type feedback for call): begin. deoptimizing 0x303229c6f391 <JSFunction decodedMappings (sfi = 0x20af755f4a89)>, 0x37295fc43ee1 <Code MAGLEV>, opt id 262, bytecode offset 8, deopt exit 2, FP to SP delta 32, caller SP 0x00016efa12e0, pc 0x000117c40804]
[bailout (kind: deopt-eager, reason: wrong map): begin. deoptimizing 0x303229c6fb71 <JSFunction traceMappings (sfi = 0x20af755f52b1)>, 0x3d97ce9dd509 <Code TURBOFAN_JS>, opt id 273, bytecode offset 0, deopt exit 36, FP to SP delta 464, caller SP 0x00016efa1400, pc 0x000117b78f54]
[bailout (kind: deopt-eager, reason: unexpected name in keyed access): begin. deoptimizing 0x303229c6f709 <JSFunction setSourceContent (sfi = 0x20af755f4e31)>, 0x37295fc45141 <Code MAGLEV>, opt id 267, bytecode offset 15, deopt exit 5, FP to SP delta 48, caller SP 0x00016efa12e0, pc 0x000117c41440]
[bailout (kind: deopt-eager, reason: prepare for on stack replacement (OSR)): begin. deoptimizing 0x303229c6eba9 <JSFunction encode$1 (sfi = 0x20af755f4261)>, 0x2a8dd88e2219 <Code MAGLEV>, opt id 305, bytecode offset 254, deopt exit 125, FP to SP delta 240, caller SP 0x00016efa1270, pc 0x000117c860c0]
[bailout (kind: deopt-eager, reason: wrong map): begin. deoptimizing 0x303229c6f809 <JSFunction addSegmentInternal (sfi = 0x20af755f4f51)>, 0x2a8dd88d49c9 <Code MAGLEV>, opt id 279, bytecode offset 0, deopt exit 3, FP to SP delta 112, caller SP 0x00016efa1220, pc 0x000117badea8]
[bailout (kind: deopt-eager, reason: wrong map): begin. deoptimizing 0x303229c6f889 <JSFunction getIndex (sfi = 0x20af755f4fe1)>, 0x2a8dd88cf6a9 <Code MAGLEV>, opt id 261, bytecode offset 0, deopt exit 0, FP to SP delta 48, caller SP 0x00016efa1218, pc 0x000117ba9b6c]
[bailout (kind: deopt-eager, reason: not a Smi): begin. deoptimizing 0x303229c6f611 <JSFunction put (sfi = 0x20af755f4d59)>, 0x2a8dd88f0b21 <Code MAGLEV>, opt id 327, bytecode offset 22, deopt exit 7, FP to SP delta 48, caller SP 0x00016efa1218, pc 0x000117c5e950]
[bailout (kind: deopt-eager, reason: wrong map): begin. deoptimizing 0x303229c6f809 <JSFunction addSegmentInternal (sfi = 0x20af755f4f51)>, 0x2a8dd88f4f21 <Code MAGLEV>, opt id 331, bytecode offset 22, deopt exit 28, FP to SP delta 128, caller SP 0x00016efa1330, pc 0x000117c6ae64]
[bailout (kind: deopt-eager, reason: Insufficient type feedback for generic named access): begin. deoptimizing 0x1ab8ab814b39 <JSFunction enter (sfi = 0x30aba855e799)>, 0x2a8dd88dcf91 <Code MAGLEV>, opt id 296, bytecode offset 114, deopt exit 56, FP to SP delta 64, caller SP 0x00016efa0fb8, pc 0x000117c81fdc]
[bailout (kind: deopt-eager, reason: wrong map): begin. deoptimizing 0x1ab8ab8147f9 <JSFunction onStatements (sfi = 0x30aba8559001)>, 0x37295fc50a01 <Code MAGLEV>, opt id 295, bytecode offset 2, deopt exit 0, FP to SP delta 80, caller SP 0x00016efa08d0, pc 0x000117c5168c]
[48350:0xc2d40c000]      787 ms: Scavenge 87.6 (117.7) -> 71.1 (126.9) MB, pooled: 0.0 MB, 1.79 / 0.01 ms (average mu = 0.990, current mu = 0.992) allocation failure;
[marking dependent code 0x2a8dd88fbf19 <Code MAGLEV> (0x1e19ab8065d1 <SharedFunctionInfo callExpression>) (opt id 335) for deoptimization, reason: dependent allocation site tenuring changed]
[marking dependent code 0x37295fc4bf11 <Code MAGLEV> (0x1e19ab807501 <SharedFunctionInfo memberExpression>) (opt id 288) for deoptimization, reason: dependent allocation site tenuring changed]
[marking dependent code 0x2a8dd88fe809 <Code MAGLEV> (0x30aba855e799 <SharedFunctionInfo enter>) (opt id 337) for deoptimization, reason: dependent allocation site tenuring changed]
[marking dependent code 0x2a8dd88dabd9 <Code MAGLEV> (0x1e19ab806c49 <SharedFunctionInfo identifier>) (opt id 286) for deoptimization, reason: dependent allocation site tenuring changed]
[marking dependent code 0x17216b840809 <Code MAGLEV> (0x3e395d995149 <SharedFunctionInfo mapDefined>) (opt id 62) for deoptimization, reason: embedded weak objects cleared]
[marking dependent code 0x22be92e02ae9 <Code MAGLEV> (0x11d82a995141 <SharedFunctionInfo mapDefined>) (opt id 71) for deoptimization, reason: embedded weak objects cleared]
[48350:0xc2d40c000]      801 ms: Incremental Mark-Compact 77.3 (127.7) -> 68.0 (126.3) MB, pooled: 1.2 MB, 1.77 / 0.00 ms (+ 3.3 ms in 196 steps since start of marking, biggest step 0.1 ms, walltime since start of marking 14 ms) (average mu = 0.989, current mu = 0.989) finalize incremental marking via task; GC in old space requested
[bailout (kind: deopt-eager, reason: wrong call target): begin. deoptimizing 0x15a5fdc96191 <JSFunction enter (sfi = 0x30aba855e799)>, 0x3d97ce9f9629 <Code MAGLEV>, opt id 345, bytecode offset 114, deopt exit 12, FP to SP delta 64, caller SP 0x00016efa0fb8, pc 0x000117d03044]
[marking dependent code 0x37295fc4d409 <Code MAGLEV> (0x02c3ab807a59 <SharedFunctionInfo isStaticPropertyKey>) (opt id 290) for deoptimization, reason: dependent field type changed]
[48350:0xc2d40c000]      868 ms: Scavenge 103.4 (133.7) -> 73.4 (132.1) MB, pooled: 0.0 MB, 0.55 / 0.00 ms (average mu = 0.989, current mu = 0.989) allocation failure;
[bailout (kind: deopt-eager, reason: Insufficient type feedback for generic named access): begin. deoptimizing 0x286a6305e179 <JSFunction ns (sfi = 0xd4b7a177689)>, 0x2d29db8cb801 <Code MAGLEV>, opt id 420, bytecode offset 54, deopt exit 7, FP to SP delta 112, caller SP 0x00016efa14b8, pc 0x000117d363f0]
[bailout (kind: deopt-eager, reason: wrong call target): begin. deoptimizing 0x286a6305e179 <JSFunction ns (sfi = 0xd4b7a177689)>, 0x2d29db8cb801 <Code MAGLEV>, opt id 420, bytecode offset 24, deopt exit 2, FP to SP delta 112, caller SP 0x00016efa14b8, pc 0x000117d363dc]
[48350:0xc2d40c000]      875 ms: Scavenge 101.9 (138.4) -> 72.9 (140.4) MB, pooled: 0.0 MB, 0.51 / 0.00 ms (average mu = 0.989, current mu = 0.989) allocation failure;
[48350:0xc2d40c000]      880 ms: Scavenge 104.8 (140.4) -> 72.9 (140.4) MB, pooled: 0.0 MB, 0.14 / 0.00 ms (average mu = 0.989, current mu = 0.989) allocation failure;
[48350:0xc2d40c000]      884 ms: Scavenge 104.9 (140.4) -> 72.9 (140.4) MB, pooled: 0.0 MB, 0.09 / 0.00 ms (average mu = 0.989, current mu = 0.989) allocation failure;
[48350:0xc2d40c000]      890 ms: Scavenge 104.9 (140.4) -> 73.0 (140.4) MB, pooled: 0.0 MB, 0.14 / 0.00 ms (average mu = 0.989, current mu = 0.989) allocation failure;
[48350:0xc2d40c000]      894 ms: Scavenge 104.9 (140.4) -> 72.9 (140.4) MB, pooled: 0.0 MB, 0.12 / 0.00 ms (average mu = 0.989, current mu = 0.989) allocation failure;
[48350:0xc2d40c000]      900 ms: Scavenge 104.9 (140.4) -> 73.0 (140.4) MB, pooled: 0.0 MB, 0.12 / 0.00 ms (average mu = 0.989, current mu = 0.989) allocation failure;
[48350:0xc2d40c000]      904 ms: Scavenge 104.9 (140.4) -> 73.0 (140.4) MB, pooled: 0.0 MB, 0.10 / 0.00 ms (average mu = 0.989, current mu = 0.989) allocation failure;
[48350:0xc2d40c000]      910 ms: Scavenge 104.9 (140.4) -> 73.0 (140.4) MB, pooled: 0.0 MB, 0.10 / 0.00 ms (average mu = 0.989, current mu = 0.989) allocation failure;
[48350:0xc2d40c000]      914 ms: Scavenge 104.9 (140.4) -> 73.0 (140.4) MB, pooled: 0.0 MB, 0.09 / 0.00 ms (average mu = 0.989, current mu = 0.989) allocation failure;
[48350:0xc2d40c000]      920 ms: Scavenge 104.9 (140.4) -> 73.0 (140.4) MB, pooled: 0.0 MB, 0.08 / 0.00 ms (average mu = 0.989, current mu = 0.989) allocation failure;
[48350:0xc2d40c000]      924 ms: Scavenge 104.9 (140.4) -> 73.0 (140.4) MB, pooled: 0.0 MB, 0.10 / 0.00 ms (average mu = 0.989, current mu = 0.989) allocation failure;
[48350:0xc2d40c000]      929 ms: Scavenge 104.9 (140.4) -> 73.0 (140.4) MB, pooled: 0.0 MB, 0.18 / 0.00 ms (average mu = 0.989, current mu = 0.989) allocation failure;
[48350:0xc2d40c000]      935 ms: Scavenge 104.9 (140.4) -> 73.0 (140.4) MB, pooled: 0.0 MB, 0.10 / 0.00 ms (average mu = 0.989, current mu = 0.989) allocation failure;
[48350:0xc2d40c000]      939 ms: Scavenge 104.9 (140.4) -> 73.0 (140.4) MB, pooled: 0.0 MB, 0.10 / 0.00 ms (average mu = 0.989, current mu = 0.989) allocation failure;
[bailout (kind: deopt-eager, reason: wrong map): begin. deoptimizing 0x09e3c0d1fcd9 <JSFunction buildTerminalTable (sfi = 0xe2361c60099)>, 0x2d29db8d0b59 <Code TURBOFAN_JS>, opt id 432, bytecode offset 46, deopt exit 6, FP to SP delta 192, caller SP 0x00016efa1218, pc 0x000117d39acc]
[48350:0xc2d40c000]      946 ms: Scavenge 105.0 (140.4) -> 73.1 (140.4) MB, pooled: 0.0 MB, 0.12 / 0.00 ms (average mu = 0.989, current mu = 0.989) allocation failure;
[48350:0xc2d40c000]      950 ms: Scavenge 105.0 (140.4) -> 73.1 (140.4) MB, pooled: 0.0 MB, 0.11 / 0.00 ms (average mu = 0.989, current mu = 0.989) allocation failure;
[48350:0xc2d40c000]      955 ms: Scavenge 105.0 (140.4) -> 73.0 (140.4) MB, pooled: 0.0 MB, 0.10 / 0.00 ms (average mu = 0.989, current mu = 0.989) allocation failure;
[48350:0xc2d40c000]      960 ms: Scavenge 105.0 (140.4) -> 73.1 (140.4) MB, pooled: 0.0 MB, 0.09 / 0.00 ms (average mu = 0.989, current mu = 0.989) allocation failure;
[48350:0xc2d40c000]      965 ms: Scavenge 105.0 (140.4) -> 73.1 (140.4) MB, pooled: 0.0 MB, 0.09 / 0.00 ms (average mu = 0.989, current mu = 0.989) allocation failure;
[48350:0xc2d40c000]      970 ms: Scavenge 105.1 (140.4) -> 73.1 (140.4) MB, pooled: 0.0 MB, 0.12 / 0.00 ms (average mu = 0.989, current mu = 0.989) allocation failure;
[bailout (kind: deopt-eager, reason: wrong map): begin. deoptimizing 0x09e3c0d1fd59 <JSFunction flatten (sfi = 0xe2361c60129)>, 0x2bc3b2f57b61 <Code TURBOFAN_JS>, opt id 443, bytecode offset 306, deopt exit 32, FP to SP delta 96, caller SP 0x00016efa1218, pc 0x000117d3b57c]
[48350:0xc2d40c000]      976 ms: Scavenge 105.1 (140.6) -> 73.2 (140.6) MB, pooled: 0.0 MB, 0.12 / 0.00 ms (average mu = 0.989, current mu = 0.989) allocation failure;
[48350:0xc2d40c000]      982 ms: Scavenge 105.1 (140.6) -> 73.2 (140.6) MB, pooled: 0.0 MB, 0.15 / 0.00 ms (average mu = 0.989, current mu = 0.989) allocation failure;
[48350:0xc2d40c000]      986 ms: Scavenge 105.1 (140.6) -> 73.2 (140.6) MB, pooled: 0.0 MB, 0.11 / 0.00 ms (average mu = 0.989, current mu = 0.989) allocation failure;
[48350:0xc2d40c000]      991 ms: Scavenge 105.1 (140.6) -> 73.2 (140.6) MB, pooled: 0.0 MB, 0.09 / 0.00 ms (average mu = 0.989, current mu = 0.989) allocation failure;
[48350:0xc2d40c000]      999 ms: Scavenge 105.1 (140.6) -> 73.2 (140.6) MB, pooled: 0.0 MB, 0.16 / 0.00 ms (average mu = 0.989, current mu = 0.989) allocation failure;
[bailout (kind: deopt-eager, reason: out of bounds): begin. deoptimizing 0x0236ade3e259 <JSFunction (sfi = 0x53598100e71)>, 0x298d91f02e31 <Code MAGLEV>, opt id 471, bytecode offset 172, deopt exit 14, FP to SP delta 128, caller SP 0x00016efa11f0, pc 0x000117cd04fc]
[48350:0xc2d40c000]     1006 ms: Scavenge 105.2 (140.6) -> 73.3 (140.6) MB, pooled: 0.0 MB, 0.11 / 0.00 ms (average mu = 0.989, current mu = 0.989) allocation failure;
[48350:0xc2d40c000]     1012 ms: Scavenge 105.2 (140.6) -> 73.4 (140.6) MB, pooled: 0.0 MB, 0.17 / 0.00 ms (average mu = 0.989, current mu = 0.989) allocation failure;
[48350:0xc2d40c000]     1017 ms: Scavenge 105.2 (140.6) -> 73.3 (140.6) MB, pooled: 0.0 MB, 0.11 / 0.00 ms (average mu = 0.989, current mu = 0.989) allocation failure;
[48350:0xc2d40c000]     1023 ms: Scavenge 105.2 (140.6) -> 73.3 (140.6) MB, pooled: 0.0 MB, 0.15 / 0.00 ms (average mu = 0.989, current mu = 0.989) allocation failure;
[48350:0xc2d40c000]     1028 ms: Scavenge 105.2 (140.6) -> 73.3 (140.6) MB, pooled: 0.0 MB, 0.11 / 0.00 ms (average mu = 0.989, current mu = 0.989) allocation failure;
[48350:0xc2d40c000]     1034 ms: Scavenge 105.2 (140.6) -> 73.3 (140.6) MB, pooled: 0.0 MB, 0.18 / 0.00 ms (average mu = 0.989, current mu = 0.989) allocation failure;
[48350:0xc2d40c000]     1040 ms: Scavenge 105.2 (140.6) -> 73.3 (140.6) MB, pooled: 0.0 MB, 0.12 / 0.00 ms (average mu = 0.989, current mu = 0.989) allocation failure;
[48350:0xc2d40c000]     1046 ms: Scavenge 105.2 (140.6) -> 73.3 (140.6) MB, pooled: 0.0 MB, 0.11 / 0.00 ms (average mu = 0.989, current mu = 0.989) allocation failure;
[48350:0xc2d40c000]     1051 ms: Scavenge 105.2 (140.6) -> 73.3 (140.6) MB, pooled: 0.0 MB, 0.12 / 0.00 ms (average mu = 0.989, current mu = 0.989) allocation failure;
[48350:0xc2d40c000]     1057 ms: Scavenge 105.2 (140.6) -> 73.3 (140.6) MB, pooled: 0.0 MB, 0.12 / 0.00 ms (average mu = 0.989, current mu = 0.989) allocation failure;
[48350:0xc2d40c000]     1063 ms: Scavenge 105.2 (140.6) -> 73.3 (140.6) MB, pooled: 0.0 MB, 0.16 / 0.00 ms (average mu = 0.989, current mu = 0.989) allocation failure;
[48350:0xc2d40c000]     1068 ms: Scavenge 105.2 (140.6) -> 73.3 (140.6) MB, pooled: 0.0 MB, 0.10 / 0.00 ms (average mu = 0.989, current mu = 0.989) allocation failure;
[48350:0xc2d40c000]     1075 ms: Scavenge 105.2 (140.6) -> 73.3 (140.6) MB, pooled: 0.0 MB, 0.10 / 0.00 ms (average mu = 0.989, current mu = 0.989) allocation failure;
[48350:0xc2d40c000]     1080 ms: Scavenge 105.2 (140.6) -> 73.3 (140.6) MB, pooled: 0.0 MB, 0.11 / 0.00 ms (average mu = 0.989, current mu = 0.989) allocation failure;
[48350:0xc2d40c000]     1086 ms: Scavenge 105.2 (140.6) -> 73.3 (140.6) MB, pooled: 0.0 MB, 0.12 / 0.00 ms (average mu = 0.989, current mu = 0.989) allocation failure;
[48350:0xc2d40c000]     1093 ms: Scavenge 105.2 (140.6) -> 73.3 (140.6) MB, pooled: 0.0 MB, 0.15 / 0.00 ms (average mu = 0.989, current mu = 0.989) allocation failure;
[48350:0xc2d40c000]     1100 ms: Scavenge 105.2 (140.6) -> 73.3 (140.6) MB, pooled: 0.0 MB, 0.12 / 0.00 ms (average mu = 0.989, current mu = 0.989) allocation failure;
[48350:0xc2d40c000]     1107 ms: Scavenge 105.3 (140.6) -> 73.4 (140.6) MB, pooled: 0.0 MB, 0.14 / 0.00 ms (average mu = 0.989, current mu = 0.989) allocation failure;
[48350:0xc2d40c000]     1120 ms: Scavenge 105.3 (140.6) -> 73.5 (140.6) MB, pooled: 0.0 MB, 0.12 / 0.00 ms (average mu = 0.989, current mu = 0.989) allocation failure;
[48350:0xc2d40c000]     1126 ms: Scavenge 105.3 (140.6) -> 73.4 (140.6) MB, pooled: 0.0 MB, 0.14 / 0.00 ms (average mu = 0.989, current mu = 0.989) allocation failure;
[48350:0xc2d40c000]     1131 ms: Scavenge 105.3 (140.6) -> 73.4 (140.6) MB, pooled: 0.0 MB, 0.10 / 0.00 ms (average mu = 0.989, current mu = 0.989) allocation failure;
[48350:0xc2d40c000]     1136 ms: Scavenge 105.3 (140.6) -> 73.4 (140.6) MB, pooled: 0.0 MB, 0.10 / 0.00 ms (average mu = 0.989, current mu = 0.989) allocation failure;
[48350:0xc2d40c000]     1141 ms: Scavenge 105.3 (140.6) -> 73.4 (140.6) MB, pooled: 0.0 MB, 0.13 / 0.00 ms (average mu = 0.989, current mu = 0.989) allocation failure;
[48350:0xc2d40c000]     1151 ms: Scavenge 105.4 (140.6) -> 73.5 (140.6) MB, pooled: 0.0 MB, 0.10 / 0.00 ms (average mu = 0.989, current mu = 0.989) allocation failure;
[48350:0xc2d40c000]     1163 ms: Scavenge 105.4 (140.6) -> 73.5 (140.6) MB, pooled: 0.0 MB, 0.18 / 0.00 ms (average mu = 0.989, current mu = 0.989) allocation failure;
[48350:0xc2d40c000]     1176 ms: Scavenge 105.4 (140.6) -> 73.5 (140.6) MB, pooled: 0.0 MB, 0.13 / 0.00 ms (average mu = 0.989, current mu = 0.989) allocation failure;
[48350:0xc2d40c000]     1192 ms: Scavenge 105.4 (140.6) -> 73.4 (140.6) MB, pooled: 0.0 MB, 0.12 / 0.00 ms (average mu = 0.989, current mu = 0.989) allocation failure;
[48350:0xc2d40c000]     1206 ms: Scavenge 105.4 (140.6) -> 73.5 (140.6) MB, pooled: 0.0 MB, 0.11 / 0.00 ms (average mu = 0.989, current mu = 0.989) allocation failure;
[48350:0xc2d40c000]     1219 ms: Scavenge 105.4 (140.6) -> 73.5 (140.6) MB, pooled: 0.0 MB, 0.12 / 0.00 ms (average mu = 0.989, current mu = 0.989) allocation failure;
[bailout (kind: deopt-eager, reason: lost precision or NaN): begin. deoptimizing 0x286a6305df69 <JSFunction compare (sfi = 0xd4b7a177719)>, 0x37295fc7c779 <Code TURBOFAN_JS>, opt id 532, bytecode offset 114, deopt exit 23, FP to SP delta 256, caller SP 0x00016efa1578, pc 0x000117c935e8]
[48350:0xc2d40c000]     1230 ms: Scavenge 105.5 (140.6) -> 73.5 (140.6) MB, pooled: 0.0 MB, 0.18 / 0.00 ms (average mu = 0.989, current mu = 0.989) allocation failure;
[48350:0xc2d40c000]     1242 ms: Scavenge 105.5 (140.6) -> 73.5 (140.6) MB, pooled: 0.0 MB, 0.11 / 0.00 ms (average mu = 0.989, current mu = 0.989) allocation failure;
[48350:0xc2d40c000]     1255 ms: Scavenge 105.5 (140.6) -> 73.5 (140.6) MB, pooled: 0.0 MB, 0.14 / 0.00 ms (average mu = 0.989, current mu = 0.989) allocation failure;
[48350:0xc2d40c000]     1267 ms: Scavenge 105.5 (140.6) -> 73.5 (140.6) MB, pooled: 0.0 MB, 0.11 / 0.00 ms (average mu = 0.989, current mu = 0.989) allocation failure;
[bailout (kind: deopt-eager, reason: Insufficient type feedback for generic named access): begin. deoptimizing 0x371daf982369 <JSFunction stringParser (sfi = 0xad8276fb2e9)>, 0x37295fc7d411 <Code TURBOFAN_JS>, opt id 544, bytecode offset 72, deopt exit 5, FP to SP delta 64, caller SP 0x00016efa13c0, pc 0x000117c94270]
[bailout (kind: deopt-eager, reason: Insufficient type feedback for generic named access): begin. deoptimizing 0x09e3c0d1fd99 <JSFunction mergeLabels (sfi = 0xe2361c60171)>, 0x37295fc7cfc9 <Code TURBOFAN_JS>, opt id 543, bytecode offset 13, deopt exit 7, FP to SP delta 48, caller SP 0x00016efa12e8, pc 0x000117c93df0]
[48350:0xc2d40c000]     1278 ms: Scavenge 105.5 (140.6) -> 73.5 (140.6) MB, pooled: 0.0 MB, 0.16 / 0.00 ms (average mu = 0.989, current mu = 0.989) allocation failure;
[48350:0xc2d40c000]     1288 ms: Scavenge 105.5 (140.6) -> 73.6 (140.6) MB, pooled: 0.0 MB, 0.14 / 0.00 ms (average mu = 0.989, current mu = 0.989) allocation failure;
[48350:0xc2d40c000]     1297 ms: Scavenge 105.5 (140.6) -> 73.6 (140.6) MB, pooled: 0.0 MB, 0.12 / 0.00 ms (average mu = 0.989, current mu = 0.989) allocation failure;
[48350:0xc2d40c000]     1306 ms: Scavenge 105.5 (140.6) -> 73.5 (140.6) MB, pooled: 0.0 MB, 0.10 / 0.00 ms (average mu = 0.989, current mu = 0.989) allocation failure;
[48350:0xc2d40c000]     1315 ms: Scavenge 105.5 (140.6) -> 73.5 (140.6) MB, pooled: 0.0 MB, 0.09 / 0.00 ms (average mu = 0.989, current mu = 0.989) allocation failure;
[marking dependent code 0x22be92e1d701 <Code MAGLEV> (0x0d4b7a1775f9 <SharedFunctionInfo view>) (opt id 519) for deoptimization, reason: embedded weak objects cleared]
[marking dependent code 0x37295fc7f539 <Code TURBOFAN_JS> (0x0d4b7a177c71 <SharedFunctionInfo>) (opt id 562) for deoptimization, reason: embedded weak objects cleared]
[marking dependent code 0x37295fc69ea9 <Code MAGLEV> (0x0e2361c6f3d1 <SharedFunctionInfo ok>) (opt id 494) for deoptimization, reason: embedded weak objects cleared]
[marking dependent code 0x37295fc7f0c9 <Code TURBOFAN_JS> (0x0e2361c6f419 <SharedFunctionInfo rollback>) (opt id 560) for deoptimization, reason: embedded weak objects cleared]
[marking dependent code 0x3685b91b1359 <Code MAGLEV> (0x0e2361c6f539 <SharedFunctionInfo clearFrontierExtras>) (opt id 524) for deoptimization, reason: embedded weak objects cleared]
[marking dependent code 0x3d97ce9fc5e9 <Code MAGLEV> (0x1e19ab807819 <SharedFunctionInfo returnStatement>) (opt id 379) for deoptimization, reason: embedded weak objects cleared]
[marking dependent code 0x2a8dd88e8b51 <Code MAGLEV> (0x20af755f4a89 <SharedFunctionInfo decodedMappings>) (opt id 314) for deoptimization, reason: embedded weak objects cleared]
[marking dependent code 0x3d97ce9eb849 <Code TURBOFAN_JS> (0x20af755f4ad1 <SharedFunctionInfo traceSegment>) (opt id 319) for deoptimization, reason: embedded weak objects cleared]
[marking dependent code 0x2a8dd88d27c1 <Code MAGLEV> (0x20af755f4d11 <SharedFunctionInfo get$2>) (opt id 276) for deoptimization, reason: embedded weak objects cleared]
[marking dependent code 0x3d97ce9f3f01 <Code TURBOFAN_JS> (0x20af755f4e31 <SharedFunctionInfo setSourceContent>) (opt id 333) for deoptimization, reason: embedded weak objects cleared]
[marking dependent code 0x37295fc460e9 <Code TURBOFAN_JS> (0x20af755f4f51 <SharedFunctionInfo addSegmentInternal>) (opt id 364) for deoptimization, reason: embedded weak objects cleared]
[marking dependent code 0x080b61e06051 <Code MAGLEV> (0x3b4f4ea15dc9 <SharedFunctionInfo get _currNode>) (opt id 124) for deoptimization, reason: embedded weak objects cleared]
[marking dependent code 0x080b61e0e3a9 <Code MAGLEV> (0x3b4f4ea15c21 <SharedFunctionInfo _leafNode>) (opt id 144) for deoptimization, reason: embedded weak objects cleared]
[marking dependent code 0x37295fc6e951 <Code TURBOFAN_JS> (0x12e21a34c211 <SharedFunctionInfo parseState>) (opt id 509) for deoptimization, reason: embedded weak objects cleared]
[marking dependent code 0x37295fc70161 <Code TURBOFAN_JS> (0x12e21a34c259 <SharedFunctionInfo parseStateInner>) (opt id 511) for deoptimization, reason: embedded weak objects cleared]
[marking dependent code 0x37295fc6d189 <Code TURBOFAN_JS> (0x3757ea114fa9 <SharedFunctionInfo>) (opt id 507) for deoptimization, reason: embedded weak objects cleared]
[marking dependent code 0x22be92e1df79 <Code MAGLEV> (0x3757ea1151d1 <SharedFunctionInfo eof2>) (opt id 485) for deoptimization, reason: embedded weak objects cleared]
[marking dependent code 0x298d91f05669 <Code MAGLEV> (0x12db4bd6ed21 <SharedFunctionInfo anyParser>) (opt id 486) for deoptimization, reason: embedded weak objects cleared]
[marking dependent code 0x2a8dd88decf9 <Code MAGLEV> (0x02c3ab802e91 <SharedFunctionInfo write>) (opt id 302) for deoptimization, reason: embedded weak objects cleared]
[marking dependent code 0x3d97ce9e11a1 <Code TURBOFAN_JS> (0x20af755f40f9 <SharedFunctionInfo encodeInteger>) (opt id 304) for deoptimization, reason: embedded weak objects cleared]
[marking dependent code 0x18d2f74f4649 <Code TURBOFAN_JS> (0x20af755f4261 <SharedFunctionInfo encode$1>) (opt id 351) for deoptimization, reason: embedded weak objects cleared]
[marking dependent code 0x37295fc6bee9 <Code TURBOFAN_JS> (0x053598100e71 <SharedFunctionInfo>) (opt id 499) for deoptimization, reason: embedded weak objects cleared]
[marking dependent code 0x37295fc75c61 <Code TURBOFAN_JS> (0x3757ea117781 <SharedFunctionInfo>) (opt id 515) for deoptimization, reason: embedded weak objects cleared]
[marking dependent code 0x2b1834648e79 <Code MAGLEV> (0x3757ea1152d1 <SharedFunctionInfo skip>) (opt id 484) for deoptimization, reason: embedded weak objects cleared]
[marking dependent code 0x37295fc6c209 <Code TURBOFAN_JS> (0x12e21a3555e9 <SharedFunctionInfo ok>) (opt id 500) for deoptimization, reason: embedded weak objects cleared]
[marking dependent code 0x298d91f03061 <Code MAGLEV> (0x12e21a355751 <SharedFunctionInfo unsafeSetValue>) (opt id 472) for deoptimization, reason: embedded weak objects cleared]
[marking dependent code 0x298d91f038c1 <Code MAGLEV> (0x12e21a355991 <SharedFunctionInfo ParserState>) (opt id 476) for deoptimization, reason: embedded weak objects cleared]
[marking dependent code 0x37295fc79809 <Code TURBOFAN_JS> (0x12e21a37f971 <SharedFunctionInfo mergeErrorState>) (opt id 538) for deoptimization, reason: embedded weak objects cleared]
[marking dependent code 0x37295fc6ce19 <Code TURBOFAN_JS> (0x12e21a3555a1 <SharedFunctionInfo ParserState>) (opt id 508) for deoptimization, reason: embedded weak objects cleared]
[marking dependent code 0x37295fc49ab1 <Code MAGLEV> (0x1e19ab805d89 <SharedFunctionInfo convertNode>) (opt id 284) for deoptimization, reason: embedded weak objects cleared]
[marking dependent code 0x015d8c9cb701 <Code MAGLEV> (0x02c3ab8040a9 <SharedFunctionInfo appendLeft>) (opt id 368) for deoptimization, reason: embedded weak objects cleared]
[marking dependent code 0x2a8dd88dd451 <Code MAGLEV> (0x02c3ab804181 <SharedFunctionInfo contains>) (opt id 298) for deoptimization, reason: embedded weak objects cleared]
[marking dependent code 0x3685b91ac179 <Code MAGLEV> (0x02c3ab8041c9 <SharedFunctionInfo eachNext>) (opt id 353) for deoptimization, reason: embedded weak objects cleared]
[marking dependent code 0x080b61e25859 <Code MAGLEV> (0x02c3ab804259 <SharedFunctionInfo edit>) (opt id 390) for deoptimization, reason: embedded weak objects cleared]
[marking dependent code 0x2a8dd88d5389 <Code MAGLEV> (0x02c3ab804379 <SharedFunctionInfo split>) (opt id 352) for deoptimization, reason: embedded weak objects cleared]
[marking dependent code 0x37295fc58f51 <Code MAGLEV> (0x02c3ab8043c1 <SharedFunctionInfo toString>) (opt id 346) for deoptimization, reason: embedded weak objects cleared]
[marking dependent code 0x3d97ce9e04d1 <Code TURBOFAN_JS> (0x02c3ab804601 <SharedFunctionInfo addUneditedChunk>) (opt id 301) for deoptimization, reason: embedded weak objects cleared]
[marking dependent code 0x37295fc54ab9 <Code MAGLEV> (0x02c3ab804649 <SharedFunctionInfo advance>) (opt id 343) for deoptimization, reason: embedded weak objects cleared]
[marking dependent code 0x18d2f74c19c1 <Code MAGLEV> (0x02c3ab804769 <SharedFunctionInfo appendLeft>) (opt id 361) for deoptimization, reason: embedded weak objects cleared]
[marking dependent code 0x2a8dd88f6261 <Code MAGLEV> (0x02c3ab804e29 <SharedFunctionInfo _split>) (opt id 332) for deoptimization, reason: embedded weak objects cleared]
[marking dependent code 0x18d2f74f75b9 <Code MAGLEV> (0x02c3ab804e71 <SharedFunctionInfo _splitChunk>) (opt id 362) for deoptimization, reason: embedded weak objects cleared]
[marking dependent code 0x18d2f74f7cf1 <Code MAGLEV> (0x02c3ab804eb9 <SharedFunctionInfo toString>) (opt id 365) for deoptimization, reason: embedded weak objects cleared]
[marking dependent code 0x37295fc54189 <Code MAGLEV> (0x02c3ab804061 <SharedFunctionInfo Chunk>) (opt id 342) for deoptimization, reason: embedded weak objects cleared]
[marking dependent code 0x298d91f0cab1 <Code TURBOFAN_JS> (0x0e2361c60171 <SharedFunctionInfo mergeLabels>) (opt id 566) for deoptimization, reason: embedded weak objects cleared]
[marking dependent code 0x393ef4404381 <Code MAGLEV> (0x1e19ab807c51 <SharedFunctionInfo variableDeclaration>) (opt id 348) for deoptimization, reason: embedded weak objects cleared]
[marking dependent code 0x18d2f74c1531 <Code MAGLEV> (0x1e19ab807c99 <SharedFunctionInfo variableDeclarator>) (opt id 358) for deoptimization, reason: embedded weak objects cleared]
[marking dependent code 0x3d97ce9f71d1 <Code MAGLEV> (0x1e19ab807501 <SharedFunctionInfo memberExpression>) (opt id 339) for deoptimization, reason: embedded weak objects cleared]
[marking dependent code 0x37295fc4a969 <Code MAGLEV> (0x1e19ab806109 <SharedFunctionInfo convertNodeList>) (opt id 287) for deoptimization, reason: embedded weak objects cleared]
[marking dependent code 0x2bc3b2f75711 <Code TURBOFAN_JS> (0x20af755f52b1 <SharedFunctionInfo traceMappings>) (opt id 366) for deoptimization, reason: embedded weak objects cleared]
[marking dependent code 0x3d97ce9e9b79 <Code TURBOFAN_JS> (0x20af755f52f9 <SharedFunctionInfo originalPositionFor$1>) (opt id 318) for deoptimization, reason: embedded weak objects cleared]
[marking dependent code 0x3d97ce9fcba9 <Code MAGLEV> (0x02c3ab8078f1 <SharedFunctionInfo SyncWalker>) (opt id 381) for deoptimization, reason: embedded weak objects cleared]
[marking dependent code 0x015d8c9cbae9 <Code MAGLEV> (0x20af755fafb1 <SharedFunctionInfo walk>) (opt id 383) for deoptimization, reason: embedded weak objects cleared]
[marking dependent code 0x080b61e09421 <Code MAGLEV> (0x3b4f4ea1a699 <SharedFunctionInfo get names>) (opt id 133) for deoptimization, reason: embedded weak objects cleared]
[marking dependent code 0x080b61e0b401 <Code MAGLEV> (0x3b4f4ea1a631 <SharedFunctionInfo get str>) (opt id 141) for deoptimization, reason: embedded weak objects cleared]
[marking dependent code 0x080b61e0afe1 <Code MAGLEV> (0x3b4f4ea1a589 <SharedFunctionInfo toString>) (opt id 140) for deoptimization, reason: embedded weak objects cleared]
[marking dependent code 0x37295fc69411 <Code MAGLEV> (0x0e2361c6f581 <SharedFunctionInfo RunState>) (opt id 491) for deoptimization, reason: embedded weak objects cleared]
[marking dependent code 0x37295fc754c1 <Code TURBOFAN_JS> (0x0e2361c6f389 <SharedFunctionInfo RunState>) (opt id 516) for deoptimization, reason: embedded weak objects cleared]
[marking dependent code 0x37295fc76b69 <Code TURBOFAN_JS> (0x0e2361c6f611 <SharedFunctionInfo parseState>) (opt id 514) for deoptimization, reason: embedded weak objects cleared]
[marking dependent code 0x37295fc78879 <Code TURBOFAN_JS> (0x0ad8276fb331 <SharedFunctionInfo stringParser>) (opt id 526) for deoptimization, reason: embedded weak objects cleared]
[marking dependent code 0x298d91f0c389 <Code TURBOFAN_JS> (0x0ad8276fb2e9 <SharedFunctionInfo stringParser>) (opt id 561) for deoptimization, reason: embedded weak objects cleared]
[marking dependent code 0x2a8dd88ca409 <Code MAGLEV> (0x023fe88f6ef1 <SharedFunctionInfo _write>) (opt id 354) for deoptimization, reason: embedded weak objects cleared]
[marking dependent code 0x18d2f74f9889 <Code MAGLEV> (0x023fe88f7011 <SharedFunctionInfo _read>) (opt id 375) for deoptimization, reason: embedded weak objects cleared]
[marking dependent code 0x3d97ce9fbe19 <Code MAGLEV> (0x1e19ab8064f9 <SharedFunctionInfo binaryExpression>) (opt id 376) for deoptimization, reason: embedded weak objects cleared]
[marking dependent code 0x2a8dd88cbd39 <Code MAGLEV> (0x1e19ab806541 <SharedFunctionInfo blockStatement>) (opt id 356) for deoptimization, reason: embedded weak objects cleared]
[marking dependent code 0x37295fc53c29 <Code MAGLEV> (0x1e19ab8065d1 <SharedFunctionInfo callExpression>) (opt id 340) for deoptimization, reason: embedded weak objects cleared]
[marking dependent code 0x18d2f74f71c9 <Code MAGLEV> (0x1e19ab806a99 <SharedFunctionInfo expressionStatement>) (opt id 357) for deoptimization, reason: embedded weak objects cleared]
[marking dependent code 0x3d97ce9f6569 <Code MAGLEV> (0x1e19ab806c49 <SharedFunctionInfo identifier>) (opt id 338) for deoptimization, reason: embedded weak objects cleared]
[marking dependent code 0x2bc3b2f73ec1 <Code MAGLEV> (0x1e19ab8073e1 <SharedFunctionInfo literalNumber>) (opt id 372) for deoptimization, reason: embedded weak objects cleared]
[marking dependent code 0x3d97ce9f2fb1 <Code TURBOFAN_JS> (0x02c3ab807939 <SharedFunctionInfo visit>) (opt id 329) for deoptimization, reason: embedded weak objects cleared]
[marking dependent code 0x18d2f74c9801 <Code MAGLEV> (0x02c3ab807819 <SharedFunctionInfo WalkerBase>) (opt id 380) for deoptimization, reason: embedded weak objects cleared]
[marking dependent code 0x015d8c9c1569 <Code MAGLEV> (0x3b4f4ea14721 <SharedFunctionInfo optimizeNames>) (opt id 137) for deoptimization, reason: embedded weak objects cleared]
[48350:0xc2d40c000]     1337 ms: Mark-Compact 102.1 (140.6) -> 67.0 (139.6) MB, pooled: 1.0 MB, 12.41 / 0.00 ms (average mu = 0.981, current mu = 0.977) testing; GC in old space requested
[48350:0xc2d40c000]     1347 ms: Mark-Compact 67.2 (139.6) -> 66.9 (136.1) MB, pooled: 4.2 MB, 9.59 / 0.00 ms (average mu = 0.960, current mu = 0.022) testing; GC in old space requested
[marking dependent code 0x2a8dd88de1f1 <Code MAGLEV> (0x20af755fb211 <SharedFunctionInfo isRefIdentifier>) (opt id 299) for deoptimization, reason: embedded weak objects cleared]
[marking dependent code 0x22be92e05b09 <Code MAGLEV> (0x324ea5920ec1 <SharedFunctionInfo getOptions>) (opt id 81) for deoptimization, reason: embedded weak objects cleared]
[48350:0xc2d40c000]     1355 ms: Mark-Compact 67.1 (136.1) -> 66.7 (135.4) MB, pooled: 4.2 MB, 8.47 / 0.00 ms (average mu = 0.923, current mu = 0.042) testing; GC in old space requested
[48350:0xc2d40c000]     1365 ms: Mark-Compact 68.6 (135.4) -> 67.0 (135.1) MB, pooled: 4.5 MB, 9.66 / 0.00 ms (average mu = 0.851, current mu = 0.040) testing; GC in old space requested
[48350:0xc2d40c000]     1375 ms: Mark-Compact 67.0 (135.1) -> 66.7 (134.9) MB, pooled: 4.5 MB, 9.36 / 0.00 ms (average mu = 0.738, current mu = 0.015) testing; GC in old space requested
[48350:0xc2d40c000]     1385 ms: Mark-Compact 66.7 (134.9) -> 66.7 (134.9) MB, pooled: 4.5 MB, 9.56 / 0.00 ms (average mu = 0.582, current mu = 0.014) testing; GC in old space requested
[48350:0xc2d40c000]     1394 ms: Mark-Compact 66.7 (134.9) -> 66.7 (134.9) MB, pooled: 4.5 MB, 8.90 / 0.00 ms (average mu = 0.420, current mu = 0.016) testing; GC in old space requested
[48350:0xc2d40c000]     1403 ms: Mark-Compact 66.7 (134.9) -> 66.7 (134.9) MB, pooled: 4.5 MB, 9.20 / 0.00 ms (average mu = 0.270, current mu = 0.017) testing; GC in old space requested
[48350:0xc2d40c000]     1409 ms: Scavenge 98.7 (134.9) -> 66.9 (134.9) MB, pooled: 4.5 MB, 0.18 / 0.00 ms (average mu = 0.270, current mu = 0.017) allocation failure;
[48350:0xc2d40c000]     1414 ms: Scavenge 98.7 (135.1) -> 66.9 (135.1) MB, pooled: 4.2 MB, 0.15 / 0.00 ms (average mu = 0.270, current mu = 0.017) allocation failure;
[48350:0xc2d40c000]     1419 ms: Scavenge 98.8 (135.1) -> 66.9 (135.1) MB, pooled: 4.2 MB, 0.12 / 0.00 ms (average mu = 0.270, current mu = 0.017) allocation failure;
[48350:0xc2d40c000]     1424 ms: Scavenge 98.8 (135.1) -> 66.9 (135.1) MB, pooled: 4.2 MB, 0.07 / 0.00 ms (average mu = 0.270, current mu = 0.017) allocation failure;
[48350:0xc2d40c000]     1428 ms: Scavenge 98.8 (135.1) -> 66.9 (135.1) MB, pooled: 4.2 MB, 0.08 / 0.00 ms (average mu = 0.270, current mu = 0.017) allocation failure;
[48350:0xc2d40c000]     1433 ms: Scavenge 98.8 (135.1) -> 66.9 (135.1) MB, pooled: 4.2 MB, 0.09 / 0.00 ms (average mu = 0.270, current mu = 0.017) allocation failure;
[48350:0xc2d40c000]     1438 ms: Scavenge 98.8 (135.1) -> 66.9 (135.1) MB, pooled: 4.2 MB, 0.10 / 0.00 ms (average mu = 0.270, current mu = 0.017) allocation failure;
[48350:0xc2d40c000]     1442 ms: Scavenge 98.8 (135.1) -> 66.9 (135.1) MB, pooled: 4.2 MB, 0.13 / 0.00 ms (average mu = 0.270, current mu = 0.017) allocation failure;
[48350:0xc2d40c000]     1446 ms: Scavenge 98.8 (135.1) -> 66.9 (135.1) MB, pooled: 4.2 MB, 0.06 / 0.00 ms (average mu = 0.270, current mu = 0.017) allocation failure;
[48350:0xc2d40c000]     1452 ms: Scavenge 98.8 (135.1) -> 66.9 (135.1) MB, pooled: 4.2 MB, 0.10 / 0.00 ms (average mu = 0.270, current mu = 0.017) allocation failure;
[48350:0xc2d40c000]     1456 ms: Scavenge 98.8 (135.1) -> 66.9 (135.1) MB, pooled: 4.2 MB, 0.07 / 0.00 ms (average mu = 0.270, current mu = 0.017) allocation failure;
[48350:0xc2d40c000]     1462 ms: Scavenge 98.8 (135.1) -> 66.9 (135.1) MB, pooled: 4.2 MB, 0.12 / 0.00 ms (average mu = 0.270, current mu = 0.017) allocation failure;
[48350:0xc2d40c000]     1466 ms: Scavenge 98.8 (135.1) -> 66.9 (135.1) MB, pooled: 4.2 MB, 0.07 / 0.00 ms (average mu = 0.270, current mu = 0.017) allocation failure;
[48350:0xc2d40c000]     1471 ms: Scavenge 98.8 (135.1) -> 66.9 (135.1) MB, pooled: 4.2 MB, 0.10 / 0.00 ms (average mu = 0.270, current mu = 0.017) allocation failure;
[48350:0xc2d40c000]     1475 ms: Scavenge 98.8 (135.1) -> 66.9 (135.1) MB, pooled: 4.2 MB, 0.07 / 0.00 ms (average mu = 0.270, current mu = 0.017) allocation failure;
[48350:0xc2d40c000]     1481 ms: Scavenge 98.8 (135.1) -> 66.9 (135.1) MB, pooled: 4.2 MB, 0.10 / 0.00 ms (average mu = 0.270, current mu = 0.017) allocation failure;
[48350:0xc2d40c000]     1486 ms: Scavenge 98.8 (135.1) -> 66.9 (135.1) MB, pooled: 4.2 MB, 0.07 / 0.00 ms (average mu = 0.270, current mu = 0.017) allocation failure;
[48350:0xc2d40c000]     1491 ms: Scavenge 98.8 (135.1) -> 66.9 (135.1) MB, pooled: 4.2 MB, 0.15 / 0.00 ms (average mu = 0.270, current mu = 0.017) allocation failure;
[48350:0xc2d40c000]     1496 ms: Scavenge 98.8 (135.1) -> 66.9 (135.1) MB, pooled: 4.2 MB, 0.09 / 0.00 ms (average mu = 0.270, current mu = 0.017) allocation failure;
[48350:0xc2d40c000]     1501 ms: Scavenge 98.8 (135.1) -> 66.9 (135.1) MB, pooled: 4.2 MB, 0.08 / 0.00 ms (average mu = 0.270, current mu = 0.017) allocation failure;
[48350:0xc2d40c000]     1506 ms: Scavenge 98.8 (135.1) -> 66.9 (135.1) MB, pooled: 4.2 MB, 0.08 / 0.00 ms (average mu = 0.270, current mu = 0.017) allocation failure;
[48350:0xc2d40c000]     1510 ms: Scavenge 98.8 (135.1) -> 66.9 (135.1) MB, pooled: 4.2 MB, 0.12 / 0.00 ms (average mu = 0.270, current mu = 0.017) allocation failure;
[48350:0xc2d40c000]     1515 ms: Scavenge 98.8 (135.1) -> 66.9 (135.1) MB, pooled: 4.2 MB, 0.08 / 0.00 ms (average mu = 0.270, current mu = 0.017) allocation failure;
[48350:0xc2d40c000]     1520 ms: Scavenge 98.8 (135.1) -> 66.9 (135.1) MB, pooled: 4.2 MB, 0.09 / 0.00 ms (average mu = 0.270, current mu = 0.017) allocation failure;
[48350:0xc2d40c000]     1525 ms: Scavenge 98.8 (135.1) -> 66.9 (135.1) MB, pooled: 4.2 MB, 0.10 / 0.00 ms (average mu = 0.270, current mu = 0.017) allocation failure;
[48350:0xc2d40c000]     1531 ms: Scavenge 98.8 (135.1) -> 66.9 (135.1) MB, pooled: 4.2 MB, 0.09 / 0.00 ms (average mu = 0.270, current mu = 0.017) allocation failure;
[48350:0xc2d40c000]     1536 ms: Scavenge 98.8 (135.1) -> 66.9 (135.1) MB, pooled: 4.2 MB, 0.10 / 0.00 ms (average mu = 0.270, current mu = 0.017) allocation failure;
[48350:0xc2d40c000]     1541 ms: Scavenge 98.8 (135.1) -> 66.9 (135.1) MB, pooled: 4.2 MB, 0.08 / 0.00 ms (average mu = 0.270, current mu = 0.017) allocation failure;
[48350:0xc2d40c000]     1545 ms: Scavenge 98.8 (135.1) -> 66.9 (135.1) MB, pooled: 4.2 MB, 0.09 / 0.00 ms (average mu = 0.270, current mu = 0.017) allocation failure;
[48350:0xc2d40c000]     1549 ms: Scavenge 98.8 (135.1) -> 66.9 (135.1) MB, pooled: 4.2 MB, 0.07 / 0.00 ms (average mu = 0.270, current mu = 0.017) allocation failure;
[48350:0xc2d40c000]     1554 ms: Scavenge 98.8 (135.1) -> 66.9 (135.1) MB, pooled: 4.2 MB, 0.11 / 0.00 ms (average mu = 0.270, current mu = 0.017) allocation failure;
[48350:0xc2d40c000]     1559 ms: Scavenge 98.8 (135.1) -> 66.9 (135.1) MB, pooled: 4.2 MB, 0.07 / 0.00 ms (average mu = 0.270, current mu = 0.017) allocation failure;
[48350:0xc2d40c000]     1564 ms: Scavenge 98.8 (135.1) -> 66.9 (135.1) MB, pooled: 4.2 MB, 0.10 / 0.00 ms (average mu = 0.270, current mu = 0.017) allocation failure;
[48350:0xc2d40c000]     1569 ms: Scavenge 98.8 (135.1) -> 66.9 (135.1) MB, pooled: 4.2 MB, 0.07 / 0.00 ms (average mu = 0.270, current mu = 0.017) allocation failure;
[48350:0xc2d40c000]     1574 ms: Scavenge 98.8 (135.1) -> 66.9 (135.1) MB, pooled: 4.2 MB, 0.11 / 0.00 ms (average mu = 0.270, current mu = 0.017) allocation failure;
[48350:0xc2d40c000]     1577 ms: Scavenge 98.8 (135.1) -> 66.9 (135.1) MB, pooled: 4.2 MB, 0.07 / 0.00 ms (average mu = 0.270, current mu = 0.017) allocation failure;
[48350:0xc2d40c000]     1582 ms: Scavenge 98.8 (135.1) -> 66.9 (135.1) MB, pooled: 4.2 MB, 0.07 / 0.00 ms (average mu = 0.270, current mu = 0.017) allocation failure;
[48350:0xc2d40c000]     1587 ms: Scavenge 98.8 (135.1) -> 66.9 (135.1) MB, pooled: 4.2 MB, 0.09 / 0.00 ms (average mu = 0.270, current mu = 0.017) allocation failure;
[48350:0xc2d40c000]     1592 ms: Scavenge 98.8 (135.1) -> 66.9 (135.1) MB, pooled: 4.2 MB, 0.08 / 0.00 ms (average mu = 0.270, current mu = 0.017) allocation failure;
[48350:0xc2d40c000]     1598 ms: Scavenge 98.8 (135.1) -> 66.9 (135.1) MB, pooled: 4.2 MB, 0.08 / 0.00 ms (average mu = 0.270, current mu = 0.017) allocation failure;
[48350:0xc2d40c000]     1604 ms: Scavenge 98.8 (135.1) -> 66.9 (135.1) MB, pooled: 4.2 MB, 0.14 / 0.00 ms (average mu = 0.270, current mu = 0.017) allocation failure;
[48350:0xc2d40c000]     1609 ms: Scavenge 98.8 (135.1) -> 66.9 (135.1) MB, pooled: 4.2 MB, 0.08 / 0.00 ms (average mu = 0.270, current mu = 0.017) allocation failure;
[48350:0xc2d40c000]     1615 ms: Scavenge 98.8 (135.1) -> 66.9 (135.1) MB, pooled: 4.2 MB, 0.12 / 0.00 ms (average mu = 0.270, current mu = 0.017) allocation failure;
[48350:0xc2d40c000]     1620 ms: Scavenge 98.8 (135.1) -> 66.9 (135.1) MB, pooled: 4.2 MB, 0.08 / 0.00 ms (average mu = 0.270, current mu = 0.017) allocation failure;
[48350:0xc2d40c000]     1626 ms: Scavenge 98.8 (135.1) -> 66.9 (135.1) MB, pooled: 4.2 MB, 0.11 / 0.00 ms (average mu = 0.270, current mu = 0.017) allocation failure;
[48350:0xc2d40c000]     1630 ms: Scavenge 98.8 (135.1) -> 66.9 (135.1) MB, pooled: 4.2 MB, 0.06 / 0.00 ms (average mu = 0.270, current mu = 0.017) allocation failure;
[48350:0xc2d40c000]     1636 ms: Scavenge 98.8 (135.1) -> 66.9 (135.1) MB, pooled: 4.2 MB, 0.10 / 0.00 ms (average mu = 0.270, current mu = 0.017) allocation failure;
[48350:0xc2d40c000]     1640 ms: Scavenge 98.8 (135.1) -> 66.9 (135.1) MB, pooled: 4.2 MB, 0.07 / 0.00 ms (average mu = 0.270, current mu = 0.017) allocation failure;
[48350:0xc2d40c000]     1646 ms: Scavenge 98.8 (135.1) -> 66.9 (135.1) MB, pooled: 4.2 MB, 0.10 / 0.00 ms (average mu = 0.270, current mu = 0.017) allocation failure;
[48350:0xc2d40c000]     1650 ms: Scavenge 98.9 (135.1) -> 66.9 (135.1) MB, pooled: 4.2 MB, 0.07 / 0.00 ms (average mu = 0.270, current mu = 0.017) allocation failure;
[48350:0xc2d40c000]     1656 ms: Scavenge 98.9 (135.1) -> 66.9 (135.1) MB, pooled: 4.2 MB, 0.10 / 0.00 ms (average mu = 0.270, current mu = 0.017) allocation failure;
[48350:0xc2d40c000]     1660 ms: Scavenge 98.9 (135.1) -> 66.9 (135.1) MB, pooled: 4.2 MB, 0.06 / 0.00 ms (average mu = 0.270, current mu = 0.017) allocation failure;
[48350:0xc2d40c000]     1666 ms: Scavenge 98.9 (135.1) -> 66.9 (135.1) MB, pooled: 4.2 MB, 0.11 / 0.00 ms (average mu = 0.270, current mu = 0.017) allocation failure;
[48350:0xc2d40c000]     1670 ms: Scavenge 98.9 (135.1) -> 66.9 (135.1) MB, pooled: 4.2 MB, 0.05 / 0.00 ms (average mu = 0.270, current mu = 0.017) allocation failure;
[48350:0xc2d40c000]     1675 ms: Scavenge 98.9 (135.1) -> 66.9 (135.1) MB, pooled: 4.2 MB, 0.09 / 0.00 ms (average mu = 0.270, current mu = 0.017) allocation failure;
[48350:0xc2d40c000]     1680 ms: Scavenge 98.9 (135.1) -> 66.9 (135.1) MB, pooled: 4.2 MB, 0.18 / 0.00 ms (average mu = 0.270, current mu = 0.017) allocation failure;
[48350:0xc2d40c000]     1686 ms: Scavenge 98.9 (135.1) -> 66.9 (135.1) MB, pooled: 4.2 MB, 0.09 / 0.00 ms (average mu = 0.270, current mu = 0.017) allocation failure;
[48350:0xc2d40c000]     1690 ms: Scavenge 98.9 (135.1) -> 66.9 (135.1) MB, pooled: 4.2 MB, 0.07 / 0.00 ms (average mu = 0.270, current mu = 0.017) allocation failure;
[48350:0xc2d40c000]     1695 ms: Scavenge 98.9 (135.1) -> 66.9 (135.1) MB, pooled: 4.2 MB, 0.10 / 0.00 ms (average mu = 0.270, current mu = 0.017) allocation failure;
[48350:0xc2d40c000]     1700 ms: Scavenge 98.9 (135.1) -> 66.9 (135.1) MB, pooled: 4.2 MB, 0.05 / 0.00 ms (average mu = 0.270, current mu = 0.017) allocation failure;
[48350:0xc2d40c000]     1705 ms: Scavenge 98.9 (135.1) -> 66.9 (135.1) MB, pooled: 4.2 MB, 0.07 / 0.00 ms (average mu = 0.270, current mu = 0.017) allocation failure;
[48350:0xc2d40c000]     1710 ms: Scavenge 98.9 (135.1) -> 66.9 (135.1) MB, pooled: 4.2 MB, 0.06 / 0.00 ms (average mu = 0.270, current mu = 0.017) allocation failure;
[48350:0xc2d40c000]     1715 ms: Scavenge 98.9 (135.1) -> 66.9 (135.1) MB, pooled: 4.2 MB, 0.12 / 0.00 ms (average mu = 0.270, current mu = 0.017) allocation failure;
[48350:0xc2d40c000]     1720 ms: Scavenge 98.9 (135.1) -> 66.9 (135.1) MB, pooled: 4.2 MB, 0.09 / 0.00 ms (average mu = 0.270, current mu = 0.017) allocation failure;
[48350:0xc2d40c000]     1726 ms: Scavenge 98.9 (135.1) -> 66.9 (135.1) MB, pooled: 4.2 MB, 0.19 / 0.00 ms (average mu = 0.270, current mu = 0.017) allocation failure;
[48350:0xc2d40c000]     1730 ms: Scavenge 98.9 (135.1) -> 66.9 (135.1) MB, pooled: 4.2 MB, 0.07 / 0.00 ms (average mu = 0.270, current mu = 0.017) allocation failure;
[48350:0xc2d40c000]     1736 ms: Scavenge 98.9 (135.1) -> 66.9 (135.1) MB, pooled: 4.2 MB, 0.16 / 0.00 ms (average mu = 0.270, current mu = 0.017) allocation failure;
[48350:0xc2d40c000]     1740 ms: Scavenge 98.9 (135.1) -> 66.9 (135.1) MB, pooled: 4.2 MB, 0.09 / 0.00 ms (average mu = 0.270, current mu = 0.017) allocation failure;
[48350:0xc2d40c000]     1746 ms: Scavenge 98.9 (135.1) -> 66.9 (135.1) MB, pooled: 4.2 MB, 0.10 / 0.00 ms (average mu = 0.270, current mu = 0.017) allocation failure;
[48350:0xc2d40c000]     1751 ms: Scavenge 98.9 (135.1) -> 67.0 (135.1) MB, pooled: 4.2 MB, 0.10 / 0.00 ms (average mu = 0.270, current mu = 0.017) allocation failure;
[48350:0xc2d40c000]     1756 ms: Scavenge 98.9 (135.1) -> 67.0 (135.1) MB, pooled: 4.2 MB, 0.08 / 0.00 ms (average mu = 0.270, current mu = 0.017) allocation failure;
[48350:0xc2d40c000]     1761 ms: Scavenge 98.9 (135.1) -> 67.0 (135.1) MB, pooled: 4.2 MB, 0.07 / 0.00 ms (average mu = 0.270, current mu = 0.017) allocation failure;
[48350:0xc2d40c000]     1766 ms: Scavenge 98.9 (135.1) -> 66.9 (135.1) MB, pooled: 4.2 MB, 0.10 / 0.00 ms (average mu = 0.270, current mu = 0.017) allocation failure;
[48350:0xc2d40c000]     1771 ms: Scavenge 98.9 (135.1) -> 66.9 (135.1) MB, pooled: 4.2 MB, 0.06 / 0.00 ms (average mu = 0.270, current mu = 0.017) allocation failure;
[48350:0xc2d40c000]     1776 ms: Scavenge 98.9 (135.1) -> 66.9 (135.1) MB, pooled: 4.2 MB, 0.09 / 0.00 ms (average mu = 0.270, current mu = 0.017) allocation failure;
[48350:0xc2d40c000]     1780 ms: Scavenge 98.9 (135.1) -> 66.9 (135.1) MB, pooled: 4.2 MB, 0.08 / 0.00 ms (average mu = 0.270, current mu = 0.017) allocation failure;
[48350:0xc2d40c000]     1784 ms: Scavenge 98.9 (135.1) -> 66.9 (135.1) MB, pooled: 4.2 MB, 0.05 / 0.00 ms (average mu = 0.270, current mu = 0.017) allocation failure;
[48350:0xc2d40c000]     1790 ms: Scavenge 98.9 (135.1) -> 66.9 (135.1) MB, pooled: 4.2 MB, 0.09 / 0.00 ms (average mu = 0.270, current mu = 0.017) allocation failure;
[48350:0xc2d40c000]     1800 ms: Scavenge 98.9 (135.1) -> 67.0 (135.1) MB, pooled: 4.2 MB, 0.12 / 0.00 ms (average mu = 0.270, current mu = 0.017) allocation failure;
[48350:0xc2d40c000]     1815 ms: Scavenge 98.9 (135.1) -> 67.0 (135.1) MB, pooled: 4.2 MB, 0.19 / 0.00 ms (average mu = 0.270, current mu = 0.017) allocation failure;
[48350:0xc2d40c000]     1830 ms: Scavenge 98.9 (135.1) -> 66.9 (135.1) MB, pooled: 4.2 MB, 0.12 / 0.00 ms (average mu = 0.270, current mu = 0.017) allocation failure;
[48350:0xc2d40c000]     1843 ms: Scavenge 98.9 (135.1) -> 67.0 (135.1) MB, pooled: 4.2 MB, 0.09 / 0.00 ms (average mu = 0.270, current mu = 0.017) allocation failure;
[48350:0xc2d40c000]     1857 ms: Scavenge 99.0 (135.1) -> 67.0 (135.1) MB, pooled: 4.2 MB, 0.14 / 0.00 ms (average mu = 0.270, current mu = 0.017) allocation failure;
[48350:0xc2d40c000]     1871 ms: Scavenge 99.0 (135.1) -> 67.0 (135.1) MB, pooled: 4.2 MB, 0.12 / 0.00 ms (average mu = 0.270, current mu = 0.017) allocation failure;
[48350:0xc2d40c000]     1884 ms: Scavenge 99.0 (135.1) -> 67.0 (135.1) MB, pooled: 4.2 MB, 0.14 / 0.00 ms (average mu = 0.270, current mu = 0.017) allocation failure;
[48350:0xc2d40c000]     1897 ms: Scavenge 99.0 (135.1) -> 67.0 (135.1) MB, pooled: 4.2 MB, 0.12 / 0.00 ms (average mu = 0.270, current mu = 0.017) allocation failure;
[48350:0xc2d40c000]     1910 ms: Scavenge 99.0 (135.1) -> 67.0 (135.1) MB, pooled: 4.2 MB, 0.10 / 0.00 ms (average mu = 0.270, current mu = 0.017) allocation failure;
[48350:0xc2d40c000]     1922 ms: Scavenge 99.0 (135.1) -> 67.0 (135.1) MB, pooled: 4.2 MB, 0.12 / 0.00 ms (average mu = 0.270, current mu = 0.017) allocation failure;
[48350:0xc2d40c000]     1935 ms: Scavenge 99.0 (135.1) -> 67.1 (135.1) MB, pooled: 4.2 MB, 0.09 / 0.00 ms (average mu = 0.270, current mu = 0.017) allocation failure;
[48350:0xc2d40c000]     1948 ms: Scavenge 99.0 (135.1) -> 67.0 (135.1) MB, pooled: 4.2 MB, 0.10 / 0.00 ms (average mu = 0.270, current mu = 0.017) allocation failure;
[48350:0xc2d40c000]     1960 ms: Scavenge 99.0 (135.1) -> 67.1 (135.1) MB, pooled: 4.2 MB, 0.15 / 0.00 ms (average mu = 0.270, current mu = 0.017) allocation failure;
[48350:0xc2d40c000]     1973 ms: Scavenge 99.0 (135.1) -> 67.0 (135.1) MB, pooled: 4.2 MB, 0.12 / 0.00 ms (average mu = 0.270, current mu = 0.017) allocation failure;
[48350:0xc2d40c000]     1984 ms: Scavenge 99.0 (135.1) -> 67.0 (135.1) MB, pooled: 4.2 MB, 0.10 / 0.00 ms (average mu = 0.270, current mu = 0.017) allocation failure;
[marking dependent code 0x080b61e0a179 <Code TURBOFAN_JS> (0x0ad8276fb331 <SharedFunctionInfo stringParser>) (opt id 590) for deoptimization, reason: embedded weak objects cleared]
[marking dependent code 0x080b61e09621 <Code TURBOFAN_JS> (0x12e21a37f971 <SharedFunctionInfo mergeErrorState>) (opt id 591) for deoptimization, reason: embedded weak objects cleared]
[marking dependent code 0x18d2f74c9a49 <Code TURBOFAN_JS> (0x12e21a3555e9 <SharedFunctionInfo ok>) (opt id 579) for deoptimization, reason: embedded weak objects cleared]
[marking dependent code 0x015d8c9eb631 <Code TURBOFAN_JS> (0x12e21a355751 <SharedFunctionInfo unsafeSetValue>) (opt id 581) for deoptimization, reason: embedded weak objects cleared]
[marking dependent code 0x015d8c9ea619 <Code MAGLEV> (0x12e21a355991 <SharedFunctionInfo ParserState>) (opt id 585) for deoptimization, reason: embedded weak objects cleared]
[marking dependent code 0x015d8c9ebdb1 <Code TURBOFAN_JS> (0x12e21a3555a1 <SharedFunctionInfo ParserState>) (opt id 583) for deoptimization, reason: embedded weak objects cleared]
[marking dependent code 0x080b61e21f91 <Code TURBOFAN_JS> (0x0e2361c60171 <SharedFunctionInfo mergeLabels>) (opt id 605) for deoptimization, reason: embedded weak objects cleared]
[marking dependent code 0x015d8c9eb9a1 <Code TURBOFAN_JS> (0x3757ea114fa9 <SharedFunctionInfo>) (opt id 582) for deoptimization, reason: embedded weak objects cleared]
[marking dependent code 0x3d97ce9ed659 <Code TURBOFAN_JS> (0x0d4b7a1775f9 <SharedFunctionInfo view>) (opt id 596) for deoptimization, reason: embedded weak objects cleared]
[marking dependent code 0x3685b91b0c49 <Code TURBOFAN_JS> (0x0d4b7a177c71 <SharedFunctionInfo>) (opt id 618) for deoptimization, reason: embedded weak objects cleared]
[marking dependent code 0x015d8c9c9461 <Code TURBOFAN_JS> (0x12e21a34c259 <SharedFunctionInfo parseStateInner>) (opt id 584) for deoptimization, reason: embedded weak objects cleared]
[marking dependent code 0x080b61e19a19 <Code TURBOFAN_JS> (0x0ad8276fb2e9 <SharedFunctionInfo stringParser>) (opt id 606) for deoptimization, reason: embedded weak objects cleared]
[marking dependent code 0x22be92e03141 <Code TURBOFAN_JS> (0x053598100e71 <SharedFunctionInfo>) (opt id 580) for deoptimization, reason: embedded weak objects cleared]
[marking dependent code 0x080b61e01c81 <Code TURBOFAN_JS> (0x0e2361c6f419 <SharedFunctionInfo rollback>) (opt id 614) for deoptimization, reason: embedded weak objects cleared]
[marking dependent code 0x3d97ce9ee841 <Code TURBOFAN_JS> (0x0e2361c6f539 <SharedFunctionInfo clearFrontierExtras>) (opt id 602) for deoptimization, reason: embedded weak objects cleared]
[marking dependent code 0x18d2f74f7d19 <Code TURBOFAN_JS> (0x0e2361c6f611 <SharedFunctionInfo parseState>) (opt id 574) for deoptimization, reason: embedded weak objects cleared]
[48350:0xc2d40c000]     2003 ms: Mark-Compact 91.5 (135.1) -> 66.8 (135.1) MB, pooled: 4.2 MB, 9.11 / 0.00 ms (average mu = 0.970, current mu = 0.985) testing; GC in old space requested
[48350:0xc2d40c000]     2014 ms: Mark-Compact 67.1 (135.6) -> 67.1 (135.4) MB, pooled: 4.2 MB, 10.48 / 0.00 ms (average mu = 0.938, current mu = 0.011) testing; GC in old space requested
[48350:0xc2d40c000]     2024 ms: Mark-Compact 67.5 (135.4) -> 66.8 (135.4) MB, pooled: 4.2 MB, 9.80 / 0.00 ms (average mu = 0.884, current mu = 0.020) testing; GC in old space requested
[48350:0xc2d40c000]     2033 ms: Mark-Compact 70.0 (135.4) -> 67.1 (135.4) MB, pooled: 4.2 MB, 8.91 / 0.00 ms (average mu = 0.801, current mu = 0.073) testing; GC in old space requested
[48350:0xc2d40c000]     2043 ms: Mark-Compact 67.1 (135.4) -> 66.8 (135.4) MB, pooled: 4.2 MB, 9.77 / 0.00 ms (average mu = 0.663, current mu = 0.010) testing; GC in old space requested
[48350:0xc2d40c000]     2066 ms: Mark-Compact 66.8 (135.4) -> 66.8 (135.4) MB, pooled: 4.2 MB, 23.14 / 0.00 ms (average mu = 0.367, current mu = 0.005) testing; GC in old space requested
[48350:0xc2d40c000]     2077 ms: Mark-Compact 66.8 (135.4) -> 66.8 (135.4) MB, pooled: 4.2 MB, 10.44 / 0.00 ms (average mu = 0.263, current mu = 0.009) testing; GC in old space requested
[marking dependent code 0x22be92e02be9 <Code TURBOFAN_JS> (0x12e21a34c259 <SharedFunctionInfo parseStateInner>) (opt id 621) for deoptimization, reason: embedded weak objects cleared]
[marking dependent code 0x22be92e074a1 <Code TURBOFAN_JS> (0x3757ea114fa9 <SharedFunctionInfo>) (opt id 623) for deoptimization, reason: embedded weak objects cleared]
[marking dependent code 0x22be92e07131 <Code TURBOFAN_JS> (0x12e21a3555e9 <SharedFunctionInfo ok>) (opt id 620) for deoptimization, reason: embedded weak objects cleared]
[marking dependent code 0x22be92e078b1 <Code TURBOFAN_JS> (0x12e21a3555a1 <SharedFunctionInfo ParserState>) (opt id 622) for deoptimization, reason: embedded weak objects cleared]
[48350:0xc2d40c000]     2092 ms: Mark-Compact 66.8 (135.4) -> 66.8 (135.4) MB, pooled: 4.2 MB, 15.09 / 0.00 ms (average mu = 0.154, current mu = 0.025) testing; GC in old space requested
[bailout (kind: deopt-eager, reason: Insufficient type feedback for compare operation): begin. deoptimizing 0x09e3c0d1fcd9 <JSFunction buildTerminalTable (sfi = 0xe2361c60099)>, 0x2bc3b2f60359 <Code TURBOFAN_JS>, opt id 460, bytecode offset 1347, deopt exit 181, FP to SP delta 192, caller SP 0x00016efa13a8, pc 0x000117c83378]
[bailout (kind: deopt-eager, reason: Insufficient type feedback for generic named access): begin. deoptimizing 0x0ad4262d6839 <JSFunction (sfi = 0x3757ea117781)>, 0x2ee456d80df9 <Code TURBOFAN_JS>, opt id 624, bytecode offset 29, deopt exit 6, FP to SP delta 112, caller SP 0x00016efa1360, pc 0x000117c9db44]
[48350:0xc2d40c000]     2100 ms: Scavenge 98.9 (135.6) -> 67.1 (135.6) MB, pooled: 4.2 MB, 0.22 / 0.00 ms (average mu = 0.154, current mu = 0.025) allocation failure;
[48350:0xc2d40c000]     2105 ms: Scavenge 98.9 (135.9) -> 67.1 (135.9) MB, pooled: 4.0 MB, 0.29 / 0.00 ms (average mu = 0.154, current mu = 0.025) allocation failure;
[48350:0xc2d40c000]     2109 ms: Scavenge 99.0 (135.9) -> 67.1 (135.9) MB, pooled: 4.0 MB, 0.09 / 0.00 ms (average mu = 0.154, current mu = 0.025) allocation failure;
[48350:0xc2d40c000]     2114 ms: Scavenge 99.0 (135.9) -> 67.1 (135.9) MB, pooled: 4.0 MB, 0.14 / 0.00 ms (average mu = 0.154, current mu = 0.025) allocation failure;
[48350:0xc2d40c000]     2118 ms: Scavenge 99.0 (135.9) -> 67.1 (135.9) MB, pooled: 4.0 MB, 0.10 / 0.00 ms (average mu = 0.154, current mu = 0.025) allocation failure;
[48350:0xc2d40c000]     2124 ms: Scavenge 99.0 (135.9) -> 67.1 (135.9) MB, pooled: 4.0 MB, 0.16 / 0.00 ms (average mu = 0.154, current mu = 0.025) allocation failure;
[48350:0xc2d40c000]     2128 ms: Scavenge 99.0 (135.9) -> 67.1 (135.9) MB, pooled: 4.0 MB, 0.07 / 0.00 ms (average mu = 0.154, current mu = 0.025) allocation failure;
[48350:0xc2d40c000]     2133 ms: Scavenge 99.0 (135.9) -> 67.1 (135.9) MB, pooled: 4.0 MB, 0.11 / 0.00 ms (average mu = 0.154, current mu = 0.025) allocation failure;
[48350:0xc2d40c000]     2138 ms: Scavenge 99.0 (135.9) -> 67.1 (135.9) MB, pooled: 4.0 MB, 0.08 / 0.00 ms (average mu = 0.154, current mu = 0.025) allocation failure;
[48350:0xc2d40c000]     2143 ms: Scavenge 99.0 (135.9) -> 67.1 (135.9) MB, pooled: 4.0 MB, 0.10 / 0.00 ms (average mu = 0.154, current mu = 0.025) allocation failure;
[48350:0xc2d40c000]     2147 ms: Scavenge 99.0 (135.9) -> 67.1 (135.9) MB, pooled: 4.0 MB, 0.11 / 0.00 ms (average mu = 0.154, current mu = 0.025) allocation failure;
[48350:0xc2d40c000]     2152 ms: Scavenge 99.0 (135.9) -> 67.1 (135.9) MB, pooled: 4.0 MB, 0.08 / 0.00 ms (average mu = 0.154, current mu = 0.025) allocation failure;
[48350:0xc2d40c000]     2157 ms: Scavenge 99.0 (135.9) -> 67.1 (135.9) MB, pooled: 4.0 MB, 0.10 / 0.00 ms (average mu = 0.154, current mu = 0.025) allocation failure;
[48350:0xc2d40c000]     2161 ms: Scavenge 99.0 (135.9) -> 67.1 (135.9) MB, pooled: 4.0 MB, 0.06 / 0.00 ms (average mu = 0.154, current mu = 0.025) allocation failure;
[48350:0xc2d40c000]     2166 ms: Scavenge 99.0 (135.9) -> 67.1 (135.9) MB, pooled: 4.0 MB, 0.10 / 0.00 ms (average mu = 0.154, current mu = 0.025) allocation failure;
[48350:0xc2d40c000]     2171 ms: Scavenge 99.0 (135.9) -> 67.1 (135.9) MB, pooled: 4.0 MB, 0.06 / 0.00 ms (average mu = 0.154, current mu = 0.025) allocation failure;
[48350:0xc2d40c000]     2175 ms: Scavenge 99.0 (135.9) -> 67.1 (135.9) MB, pooled: 4.0 MB, 0.11 / 0.00 ms (average mu = 0.154, current mu = 0.025) allocation failure;
[48350:0xc2d40c000]     2180 ms: Scavenge 99.1 (135.9) -> 67.1 (135.9) MB, pooled: 4.0 MB, 0.10 / 0.00 ms (average mu = 0.154, current mu = 0.025) allocation failure;
[48350:0xc2d40c000]     2186 ms: Scavenge 99.1 (135.9) -> 67.1 (135.9) MB, pooled: 4.0 MB, 0.12 / 0.00 ms (average mu = 0.154, current mu = 0.025) allocation failure;
[48350:0xc2d40c000]     2191 ms: Scavenge 99.1 (135.9) -> 67.2 (135.9) MB, pooled: 4.0 MB, 0.09 / 0.00 ms (average mu = 0.154, current mu = 0.025) allocation failure;
[48350:0xc2d40c000]     2196 ms: Scavenge 99.1 (135.9) -> 67.1 (135.9) MB, pooled: 4.0 MB, 0.11 / 0.00 ms (average mu = 0.154, current mu = 0.025) allocation failure;
[48350:0xc2d40c000]     2201 ms: Scavenge 99.1 (135.9) -> 67.1 (135.9) MB, pooled: 4.0 MB, 0.08 / 0.00 ms (average mu = 0.154, current mu = 0.025) allocation failure;
[48350:0xc2d40c000]     2206 ms: Scavenge 99.1 (135.9) -> 67.1 (135.9) MB, pooled: 4.0 MB, 0.10 / 0.00 ms (average mu = 0.154, current mu = 0.025) allocation failure;
[48350:0xc2d40c000]     2211 ms: Scavenge 99.1 (135.9) -> 67.1 (135.9) MB, pooled: 4.0 MB, 0.06 / 0.00 ms (average mu = 0.154, current mu = 0.025) allocation failure;
[48350:0xc2d40c000]     2216 ms: Scavenge 99.1 (135.9) -> 67.2 (135.9) MB, pooled: 4.0 MB, 0.10 / 0.00 ms (average mu = 0.154, current mu = 0.025) allocation failure;
[48350:0xc2d40c000]     2221 ms: Scavenge 99.1 (135.9) -> 67.1 (135.9) MB, pooled: 4.0 MB, 0.08 / 0.00 ms (average mu = 0.154, current mu = 0.025) allocation failure;
[48350:0xc2d40c000]     2226 ms: Scavenge 99.1 (135.9) -> 67.1 (135.9) MB, pooled: 4.0 MB, 0.10 / 0.00 ms (average mu = 0.154, current mu = 0.025) allocation failure;
[48350:0xc2d40c000]     2230 ms: Scavenge 99.1 (135.9) -> 67.1 (135.9) MB, pooled: 4.0 MB, 0.07 / 0.00 ms (average mu = 0.154, current mu = 0.025) allocation failure;
[48350:0xc2d40c000]     2236 ms: Scavenge 99.1 (135.9) -> 67.1 (135.9) MB, pooled: 4.0 MB, 0.08 / 0.00 ms (average mu = 0.154, current mu = 0.025) allocation failure;
[48350:0xc2d40c000]     2240 ms: Scavenge 99.1 (135.9) -> 67.1 (135.9) MB, pooled: 4.0 MB, 0.10 / 0.00 ms (average mu = 0.154, current mu = 0.025) allocation failure;
[48350:0xc2d40c000]     2246 ms: Scavenge 99.1 (135.9) -> 67.1 (135.9) MB, pooled: 4.0 MB, 0.14 / 0.00 ms (average mu = 0.154, current mu = 0.025) allocation failure;
[48350:0xc2d40c000]     2250 ms: Scavenge 99.1 (135.9) -> 67.1 (135.9) MB, pooled: 4.0 MB, 0.10 / 0.00 ms (average mu = 0.154, current mu = 0.025) allocation failure;
[48350:0xc2d40c000]     2255 ms: Scavenge 99.1 (135.9) -> 67.1 (135.9) MB, pooled: 4.0 MB, 0.08 / 0.00 ms (average mu = 0.154, current mu = 0.025) allocation failure;
[48350:0xc2d40c000]     2263 ms: Scavenge 99.1 (135.9) -> 67.1 (135.9) MB, pooled: 4.0 MB, 0.12 / 0.00 ms (average mu = 0.154, current mu = 0.025) allocation failure;
[48350:0xc2d40c000]     2282 ms: Scavenge 99.1 (135.9) -> 67.2 (135.9) MB, pooled: 4.0 MB, 0.15 / 0.00 ms (average mu = 0.154, current mu = 0.025) allocation failure;
[48350:0xc2d40c000]     2300 ms: Scavenge 99.1 (135.9) -> 67.2 (135.9) MB, pooled: 4.0 MB, 0.13 / 0.00 ms (average mu = 0.154, current mu = 0.025) allocation failure;
[48350:0xc2d40c000]     2318 ms: Scavenge 99.2 (135.9) -> 67.2 (135.9) MB, pooled: 4.0 MB, 0.13 / 0.00 ms (average mu = 0.154, current mu = 0.025) allocation failure;
[48350:0xc2d40c000]     2335 ms: Scavenge 99.2 (135.9) -> 67.2 (135.9) MB, pooled: 4.0 MB, 0.13 / 0.00 ms (average mu = 0.154, current mu = 0.025) allocation failure;
[48350:0xc2d40c000]     2353 ms: Scavenge 99.2 (135.9) -> 67.3 (135.9) MB, pooled: 4.0 MB, 0.16 / 0.00 ms (average mu = 0.154, current mu = 0.025) allocation failure;
[marking dependent code 0x3d97ce9ee441 <Code TURBOFAN_JS> (0x0e2361c6f611 <SharedFunctionInfo parseState>) (opt id 640) for deoptimization, reason: embedded weak objects cleared]
[marking dependent code 0x015d8c9c9501 <Code TURBOFAN_JS> (0x053598100e71 <SharedFunctionInfo>) (opt id 643) for deoptimization, reason: embedded weak objects cleared]
[marking dependent code 0x2d29db8d0b49 <Code TURBOFAN_JS> (0x12e21a3555e9 <SharedFunctionInfo ok>) (opt id 635) for deoptimization, reason: embedded weak objects cleared]
[marking dependent code 0x2bc3b2f52a81 <Code TURBOFAN_JS> (0x12e21a355751 <SharedFunctionInfo unsafeSetValue>) (opt id 639) for deoptimization, reason: embedded weak objects cleared]
[marking dependent code 0x2d29db8d0f59 <Code TURBOFAN_JS> (0x12e21a3555a1 <SharedFunctionInfo ParserState>) (opt id 636) for deoptimization, reason: embedded weak objects cleared]
[marking dependent code 0x080b61e0d9d9 <Code TURBOFAN_JS> (0x0ad8276fb331 <SharedFunctionInfo stringParser>) (opt id 647) for deoptimization, reason: embedded weak objects cleared]
[marking dependent code 0x015d8c9ead89 <Code TURBOFAN_JS> (0x0ad8276fb2e9 <SharedFunctionInfo stringParser>) (opt id 664) for deoptimization, reason: embedded weak objects cleared]
[marking dependent code 0x2ee456d81519 <Code TURBOFAN_JS> (0x12e21a37f971 <SharedFunctionInfo mergeErrorState>) (opt id 629) for deoptimization, reason: embedded weak objects cleared]
[marking dependent code 0x015d8c9ea821 <Code TURBOFAN_JS> (0x0e2361c6f419 <SharedFunctionInfo rollback>) (opt id 662) for deoptimization, reason: embedded weak objects cleared]
[marking dependent code 0x18d2f74f3bf1 <Code TURBOFAN_JS> (0x0e2361c6f539 <SharedFunctionInfo clearFrontierExtras>) (opt id 645) for deoptimization, reason: embedded weak objects cleared]
[marking dependent code 0x2bc3b2f52ed1 <Code TURBOFAN_JS> (0x0e2361c6f389 <SharedFunctionInfo RunState>) (opt id 638) for deoptimization, reason: embedded weak objects cleared]
[marking dependent code 0x3685b91b1091 <Code TURBOFAN_JS> (0x12e21a34c259 <SharedFunctionInfo parseStateInner>) (opt id 637) for deoptimization, reason: embedded weak objects cleared]
[marking dependent code 0x2ee456d8b609 <Code TURBOFAN_JS> (0x0d4b7a177c71 <SharedFunctionInfo>) (opt id 666) for deoptimization, reason: embedded weak objects cleared]
[marking dependent code 0x2ee456d81169 <Code TURBOFAN_JS> (0x3757ea114fa9 <SharedFunctionInfo>) (opt id 628) for deoptimization, reason: embedded weak objects cleared]
[marking dependent code 0x015d8c9eb979 <Code TURBOFAN_JS> (0x0e2361c60171 <SharedFunctionInfo mergeLabels>) (opt id 659) for deoptimization, reason: embedded weak objects cleared]
[marking dependent code 0x080b61e0dd21 <Code TURBOFAN_JS> (0x0d4b7a1775f9 <SharedFunctionInfo view>) (opt id 648) for deoptimization, reason: embedded weak objects cleared]
[48350:0xc2d40c000]     2380 ms: Mark-Compact 98.2 (135.9) -> 66.9 (135.9) MB, pooled: 4.0 MB, 9.35 / 0.00 ms (average mu = 0.923, current mu = 0.968) testing; GC in old space requested
[48350:0xc2d40c000]     2390 ms: Mark-Compact 67.5 (135.9) -> 67.4 (135.6) MB, pooled: 4.0 MB, 9.92 / 0.00 ms (average mu = 0.866, current mu = 0.010) testing; GC in old space requested
[48350:0xc2d40c000]     2402 ms: Mark-Compact 68.1 (135.6) -> 66.8 (134.9) MB, pooled: 4.8 MB, 11.63 / 0.00 ms (average mu = 0.758, current mu = 0.021) testing; GC in old space requested
[48350:0xc2d40c000]     2413 ms: Mark-Compact 72.2 (134.9) -> 67.3 (134.9) MB, pooled: 4.8 MB, 9.99 / 0.00 ms (average mu = 0.631, current mu = 0.096) testing; GC in old space requested
[48350:0xc2d40c000]     2424 ms: Mark-Compact 67.4 (134.9) -> 66.8 (134.9) MB, pooled: 4.8 MB, 11.20 / 0.00 ms (average mu = 0.456, current mu = 0.008) testing; GC in old space requested
[48350:0xc2d40c000]     2441 ms: Mark-Compact 66.8 (134.9) -> 66.8 (134.9) MB, pooled: 4.8 MB, 16.35 / 0.00 ms (average mu = 0.253, current mu = 0.006) testing; GC in old space requested
[48350:0xc2d40c000]     2450 ms: Mark-Compact 66.8 (134.9) -> 66.8 (134.9) MB, pooled: 4.8 MB, 9.32 / 0.00 ms (average mu = 0.171, current mu = 0.014) testing; GC in old space requested
[marking dependent code 0x17216b8404c9 <Code TURBOFAN_JS> (0x3757ea114fa9 <SharedFunctionInfo>) (opt id 673) for deoptimization, reason: embedded weak objects cleared]
[marking dependent code 0x2ee456d80551 <Code TURBOFAN_JS> (0x12e21a3555e9 <SharedFunctionInfo ok>) (opt id 670) for deoptimization, reason: embedded weak objects cleared]
[marking dependent code 0x2ee456d80231 <Code TURBOFAN_JS> (0x12e21a355751 <SharedFunctionInfo unsafeSetValue>) (opt id 669) for deoptimization, reason: embedded weak objects cleared]
[marking dependent code 0x17216b8408d9 <Code TURBOFAN_JS> (0x12e21a3555a1 <SharedFunctionInfo ParserState>) (opt id 672) for deoptimization, reason: embedded weak objects cleared]
[marking dependent code 0x3d97ce9ee4a9 <Code TURBOFAN_JS> (0x12e21a34c259 <SharedFunctionInfo parseStateInner>) (opt id 671) for deoptimization, reason: embedded weak objects cleared]
[48350:0xc2d40c000]     2480 ms: Mark-Compact 66.8 (134.9) -> 66.8 (134.9) MB, pooled: 4.8 MB, 9.05 / 0.00 ms (average mu = 0.526, current mu = 0.692) testing; GC in old space requested
[48350:0xc2d40c000]     2485 ms: Scavenge 98.9 (134.9) -> 67.3 (134.9) MB, pooled: 4.8 MB, 0.28 / 0.00 ms (average mu = 0.526, current mu = 0.692) allocation failure;
[48350:0xc2d40c000]     2491 ms: Scavenge 98.9 (135.4) -> 67.3 (135.4) MB, pooled: 4.2 MB, 0.36 / 0.00 ms (average mu = 0.526, current mu = 0.692) allocation failure;
[48350:0xc2d40c000]     2495 ms: Scavenge 99.1 (135.4) -> 67.3 (135.4) MB, pooled: 4.2 MB, 0.10 / 0.00 ms (average mu = 0.526, current mu = 0.692) allocation failure;
[48350:0xc2d40c000]     2499 ms: Scavenge 99.1 (135.4) -> 67.3 (135.4) MB, pooled: 4.2 MB, 0.17 / 0.00 ms (average mu = 0.526, current mu = 0.692) allocation failure;
[48350:0xc2d40c000]     2504 ms: Scavenge 99.1 (135.4) -> 67.2 (135.4) MB, pooled: 4.2 MB, 0.11 / 0.00 ms (average mu = 0.526, current mu = 0.692) allocation failure;
[48350:0xc2d40c000]     2508 ms: Scavenge 99.1 (135.4) -> 67.2 (135.4) MB, pooled: 4.2 MB, 0.06 / 0.00 ms (average mu = 0.526, current mu = 0.692) allocation failure;
[48350:0xc2d40c000]     2512 ms: Scavenge 99.1 (135.4) -> 67.3 (135.4) MB, pooled: 4.2 MB, 0.13 / 0.00 ms (average mu = 0.526, current mu = 0.692) allocation failure;
[48350:0xc2d40c000]     2517 ms: Scavenge 99.1 (135.4) -> 67.3 (135.4) MB, pooled: 4.2 MB, 0.07 / 0.00 ms (average mu = 0.526, current mu = 0.692) allocation failure;
[48350:0xc2d40c000]     2522 ms: Scavenge 99.1 (135.4) -> 67.2 (135.4) MB, pooled: 4.2 MB, 0.10 / 0.00 ms (average mu = 0.526, current mu = 0.692) allocation failure;
[48350:0xc2d40c000]     2541 ms: Scavenge 99.1 (135.4) -> 67.2 (135.4) MB, pooled: 4.2 MB, 0.14 / 0.00 ms (average mu = 0.526, current mu = 0.692) allocation failure;
[48350:0xc2d40c000]     2546 ms: Scavenge 99.1 (135.4) -> 67.2 (135.4) MB, pooled: 4.2 MB, 0.09 / 0.00 ms (average mu = 0.526, current mu = 0.692) allocation failure;
[48350:0xc2d40c000]     2570 ms: Scavenge 99.1 (135.4) -> 67.2 (135.4) MB, pooled: 4.2 MB, 0.10 / 0.00 ms (average mu = 0.526, current mu = 0.692) allocation failure;
[48350:0xc2d40c000]     2594 ms: Scavenge 99.1 (135.4) -> 67.3 (135.4) MB, pooled: 4.2 MB, 0.18 / 0.00 ms (average mu = 0.526, current mu = 0.692) allocation failure;
[48350:0xc2d40c000]     2599 ms: Scavenge 99.1 (135.4) -> 67.3 (135.4) MB, pooled: 4.2 MB, 0.09 / 0.00 ms (average mu = 0.526, current mu = 0.692) allocation failure;
[48350:0xc2d40c000]     2606 ms: Scavenge 99.1 (135.4) -> 67.2 (135.4) MB, pooled: 4.2 MB, 0.12 / 0.00 ms (average mu = 0.526, current mu = 0.692) allocation failure;
[48350:0xc2d40c000]     2610 ms: Scavenge 99.1 (135.4) -> 67.2 (135.4) MB, pooled: 4.2 MB, 0.08 / 0.00 ms (average mu = 0.526, current mu = 0.692) allocation failure;
[48350:0xc2d40c000]     2615 ms: Scavenge 99.1 (135.4) -> 67.2 (135.4) MB, pooled: 4.2 MB, 0.11 / 0.00 ms (average mu = 0.526, current mu = 0.692) allocation failure;
[48350:0xc2d40c000]     2619 ms: Scavenge 99.1 (135.4) -> 67.2 (135.4) MB, pooled: 4.2 MB, 0.08 / 0.00 ms (average mu = 0.526, current mu = 0.692) allocation failure;
[48350:0xc2d40c000]     2624 ms: Scavenge 99.1 (135.4) -> 67.3 (135.4) MB, pooled: 4.2 MB, 0.13 / 0.00 ms (average mu = 0.526, current mu = 0.692) allocation failure;
[48350:0xc2d40c000]     2628 ms: Scavenge 99.1 (135.4) -> 67.3 (135.4) MB, pooled: 4.2 MB, 0.09 / 0.00 ms (average mu = 0.526, current mu = 0.692) allocation failure;
[48350:0xc2d40c000]     2641 ms: Scavenge 99.1 (135.4) -> 67.2 (135.4) MB, pooled: 4.2 MB, 0.12 / 0.00 ms (average mu = 0.526, current mu = 0.692) allocation failure;
[48350:0xc2d40c000]     2646 ms: Scavenge 99.1 (135.4) -> 67.2 (135.4) MB, pooled: 4.2 MB, 0.15 / 0.00 ms (average mu = 0.526, current mu = 0.692) allocation failure;
[48350:0xc2d40c000]     2651 ms: Scavenge 99.1 (135.4) -> 67.2 (135.4) MB, pooled: 4.2 MB, 0.10 / 0.00 ms (average mu = 0.526, current mu = 0.692) allocation failure;
[48350:0xc2d40c000]     2655 ms: Scavenge 99.1 (135.4) -> 67.3 (135.4) MB, pooled: 4.2 MB, 0.15 / 0.00 ms (average mu = 0.526, current mu = 0.692) allocation failure;
[48350:0xc2d40c000]     2660 ms: Scavenge 99.1 (135.4) -> 67.3 (135.4) MB, pooled: 4.2 MB, 0.10 / 0.00 ms (average mu = 0.526, current mu = 0.692) allocation failure;
[48350:0xc2d40c000]     2665 ms: Scavenge 99.1 (135.4) -> 67.2 (135.4) MB, pooled: 4.2 MB, 0.17 / 0.00 ms (average mu = 0.526, current mu = 0.692) allocation failure;
[48350:0xc2d40c000]     2669 ms: Scavenge 99.1 (135.4) -> 67.2 (135.4) MB, pooled: 4.2 MB, 0.07 / 0.00 ms (average mu = 0.526, current mu = 0.692) allocation failure;
[48350:0xc2d40c000]     2674 ms: Scavenge 99.1 (135.4) -> 67.2 (135.4) MB, pooled: 4.2 MB, 0.12 / 0.00 ms (average mu = 0.526, current mu = 0.692) allocation failure;
[48350:0xc2d40c000]     2679 ms: Scavenge 99.1 (135.4) -> 67.2 (135.4) MB, pooled: 4.2 MB, 0.08 / 0.00 ms (average mu = 0.526, current mu = 0.692) allocation failure;
[48350:0xc2d40c000]     2684 ms: Scavenge 99.1 (135.4) -> 67.3 (135.4) MB, pooled: 4.2 MB, 0.20 / 0.00 ms (average mu = 0.526, current mu = 0.692) allocation failure;
[48350:0xc2d40c000]     2688 ms: Scavenge 99.1 (135.4) -> 67.2 (135.4) MB, pooled: 4.2 MB, 0.11 / 0.00 ms (average mu = 0.526, current mu = 0.692) allocation failure;
[48350:0xc2d40c000]     2693 ms: Scavenge 99.1 (135.4) -> 67.2 (135.4) MB, pooled: 4.2 MB, 0.13 / 0.00 ms (average mu = 0.526, current mu = 0.692) allocation failure;
[48350:0xc2d40c000]     2698 ms: Scavenge 99.2 (135.4) -> 67.3 (135.4) MB, pooled: 4.2 MB, 0.13 / 0.00 ms (average mu = 0.526, current mu = 0.692) allocation failure;
[48350:0xc2d40c000]     2703 ms: Scavenge 99.2 (135.4) -> 67.2 (135.4) MB, pooled: 4.2 MB, 0.08 / 0.00 ms (average mu = 0.526, current mu = 0.692) allocation failure;
[48350:0xc2d40c000]     2708 ms: Scavenge 99.2 (135.4) -> 67.2 (135.4) MB, pooled: 4.2 MB, 0.10 / 0.00 ms (average mu = 0.526, current mu = 0.692) allocation failure;
[48350:0xc2d40c000]     2712 ms: Scavenge 99.2 (135.4) -> 67.2 (135.4) MB, pooled: 4.2 MB, 0.07 / 0.00 ms (average mu = 0.526, current mu = 0.692) allocation failure;
[48350:0xc2d40c000]     2718 ms: Scavenge 99.2 (135.4) -> 67.3 (135.4) MB, pooled: 4.2 MB, 0.18 / 0.00 ms (average mu = 0.526, current mu = 0.692) allocation failure;
[48350:0xc2d40c000]     2723 ms: Scavenge 99.2 (135.4) -> 67.3 (135.4) MB, pooled: 4.2 MB, 0.11 / 0.00 ms (average mu = 0.526, current mu = 0.692) allocation failure;
[48350:0xc2d40c000]     2727 ms: Scavenge 99.2 (135.4) -> 67.3 (135.4) MB, pooled: 4.2 MB, 0.14 / 0.00 ms (average mu = 0.526, current mu = 0.692) allocation failure;
[48350:0xc2d40c000]     2732 ms: Scavenge 99.2 (135.4) -> 67.2 (135.4) MB, pooled: 4.2 MB, 0.08 / 0.00 ms (average mu = 0.526, current mu = 0.692) allocation failure;
[48350:0xc2d40c000]     2737 ms: Scavenge 99.2 (135.4) -> 67.2 (135.4) MB, pooled: 4.2 MB, 0.10 / 0.00 ms (average mu = 0.526, current mu = 0.692) allocation failure;
[48350:0xc2d40c000]     2743 ms: Scavenge 99.2 (135.4) -> 67.2 (135.4) MB, pooled: 4.2 MB, 0.09 / 0.00 ms (average mu = 0.526, current mu = 0.692) allocation failure;
[48350:0xc2d40c000]     2748 ms: Scavenge 99.2 (135.4) -> 67.2 (135.4) MB, pooled: 4.2 MB, 0.11 / 0.00 ms (average mu = 0.526, current mu = 0.692) allocation failure;
[48350:0xc2d40c000]     2753 ms: Scavenge 99.2 (135.4) -> 67.2 (135.4) MB, pooled: 4.2 MB, 0.07 / 0.00 ms (average mu = 0.526, current mu = 0.692) allocation failure;
[48350:0xc2d40c000]     2758 ms: Scavenge 99.2 (135.4) -> 67.2 (135.4) MB, pooled: 4.2 MB, 0.11 / 0.00 ms (average mu = 0.526, current mu = 0.692) allocation failure;
[48350:0xc2d40c000]     2762 ms: Scavenge 99.2 (135.4) -> 67.2 (135.4) MB, pooled: 4.2 MB, 0.08 / 0.00 ms (average mu = 0.526, current mu = 0.692) allocation failure;
[48350:0xc2d40c000]     2768 ms: Scavenge 99.2 (135.4) -> 67.2 (135.4) MB, pooled: 4.2 MB, 0.12 / 0.00 ms (average mu = 0.526, current mu = 0.692) allocation failure;
[48350:0xc2d40c000]     2772 ms: Scavenge 99.2 (135.4) -> 67.3 (135.4) MB, pooled: 4.2 MB, 0.07 / 0.00 ms (average mu = 0.526, current mu = 0.692) allocation failure;
[48350:0xc2d40c000]     2778 ms: Scavenge 99.2 (135.4) -> 67.3 (135.4) MB, pooled: 4.2 MB, 0.12 / 0.00 ms (average mu = 0.526, current mu = 0.692) allocation failure;
[48350:0xc2d40c000]     2782 ms: Scavenge 99.2 (135.4) -> 67.2 (135.4) MB, pooled: 4.2 MB, 0.07 / 0.00 ms (average mu = 0.526, current mu = 0.692) allocation failure;
[48350:0xc2d40c000]     2787 ms: Scavenge 99.2 (135.4) -> 67.3 (135.4) MB, pooled: 4.2 MB, 0.10 / 0.00 ms (average mu = 0.526, current mu = 0.692) allocation failure;
[48350:0xc2d40c000]     2791 ms: Scavenge 99.2 (135.4) -> 67.2 (135.4) MB, pooled: 4.2 MB, 0.08 / 0.00 ms (average mu = 0.526, current mu = 0.692) allocation failure;
[48350:0xc2d40c000]     2797 ms: Scavenge 99.2 (135.4) -> 67.2 (135.4) MB, pooled: 4.2 MB, 0.10 / 0.00 ms (average mu = 0.526, current mu = 0.692) allocation failure;
[48350:0xc2d40c000]     2801 ms: Scavenge 99.2 (135.4) -> 67.2 (135.4) MB, pooled: 4.2 MB, 0.08 / 0.00 ms (average mu = 0.526, current mu = 0.692) allocation failure;
[48350:0xc2d40c000]     2806 ms: Scavenge 99.2 (135.4) -> 67.3 (135.4) MB, pooled: 4.2 MB, 0.14 / 0.00 ms (average mu = 0.526, current mu = 0.692) allocation failure;
[48350:0xc2d40c000]     2812 ms: Scavenge 99.2 (135.4) -> 67.2 (135.4) MB, pooled: 4.2 MB, 0.09 / 0.00 ms (average mu = 0.526, current mu = 0.692) allocation failure;
[48350:0xc2d40c000]     2817 ms: Scavenge 99.2 (135.4) -> 67.2 (135.4) MB, pooled: 4.2 MB, 0.08 / 0.00 ms (average mu = 0.526, current mu = 0.692) allocation failure;
[48350:0xc2d40c000]     2823 ms: Scavenge 99.2 (135.4) -> 67.2 (135.4) MB, pooled: 4.2 MB, 0.09 / 0.00 ms (average mu = 0.526, current mu = 0.692) allocation failure;
[48350:0xc2d40c000]     2832 ms: Scavenge 99.2 (135.4) -> 67.2 (135.4) MB, pooled: 4.2 MB, 0.11 / 0.00 ms (average mu = 0.526, current mu = 0.692) allocation failure;
[48350:0xc2d40c000]     2837 ms: Scavenge 99.2 (135.4) -> 67.2 (135.4) MB, pooled: 4.2 MB, 0.09 / 0.00 ms (average mu = 0.526, current mu = 0.692) allocation failure;
[48350:0xc2d40c000]     2842 ms: Scavenge 99.2 (135.4) -> 67.2 (135.4) MB, pooled: 4.2 MB, 0.08 / 0.00 ms (average mu = 0.526, current mu = 0.692) allocation failure;
[48350:0xc2d40c000]     2846 ms: Scavenge 99.2 (135.4) -> 67.2 (135.4) MB, pooled: 4.2 MB, 0.07 / 0.00 ms (average mu = 0.526, current mu = 0.692) allocation failure;
[48350:0xc2d40c000]     2851 ms: Scavenge 99.2 (135.4) -> 67.3 (135.4) MB, pooled: 4.2 MB, 0.11 / 0.00 ms (average mu = 0.526, current mu = 0.692) allocation failure;
[48350:0xc2d40c000]     2855 ms: Scavenge 99.2 (135.4) -> 67.2 (135.4) MB, pooled: 4.2 MB, 0.07 / 0.00 ms (average mu = 0.526, current mu = 0.692) allocation failure;
[48350:0xc2d40c000]     2866 ms: Scavenge 99.2 (135.4) -> 67.3 (135.4) MB, pooled: 4.2 MB, 0.11 / 0.00 ms (average mu = 0.526, current mu = 0.692) allocation failure;
[48350:0xc2d40c000]     2891 ms: Scavenge 99.2 (135.4) -> 67.2 (135.4) MB, pooled: 4.2 MB, 0.12 / 0.00 ms (average mu = 0.526, current mu = 0.692) allocation failure;
[48350:0xc2d40c000]     2915 ms: Scavenge 99.2 (135.4) -> 67.3 (135.4) MB, pooled: 4.2 MB, 0.12 / 0.00 ms (average mu = 0.526, current mu = 0.692) allocation failure;
[48350:0xc2d40c000]     2939 ms: Scavenge 99.3 (135.4) -> 67.3 (135.4) MB, pooled: 4.2 MB, 0.13 / 0.00 ms (average mu = 0.526, current mu = 0.692) allocation failure;
[48350:0xc2d40c000]     2963 ms: Scavenge 99.3 (135.4) -> 67.3 (135.4) MB, pooled: 4.2 MB, 0.13 / 0.00 ms (average mu = 0.526, current mu = 0.692) allocation failure;
[48350:0xc2d40c000]     2994 ms: Scavenge 99.3 (135.4) -> 67.4 (135.4) MB, pooled: 4.2 MB, 0.16 / 0.00 ms (average mu = 0.526, current mu = 0.692) allocation failure;
[marking dependent code 0x080b61e098c9 <Code TURBOFAN_JS> (0x0e2361c60171 <SharedFunctionInfo mergeLabels>) (opt id 706) for deoptimization, reason: embedded weak objects cleared]
[marking dependent code 0x015d8c9eb711 <Code TURBOFAN_JS> (0x12e21a3555e9 <SharedFunctionInfo ok>) (opt id 681) for deoptimization, reason: embedded weak objects cleared]
[marking dependent code 0x18d2f74c1249 <Code TURBOFAN_JS> (0x12e21a355751 <SharedFunctionInfo unsafeSetValue>) (opt id 678) for deoptimization, reason: embedded weak objects cleared]
[marking dependent code 0x015d8c9ebb21 <Code TURBOFAN_JS> (0x12e21a3555a1 <SharedFunctionInfo ParserState>) (opt id 682) for deoptimization, reason: embedded weak objects cleared]
[marking dependent code 0x18d2f74c1009 <Code TURBOFAN_JS> (0x12e21a37f971 <SharedFunctionInfo mergeErrorState>) (opt id 677) for deoptimization, reason: embedded weak objects cleared]
[marking dependent code 0x2bc3b2f52559 <Code TURBOFAN_JS> (0x0d4b7a1775f9 <SharedFunctionInfo view>) (opt id 679) for deoptimization, reason: embedded weak objects cleared]
[marking dependent code 0x22be92e03041 <Code TURBOFAN_JS> (0x0ad8276fb331 <SharedFunctionInfo stringParser>) (opt id 693) for deoptimization, reason: embedded weak objects cleared]
[marking dependent code 0x2ee456d832e9 <Code TURBOFAN_JS> (0x0ad8276fb2e9 <SharedFunctionInfo stringParser>) (opt id 710) for deoptimization, reason: embedded weak objects cleared]
[marking dependent code 0x015d8c9cad59 <Code TURBOFAN_JS> (0x3757ea117781 <SharedFunctionInfo>) (opt id 695) for deoptimization, reason: embedded weak objects cleared]
[marking dependent code 0x22be92e028a9 <Code TURBOFAN_JS> (0x053598100e71 <SharedFunctionInfo>) (opt id 689) for deoptimization, reason: embedded weak objects cleared]
[marking dependent code 0x3685b91ace11 <Code TURBOFAN_JS> (0x12e21a34c259 <SharedFunctionInfo parseStateInner>) (opt id 683) for deoptimization, reason: embedded weak objects cleared]
[marking dependent code 0x18d2f74c0c59 <Code TURBOFAN_JS> (0x3757ea114fa9 <SharedFunctionInfo>) (opt id 676) for deoptimization, reason: embedded weak objects cleared]
[marking dependent code 0x080b61e21e39 <Code TURBOFAN_JS> (0x0e2361c6f419 <SharedFunctionInfo rollback>) (opt id 708) for deoptimization, reason: embedded weak objects cleared]
[marking dependent code 0x3685b91adb89 <Code TURBOFAN_JS> (0x0e2361c6f539 <SharedFunctionInfo clearFrontierExtras>) (opt id 691) for deoptimization, reason: embedded weak objects cleared]
[marking dependent code 0x080b61e0d629 <Code TURBOFAN_JS> (0x0e2361c6f611 <SharedFunctionInfo parseState>) (opt id 694) for deoptimization, reason: embedded weak objects cleared]
[marking dependent code 0x015d8c9ebf71 <Code TURBOFAN_JS> (0x0e2361c6f389 <SharedFunctionInfo RunState>) (opt id 684) for deoptimization, reason: embedded weak objects cleared]
[marking dependent code 0x2d29db8cc359 <Code TURBOFAN_JS> (0x0d4b7a177c71 <SharedFunctionInfo>) (opt id 712) for deoptimization, reason: embedded weak objects cleared]
[48350:0xc2d40c000]     3031 ms: Mark-Compact 95.4 (135.4) -> 67.0 (135.4) MB, pooled: 4.2 MB, 10.15 / 0.00 ms (average mu = 0.964, current mu = 0.982) testing; GC in old space requested
[48350:0xc2d40c000]     3042 ms: Mark-Compact 68.2 (135.4) -> 68.1 (135.4) MB, pooled: 4.2 MB, 11.12 / 0.00 ms (average mu = 0.928, current mu = 0.024) testing; GC in old space requested
[48350:0xc2d40c000]     3054 ms: Mark-Compact 69.5 (135.4) -> 67.0 (134.4) MB, pooled: 5.2 MB, 11.69 / 0.00 ms (average mu = 0.861, current mu = 0.029) testing; GC in old space requested
[48350:0xc2d40c000]     3066 ms: Mark-Compact 77.7 (134.4) -> 67.9 (133.9) MB, pooled: 5.8 MB, 9.63 / 0.00 ms (average mu = 0.774, current mu = 0.171) testing; GC in old space requested
[48350:0xc2d40c000]     3078 ms: Mark-Compact 67.9 (133.9) -> 66.9 (133.9) MB, pooled: 5.8 MB, 11.52 / 0.00 ms (average mu = 0.620, current mu = 0.009) testing; GC in old space requested
[48350:0xc2d40c000]     3095 ms: Mark-Compact 67.0 (133.9) -> 67.0 (133.9) MB, pooled: 5.8 MB, 17.14 / 0.00 ms (average mu = 0.390, current mu = 0.007) testing; GC in old space requested
[48350:0xc2d40c000]     3105 ms: Mark-Compact 67.0 (133.9) -> 66.9 (133.9) MB, pooled: 5.8 MB, 10.51 / 0.00 ms (average mu = 0.271, current mu = 0.014) testing; GC in old space requested
[marking dependent code 0x18d2f74c9a99 <Code TURBOFAN_JS> (0x3757ea114fa9 <SharedFunctionInfo>) (opt id 719) for deoptimization, reason: embedded weak objects cleared]
[marking dependent code 0x2ee456d80551 <Code TURBOFAN_JS> (0x12e21a3555e9 <SharedFunctionInfo ok>) (opt id 716) for deoptimization, reason: embedded weak objects cleared]
[marking dependent code 0x2ee456d80231 <Code TURBOFAN_JS> (0x12e21a355751 <SharedFunctionInfo unsafeSetValue>) (opt id 715) for deoptimization, reason: embedded weak objects cleared]
[marking dependent code 0x18d2f74c9ea9 <Code TURBOFAN_JS> (0x12e21a3555a1 <SharedFunctionInfo ParserState>) (opt id 718) for deoptimization, reason: embedded weak objects cleared]
[marking dependent code 0x22be92e07d69 <Code TURBOFAN_JS> (0x12e21a34c259 <SharedFunctionInfo parseStateInner>) (opt id 717) for deoptimization, reason: embedded weak objects cleared]
[48350:0xc2d40c000]     3117 ms: Mark-Compact 67.0 (133.9) -> 67.0 (133.9) MB, pooled: 5.8 MB, 10.96 / 0.00 ms (average mu = 0.177, current mu = 0.036) testing; GC in old space requested
[48350:0xc2d40c000]     3123 ms: Scavenge 99.0 (133.9) -> 68.0 (133.9) MB, pooled: 5.8 MB, 0.41 / 0.00 ms (average mu = 0.177, current mu = 0.036) allocation failure;
[48350:0xc2d40c000]     3128 ms: Scavenge 99.0 (135.1) -> 67.9 (135.1) MB, pooled: 4.5 MB, 0.44 / 0.00 ms (average mu = 0.177, current mu = 0.036) allocation failure;
[48350:0xc2d40c000]     3135 ms: Scavenge 99.8 (135.1) -> 68.1 (135.1) MB, pooled: 4.5 MB, 0.19 / 0.00 ms (average mu = 0.177, current mu = 0.036) allocation failure;
[48350:0xc2d40c000]     3140 ms: Scavenge 99.8 (135.1) -> 67.9 (135.1) MB, pooled: 4.5 MB, 0.14 / 0.00 ms (average mu = 0.177, current mu = 0.036) allocation failure;
[48350:0xc2d40c000]     3144 ms: Scavenge 99.8 (135.1) -> 67.9 (135.1) MB, pooled: 4.5 MB, 0.14 / 0.00 ms (average mu = 0.177, current mu = 0.036) allocation failure;
[48350:0xc2d40c000]     3149 ms: Scavenge 99.8 (135.1) -> 68.1 (135.1) MB, pooled: 4.5 MB, 0.12 / 0.00 ms (average mu = 0.177, current mu = 0.036) allocation failure;
[48350:0xc2d40c000]     3155 ms: Scavenge 99.8 (135.1) -> 68.1 (135.1) MB, pooled: 4.5 MB, 0.17 / 0.00 ms (average mu = 0.177, current mu = 0.036) allocation failure;
[48350:0xc2d40c000]     3159 ms: Scavenge 99.8 (135.1) -> 68.1 (135.1) MB, pooled: 4.5 MB, 0.15 / 0.00 ms (average mu = 0.177, current mu = 0.036) allocation failure;
[48350:0xc2d40c000]     3165 ms: Scavenge 99.8 (135.1) -> 67.9 (135.1) MB, pooled: 4.5 MB, 0.11 / 0.00 ms (average mu = 0.177, current mu = 0.036) allocation failure;
[48350:0xc2d40c000]     3169 ms: Scavenge 99.8 (135.1) -> 67.9 (135.1) MB, pooled: 4.5 MB, 0.13 / 0.00 ms (average mu = 0.177, current mu = 0.036) allocation failure;
[48350:0xc2d40c000]     3174 ms: Scavenge 99.8 (135.1) -> 68.1 (135.1) MB, pooled: 4.5 MB, 0.15 / 0.00 ms (average mu = 0.177, current mu = 0.036) allocation failure;
[48350:0xc2d40c000]     3180 ms: Scavenge 99.8 (135.1) -> 68.1 (135.1) MB, pooled: 4.5 MB, 0.14 / 0.00 ms (average mu = 0.177, current mu = 0.036) allocation failure;
[48350:0xc2d40c000]     3185 ms: Scavenge 99.8 (135.1) -> 68.1 (135.1) MB, pooled: 4.5 MB, 0.18 / 0.00 ms (average mu = 0.177, current mu = 0.036) allocation failure;
[48350:0xc2d40c000]     3189 ms: Scavenge 99.8 (135.1) -> 67.9 (135.1) MB, pooled: 4.5 MB, 0.11 / 0.00 ms (average mu = 0.177, current mu = 0.036) allocation failure;
[48350:0xc2d40c000]     3193 ms: Scavenge 99.8 (135.1) -> 67.9 (135.1) MB, pooled: 4.5 MB, 0.08 / 0.00 ms (average mu = 0.177, current mu = 0.036) allocation failure;
[48350:0xc2d40c000]     3198 ms: Scavenge 99.8 (135.1) -> 68.1 (135.1) MB, pooled: 4.5 MB, 0.19 / 0.00 ms (average mu = 0.177, current mu = 0.036) allocation failure;
[48350:0xc2d40c000]     3205 ms: Scavenge 99.8 (135.1) -> 68.1 (135.1) MB, pooled: 4.5 MB, 0.15 / 0.00 ms (average mu = 0.177, current mu = 0.036) allocation failure;
[48350:0xc2d40c000]     3210 ms: Scavenge 99.8 (135.1) -> 67.9 (135.1) MB, pooled: 4.5 MB, 0.09 / 0.00 ms (average mu = 0.177, current mu = 0.036) allocation failure;
[48350:0xc2d40c000]     3215 ms: Scavenge 99.8 (135.1) -> 67.9 (135.1) MB, pooled: 4.5 MB, 0.14 / 0.00 ms (average mu = 0.177, current mu = 0.036) allocation failure;
[48350:0xc2d40c000]     3220 ms: Scavenge 99.8 (135.1) -> 68.1 (135.1) MB, pooled: 4.5 MB, 0.16 / 0.00 ms (average mu = 0.177, current mu = 0.036) allocation failure;
[48350:0xc2d40c000]     3226 ms: Scavenge 99.8 (135.1) -> 68.1 (135.1) MB, pooled: 4.5 MB, 0.21 / 0.00 ms (average mu = 0.177, current mu = 0.036) allocation failure;
[48350:0xc2d40c000]     3231 ms: Scavenge 99.8 (135.1) -> 67.9 (135.1) MB, pooled: 4.5 MB, 0.13 / 0.00 ms (average mu = 0.177, current mu = 0.036) allocation failure;
[48350:0xc2d40c000]     3237 ms: Scavenge 99.8 (135.1) -> 67.9 (135.1) MB, pooled: 4.5 MB, 0.12 / 0.00 ms (average mu = 0.177, current mu = 0.036) allocation failure;
[48350:0xc2d40c000]     3241 ms: Scavenge 99.8 (135.1) -> 68.1 (135.1) MB, pooled: 4.5 MB, 0.12 / 0.00 ms (average mu = 0.177, current mu = 0.036) allocation failure;
[48350:0xc2d40c000]     3247 ms: Scavenge 99.8 (135.1) -> 67.9 (135.1) MB, pooled: 4.5 MB, 0.11 / 0.00 ms (average mu = 0.177, current mu = 0.036) allocation failure;
[48350:0xc2d40c000]     3252 ms: Scavenge 99.8 (135.1) -> 68.0 (135.1) MB, pooled: 4.5 MB, 0.13 / 0.00 ms (average mu = 0.177, current mu = 0.036) allocation failure;
[48350:0xc2d40c000]     3258 ms: Scavenge 99.8 (135.1) -> 68.1 (135.1) MB, pooled: 4.5 MB, 0.14 / 0.00 ms (average mu = 0.177, current mu = 0.036) allocation failure;
[48350:0xc2d40c000]     3263 ms: Scavenge 99.8 (135.1) -> 67.9 (135.1) MB, pooled: 4.5 MB, 0.08 / 0.00 ms (average mu = 0.177, current mu = 0.036) allocation failure;
[48350:0xc2d40c000]     3269 ms: Scavenge 99.8 (135.1) -> 68.1 (135.1) MB, pooled: 4.5 MB, 0.15 / 0.00 ms (average mu = 0.177, current mu = 0.036) allocation failure;
[48350:0xc2d40c000]     3295 ms: Scavenge 99.8 (135.1) -> 67.8 (135.1) MB, pooled: 4.5 MB, 0.10 / 0.00 ms (average mu = 0.177, current mu = 0.036) allocation failure;
[48350:0xc2d40c000]     3299 ms: Scavenge 99.8 (135.1) -> 67.9 (135.1) MB, pooled: 4.5 MB, 0.12 / 0.00 ms (average mu = 0.177, current mu = 0.036) allocation failure;
[48350:0xc2d40c000]     3310 ms: Scavenge 99.8 (135.1) -> 68.0 (135.1) MB, pooled: 4.5 MB, 0.15 / 0.00 ms (average mu = 0.177, current mu = 0.036) allocation failure;
[48350:0xc2d40c000]     3315 ms: Scavenge 99.8 (135.1) -> 67.9 (135.1) MB, pooled: 4.5 MB, 0.20 / 0.00 ms (average mu = 0.177, current mu = 0.036) allocation failure;
[48350:0xc2d40c000]     3321 ms: Scavenge 99.8 (135.1) -> 68.1 (135.1) MB, pooled: 4.5 MB, 0.23 / 0.00 ms (average mu = 0.177, current mu = 0.036) allocation failure;
[48350:0xc2d40c000]     3326 ms: Scavenge 99.8 (135.1) -> 67.9 (135.1) MB, pooled: 4.5 MB, 0.16 / 0.00 ms (average mu = 0.177, current mu = 0.036) allocation failure;
[48350:0xc2d40c000]     3333 ms: Scavenge 99.8 (135.1) -> 68.1 (135.1) MB, pooled: 4.5 MB, 0.17 / 0.00 ms (average mu = 0.177, current mu = 0.036) allocation failure;
[48350:0xc2d40c000]     3340 ms: Scavenge 99.8 (135.1) -> 67.9 (135.1) MB, pooled: 4.5 MB, 0.15 / 0.00 ms (average mu = 0.177, current mu = 0.036) allocation failure;
[48350:0xc2d40c000]     3348 ms: Scavenge 99.8 (135.1) -> 68.1 (135.1) MB, pooled: 4.5 MB, 0.19 / 0.00 ms (average mu = 0.177, current mu = 0.036) allocation failure;
[48350:0xc2d40c000]     3355 ms: Scavenge 99.8 (135.1) -> 67.9 (135.1) MB, pooled: 4.5 MB, 0.15 / 0.00 ms (average mu = 0.177, current mu = 0.036) allocation failure;
[48350:0xc2d40c000]     3362 ms: Scavenge 99.8 (135.1) -> 67.9 (135.1) MB, pooled: 4.5 MB, 0.15 / 0.00 ms (average mu = 0.177, current mu = 0.036) allocation failure;
[48350:0xc2d40c000]     3370 ms: Scavenge 99.8 (135.1) -> 68.1 (135.1) MB, pooled: 4.5 MB, 0.22 / 0.00 ms (average mu = 0.177, current mu = 0.036) allocation failure;
[48350:0xc2d40c000]     3377 ms: Scavenge 99.8 (135.1) -> 67.9 (135.1) MB, pooled: 4.5 MB, 0.13 / 0.00 ms (average mu = 0.177, current mu = 0.036) allocation failure;
[48350:0xc2d40c000]     3385 ms: Scavenge 99.8 (135.1) -> 68.1 (135.1) MB, pooled: 4.5 MB, 0.19 / 0.00 ms (average mu = 0.177, current mu = 0.036) allocation failure;
[48350:0xc2d40c000]     3390 ms: Scavenge 99.8 (135.1) -> 67.9 (135.1) MB, pooled: 4.5 MB, 0.13 / 0.00 ms (average mu = 0.177, current mu = 0.036) allocation failure;
[48350:0xc2d40c000]     3395 ms: Scavenge 99.8 (135.1) -> 67.9 (135.1) MB, pooled: 4.5 MB, 0.16 / 0.00 ms (average mu = 0.177, current mu = 0.036) allocation failure;
[48350:0xc2d40c000]     3401 ms: Scavenge 99.8 (135.1) -> 68.0 (135.1) MB, pooled: 4.5 MB, 0.15 / 0.00 ms (average mu = 0.177, current mu = 0.036) allocation failure;
[48350:0xc2d40c000]     3406 ms: Scavenge 99.8 (135.1) -> 67.9 (135.1) MB, pooled: 4.5 MB, 0.17 / 0.00 ms (average mu = 0.177, current mu = 0.036) allocation failure;
[48350:0xc2d40c000]     3413 ms: Scavenge 99.8 (135.1) -> 68.1 (135.1) MB, pooled: 4.5 MB, 0.16 / 0.00 ms (average mu = 0.177, current mu = 0.036) allocation failure;
[48350:0xc2d40c000]     3416 ms: Scavenge 99.8 (135.1) -> 67.9 (135.1) MB, pooled: 4.5 MB, 0.11 / 0.00 ms (average mu = 0.177, current mu = 0.036) allocation failure;
[48350:0xc2d40c000]     3422 ms: Scavenge 99.8 (135.1) -> 68.1 (135.1) MB, pooled: 4.5 MB, 0.18 / 0.00 ms (average mu = 0.177, current mu = 0.036) allocation failure;
[48350:0xc2d40c000]     3441 ms: Scavenge 99.8 (135.1) -> 67.9 (135.1) MB, pooled: 4.5 MB, 0.12 / 0.00 ms (average mu = 0.177, current mu = 0.036) allocation failure;
[48350:0xc2d40c000]     3502 ms: Scavenge 99.8 (135.1) -> 67.9 (135.1) MB, pooled: 4.5 MB, 0.14 / 0.00 ms (average mu = 0.177, current mu = 0.036) allocation failure;
[marking dependent code 0x015d8c9eb711 <Code TURBOFAN_JS> (0x0d4b7a1775f9 <SharedFunctionInfo view>) (opt id 725) for deoptimization, reason: embedded weak objects cleared]
[marking dependent code 0x2d29db8cc2c1 <Code MAGLEV> (0x0d4b7a177c71 <SharedFunctionInfo>) (opt id 753) for deoptimization, reason: embedded weak objects cleared]
[marking dependent code 0x2bc3b2f529c9 <Code TURBOFAN_JS> (0x12e21a3555e9 <SharedFunctionInfo ok>) (opt id 728) for deoptimization, reason: embedded weak objects cleared]
[marking dependent code 0x18d2f74c1049 <Code TURBOFAN_JS> (0x12e21a355751 <SharedFunctionInfo unsafeSetValue>) (opt id 724) for deoptimization, reason: embedded weak objects cleared]
[marking dependent code 0x2bc3b2f52dd9 <Code TURBOFAN_JS> (0x12e21a3555a1 <SharedFunctionInfo ParserState>) (opt id 729) for deoptimization, reason: embedded weak objects cleared]
[marking dependent code 0x18d2f74c0e09 <Code TURBOFAN_JS> (0x12e21a37f971 <SharedFunctionInfo mergeErrorState>) (opt id 723) for deoptimization, reason: embedded weak objects cleared]
[marking dependent code 0x18d2f74f6e41 <Code TURBOFAN_JS> (0x0ad8276fb331 <SharedFunctionInfo stringParser>) (opt id 736) for deoptimization, reason: embedded weak objects cleared]
[marking dependent code 0x2ee456d83209 <Code MAGLEV> (0x0ad8276fb2e9 <SharedFunctionInfo stringParser>) (opt id 752) for deoptimization, reason: embedded weak objects cleared]
[marking dependent code 0x17216b840b61 <Code TURBOFAN_JS> (0x3757ea114fa9 <SharedFunctionInfo>) (opt id 722) for deoptimization, reason: embedded weak objects cleared]
[marking dependent code 0x3685b91b0ec1 <Code TURBOFAN_JS> (0x12e21a34c259 <SharedFunctionInfo parseStateInner>) (opt id 730) for deoptimization, reason: embedded weak objects cleared]
[marking dependent code 0x015d8c9c9ce9 <Code TURBOFAN_JS> (0x0e2361c6f419 <SharedFunctionInfo rollback>) (opt id 751) for deoptimization, reason: embedded weak objects cleared]
[marking dependent code 0x015d8c9ea909 <Code TURBOFAN_JS> (0x0e2361c6f539 <SharedFunctionInfo clearFrontierExtras>) (opt id 734) for deoptimization, reason: embedded weak objects cleared]
[marking dependent code 0x015d8c9ebb61 <Code TURBOFAN_JS> (0x0e2361c6f389 <SharedFunctionInfo RunState>) (opt id 731) for deoptimization, reason: embedded weak objects cleared]
[marking dependent code 0x015d8c9c98b9 <Code TURBOFAN_JS> (0x0e2361c6f611 <SharedFunctionInfo parseState>) (opt id 745) for deoptimization, reason: embedded weak objects cleared]
[marking dependent code 0x2ee456d81759 <Code TURBOFAN_JS> (0x053598100e71 <SharedFunctionInfo>) (opt id 740) for deoptimization, reason: embedded weak objects cleared]
[marking dependent code 0x015d8c9ea6f1 <Code MAGLEV> (0x3757ea117619 <SharedFunctionInfo>) (opt id 732) for deoptimization, reason: embedded weak objects cleared]
[marking dependent code 0x080b61e0d9e1 <Code TURBOFAN_JS> (0x3757ea117781 <SharedFunctionInfo>) (opt id 746) for deoptimization, reason: embedded weak objects cleared]
[48350:0xc2d40c000]     3537 ms: Mark-Compact 77.7 (135.1) -> 67.5 (135.1) MB, pooled: 4.5 MB, 10.29 / 0.00 ms (average mu = 0.949, current mu = 0.975) testing; GC in old space requested
[48350:0xc2d40c000]     3548 ms: Mark-Compact 70.9 (135.1) -> 70.7 (135.1) MB, pooled: 4.5 MB, 11.00 / 0.00 ms (average mu = 0.904, current mu = 0.039) testing; GC in old space requested
[48350:0xc2d40c000]     3559 ms: Mark-Compact 74.2 (135.1) -> 67.4 (132.1) MB, pooled: 7.5 MB, 9.94 / 0.00 ms (average mu = 0.832, current mu = 0.066) testing; GC in old space requested
[48350:0xc2d40c000]     3574 ms: Mark-Compact 95.1 (132.1) -> 69.7 (132.9) MB, pooled: 6.8 MB, 9.95 / 0.00 ms (average mu = 0.736, current mu = 0.336) testing; GC in old space requested
[48350:0xc2d40c000]     3585 ms: Mark-Compact 69.7 (132.9) -> 67.4 (132.1) MB, pooled: 7.5 MB, 11.13 / 0.00 ms (average mu = 0.573, current mu = 0.009) testing; GC in old space requested
[48350:0xc2d40c000]     3601 ms: Mark-Compact 67.4 (132.1) -> 67.4 (132.1) MB, pooled: 7.5 MB, 15.74 / 0.00 ms (average mu = 0.353, current mu = 0.006) testing; GC in old space requested
[48350:0xc2d40c000]     3611 ms: Mark-Compact 67.4 (132.1) -> 67.4 (132.1) MB, pooled: 7.5 MB, 10.60 / 0.00 ms (average mu = 0.235, current mu = 0.011) testing; GC in old space requested
[marking dependent code 0x2ee456d80551 <Code TURBOFAN_JS> (0x12e21a3555e9 <SharedFunctionInfo ok>) (opt id 757) for deoptimization, reason: embedded weak objects cleared]
[marking dependent code 0x2ee456d80231 <Code TURBOFAN_JS> (0x12e21a355751 <SharedFunctionInfo unsafeSetValue>) (opt id 756) for deoptimization, reason: embedded weak objects cleared]
[marking dependent code 0x080b61e22379 <Code TURBOFAN_JS> (0x12e21a3555a1 <SharedFunctionInfo ParserState>) (opt id 759) for deoptimization, reason: embedded weak objects cleared]
[marking dependent code 0x080b61e21f69 <Code TURBOFAN_JS> (0x3757ea114fa9 <SharedFunctionInfo>) (opt id 760) for deoptimization, reason: embedded weak objects cleared]
[marking dependent code 0x080b61e0e099 <Code TURBOFAN_JS> (0x12e21a34c259 <SharedFunctionInfo parseStateInner>) (opt id 758) for deoptimization, reason: embedded weak objects cleared]
[48350:0xc2d40c000]     3626 ms: Mark-Compact 67.4 (132.1) -> 67.4 (132.1) MB, pooled: 7.5 MB, 13.85 / 0.00 ms (average mu = 0.138, current mu = 0.032) testing; GC in old space requested
[marking dependent code 0x17216b8405a9 <Code TURBOFAN_JS> (0x0e2361c6f389 <SharedFunctionInfo RunState>) (opt id 761) for deoptimization, reason: dependent field type constness changed]
[48350:0xc2d40c000]     3635 ms: Scavenge 99.6 (132.1) -> 73.8 (132.1) MB, pooled: 7.5 MB, 1.06 / 0.00 ms (average mu = 0.138, current mu = 0.032) allocation failure;
[48350:0xc2d40c000]     3641 ms: Scavenge 99.6 (135.4) -> 74.2 (139.1) MB, pooled: 0.5 MB, 1.01 / 0.00 ms (average mu = 0.138, current mu = 0.032) allocation failure;
[48350:0xc2d40c000]     3648 ms: Scavenge 105.2 (139.1) -> 74.0 (139.1) MB, pooled: 0.5 MB, 0.18 / 0.00 ms (average mu = 0.138, current mu = 0.032) allocation failure;
[48350:0xc2d40c000]     3655 ms: Scavenge 105.2 (139.1) -> 74.0 (139.1) MB, pooled: 0.5 MB, 0.19 / 0.00 ms (average mu = 0.138, current mu = 0.032) allocation failure;
[48350:0xc2d40c000]     3660 ms: Scavenge 105.2 (139.1) -> 74.9 (139.1) MB, pooled: 0.5 MB, 0.28 / 0.00 ms (average mu = 0.138, current mu = 0.032) allocation failure;
[48350:0xc2d40c000]     3666 ms: Scavenge 105.2 (139.1) -> 74.3 (139.1) MB, pooled: 0.5 MB, 0.24 / 0.00 ms (average mu = 0.138, current mu = 0.032) allocation failure;
[48350:0xc2d40c000]     3672 ms: Scavenge 105.2 (139.1) -> 74.0 (139.1) MB, pooled: 0.5 MB, 0.15 / 0.00 ms (average mu = 0.138, current mu = 0.032) allocation failure;
[48350:0xc2d40c000]     3677 ms: Scavenge 105.2 (139.1) -> 74.0 (139.1) MB, pooled: 0.5 MB, 0.26 / 0.00 ms (average mu = 0.138, current mu = 0.032) allocation failure;
[48350:0xc2d40c000]     3683 ms: Scavenge 105.2 (139.1) -> 74.7 (139.1) MB, pooled: 0.5 MB, 0.37 / 0.00 ms (average mu = 0.138, current mu = 0.032) allocation failure;
[48350:0xc2d40c000]     3720 ms: Scavenge 105.2 (139.1) -> 74.4 (139.1) MB, pooled: 0.5 MB, 0.22 / 0.00 ms (average mu = 0.138, current mu = 0.032) allocation failure;
[48350:0xc2d40c000]     3727 ms: Scavenge 105.2 (139.1) -> 73.7 (139.1) MB, pooled: 0.5 MB, 0.18 / 0.00 ms (average mu = 0.138, current mu = 0.032) allocation failure;
[48350:0xc2d40c000]     3731 ms: Scavenge 105.2 (139.1) -> 73.7 (139.1) MB, pooled: 0.5 MB, 0.13 / 0.00 ms (average mu = 0.138, current mu = 0.032) allocation failure;
[48350:0xc2d40c000]     3737 ms: Scavenge 105.2 (139.1) -> 74.0 (139.1) MB, pooled: 0.5 MB, 0.16 / 0.00 ms (average mu = 0.138, current mu = 0.032) allocation failure;
[48350:0xc2d40c000]     3743 ms: Scavenge 105.2 (139.1) -> 74.0 (139.1) MB, pooled: 0.5 MB, 0.15 / 0.00 ms (average mu = 0.138, current mu = 0.032) allocation failure;
[48350:0xc2d40c000]     3748 ms: Scavenge 105.2 (139.1) -> 74.9 (139.1) MB, pooled: 0.5 MB, 0.30 / 0.00 ms (average mu = 0.138, current mu = 0.032) allocation failure;
[48350:0xc2d40c000]     3753 ms: Scavenge 105.2 (139.1) -> 74.2 (139.1) MB, pooled: 0.5 MB, 0.18 / 0.00 ms (average mu = 0.138, current mu = 0.032) allocation failure;
[48350:0xc2d40c000]     3760 ms: Scavenge 105.2 (139.1) -> 74.1 (139.1) MB, pooled: 0.5 MB, 0.19 / 0.00 ms (average mu = 0.138, current mu = 0.032) allocation failure;
[48350:0xc2d40c000]     3765 ms: Scavenge 105.2 (139.1) -> 73.8 (139.1) MB, pooled: 0.5 MB, 0.24 / 0.00 ms (average mu = 0.138, current mu = 0.032) allocation failure;
[48350:0xc2d40c000]     3770 ms: Scavenge 105.2 (139.1) -> 74.8 (139.1) MB, pooled: 0.5 MB, 0.20 / 0.00 ms (average mu = 0.138, current mu = 0.032) allocation failure;
[48350:0xc2d40c000]     3776 ms: Scavenge 105.2 (139.1) -> 73.4 (139.1) MB, pooled: 0.5 MB, 0.28 / 0.00 ms (average mu = 0.138, current mu = 0.032) allocation failure;
[48350:0xc2d40c000]     3782 ms: Scavenge 105.2 (139.1) -> 74.5 (139.1) MB, pooled: 0.5 MB, 0.23 / 0.00 ms (average mu = 0.138, current mu = 0.032) allocation failure;
[48350:0xc2d40c000]     3788 ms: Scavenge 105.2 (139.1) -> 74.0 (139.1) MB, pooled: 0.5 MB, 0.21 / 0.00 ms (average mu = 0.138, current mu = 0.032) allocation failure;
[48350:0xc2d40c000]     3794 ms: Scavenge 105.2 (139.1) -> 73.3 (139.1) MB, pooled: 0.5 MB, 0.08 / 0.00 ms (average mu = 0.138, current mu = 0.032) allocation failure;
[48350:0xc2d40c000]     3799 ms: Scavenge 105.2 (139.1) -> 73.9 (139.1) MB, pooled: 0.5 MB, 0.20 / 0.00 ms (average mu = 0.138, current mu = 0.032) allocation failure;
[48350:0xc2d40c000]     3807 ms: Scavenge 105.2 (139.1) -> 73.9 (139.1) MB, pooled: 0.5 MB, 0.23 / 0.00 ms (average mu = 0.138, current mu = 0.032) allocation failure;
[48350:0xc2d40c000]     3813 ms: Scavenge 105.2 (139.1) -> 73.9 (139.1) MB, pooled: 0.5 MB, 0.15 / 0.00 ms (average mu = 0.138, current mu = 0.032) allocation failure;
[48350:0xc2d40c000]     3818 ms: Scavenge 105.2 (139.1) -> 73.3 (139.1) MB, pooled: 0.5 MB, 0.11 / 0.00 ms (average mu = 0.138, current mu = 0.032) allocation failure;
[48350:0xc2d40c000]     3824 ms: Scavenge 105.2 (139.1) -> 73.8 (139.1) MB, pooled: 0.5 MB, 0.14 / 0.00 ms (average mu = 0.138, current mu = 0.032) allocation failure;
[48350:0xc2d40c000]     3830 ms: Scavenge 105.2 (139.1) -> 73.8 (139.1) MB, pooled: 0.5 MB, 0.20 / 0.00 ms (average mu = 0.138, current mu = 0.032) allocation failure;
[48350:0xc2d40c000]     3835 ms: Scavenge 105.2 (139.1) -> 73.7 (139.1) MB, pooled: 0.5 MB, 0.15 / 0.00 ms (average mu = 0.138, current mu = 0.032) allocation failure;
[48350:0xc2d40c000]     3841 ms: Scavenge 105.2 (139.1) -> 73.7 (139.1) MB, pooled: 0.5 MB, 0.18 / 0.00 ms (average mu = 0.138, current mu = 0.032) allocation failure;
[48350:0xc2d40c000]     3848 ms: Scavenge 105.2 (139.1) -> 73.9 (139.1) MB, pooled: 0.5 MB, 0.15 / 0.00 ms (average mu = 0.138, current mu = 0.032) allocation failure;
[48350:0xc2d40c000]     3855 ms: Scavenge 105.2 (139.1) -> 73.9 (139.1) MB, pooled: 0.5 MB, 0.17 / 0.00 ms (average mu = 0.138, current mu = 0.032) allocation failure;
[48350:0xc2d40c000]     3860 ms: Scavenge 105.2 (139.1) -> 73.3 (139.1) MB, pooled: 0.5 MB, 0.14 / 0.00 ms (average mu = 0.138, current mu = 0.032) allocation failure;
[48350:0xc2d40c000]     3866 ms: Scavenge 105.2 (139.1) -> 73.8 (139.1) MB, pooled: 0.5 MB, 0.21 / 0.00 ms (average mu = 0.138, current mu = 0.032) allocation failure;
[48350:0xc2d40c000]     3873 ms: Scavenge 105.2 (139.1) -> 73.9 (139.1) MB, pooled: 0.5 MB, 0.23 / 0.00 ms (average mu = 0.138, current mu = 0.032) allocation failure;
[48350:0xc2d40c000]     3879 ms: Scavenge 105.2 (139.1) -> 73.3 (139.1) MB, pooled: 0.5 MB, 0.12 / 0.00 ms (average mu = 0.138, current mu = 0.032) allocation failure;
[48350:0xc2d40c000]     3886 ms: Scavenge 105.2 (139.1) -> 73.8 (139.1) MB, pooled: 0.5 MB, 0.23 / 0.00 ms (average mu = 0.138, current mu = 0.032) allocation failure;
[marking dependent code 0x2bc3b2f53039 <Code TURBOFAN_JS> (0x0d4b7a1775f9 <SharedFunctionInfo view>) (opt id 768) for deoptimization, reason: embedded weak objects cleared]
[marking dependent code 0x3685b91ad719 <Code TURBOFAN_JS> (0x12e21a3555e9 <SharedFunctionInfo ok>) (opt id 772) for deoptimization, reason: embedded weak objects cleared]
[marking dependent code 0x2bc3b2f52cf1 <Code TURBOFAN_JS> (0x12e21a355751 <SharedFunctionInfo unsafeSetValue>) (opt id 767) for deoptimization, reason: embedded weak objects cleared]
[marking dependent code 0x3685b91adb29 <Code TURBOFAN_JS> (0x12e21a3555a1 <SharedFunctionInfo ParserState>) (opt id 773) for deoptimization, reason: embedded weak objects cleared]
[marking dependent code 0x18d2f74f3959 <Code TURBOFAN_JS> (0x12e21a34c259 <SharedFunctionInfo parseStateInner>) (opt id 774) for deoptimization, reason: embedded weak objects cleared]
[marking dependent code 0x2bc3b2f52701 <Code TURBOFAN_JS> (0x3757ea114fa9 <SharedFunctionInfo>) (opt id 763) for deoptimization, reason: embedded weak objects cleared]
[marking dependent code 0x080b61e09639 <Code TURBOFAN_JS> (0x0e2361c6f419 <SharedFunctionInfo rollback>) (opt id 780) for deoptimization, reason: embedded weak objects cleared]
[marking dependent code 0x3d97ce9ee191 <Code TURBOFAN_JS> (0x0e2361c6f539 <SharedFunctionInfo clearFrontierExtras>) (opt id 776) for deoptimization, reason: embedded weak objects cleared]
[marking dependent code 0x2bc3b2f52391 <Code TURBOFAN_JS> (0x0e2361c6f389 <SharedFunctionInfo RunState>) (opt id 765) for deoptimization, reason: embedded weak objects cleared]
[marking dependent code 0x18d2f74c9c39 <Code MAGLEV> (0x0ad8276fb2e9 <SharedFunctionInfo stringParser>) (opt id 781) for deoptimization, reason: embedded weak objects cleared]
[marking dependent code 0x18d2f74f4101 <Code MAGLEV> (0x053598100e71 <SharedFunctionInfo>) (opt id 779) for deoptimization, reason: embedded weak objects cleared]
[marking dependent code 0x2bc3b2f52ab1 <Code TURBOFAN_JS> (0x12e21a37f971 <SharedFunctionInfo mergeErrorState>) (opt id 764) for deoptimization, reason: embedded weak objects cleared]
[marking dependent code 0x080b61e09209 <Code TURBOFAN_JS> (0x0ad8276fb331 <SharedFunctionInfo stringParser>) (opt id 778) for deoptimization, reason: embedded weak objects cleared]
[marking dependent code 0x3685b91b02c9 <Code MAGLEV> (0x12db4bd6ed21 <SharedFunctionInfo anyParser>) (opt id 769) for deoptimization, reason: embedded weak objects cleared]
[48350:0xc2d40c000]     3981 ms: Mark-Compact 93.8 (139.1) -> 72.2 (139.1) MB, pooled: 0.5 MB, 9.18 / 0.00 ms (average mu = 0.940, current mu = 0.974) testing; GC in old space requested
[48350:0xc2d40c000]     3996 ms: Mark-Compact 98.3 (139.1) -> 97.6 (139.1) MB, pooled: 0.5 MB, 12.81 / 0.00 ms (average mu = 0.881, current mu = 0.165) testing; GC in old space requested
[48350:0xc2d40c000]     4010 ms: Mark-Compact 115.7 (139.1) -> 72.0 (113.1) MB, pooled: 26.5 MB, 9.40 / 0.00 ms (average mu = 0.813, current mu = 0.325) testing; GC in old space requested
[48350:0xc2d40c000]     4017 ms: Scavenge 104.0 (139.1) -> 76.3 (139.1) MB, pooled: 0.5 MB, 0.64 / 0.00 ms (average mu = 0.813, current mu = 0.325) allocation failure;
[48350:0xc2d40c000]     4025 ms: Scavenge 104.0 (139.6) -> 80.1 (142.4) MB, pooled: 0.0 MB, 1.15 / 0.00 ms (average mu = 0.813, current mu = 0.325) allocation failure;
[48350:0xc2d40c000]     4033 ms: Scavenge 107.9 (142.4) -> 82.6 (145.1) MB, pooled: 0.0 MB, 0.80 / 0.00 ms (average mu = 0.813, current mu = 0.325) allocation failure;
[48350:0xc2d40c000]     4040 ms: Scavenge 111.1 (145.1) -> 86.9 (148.1) MB, pooled: 0.0 MB, 0.84 / 0.00 ms (average mu = 0.813, current mu = 0.325) allocation failure;
[48350:0xc2d40c000]     4056 ms: Mark-Compact 114.1 (148.1) -> 88.8 (151.1) MB, pooled: 0.0 MB, 10.69 / 0.00 ms (average mu = 0.792, current mu = 0.766) testing; GC in old space requested
[48350:0xc2d40c000]     4068 ms: Mark-Compact 88.8 (151.1) -> 71.7 (135.1) MB, pooled: 16.0 MB, 8.82 / 0.00 ms (average mu = 0.691, current mu = 0.245) testing; GC in old space requested
[48350:0xc2d40c000]     4084 ms: Mark-Compact 71.7 (135.1) -> 71.7 (133.6) MB, pooled: 17.5 MB, 16.36 / 0.00 ms (average mu = 0.456, current mu = 0.006) testing; GC in old space requested
[48350:0xc2d40c000]     4094 ms: Mark-Compact 71.7 (133.6) -> 71.7 (133.6) MB, pooled: 17.5 MB, 9.45 / 0.00 ms (average mu = 0.330, current mu = 0.014) testing; GC in old space requested
[marking dependent code 0x18d2f74c9ea9 <Code TURBOFAN_JS> (0x12e21a3555a1 <SharedFunctionInfo ParserState>) (opt id 789) for deoptimization, reason: embedded weak objects cleared]
[marking dependent code 0x2ee456d80231 <Code TURBOFAN_JS> (0x12e21a355751 <SharedFunctionInfo unsafeSetValue>) (opt id 786) for deoptimization, reason: embedded weak objects cleared]
[marking dependent code 0x22be92e07d69 <Code TURBOFAN_JS> (0x12e21a34c259 <SharedFunctionInfo parseStateInner>) (opt id 788) for deoptimization, reason: embedded weak objects cleared]
[marking dependent code 0x18d2f74c9a99 <Code TURBOFAN_JS> (0x3757ea114fa9 <SharedFunctionInfo>) (opt id 790) for deoptimization, reason: embedded weak objects cleared]
[marking dependent code 0x2ee456d80551 <Code TURBOFAN_JS> (0x12e21a3555e9 <SharedFunctionInfo ok>) (opt id 787) for deoptimization, reason: embedded weak objects cleared]
[48350:0xc2d40c000]     4103 ms: Mark-Compact 71.7 (133.6) -> 71.7 (133.6) MB, pooled: 17.5 MB, 9.52 / 0.00 ms (average mu = 0.220, current mu = 0.032) testing; GC in old space requested
[bailout (kind: deopt-eager, reason: Insufficient type feedback for generic named access): begin. deoptimizing 0x09e3c0d1fcd9 <JSFunction buildTerminalTable (sfi = 0xe2361c60099)>, 0x2ee456d86c21 <Code TURBOFAN_JS>, opt id 634, bytecode offset 1072, deopt exit 190, FP to SP delta 192, caller SP 0x00016efa13a8, pc 0x000117ca36dc]
[bailout (kind: deopt-eager, reason: out of bounds): begin. deoptimizing 0x1472e880af41 <JSFunction (sfi = 0x53598100e71)>, 0x2ee456d81b89 <Code MAGLEV>, opt id 808, bytecode offset 29, deopt exit 16, FP to SP delta 160, caller SP 0x00016efa12b0, pc 0x000117c9da04]
[48350:0xc2d40c000]     4119 ms: Scavenge 103.9 (133.6) -> 72.0 (133.6) MB, pooled: 17.5 MB, 0.11 / 0.00 ms (average mu = 0.220, current mu = 0.032) allocation failure;
[48350:0xc2d40c000]     4128 ms: Scavenge 103.9 (138.4) -> 72.0 (138.4) MB, pooled: 12.8 MB, 0.15 / 0.00 ms (average mu = 0.220, current mu = 0.032) allocation failure;
[48350:0xc2d40c000]     4137 ms: Scavenge 104.0 (138.4) -> 72.0 (138.4) MB, pooled: 12.8 MB, 0.12 / 0.00 ms (average mu = 0.220, current mu = 0.032) allocation failure;
[48350:0xc2d40c000]     4142 ms: Scavenge 104.0 (138.4) -> 72.0 (138.4) MB, pooled: 12.8 MB, 0.14 / 0.00 ms (average mu = 0.220, current mu = 0.032) allocation failure;
[48350:0xc2d40c000]     4148 ms: Scavenge 104.0 (138.4) -> 72.0 (138.4) MB, pooled: 12.8 MB, 0.11 / 0.00 ms (average mu = 0.220, current mu = 0.032) allocation failure;
[48350:0xc2d40c000]     4152 ms: Scavenge 104.0 (138.4) -> 72.0 (138.4) MB, pooled: 12.8 MB, 0.12 / 0.00 ms (average mu = 0.220, current mu = 0.032) allocation failure;
[48350:0xc2d40c000]     4159 ms: Scavenge 104.0 (138.4) -> 72.0 (138.4) MB, pooled: 12.8 MB, 0.12 / 0.00 ms (average mu = 0.220, current mu = 0.032) allocation failure;
[48350:0xc2d40c000]     4163 ms: Scavenge 104.0 (138.4) -> 72.0 (138.4) MB, pooled: 12.8 MB, 0.11 / 0.00 ms (average mu = 0.220, current mu = 0.032) allocation failure;
[48350:0xc2d40c000]     4184 ms: Scavenge 104.0 (138.4) -> 72.0 (138.4) MB, pooled: 12.8 MB, 0.15 / 0.00 ms (average mu = 0.220, current mu = 0.032) allocation failure;
[48350:0xc2d40c000]     4194 ms: Scavenge 104.0 (138.4) -> 72.0 (138.4) MB, pooled: 12.8 MB, 0.08 / 0.00 ms (average mu = 0.220, current mu = 0.032) allocation failure;
[48350:0xc2d40c000]     4199 ms: Scavenge 104.0 (138.4) -> 72.0 (138.4) MB, pooled: 12.8 MB, 0.10 / 0.00 ms (average mu = 0.220, current mu = 0.032) allocation failure;
[48350:0xc2d40c000]     4204 ms: Scavenge 104.0 (138.4) -> 72.0 (138.4) MB, pooled: 12.8 MB, 0.10 / 0.00 ms (average mu = 0.220, current mu = 0.032) allocation failure;
[48350:0xc2d40c000]     4209 ms: Scavenge 104.0 (138.4) -> 72.0 (138.4) MB, pooled: 12.8 MB, 0.11 / 0.00 ms (average mu = 0.220, current mu = 0.032) allocation failure;
[48350:0xc2d40c000]     4213 ms: Scavenge 104.0 (138.4) -> 72.0 (138.4) MB, pooled: 12.8 MB, 0.09 / 0.00 ms (average mu = 0.220, current mu = 0.032) allocation failure;
{"subject":"P2-C-cold-hot-dispatch","environment":{"node":"v26.0.0","v8":"14.6.202.33-node.19","platform":"darwin","arch":"arm64"},"baseline":{"root":"/tmp/parse-that-m2-baseline-20260729/typescript","sha":"de36d57dccdd20068b8c11a78f6e83d42e7d681f"},"samples":11,"scales":[4,8,16,33,96,753],"rows":[{"count":4,"construction":{"control":{"median":421.22899999998253,"batches":[1374.6874999999932,361.4375000000223,507.45849999998427,451.60400000003165,465.37499999999454,421.22899999998253,369.6454999999901,347.93750000000045,478.52100000000064,331.2499999999545,338.75000000000455]},"candidate":{"median":5088.812500000017,"batches":[8620.562500000005,4887.333500000012,4771.582999999964,4882.249999999999,4396.270500000014,5088.812500000017,7462.417000000016,5661.478999999986,5427.916999999979,4938.062500000001,6412.937499999998]},"ratio":0.08277550017808302,"order":["control/candidate","candidate/control","control/candidate","candidate/control","control/candidate","candidate/control","control/candidate","candidate/control","control/candidate","candidate/control","control/candidate"]},"coldBuildAndParse":{"control":{"median":496.43750000007003,"batches":[795.0209999999629,402.12499999995543,457.66699999990124,588.4585000000015,510.6460000000652,496.43750000007003,385.8545000000504,575.1044999999522,655.2915000000894,367.12499999998727,355.4789999999457]},"candidate":{"median":5484.978999999954,"batches":[5481.27100000005,5678.979000000027,5307.896000000028,5607.062499999984,5484.978999999954,5458.666999999991,5795.291499999962,6344.06249999995,9901.16649999993,5186.125000000061,5292.270499999972]},"ratio":0.09050855071643378,"order":["control/candidate","candidate/control","control/candidate","candidate/control","control/candidate","candidate/control","control/candidate","candidate/control","control/candidate","candidate/control","control/candidate"]},"stabilizedHot":{"control":{"median":135.24585000000116,"batches":[142.43125000000418,104.39579999999751,145.6103999999982,135.5271000000016,138.84789999999612,135.24585000000116,109.32080000000042,138.86250000000473,111.58335000000079,125.59999999999718,110.01249999999345]},"candidate":{"median":139.47709999999915,"batches":[139.47709999999915,130.32499999999345,133.8041999999973,125.99584999999253,165.87920000000622,192.8645500000016,160.42084999999133,174.44585000000643,135.3646000000026,165.29375000000073,131.59789999999703]},"ratio":0.9696634788076464,"order":["control/candidate","candidate/control","control/candidate","candidate/control","control/candidate","candidate/control","control/candidate","candidate/control","control/candidate","candidate/control","control/candidate"]},"alternatingShapes":{"control":{"median":108.57499999999618,"batches":[120.8417000000054,105.90000000000826,112.57499999999256,115.8604500000024,106.8083500000057,115.72085000000241,104.28749999999809,108.57499999999618,103.22085000000243,117.8583499999945,106.89170000000559]},"candidate":{"median":140.69169999999076,"batches":[147.9853999999932,133.93955000000233,113.54999999999791,153.6166499999922,125.1604000000043,152.33954999999924,120.29789999999139,154.30209999999533,149.868749999996,140.69169999999076,119.59375000000138]},"ratio":0.771722852165432,"order":["control/candidate","candidate/control","control/candidate","candidate/control","control/candidate","candidate/control","control/candidate","candidate/control","control/candidate","candidate/control","control/candidate"]},"failureHot":{"control":{"median":147.22080000000233,"batches":[149.07704999999396,170.3999999999951,148.59165000000303,147.22080000000233,164.11039999999275,135.61460000000807,162.06039999999575,137.13539999999966,136.27914999999575,140.07914999999684,138.1354500000043]},"candidate":{"median":46.85415000000148,"batches":[47.577099999989514,46.689600000001974,45.470849999992424,45.67499999999427,47.20829999999978,44.66045000000349,61.324999999999356,46.85415000000148,153.156249999995,49.82085000000325,46.518749999995634]},"ratio":3.1421080096426395,"order":["control/candidate","candidate/control","control/candidate","candidate/control","control/candidate","candidate/control","control/candidate","candidate/control","control/candidate","candidate/control","control/candidate"]}},{"count":8,"construction":{"control":{"median":487.8124999999045,"batches":[489.4375000000082,661.2085000000434,484.2914999999266,496.20800000002424,464.8335000000543,487.8124999999045,488.24999999999363,528.7289999999985,457.72950000002766,475.3124999999727,468.4790000000021]},"candidate":{"median":8025.1875000000155,"batches":[8416.520500000046,7562.396000000035,7876.7914999999675,8066.020499999922,8409.020499999997,8025.1875000000155,8345.229000000018,8522.375000000011,7552.041499999973,7835.374999999999,8020.3125000000455]},"ratio":0.060785184146775834,"order":["control/candidate","candidate/control","control/candidate","candidate/control","control/candidate","candidate/control","control/candidate","candidate/control","control/candidate","candidate/control","control/candidate"]},"coldBuildAndParse":{"control":{"median":830.7499999999663,"batches":[854.6460000000025,1011.9789999999966,853.6040000000185,745.9999999999809,732.2499999999081,898.2499999999618,830.7499999999663,848.5415000000103,706.666499999983,689.0835000000379,661.3545000000158]},"candidate":{"median":8143.042000000037,"batches":[9366.31250000005,8175.12499999998,7999.041499999976,8143.042000000037,8267.916499999956,7748.312499999997,8035.062500000095,8436.458499999957,8558.875000000058,7806.1874999999645,7750.499999999988]},"ratio":0.10201961380034176,"order":["control/candidate","candidate/control","control/candidate","candidate/control","control/candidate","candidate/control","control/candidate","candidate/control","control/candidate","candidate/control","control/candidate"]},"stabilizedHot":{"control":{"median":143.17080000000715,"batches":[134.6396000000027,152.95834999999443,177.99790000000257,131.2958500000036,148.18125000000464,121.41460000000279,143.17080000000715,126.46664999999759,151.5374999999949,158.39789999999994,128.27915000000303]},"candidate":{"median":141.06249999999818,"batches":[153.99999999999636,156.8708000000015,163.48124999999527,141.06249999999818,132.4395500000037,141.31459999999834,131.1916500000052,130.28959999999188,136.00205000000187,146.63335000000188,132.56039999999985]},"ratio":1.0149458573328063,"order":["control/candidate","candidate/control","control/candidate","candidate/control","control/candidate","candidate/control","control/candidate","candidate/control","control/candidate","candidate/control","control/candidate"]},"alternatingShapes":{"control":{"median":122.9417000000012,"batches":[138.8125000000059,123.74585000000026,114.29580000000215,122.9417000000012,121.22914999999921,124.00000000000091,122.07499999999527,129.01875000000018,121.00000000000364,133.6541499999953,120.57499999999662]},"candidate":{"median":139.39169999999876,"batches":[139.31874999999536,155.59789999999794,133.33334999999806,148.72080000000096,147.02499999999645,152.1833499999957,139.39169999999876,135.09165000000394,134.68335000000025,136.46040000000994,144.12289999999075]},"ratio":0.8819872345340669,"order":["control/candidate","candidate/control","control/candidate","candidate/control","control/candidate","candidate/control","control/candidate","candidate/control","control/candidate","candidate/control","control/candidate"]},"failureHot":{"control":{"median":217.23749999999885,"batches":[218.68540000000397,187.91044999999258,244.27084999999803,194.71250000000282,230.42914999999766,227.31874999999494,227.89999999999964,204.18334999999388,215.32499999999573,194.2103999999972,217.23749999999885]},"candidate":{"median":52.55835000000389,"batches":[65.84584999999379,52.55835000000389,54.59170000000313,50.65204999999651,50.5583500000057,52.177099999994425,64.91044999999076,63.70625000000701,52.14169999999285,57.343749999995445,52.2854499999994]},"ratio":4.13326331591427,"order":["control/candidate","candidate/control","control/candidate","candidate/control","control/candidate","candidate/control","control/candidate","candidate/control","control/candidate","candidate/control","control/candidate"]}},{"count":16,"construction":{"control":{"median":874.0000000007057,"batches":[952.9999999995198,900.7499999997891,874.0000000007057,951.415999999881,1136.0000000004218,863.7499999995272,835.1659999998448,864.8339999999735,857.665999999881,874.0819999993618,833.3339999999224]},"candidate":{"median":13196.91800000055,"batches":[25791.416000000027,15451.418000000558,14117.167999999765,11844.833999999537,13196.91800000055,13504.500000000007,11529.499999999643,13425.416000000041,12659.166000000369,11670.999999999367,13140.000000000327]},"ratio":0.06622758434966931,"order":["control/candidate","candidate/control","control/candidate","candidate/control","control/candidate","candidate/control","control/candidate","candidate/control","control/candidate","candidate/control","control/candidate"]},"coldBuildAndParse":{"control":{"median":951.2500000000728,"batches":[1244.7500000007494,949.083999999857,951.2500000000728,958.4999999997309,914.6680000003472,951.415999999881,1410.9159999998155,973.2500000000072,909.4999999997526,939.249999999447,917.6660000002813]},"candidate":{"median":13420.415999999932,"batches":[15229.500000000371,13984.666000000288,12889.584000000468,13784.500000000662,14807.24999999984,12095.081999999822,13022.749999999178,13420.415999999932,13159.249999999702,13346.583999999893,13518.334000000323]},"ratio":0.07088081323262092,"order":["control/candidate","candidate/control","control/candidate","candidate/control","control/candidate","candidate/control","control/candidate","candidate/control","control/candidate","candidate/control","control/candidate"]},"stabilizedHot":{"control":{"median":201.48437500000682,"batches":[302.88550000000214,207.4999999999818,201.48437500000682,262.20837500000016,196.51049999998804,199.14062499998408,204.59887499998786,192.34900000003563,176.8072500000244,210.53124999997408,198.09887500002787]},"candidate":{"median":158.9218749999759,"batches":[165.8072500000003,170.1718749999941,144.41137500000423,158.9218749999759,142.03650000001744,139.13537499996664,143.17700000003697,211.9635000000244,148.58325000000153,185.48437499998724,190.71874999997362]},"ratio":1.2678202733263584,"order":["control/candidate","candidate/control","control/candidate","candidate/control","control/candidate","candidate/control","control/candidate","candidate/control","control/candidate","candidate/control","control/candidate"]},"alternatingShapes":{"control":{"median":206.55725000000302,"batches":[209.4167500000026,313.7812499999768,207.5417500000185,206.55725000000302,208.35412500002803,220.10425000001987,189.04175000000123,204.45312499998636,191.24475000000984,198.60937499998954,199.79175000003127]},"candidate":{"median":141.26562500001683,"batches":[149.99999999997726,174.14587500002202,141.26562500001683,134.5728750000035,145.54687500003638,174.3853750000426,139.5261250000317,134.35937499997408,194.4480000000226,138.27087499998922,131.6093750000391]},"ratio":1.4621904656563012,"order":["control/candidate","candidate/control","control/candidate","candidate/control","control/candidate","candidate/control","control/candidate","candidate/control","control/candidate","candidate/control","control/candidate"]},"failureHot":{"control":{"median":327.4843750000401,"batches":[362.2552499999756,327.4843750000401,311.39062500000136,415.0937499999827,312.82287499999484,354.9323750000326,391.765625000005,313.3281249999982,314.48962500002153,373.4113749999892,313.38537500005265]},"candidate":{"median":49.906249999992276,"batches":[55.755250000004246,68.97924999998395,49.119750000045315,50.96349999996619,49.177124999971504,48.15625000003365,50.135500000010325,48.083374999976066,57.218750000004086,49.906249999992276,47.83324999999649]},"ratio":6.561991233564749,"order":["control/candidate","candidate/control","control/candidate","candidate/control","control/candidate","candidate/control","control/candidate","candidate/control","control/candidate","candidate/control","control/candidate"]}},{"count":33,"construction":{"control":{"median":1797.0839999998132,"batches":[1930.5819999999585,1797.0839999998132,1584.6660000006525,1721.2500000005095,40738.41799999991,1694.5820000000822,2546.3339999996606,2233.5839999996097,1912.1660000000704,1715.8319999998641,1722.331999999369]},"candidate":{"median":26421.000000000276,"batches":[26834.334000000126,23679.415999999947,24924.08399999931,93991.75000000013,30036.584000000403,24644.334000000526,40399.24999999948,26421.000000000276,24834.249999999884,27094.41599999991,25211.833999999726]},"ratio":0.06801725899851611,"order":["control/candidate","candidate/control","control/candidate","candidate/control","control/candidate","candidate/control","control/candidate","candidate/control","control/candidate","candidate/control","control/candidate"]},"coldBuildAndParse":{"control":{"median":1985.6659999995827,"batches":[1985.6659999995827,2428.834000000279,2072.33400000041,2025.832000000264,2765.7499999995707,2063.3340000003955,1812.4159999997573,1813.999999999396,1953.4999999996217,1869.0840000008393,1933.3340000002863]},"candidate":{"median":26933.584000000337,"batches":[26336.999999999534,26273.333999999522,26933.584000000337,27775.16800000012,27086.417999999867,25388.167999999496,27174.168000000464,28474.333999999544,36629.08199999947,25252.583999999842,26324.250000000575]},"ratio":0.07372453662310809,"order":["control/candidate","candidate/control","control/candidate","candidate/control","control/candidate","candidate/control","control/candidate","candidate/control","control/candidate","candidate/control","control/candidate"]},"stabilizedHot":{"control":{"median":338.64575000001196,"batches":[349.8488750000206,322.27087500001517,353.78637500002696,337.6509999999939,320.4843749999782,376.73437499995543,342.4009999999953,339.15099999995846,338.64575000001196,310.3750000000218,322.49474999997574]},"candidate":{"median":149.67712499998242,"batches":[225.40624999999181,193.359375,220.31249999997726,170.0260000000071,149.67712499998242,149.17187499997908,146.21875000000273,142.21350000002533,135.2083749999906,133.88025000000425,166.2239999999997]},"ratio":2.262508382627283,"order":["control/candidate","candidate/control","control/candidate","candidate/control","control/candidate","candidate/control","control/candidate","candidate/control","control/candidate","candidate/control","control/candidate"]},"alternatingShapes":{"control":{"median":326.11450000001696,"batches":[338.6249999999791,438.1041249999953,324.99999999998863,395.177125000032,335.84899999999607,323.27087500004836,435.4374999999777,322.0781249999618,317.38537500001485,326.11450000001696,319.23437500000773]},"candidate":{"median":132.94787500001348,"batches":[129.6249999999759,130.67712499997697,138.47924999998895,138.07812499999272,133.94787499998984,126.30737500001034,129.47387499997376,132.94787500001348,135.45312499996953,161.95312499996817,131.09374999999093]},"ratio":2.4529500753583604,"order":["control/candidate","candidate/control","control/candidate","candidate/control","control/candidate","candidate/control","control/candidate","candidate/control","control/candidate","candidate/control","control/candidate"]},"failureHot":{"control":{"median":601.5729999999735,"batches":[574.9115000000415,642.9271250000284,552.4687499999459,705.9218750000014,577.0833750000293,634.2240000000174,626.7552499999738,572.9531249999695,603.2500000000027,586.3646249999874,601.5729999999735]},"candidate":{"median":68.49487499999896,"batches":[55.81774999996014,68.49487499999896,52.010375000008935,53.9947500000153,51.08862499997712,97.21350000000939,88.85937500002683,63.31249999999499,84.04687500001273,69.77074999997511,68.56250000004138]},"ratio":8.782744694402066,"order":["control/candidate","candidate/control","control/candidate","candidate/control","control/candidate","candidate/control","control/candidate","candidate/control","control/candidate","candidate/control","control/candidate"]}},{"count":96,"construction":{"control":{"median":5626.113333334312,"batches":[5007.220000000719,6467.779999999644,6187.500000002426,5349.720000000768,4818.606666664588,5754.446666666505,4768.059999999726,5626.113333334312,6303.333333335104,5735.553333333883,4670.273333334383]},"candidate":{"median":72792.500000002,"batches":[80895.00000000044,72393.05333333202,72792.500000002,67118.05333333359,73284.99999999924,67274.44666666695,67740.55999999896,77648.05333333243,77601.66666666616,81140.55333333151,69217.22000000045]},"ratio":0.07728973909859063,"order":["control/candidate","candidate/control","control/candidate","candidate/control","control/candidate","candidate/control","control/candidate","candidate/control","control/candidate","candidate/control","control/candidate"]},"coldBuildAndParse":{"control":{"median":6592.773333331934,"batches":[6592.773333331934,6872.7800000003,7646.94666666704,6306.393333334199,7708.059999998417,8038.893333332453,14648.05333333364,5476.1133333340695,6245.273333333898,5108.893333332769,4987.2199999996765]},"candidate":{"median":98160.27333333295,"batches":[73556.1066666681,215840.28000000215,101861.66666666698,82534.44666666533,98160.27333333295,99316.11333333421,100687.49999999758,98987.49999999987,76363.33333333216,74786.38666666787,70771.66666666623]},"ratio":0.06716335549458154,"order":["control/candidate","candidate/control","control/candidate","candidate/control","control/candidate","candidate/control","control/candidate","candidate/control","control/candidate","candidate/control","control/candidate"]},"stabilizedHot":{"control":{"median":821.9165000000431,"batches":[738.0624999998417,844.041500000003,798.4584999999242,1023.770999999897,839.7915000000467,821.9165000000431,861.2914999998793,785.7289999999466,1068.8749999999345,755.3539999998976,763.4579999999005]},"candidate":{"median":202.8960000000097,"batches":[202.8960000000097,204.3750000000273,257.1250000000873,210.562500000151,272.7709999999206,189.64599999981147,229.95850000006612,196.81249999985084,148.8544999999704,167.97900000005936,140.60449999988123]},"ratio":4.050925104487047,"order":["control/candidate","candidate/control","control/candidate","candidate/control","control/candidate","candidate/control","control/candidate","candidate/control","control/candidate","candidate/control","control/candidate"]},"alternatingShapes":{"control":{"median":973.9170000000286,"batches":[948.56249999998,1008.5624999999254,936.853999999812,1035.333000000037,966.7500000000473,1219.60399999989,973.9170000000286,1050.375000000031,910.7295000001159,1251.9795000000613,957.4374999999691]},"candidate":{"median":157.79200000019952,"batches":[302.3334999998042,245.14549999980775,166.1249999999654,153.3329999999751,158.06250000014188,143.41650000005757,157.79200000019952,272.70799999996603,130.7499999998072,126.06249999998909,135.5834999999388]},"ratio":6.172157016824662,"order":["control/candidate","candidate/control","control/candidate","candidate/control","control/candidate","candidate/control","control/candidate","candidate/control","control/candidate","candidate/control","control/candidate"]},"failureHot":{"control":{"median":1736.2289999998666,"batches":[1409.3540000001212,1765.812499999811,1613.458000000037,2238.124999999855,1736.2289999998666,1528.541500000074,1935.6250000000725,1736.8334999998751,1567.06250000002,2002.895999999964,1699.6040000001358]},"candidate":{"median":82.77100000009341,"batches":[71.35399999992842,70.81250000010186,90.9585000001698,122.87500000002183,95.29199999997218,82.04149999983201,98.08350000002974,111.22899999986657,75.06250000005821,70.2080000000933,82.77100000009341]},"ratio":20.97629604569121,"order":["control/candidate","candidate/control","control/candidate","candidate/control","control/candidate","candidate/control","control/candidate","candidate/control","control/candidate","candidate/control","control/candidate"]}},{"count":753,"construction":{"control":{"median":36914.600000000064,"batches":[91941.70000000668,36914.600000000064,35770.849999994425,35895.849999997154,56000.00000001727,46474.99999998672,36593.74999999727,59118.75000001601,34820.799999988594,36191.65000000066,67660.39999999976]},"candidate":{"median":452339.60000000475,"batches":[530656.2499999928,487535.4000000016,471447.89999999834,444599.99999999127,1988045.850000003,465514.60000000586,429216.65000001213,405395.8500000135,452339.60000000475,412891.7000000001,402316.6500000116]},"ratio":0.08160815458120332,"order":["control/candidate","candidate/control","control/candidate","candidate/control","control/candidate","candidate/control","control/candidate","candidate/control","control/candidate","candidate/control","control/candidate"]},"coldBuildAndParse":{"control":{"median":45160.4499999803,"batches":[82387.50000000437,62906.249999991815,56252.10000000607,59822.89999999465,44731.24999999527,37347.90000000885,45160.4499999803,37418.750000006185,42239.549999999326,42547.9500000165,59587.49999999781]},"candidate":{"median":445689.60000001424,"batches":[421479.1500000047,445637.5000000208,491245.8000000015,438420.8499999886,418316.6999999912,445689.60000001424,455658.3499999988,509920.8500000032,443366.6500000072,537056.2500000006,547558.3499999857]},"ratio":0.10132713440021679,"order":["control/candidate","candidate/control","control/candidate","candidate/control","control/candidate","candidate/control","control/candidate","candidate/control","control/candidate","candidate/control","control/candidate"]},"stabilizedHot":{"control":{"median":6060.668000000078,"batches":[6425.836000000345,6147.500000000946,6006.332000000839,8683.168000001388,6060.668000000078,6282.499999999345,5872.331999999005,5730.1640000005145,5883.499999999913,8691.16799999938,5947.164000001067]},"candidate":{"median":568.331999998918,"batches":[568.331999998918,556.9999999988795,574.9999999989086,566.6679999994813,630.0000000010186,549.6679999996559,600.5000000004657,520.1679999991029,984.33599999953,503.3320000002277,603.1679999996413]},"ratio":10.66395698291072,"order":["control/candidate","candidate/control","control/candidate","candidate/control","control/candidate","candidate/control","control/candidate","candidate/control","control/candidate","candidate/control","control/candidate"]},"alternatingShapes":{"control":{"median":6679.999999998472,"batches":[6981.164000000717,6579.999999999927,7858.0000000001755,7998.66800000018,7244.335999999748,6603.999999999359,6573.667999999088,6679.167999998754,8155.835999999908,6679.999999998472,6639.33200000065]},"candidate":{"median":329.66399999895657,"batches":[533.3360000004177,516.6640000006737,1009.6680000006018,598.1679999986227,329.66399999895657,254.66400000004796,265.16799999990326,238.33200000080978,342.6679999993212,246.83600000025763,260.6679999989865]},"ratio":20.26305571739594,"order":["control/candidate","candidate/control","control/candidate","candidate/control","control/candidate","candidate/control","control/candidate","candidate/control","control/candidate","candidate/control","control/candidate"]},"failureHot":{"control":{"median":11840.668000000733,"batches":[14073.668000000907,11842.499999998836,11617.836000001262,15015.167999999903,11695.000000001528,11653.168000000733,11840.668000000733,13000.835999999254,11659.663999998884,11613.667999999961,13092.499999998836]},"candidate":{"median":133.4999999999127,"batches":[144.16799999889918,116.50000000008731,117.50000000029104,111.66799999955401,145.66800000102376,121.66799999977229,133.4999999999127,757.8320000011445,137.00000000062573,121.33200000062061,148.83200000076613]},"ratio":88.69414232216087,"order":["control/candidate","candidate/control","control/candidate","candidate/control","control/candidate","candidate/control","control/candidate","candidate/control","control/candidate","candidate/control","control/candidate"]}}],"unicode":{"plan":{"terminals":8,"states":48,"asciiAlphabet":17,"asciiCells":816,"coldEdges":5,"tableBytes":1970},"hot":{"control":{"median":122.63749999992797,"batches":[122.63749999992797,144.67500000000655,116.09169999992447,126.6208000000006,105.40419999997539,129.5416999999361,116.39580000000933,114.9874999999156,129.52079999995476,107.23750000006476,159.10420000000158]},"candidate":{"median":79.95420000006561,"batches":[153.54170000000522,105.90000000001965,76.17920000002414,75.0332999999955,76.66669999998703,97.82500000001164,82.37079999998969,79.95420000006561,79.29169999997612,77.29580000004717,83.26249999990978]},"ratio":1.533846877335116,"order":["control/candidate","candidate/control","control/candidate","candidate/control","control/candidate","candidate/control","control/candidate","candidate/control","control/candidate","candidate/control","control/candidate"]},"coldBuildAndParse":{"control":{"median":653.041999999914,"batches":[574.1250000000945,739.0839999998208,653.041999999914,647.9580000004718,16219.000000000051,558.5410000003321,1131.2910000006013,549.6670000002267,969.8330000001077,558.2910000002813,784.0839999998933]},"candidate":{"median":4283.0000000003565,"batches":[7847.41699999995,7368.208000000777,5333.24999999968,4253.625000000284,4182.958999999755,9573.999999999614,4411.459000000832,3968.3329999998023,4283.0000000003565,4118.124999999964,4209.957999999459]},"ratio":0.1524730329208171,"order":["control/candidate","candidate/control","control/candidate","candidate/control","control/candidate","candidate/control","control/candidate","candidate/control","control/candidate","candidate/control","control/candidate"]}},"allocations":[{"count":4,"controlGrammar":{"heapUsed":-2410.625,"arrayBuffers":0,"external":-7724.15625},"candidateGrammar":{"heapUsed":4222.625,"arrayBuffers":3394,"external":3022.78125},"controlResult":{"heapUsed":295.5,"arrayBuffers":0,"external":-3447.03125},"candidateResult":{"heapUsed":246.5,"arrayBuffers":0,"external":0}},{"count":8,"controlGrammar":{"heapUsed":4447.125,"arrayBuffers":0,"external":-375.53125},"candidateGrammar":{"heapUsed":5783.625,"arrayBuffers":6728,"external":5992.125},"controlResult":{"heapUsed":283.5,"arrayBuffers":0,"external":-6833.125},"candidateResult":{"heapUsed":186,"arrayBuffers":0,"external":0}},{"count":16,"controlGrammar":{"heapUsed":8694.5,"arrayBuffers":0,"external":-744.71875},"candidateGrammar":{"heapUsed":8530.625,"arrayBuffers":11516,"external":10256.4375},"controlResult":{"heapUsed":320.625,"arrayBuffers":0,"external":-11695.9375},"candidateResult":{"heapUsed":190.5,"arrayBuffers":0,"external":0}},{"count":33,"controlGrammar":{"heapUsed":18048.75,"arrayBuffers":0,"external":-1264.4375},"candidateGrammar":{"heapUsed":15482.625,"arrayBuffers":22066,"external":19652.53125},"controlResult":{"heapUsed":320.625,"arrayBuffers":0,"external":-22410.78125},"candidateResult":{"heapUsed":190.5,"arrayBuffers":0,"external":0}},{"count":96,"controlGrammar":{"heapUsed":52878.875,"arrayBuffers":0,"external":-2418.53125},"candidateGrammar":{"heapUsed":37962.625,"arrayBuffers":60410,"external":53802.65625},"controlResult":{"heapUsed":320.625,"arrayBuffers":0,"external":-61353.90625},"candidateResult":{"heapUsed":190.5,"arrayBuffers":0,"external":0}},{"count":753,"controlGrammar":{"heapUsed":416512,"arrayBuffers":0,"external":-28662.59375},"candidateGrammar":{"heapUsed":275317.625,"arrayBuffers":282240,"external":251370},"controlResult":{"heapUsed":320.625,"arrayBuffers":0,"external":-286650},"candidateResult":{"heapUsed":190.5,"arrayBuffers":0,"external":0}}],"corpus":{"package":"@webref/css@8.7.1","sourceSha256":"f51f851e2f1f0ed39839f79b8dab35bb0aa398afbbcf0a110b18ac445d98aef2","namesSha256":"3094a4c78013d5ab853574ac0e6206c735dad5dbab9e9ba1842b1b7daab84d8a","count":753}}
[48350:0xc2d40c000]     4219 ms: Scavenge 101.1 (138.4) -> 72.2 (138.4) MB, pooled: 12.8 MB, 0.11 / 0.00 ms (average mu = 0.220, current mu = 0.032) allocation failure;
