[marking 0x3ee511812da1 <JSFunction getNewKey (sfi = 0x37a14a6467b1)> for optimization to MAGLEV, ConcurrencyMode::kConcurrent, reason: hot and stable]
[compiling method 0x3ee511812da1 <JSFunction getNewKey (sfi = 0x37a14a6467b1)> (target MAGLEV), mode: ConcurrencyMode::kConcurrent]
[completed compiling 0x3ee511812da1 <JSFunction getNewKey (sfi = 0x37a14a6467b1)> (target MAGLEV) - took 0.002, 0.261, 0.003 ms]
[98890:0x71f80c000:0]        6 ms: Memory pool: Removed pages: 0, removed large pages: 0
, removed zone reservations: 0
[98890:0x71f80c000:0]        6 ms: GC: {"pause":0.288,"mutator":3.145,"gc":"s","reduce_memory":false,"time_to_safepoint":0,"stack":true,"reason":"allocation failure","collector_reason":"","start_object_size":1494600,"end_object_size":781848,"start_memory_size":2621440,"end_memory_size":3145728,"start_holes_size":1126664,"end_holes_size":1126664,"pool_local_chunks":0,"pool_shared_chunks":0,"pool_total_chunks":0,"new_space_capacity":1048576,"old_gen_allocation_limit":143073820,"global_allocation_limit":286147641,"allocation_throughput":10247.7,"new_space_allocation_throughput":7189.09,"new_space_survive_rate":26.6496,"allocated":1494600,"promoted":0,"new_space_survived":279424,"nodes_died_in_new":0,"nodes_copied_in_new":18,"nodes_promoted":0,"promotion_ratio":0,"average_survival_ratio":26.6496,"promotion_rate":0,"during_sweeping":false,"heap.prologue":0,"heap.epilogue":0,"heap.external.prologue":0,"heap.external.epilogue":0,"heap.external_weak_global_handles":0,"complete.sweep_array_buffers":0,"scavenge":0.242,"scavenge.free_remembered_set":0,"scavenge.roots":0.041,"scavenge.weak":0,"scavenge.weak_global_handles.identify":0,"scavenge.weak_global_handles.process":0.001,"scavenge.parallel":0,"scavenge.pin_objects_conservative":0,"scavenge.pin_objects_precise":0,"scavenge.restore_pinned":0,"scavenge.sweep_array_buffers":0.017,"scavenge.resize_new_space":0.001,"background.scavenge.parallel":0.225,"incremental.steps_count":0,"incremental.steps_took":0,"scavenge_throughput":970222,"quarantined_size":0,"quarantined_pages":0}
[98890:0x71f80c000:0]       10 ms: GC: {"pause":0.188,"mutator":3.6,"gc":"s","reduce_memory":false,"time_to_safepoint":0,"stack":true,"reason":"allocation failure","collector_reason":"","start_object_size":1892752,"end_object_size":1551264,"start_memory_size":4194304,"end_memory_size":4456448,"start_holes_size":1252752,"end_holes_size":1274056,"pool_local_chunks":0,"pool_shared_chunks":0,"pool_total_chunks":0,"new_space_capacity":1048576,"old_gen_allocation_limit":65888253,"global_allocation_limit":131776507,"allocation_throughput":17600,"new_space_allocation_throughput":11891.1,"new_space_survive_rate":42.4861,"allocated":1110904,"promoted":240824,"new_space_survived":445472,"nodes_died_in_new":0,"nodes_copied_in_new":6,"nodes_promoted":20,"promotion_ratio":22.9682,"average_survival_ratio":46.0519,"promotion_rate":86.1859,"during_sweeping":false,"heap.prologue":0,"heap.epilogue":0.001,"heap.external.prologue":0,"heap.external.epilogue":0,"heap.external_weak_global_handles":0,"complete.sweep_array_buffers":0,"scavenge":0.177,"scavenge.free_remembered_set":0.001,"scavenge.roots":0.016,"scavenge.weak":0,"scavenge.weak_global_handles.identify":0,"scavenge.weak_global_handles.process":0,"scavenge.parallel":0.013,"scavenge.pin_objects_conservative":0,"scavenge.pin_objects_precise":0,"scavenge.restore_pinned":0,"scavenge.sweep_array_buffers":0.002,"scavenge.resize_new_space":0,"background.scavenge.parallel":0.279,"incremental.steps_count":0,"incremental.steps_took":0,"scavenge_throughput":2.02882e+06,"quarantined_size":0,"quarantined_pages":0}
[marking 0x27ca4d230829 <JSFunction (sfi = 0x2d74ed85ab29)> for optimization to MAGLEV, ConcurrencyMode::kConcurrent, reason: hot and stable]
[compiling method 0x27ca4d230829 <JSFunction (sfi = 0x2d74ed85ab29)> (target MAGLEV), mode: ConcurrencyMode::kConcurrent]
[completed compiling 0x27ca4d230829 <JSFunction (sfi = 0x2d74ed85ab29)> (target MAGLEV) - took 0.001, 0.057, 0.002 ms]
[98890:0x71f80c000:0]       19 ms: GC: {"pause":0.234,"mutator":8.925,"gc":"s","reduce_memory":false,"time_to_safepoint":0,"stack":true,"reason":"allocation failure","collector_reason":"","start_object_size":2983152,"end_object_size":2738464,"start_memory_size":5128192,"end_memory_size":5914624,"start_holes_size":1079824,"end_holes_size":1423864,"pool_local_chunks":0,"pool_shared_chunks":0,"pool_total_chunks":0,"new_space_capacity":2097152,"old_gen_allocation_limit":36182134,"global_allocation_limit":72364268,"allocation_throughput":27787,"new_space_allocation_throughput":15091.7,"new_space_survive_rate":30.4515,"allocated":1431888,"promoted":442344,"new_space_survived":319288,"nodes_died_in_new":0,"nodes_copied_in_new":18,"nodes_promoted":11,"promotion_ratio":42.1878,"average_survival_ratio":54.9144,"promotion_rate":99.2978,"during_sweeping":false,"heap.prologue":0,"heap.epilogue":0,"heap.external.prologue":0,"heap.external.epilogue":0,"heap.external_weak_global_handles":0,"complete.sweep_array_buffers":0,"scavenge":0.223,"scavenge.free_remembered_set":0.001,"scavenge.roots":0.016,"scavenge.weak":0,"scavenge.weak_global_handles.identify":0,"scavenge.weak_global_handles.process":0.001,"scavenge.parallel":0,"scavenge.pin_objects_conservative":0,"scavenge.pin_objects_precise":0,"scavenge.restore_pinned":0.001,"scavenge.sweep_array_buffers":0.002,"scavenge.resize_new_space":0,"background.scavenge.parallel":0.356,"incremental.steps_count":0,"incremental.steps_took":0,"scavenge_throughput":2.43289e+06,"quarantined_size":0,"quarantined_pages":0}
[marking 0x313525117ac1 <JSFunction next (sfi = 0x37a14a6493c9)> for optimization to MAGLEV, ConcurrencyMode::kConcurrent, reason: hot and stable]
[compiling method 0x313525117ac1 <JSFunction next (sfi = 0x37a14a6493c9)> (target MAGLEV), mode: ConcurrencyMode::kConcurrent]
[completed compiling 0x313525117ac1 <JSFunction next (sfi = 0x37a14a6493c9)> (target MAGLEV) - took 0.000, 0.075, 0.002 ms]
[bailout (kind: deopt-eager, reason: wrong map): begin. deoptimizing 0x313525116609 <JSFunction next (sfi = 0x37a14a6493c9)>, 0x034c8d5c1f11 <Code MAGLEV>, opt id 2, bytecode offset 3, deopt exit 0, FP to SP delta 32, caller SP 0x00016faf1b38, pc 0x000116dc53b4]
[marking 0x1b982d931fb1 <JSFunction isPosixPathSeparator (sfi = 0x7651d017279)> for optimization to MAGLEV, ConcurrencyMode::kConcurrent, reason: hot and stable]
[compiling method 0x1b982d931fb1 <JSFunction isPosixPathSeparator (sfi = 0x7651d017279)> (target MAGLEV), mode: ConcurrencyMode::kConcurrent]
[completed compiling 0x1b982d931fb1 <JSFunction isPosixPathSeparator (sfi = 0x7651d017279)> (target MAGLEV) - took 0.000, 0.072, 0.001 ms]
[marking 0x1b982d932091 <JSFunction normalizeString (sfi = 0x7651d017351)> for optimization to MAGLEV, ConcurrencyMode::kConcurrent, reason: hot and stable]
[compiling method 0x1b982d932091 <JSFunction normalizeString (sfi = 0x7651d017351)> (target MAGLEV), mode: ConcurrencyMode::kConcurrent]
[completed compiling 0x1b982d932091 <JSFunction normalizeString (sfi = 0x7651d017351)> (target MAGLEV) - took 0.001, 0.327, 0.001 ms]
[marking 0x1b982d92c5d9 <JSFunction getPathFromURLPosix (sfi = 0x7651d01f061)> for optimization to MAGLEV, ConcurrencyMode::kConcurrent, reason: hot and stable]
[compiling method 0x1b982d92c5d9 <JSFunction getPathFromURLPosix (sfi = 0x7651d01f061)> (target MAGLEV), mode: ConcurrencyMode::kConcurrent]
[completed compiling 0x1b982d92c5d9 <JSFunction getPathFromURLPosix (sfi = 0x7651d01f061)> (target MAGLEV) - took 0.001, 0.150, 0.002 ms]
[marking 0x2d74ed876af1 <JSFunction requireBuiltin (sfi = 0x37a14a65e369)> for optimization to MAGLEV, ConcurrencyMode::kConcurrent, reason: hot and stable]
[compiling method 0x2d74ed876af1 <JSFunction requireBuiltin (sfi = 0x37a14a65e369)> (target MAGLEV), mode: ConcurrencyMode::kConcurrent]
[completed compiling 0x2d74ed876af1 <JSFunction requireBuiltin (sfi = 0x37a14a65e369)> (target MAGLEV) - took 0.000, 0.123, 0.004 ms]
[98890:0x71f80c000:0]       60 ms: GC: {"pause":0.284,"mutator":40.853,"gc":"s","reduce_memory":false,"time_to_safepoint":0,"stack":true,"reason":"allocation failure","collector_reason":"","start_object_size":7896304,"end_object_size":6894040,"start_memory_size":9797632,"end_memory_size":10584064,"start_holes_size":818088,"end_holes_size":1299448,"pool_local_chunks":0,"pool_shared_chunks":0,"pool_total_chunks":0,"new_space_capacity":2097152,"old_gen_allocation_limit":19815021,"global_allocation_limit":39630043,"allocation_throughput":53716.4,"new_space_allocation_throughput":21846.4,"new_space_survive_rate":33.3783,"allocated":5157840,"promoted":474552,"new_space_survived":756536,"nodes_died_in_new":0,"nodes_copied_in_new":37,"nodes_promoted":21,"promotion_ratio":20.9372,"average_survival_ratio":54.7647,"promotion_rate":148.628,"during_sweeping":false,"heap.prologue":0,"heap.epilogue":0,"heap.external.prologue":0,"heap.external.epilogue":0,"heap.external_weak_global_handles":0,"complete.sweep_array_buffers":0,"scavenge":0.273,"scavenge.free_remembered_set":0.003,"scavenge.roots":0.063,"scavenge.weak":0,"scavenge.weak_global_handles.identify":0,"scavenge.weak_global_handles.process":0.001,"scavenge.parallel":0,"scavenge.pin_objects_conservative":0,"scavenge.pin_objects_precise":0,"scavenge.restore_pinned":0,"scavenge.sweep_array_buffers":0.002,"scavenge.resize_new_space":0,"background.scavenge.parallel":0.657,"incremental.steps_count":0,"incremental.steps_took":0,"scavenge_throughput":2.9763e+06,"quarantined_size":0,"quarantined_pages":0}
[marking 0x313525118489 <JSFunction getOwn (sfi = 0x37a14a65e519)> for optimization to MAGLEV, ConcurrencyMode::kConcurrent, reason: hot and stable]
[compiling method 0x313525118489 <JSFunction getOwn (sfi = 0x37a14a65e519)> (target MAGLEV), mode: ConcurrencyMode::kConcurrent]
[completed compiling 0x313525118489 <JSFunction getOwn (sfi = 0x37a14a65e519)> (target MAGLEV) - took 0.001, 0.076, 0.002 ms]
[marking 0x313525115f81 <JSFunction syncExports (sfi = 0x37a14a65ea01)> for optimization to MAGLEV, ConcurrencyMode::kConcurrent, reason: hot and stable]
[compiling method 0x313525115f81 <JSFunction syncExports (sfi = 0x37a14a65ea01)> (target MAGLEV), mode: ConcurrencyMode::kConcurrent]
[completed compiling 0x313525115f81 <JSFunction syncExports (sfi = 0x37a14a65ea01)> (target MAGLEV) - took 0.000, 0.196, 0.004 ms]
[marking 0x157d917439b1 <JSFunction (sfi = 0x2d74ed86a7e1)> for optimization to MAGLEV, ConcurrencyMode::kConcurrent, reason: hot and stable]
[compiling method 0x157d917439b1 <JSFunction (sfi = 0x2d74ed86a7e1)> (target MAGLEV), mode: ConcurrencyMode::kConcurrent]
[98890:0x71f80c000:0]       72 ms: GC: {"pause":0.322,"mutator":11.906,"gc":"s","reduce_memory":false,"time_to_safepoint":0,"stack":true,"reason":"allocation failure","collector_reason":"","start_object_size":9044672,"end_object_size":8387360,"start_memory_size":12156928,"end_memory_size":13205504,"start_holes_size":980360,"end_holes_size":1300720,"pool_local_chunks":0,"pool_shared_chunks":0,"pool_total_chunks":0,"new_space_capacity":4194304,"old_gen_allocation_limit":16064568,"global_allocation_limit":22565636,"allocation_throughput":66926.8,"new_space_allocation_throughput":28813.4,"new_space_survive_rate":30.9219,"allocated":2150632,"promoted":728152,"new_space_survived":648440,"nodes_died_in_new":5,"nodes_copied_in_new":24,"nodes_promoted":38,"promotion_ratio":34.7231,"average_survival_ratio":56.9407,"promotion_rate":96.2482,"during_sweeping":false,"heap.prologue":0,"heap.epilogue":0,"heap.external.prologue":0,"heap.external.epilogue":0,"heap.external_weak_global_handles":0,"complete.sweep_array_buffers":0,"scavenge":0.305,"scavenge.free_remembered_set":0.007,"scavenge.roots":0.027,"scavenge.weak":0,"scavenge.weak_global_handles.identify":0,"scavenge.weak_global_handles.process":0,"scavenge.parallel":0,"scavenge.pin_objects_conservative":0,"scavenge.pin_objects_precise":0,"scavenge.restore_pinned":0.001,"scavenge.sweep_array_buffers":0.002,"scavenge.resize_new_space":0,"background.scavenge.parallel":0.755,"incremental.steps_count":0,"incremental.steps_took":0,"scavenge_throughput":3.2941e+06,"quarantined_size":0,"quarantined_pages":0}
[completed compiling 0x157d917439b1 <JSFunction (sfi = 0x2d74ed86a7e1)> (target MAGLEV) - took 0.000, 0.382, 0.001 ms]
[bailout (kind: deopt-eager, reason: wrong map): begin. deoptimizing 0x2d74ed876af1 <JSFunction requireBuiltin (sfi = 0x37a14a65e369)>, 0x3ec679ec36b1 <Code MAGLEV>, opt id 6, bytecode offset 4, deopt exit 0, FP to SP delta 32, caller SP 0x00016faedbf0, pc 0x000116e1a62c]
[marking 0x07db642ea621 <JSFunction _TstNode (sfi = 0x107cee925829)> for optimization to MAGLEV, ConcurrencyMode::kConcurrent, reason: hot and stable]
[compiling method 0x07db642ea621 <JSFunction _TstNode (sfi = 0x107cee925829)> (target MAGLEV), mode: ConcurrencyMode::kConcurrent]
[marking 0x07db642ea431 <JSFunction _TstNode (sfi = 0x107cee925751)> for optimization to MAGLEV, ConcurrencyMode::kConcurrent, reason: hot and stable]
[compiling method 0x07db642ea431 <JSFunction _TstNode (sfi = 0x107cee925751)> (target MAGLEV), mode: ConcurrencyMode::kConcurrent]
[marking 0x07db642ea471 <JSFunction add (sfi = 0x107cee925799)> for optimization to MAGLEV, ConcurrencyMode::kConcurrent, reason: hot and stable]
[compiling method 0x07db642ea471 <JSFunction add (sfi = 0x107cee925799)> (target MAGLEV), mode: ConcurrencyMode::kConcurrent]
[completed compiling 0x07db642ea621 <JSFunction _TstNode (sfi = 0x107cee925829)> (target MAGLEV) - took 0.000, 0.075, 0.003 ms]
[completed compiling 0x07db642ea431 <JSFunction _TstNode (sfi = 0x107cee925751)> (target MAGLEV) - took 0.000, 0.161, 0.003 ms]
[completed compiling 0x07db642ea471 <JSFunction add (sfi = 0x107cee925799)> (target MAGLEV) - took 0.000, 0.216, 0.002 ms]
[bailout (kind: deopt-lazy, reason: (unknown)): begin. deoptimizing 0x2d74ed876af1 <JSFunction requireBuiltin (sfi = 0x37a14a65e369)>, 0x3ec679ec36b1 <Code MAGLEV>, opt id 6, bytecode offset 72, deopt exit 4, FP to SP delta 32, caller SP 0x00016faee380, pc 0x000116e1a63c]
[marking 0x157d91740489 <JSFunction #ensureSearchParamsUpdated (sfi = 0x7651d01faf9)> for optimization to MAGLEV, ConcurrencyMode::kConcurrent, reason: hot and stable]
[compiling method 0x157d91740489 <JSFunction #ensureSearchParamsUpdated (sfi = 0x7651d01faf9)> (target MAGLEV), mode: ConcurrencyMode::kConcurrent]
[completed compiling 0x157d91740489 <JSFunction #ensureSearchParamsUpdated (sfi = 0x7651d01faf9)> (target MAGLEV) - took 0.000, 0.083, 0.002 ms]
[marking 0x157d91740541 <JSFunction get protocol (sfi = 0x7651d01fdf1)> for optimization to MAGLEV, ConcurrencyMode::kConcurrent, reason: hot and stable]
[compiling method 0x157d91740541 <JSFunction get protocol (sfi = 0x7651d01fdf1)> (target MAGLEV), mode: ConcurrencyMode::kConcurrent]
[completed compiling 0x157d91740541 <JSFunction get protocol (sfi = 0x7651d01fdf1)> (target MAGLEV) - took 0.001, 0.043, 0.002 ms]
[marking 0x132ce19e8d81 <JSFunction assert (sfi = 0x37a14a678e21)> for optimization to MAGLEV, ConcurrencyMode::kConcurrent, reason: hot and stable]
[compiling method 0x132ce19e8d81 <JSFunction assert (sfi = 0x37a14a678e21)> (target MAGLEV), mode: ConcurrencyMode::kConcurrent]
[completed compiling 0x132ce19e8d81 <JSFunction assert (sfi = 0x37a14a678e21)> (target MAGLEV) - took 0.001, 0.019, 0.001 ms]
[marking 0x157d91740579 <JSFunction get href (sfi = 0x7651d01fcc1)> for optimization to MAGLEV, ConcurrencyMode::kConcurrent, reason: hot and stable]
[compiling method 0x157d91740579 <JSFunction get href (sfi = 0x7651d01fcc1)> (target MAGLEV), mode: ConcurrencyMode::kConcurrent]
[marking 0x3e72a878c761 <JSFunction #updateContext (sfi = 0x7651d01fb41)> for optimization to MAGLEV, ConcurrencyMode::kConcurrent, reason: hot and stable]
[compiling method 0x3e72a878c761 <JSFunction #updateContext (sfi = 0x7651d01fb41)> (target MAGLEV), mode: ConcurrencyMode::kConcurrent]
[completed compiling 0x157d91740579 <JSFunction get href (sfi = 0x7651d01fcc1)> (target MAGLEV) - took 0.000, 0.035, 0.002 ms]
[completed compiling 0x3e72a878c761 <JSFunction #updateContext (sfi = 0x7651d01fb41)> (target MAGLEV) - took 0.000, 0.109, 0.004 ms]
[marking 0x3e72a878c6b1 <JSFunction URLContext (sfi = 0x7651d01f3d9)> for optimization to MAGLEV, ConcurrencyMode::kConcurrent, reason: hot and stable]
[marking 0x3e72a878c579 <JSFunction URLContext (sfi = 0x7651d01f259)> for optimization to MAGLEV, ConcurrencyMode::kConcurrent, reason: hot and stable]
[marking 0x3e72a878c6e9 <JSFunction URL (sfi = 0x7651d0205e9)> for optimization to MAGLEV, ConcurrencyMode::kConcurrent, reason: hot and stable]
[marking 0x3e72a878c721 <JSFunction markTransferMode (sfi = 0x9f084e39811)> for optimization to MAGLEV, ConcurrencyMode::kConcurrent, reason: hot and stable]
[compiling method 0x3e72a878c6e9 <JSFunction URL (sfi = 0x7651d0205e9)> (target MAGLEV), mode: ConcurrencyMode::kConcurrent]
[compiling method 0x3e72a878c579 <JSFunction URLContext (sfi = 0x7651d01f259)> (target MAGLEV), mode: ConcurrencyMode::kConcurrent]
[compiling method 0x3e72a878c6b1 <JSFunction URLContext (sfi = 0x7651d01f3d9)> (target MAGLEV), mode: ConcurrencyMode::kConcurrent]
[compiling method 0x3e72a878c721 <JSFunction markTransferMode (sfi = 0x9f084e39811)> (target MAGLEV), mode: ConcurrencyMode::kConcurrent]
[marking 0x157d917403d9 <JSFunction URL (sfi = 0x7651d01fb89)> for optimization to MAGLEV, ConcurrencyMode::kConcurrent, reason: hot and stable]
[compiling method 0x157d917403d9 <JSFunction URL (sfi = 0x7651d01fb89)> (target MAGLEV), mode: ConcurrencyMode::kConcurrent]
[completed compiling 0x3e72a878c579 <JSFunction URLContext (sfi = 0x7651d01f259)> (target MAGLEV) - took 0.000, 0.068, 0.002 ms]
[completed compiling 0x3e72a878c6e9 <JSFunction URL (sfi = 0x7651d0205e9)> (target MAGLEV) - took 0.000, 0.108, 0.003 ms]
[completed compiling 0x3e72a878c6b1 <JSFunction URLContext (sfi = 0x7651d01f3d9)> (target MAGLEV) - took 0.000, 0.036, 0.001 ms]
[completed compiling 0x3e72a878c721 <JSFunction markTransferMode (sfi = 0x9f084e39811)> (target MAGLEV) - took 0.000, 0.041, 0.000 ms]
[completed compiling 0x157d917403d9 <JSFunction URL (sfi = 0x7651d01fb89)> (target MAGLEV) - took 0.000, 0.143, 0.002 ms]
[marking 0x157d917407f9 <JSFunction noop (sfi = 0x9f084e0fe31)> for optimization to MAGLEV, ConcurrencyMode::kConcurrent, reason: hot and stable]
[compiling method 0x157d917407f9 <JSFunction noop (sfi = 0x9f084e0fe31)> (target MAGLEV), mode: ConcurrencyMode::kConcurrent]
[completed compiling 0x157d917407f9 <JSFunction noop (sfi = 0x9f084e0fe31)> (target MAGLEV) - took 0.000, 0.049, 0.001 ms]
[marking 0x3e72a878c631 <JSFunction isFileType (sfi = 0x1419ce6401e1)> for optimization to MAGLEV, ConcurrencyMode::kConcurrent, reason: hot and stable]
[compiling method 0x3e72a878c631 <JSFunction isFileType (sfi = 0x1419ce6401e1)> (target MAGLEV), mode: ConcurrencyMode::kConcurrent]
[completed compiling 0x3e72a878c631 <JSFunction isFileType (sfi = 0x1419ce6401e1)> (target MAGLEV) - took 0.001, 0.117, 0.002 ms]
[marking 0x157d917405b1 <JSFunction wrappedFn (sfi = 0x37a14a67b6d1)> for optimization to MAGLEV, ConcurrencyMode::kConcurrent, reason: hot and stable]
[compiling method 0x0625aed076f9 <JSFunction wrappedFn (sfi = 0x37a14a67b6d1)> (target MAGLEV), mode: ConcurrencyMode::kConcurrent]
[completed compiling 0x0625aed076f9 <JSFunction wrappedFn (sfi = 0x37a14a67b6d1)> (target MAGLEV) - took 0.000, 0.090, 0.003 ms]
[marking 0x1419ce6485f9 <JSFunction Module._nodeModulePaths (sfi = 0x1d52c607a819)> for optimization to MAGLEV, ConcurrencyMode::kConcurrent, reason: hot and stable]
[compiling method 0x1419ce6485f9 <JSFunction Module._nodeModulePaths (sfi = 0x1d52c607a819)> (target MAGLEV), mode: ConcurrencyMode::kConcurrent]
[completed compiling 0x1419ce6485f9 <JSFunction Module._nodeModulePaths (sfi = 0x1d52c607a819)> (target MAGLEV) - took 0.000, 0.217, 0.002 ms]
[98890:0x71f80c000:0]      122 ms: GC: {"pause":0.324,"mutator":49.394,"gc":"s","reduce_memory":false,"time_to_safepoint":0,"stack":true,"reason":"allocation failure","collector_reason":"","start_object_size":14201680,"end_object_size":12273200,"start_memory_size":17285120,"end_memory_size":19120128,"start_holes_size":943896,"end_holes_size":2136904,"pool_local_chunks":0,"pool_shared_chunks":0,"pool_total_chunks":0,"new_space_capacity":4194304,"old_gen_allocation_limit":16064568,"global_allocation_limit":19038360,"allocation_throughput":85923.5,"new_space_allocation_throughput":40899.8,"new_space_survive_rate":36.114,"allocated":5814320,"promoted":641888,"new_space_survived":1514640,"nodes_died_in_new":2,"nodes_copied_in_new":45,"nodes_promoted":38,"promotion_ratio":15.3047,"average_survival_ratio":56.0204,"promotion_rate":98.9896,"during_sweeping":false,"heap.prologue":0,"heap.epilogue":0,"heap.external.prologue":0,"heap.external.epilogue":0,"heap.external_weak_global_handles":0,"complete.sweep_array_buffers":0,"scavenge":0.314,"scavenge.free_remembered_set":0.005,"scavenge.roots":0.037,"scavenge.weak":0,"scavenge.weak_global_handles.identify":0.001,"scavenge.weak_global_handles.process":0.001,"scavenge.parallel":0.213,"scavenge.pin_objects_conservative":0,"scavenge.pin_objects_precise":0,"scavenge.restore_pinned":0.001,"scavenge.sweep_array_buffers":0.002,"scavenge.resize_new_space":0,"background.scavenge.parallel":0.974,"incremental.steps_count":0,"incremental.steps_took":0,"scavenge_throughput":3.95827e+06,"quarantined_size":0,"quarantined_pages":0}
[marking 0x06bbc0695651 <JSFunction __copyProps (sfi = 0x3a0766796e59)> for optimization to MAGLEV, ConcurrencyMode::kConcurrent, reason: hot and stable]
[marking 0x19e5aac52941 <JSFunction get hasSubscribers (sfi = 0x7651d000b71)> for optimization to MAGLEV, ConcurrencyMode::kConcurrent, reason: hot and stable]
[compiling method 0x06bbc0695651 <JSFunction __copyProps (sfi = 0x3a0766796e59)> (target MAGLEV), mode: ConcurrencyMode::kConcurrent]
[compiling method 0x19e5aac52941 <JSFunction get hasSubscribers (sfi = 0x7651d000b71)> (target MAGLEV), mode: ConcurrencyMode::kConcurrent]
[completed compiling 0x19e5aac52941 <JSFunction get hasSubscribers (sfi = 0x7651d000b71)> (target MAGLEV) - took 0.000, 0.039, 0.000 ms]
[completed compiling 0x06bbc0695651 <JSFunction __copyProps (sfi = 0x3a0766796e59)> (target MAGLEV) - took 0.000, 0.267, 0.003 ms]
[marking 0x3e72a878be99 <JSFunction normalizeString (sfi = 0x7651d017351)> for optimization to TURBOFAN_JS, ConcurrencyMode::kConcurrent, reason: hot and stable]
[compiling method 0x3e72a878be99 <JSFunction normalizeString (sfi = 0x7651d017351)> (target TURBOFAN_JS), mode: ConcurrencyMode::kConcurrent]
[completed compiling 0x3e72a878be99 <JSFunction normalizeString (sfi = 0x7651d017351)> (target TURBOFAN_JS) - took 0.016, 1.737, 0.005 ms]
[completed optimizing 0x3e72a878be99 <JSFunction normalizeString (sfi = 0x7651d017351)> (target TURBOFAN_JS)]
[marking 0x0625aed079d1 <JSFunction nextPart (sfi = 0x1419ce642331)> for optimization to MAGLEV, ConcurrencyMode::kConcurrent, reason: hot and stable]
[compiling method 0x0625aed079d1 <JSFunction nextPart (sfi = 0x1419ce642331)> (target MAGLEV), mode: ConcurrencyMode::kConcurrent]
[completed compiling 0x0625aed079d1 <JSFunction nextPart (sfi = 0x1419ce642331)> (target MAGLEV) - took 0.000, 0.048, 0.001 ms]
[98890:0x71f80c000:0]      143 ms: GC: {"pause":0.95,"mutator":19.717,"gc":"mc","reduce_memory":false,"time_to_safepoint":0,"stack":false,"reason":"finalize incremental marking via task","collector_reason":"GC in old space requested","start_object_size":14066424,"end_object_size":10746808,"start_memory_size":20168704,"end_memory_size":19496960,"start_holes_size":894800,"end_holes_size":498368,"pool_local_chunks":3,"pool_shared_chunks":0,"pool_total_chunks":3,"new_space_capacity":4194304,"old_gen_allocation_limit":16064568,"global_allocation_limit":19038360,"allocation_throughput":90723.4,"new_space_allocation_throughput":43837.1,"new_space_survive_rate":0,"allocated":1793224,"promoted":1780992,"new_space_survived":0,"nodes_died_in_new":54,"nodes_copied_in_new":0,"nodes_promoted":0,"promotion_ratio":61.7645,"average_survival_ratio":56.841,"promotion_rate":117.585,"heap.prologue":0.001,"heap.embedder_tracing_epilogue":0.005,"heap.epilogue":0.001,"heap.external.prologue":0,"heap.external.epilogue":0,"heap.external.weak_global_handles":0.001,"clear":0.159,"clear.external_string_table":0.005,"clear.string_forwarding_table":0.001,"clear.weak_global_handles":0.017,"clear.dependent_code":0,"clear.maps":0.019,"clear.slots_buffer":0,"clear.weak_collections":0.002,"clear.weak_lists":0.006,"clear.weak_references_trivial":0.072,"clear.weak_references_non_trivial":0.023,"clear.js_weak_references":0.001,"clear.join_filter_job":0,"clear.join_job":0.146,"weakness_handling":0,"complete.sweep_array_buffers":0,"complete.sweeping":0,"epilogue":0,"evacuate":0.711,"evacuate.pin_pages":0,"evacuate.candidates":0,"evacuate.clean_up":0.001,"evacuate.copy":0.436,"evacuate.prologue":0.002,"evacuate.epilogue":0.003,"evacuate.rebalance":0.001,"evacuate.update_pointers":0.267,"evacuate.update_pointers.to_new_roots":0.162,"evacuate.update_pointers.slots.main":0.084,"evacuate.update_pointers.weak":0.001,"finish":0.022,"finish.sweep_array_buffers":0.003,"mark":0.022,"mark.finish_incremental":0.001,"mark.roots":0.012,"mark.full_closure_parallel":0.008,"mark.full_closure":0,"mark.ephemeron.marking":0.001,"mark.ephemeron.linear":0,"mark.embedder_prologue":0.008,"mark.embedder_tracing":0,"prologue":0.005,"sweep":0.064,"sweep.code":0.001,"sweep.map":0,"sweep.new":0,"sweep.new_lo":0,"sweep.old":0.005,"sweep.start_jobs":0.006,"is_incremental":true,"incremental":1.48,"incremental.finalize.external.prologue":0,"incremental.finalize.external.epilogue":0,"incremental.layout_change":0,"incremental.sweep_array_buffers":0.045,"incremental.sweeping":0,"incremental.embedder_tracing":0.01,"incremental_wrapper_tracing_longest_step":0.001,"incremental_longest_step":0.088,"incremental_steps_count":56,"incremental_marking_throughput":1.38234e+06,"incremental_walltime_duration":2.614,"background.mark":6.439,"background.sweep":0.286,"background.evacuate.copy":0.989,"background.evacuate.update_pointers":0.207,"conservative_stack_scanning":0,"compaction_speed":1.44107e+06}
[bailout (kind: deopt-eager, reason: Insufficient type feedback for binary operation): begin. deoptimizing 0x3e72a878c721 <JSFunction markTransferMode (sfi = 0x9f084e39811)>, 0x24979ba80551 <Code MAGLEV>, opt id 21, bytecode offset 69, deopt exit 1, FP to SP delta 32, caller SP 0x00016fae9670, pc 0x000116e40af0]
[marking 0x157d91740419 <JSFunction get hasSearch (sfi = 0x7651d01f329)> for optimization to MAGLEV, ConcurrencyMode::kConcurrent, reason: hot and stable]
[marking 0x157d91740451 <JSFunction get hasHash (sfi = 0x7651d01f391)> for optimization to MAGLEV, ConcurrencyMode::kConcurrent, reason: hot and stable]
[compiling method 0x157d91740419 <JSFunction get hasSearch (sfi = 0x7651d01f329)> (target MAGLEV), mode: ConcurrencyMode::kConcurrent]
[compiling method 0x157d91740451 <JSFunction get hasHash (sfi = 0x7651d01f391)> (target MAGLEV), mode: ConcurrencyMode::kConcurrent]
[completed compiling 0x157d91740419 <JSFunction get hasSearch (sfi = 0x7651d01f329)> (target MAGLEV) - took 0.001, 0.101, 0.002 ms]
[completed compiling 0x157d91740451 <JSFunction get hasHash (sfi = 0x7651d01f391)> (target MAGLEV) - took 0.000, 0.091, 0.001 ms]
[marking 0x157d91740831 <JSFunction get pathname (sfi = 0x7651d0202b1)> for optimization to MAGLEV, ConcurrencyMode::kConcurrent, reason: hot and stable]
[compiling method 0x157d91740831 <JSFunction get pathname (sfi = 0x7651d0202b1)> (target MAGLEV), mode: ConcurrencyMode::kConcurrent]
[completed compiling 0x157d91740831 <JSFunction get pathname (sfi = 0x7651d0202b1)> (target MAGLEV) - took 0.000, 0.098, 0.002 ms]
[marking 0x157d91740501 <JSFunction getPathFromURLPosix (sfi = 0x7651d01f061)> for optimization to TURBOFAN_JS, ConcurrencyMode::kConcurrent, reason: hot and stable]
[compiling method 0x157d91740501 <JSFunction getPathFromURLPosix (sfi = 0x7651d01f061)> (target TURBOFAN_JS), mode: ConcurrencyMode::kConcurrent]
[completed compiling 0x157d91740501 <JSFunction getPathFromURLPosix (sfi = 0x7651d01f061)> (target TURBOFAN_JS) - took 0.005, 1.775, 0.024 ms]
[completed optimizing 0x157d91740501 <JSFunction getPathFromURLPosix (sfi = 0x7651d01f061)> (target TURBOFAN_JS)]
[bailout (kind: deopt-eager, reason: Insufficient type feedback for compare operation): begin. deoptimizing 0x3e72a878be99 <JSFunction normalizeString (sfi = 0x7651d017351)>, 0x1b3f86c7b649 <Code TURBOFAN_JS>, opt id 29, bytecode offset 266, deopt exit 8, FP to SP delta 96, caller SP 0x00016fae7258, pc 0x000116e2b47c]
[marking 0x3e72a878be99 <JSFunction normalizeString (sfi = 0x7651d017351)> for optimization to MAGLEV, ConcurrencyMode::kConcurrent, reason: hot and stable]
[compiling method 0x3e72a878be99 <JSFunction normalizeString (sfi = 0x7651d017351)> (target MAGLEV), mode: ConcurrencyMode::kConcurrent]
[completed compiling 0x3e72a878be99 <JSFunction normalizeString (sfi = 0x7651d017351)> (target MAGLEV) - took 0.000, 0.282, 0.001 ms]
[marking 0x157d91740011 <JSFunction resolve (sfi = 0x7651d0177d1)> for optimization to MAGLEV, ConcurrencyMode::kConcurrent, reason: hot and stable]
[compiling method 0x157d91740011 <JSFunction resolve (sfi = 0x7651d0177d1)> (target MAGLEV), mode: ConcurrencyMode::kConcurrent]
[marking 0x157d917404c1 <JSFunction isURL (sfi = 0x7651d01ed69)> for optimization to MAGLEV, ConcurrencyMode::kConcurrent, reason: hot and stable]
[compiling method 0x157d917404c1 <JSFunction isURL (sfi = 0x7651d01ed69)> (target MAGLEV), mode: ConcurrencyMode::kConcurrent]
[completed compiling 0x157d917404c1 <JSFunction isURL (sfi = 0x7651d01ed69)> (target MAGLEV) - took 0.000, 0.052, 0.002 ms]
[completed compiling 0x157d91740011 <JSFunction resolve (sfi = 0x7651d0177d1)> (target MAGLEV) - took 0.000, 0.243, 0.001 ms]
[marking 0x157d91741a61 <JSFunction realpathSync (sfi = 0x1419ce641d79)> for optimization to MAGLEV, ConcurrencyMode::kConcurrent, reason: hot and stable]
[marking 0x31900e564269 <JSFunction decodeBase64 (sfi = 0x1c99ee877201)> for optimization to MAGLEV, ConcurrencyMode::kConcurrent, reason: hot and stable]
[compiling method 0x31900e564269 <JSFunction decodeBase64 (sfi = 0x1c99ee877201)> (target MAGLEV) OSR, mode: ConcurrencyMode::kConcurrent]
[completed compiling 0x31900e564269 <JSFunction decodeBase64 (sfi = 0x1c99ee877201)> (target MAGLEV) OSR - took 0.000, 0.146, 0.003 ms]
[compiling method 0x31900e564269 <JSFunction decodeBase64 (sfi = 0x1c99ee877201)> (target TURBOFAN_JS) OSR, mode: ConcurrencyMode::kConcurrent]
[compiling method 0x157d91741a61 <JSFunction realpathSync (sfi = 0x1419ce641d79)> (target MAGLEV), mode: ConcurrencyMode::kConcurrent]
[marking 0x157d91740161 <JSFunction dirname (sfi = 0x7651d017981)> for optimization to MAGLEV, ConcurrencyMode::kConcurrent, reason: hot and stable]
[completed compiling 0x157d91741a61 <JSFunction realpathSync (sfi = 0x1419ce641d79)> (target MAGLEV) - took 0.000, 0.400, 0.004 ms]
[completed compiling 0x31900e564269 <JSFunction decodeBase64 (sfi = 0x1c99ee877201)> (target TURBOFAN_JS) OSR - took 0.001, 1.590, 0.016 ms]
[completed optimizing 0x31900e564269 <JSFunction decodeBase64 (sfi = 0x1c99ee877201)> (target TURBOFAN_JS) OSR]
[compiling method 0x157d91740161 <JSFunction dirname (sfi = 0x7651d017981)> (target MAGLEV), mode: ConcurrencyMode::kConcurrent]
[completed compiling 0x157d91740161 <JSFunction dirname (sfi = 0x7651d017981)> (target MAGLEV) - took 0.000, 0.194, 0.002 ms]
[bailout (kind: deopt-eager, reason: Insufficient type feedback for binary operation): begin. deoptimizing 0x3e72a878be99 <JSFunction normalizeString (sfi = 0x7651d017351)>, 0x072326280cc9 <Code MAGLEV>, opt id 35, bytecode offset 95, deopt exit 26, FP to SP delta 128, caller SP 0x00016fae7258, pc 0x000116e532f4]
[marking 0x3e72a878be99 <JSFunction normalizeString (sfi = 0x7651d017351)> for optimization to MAGLEV, ConcurrencyMode::kConcurrent, reason: hot and stable]
[compiling method 0x3e72a878be99 <JSFunction normalizeString (sfi = 0x7651d017351)> (target MAGLEV), mode: ConcurrencyMode::kConcurrent]
[completed compiling 0x3e72a878be99 <JSFunction normalizeString (sfi = 0x7651d017351)> (target MAGLEV) - took 0.001, 0.293, 0.001 ms]
[98890:0x71f80c000:0]      301 ms: GC: {"pause":0.376,"mutator":157.783,"gc":"s","reduce_memory":false,"time_to_safepoint":0,"stack":true,"reason":"allocation failure","collector_reason":"","start_object_size":24141824,"end_object_size":21973432,"start_memory_size":26935296,"end_memory_size":26935296,"start_holes_size":572360,"end_holes_size":572360,"pool_local_chunks":0,"pool_shared_chunks":0,"pool_total_chunks":0,"new_space_capacity":8388608,"old_gen_allocation_limit":47224064,"global_allocation_limit":47224064,"allocation_throughput":88770.4,"new_space_allocation_throughput":32361.3,"new_space_survive_rate":31.326,"allocated":13395016,"promoted":1324592,"new_space_survived":1728768,"nodes_died_in_new":12,"nodes_copied_in_new":29,"nodes_promoted":7,"promotion_ratio":24.0021,"average_survival_ratio":56.6519,"promotion_rate":0,"during_sweeping":false,"heap.prologue":0,"heap.epilogue":0.001,"heap.external.prologue":0,"heap.external.epilogue":0,"heap.external_weak_global_handles":0.002,"complete.sweep_array_buffers":0,"scavenge":0.355,"scavenge.free_remembered_set":0.003,"scavenge.roots":0.052,"scavenge.weak":0,"scavenge.weak_global_handles.identify":0.001,"scavenge.weak_global_handles.process":0.002,"scavenge.parallel":0.185,"scavenge.pin_objects_conservative":0,"scavenge.pin_objects_precise":0,"scavenge.restore_pinned":0,"scavenge.sweep_array_buffers":0.002,"scavenge.resize_new_space":0.001,"background.scavenge.parallel":0.704,"incremental.steps_count":0,"incremental.steps_took":0,"scavenge_throughput":4.73458e+06,"quarantined_size":0,"quarantined_pages":0}
[marking 0x1f84601fa989 <JSFunction (sfi = 0x7651d018331)> for optimization to MAGLEV, ConcurrencyMode::kConcurrent, reason: hot and stable]
[compiling method 0x1f84601fa8d9 <JSFunction (sfi = 0x7651d018331)> (target MAGLEV), mode: ConcurrencyMode::kConcurrent]
[marking 0x3e72a878c509 <JSFunction getCLIOptionsFromBinding (sfi = 0x313525136ef9)> for optimization to MAGLEV, ConcurrencyMode::kConcurrent, reason: hot and stable]
[compiling method 0x3e72a878c509 <JSFunction getCLIOptionsFromBinding (sfi = 0x313525136ef9)> (target MAGLEV), mode: ConcurrencyMode::kConcurrent]
[marking 0x31352512c751 <JSFunction canBeRequiredWithoutScheme (sfi = 0x37a14a65e7e9)> for optimization to MAGLEV, ConcurrencyMode::kConcurrent, reason: hot and stable]
[compiling method 0x31352512c751 <JSFunction canBeRequiredWithoutScheme (sfi = 0x37a14a65e7e9)> (target MAGLEV), mode: ConcurrencyMode::kConcurrent]
[marking 0x157d91740129 <JSFunction toNamespacedPath (sfi = 0x7651d017939)> for optimization to MAGLEV, ConcurrencyMode::kConcurrent, reason: hot and stable]
[compiling method 0x157d91740129 <JSFunction toNamespacedPath (sfi = 0x7651d017939)> (target MAGLEV), mode: ConcurrencyMode::kConcurrent]
[completed compiling 0x3e72a878c509 <JSFunction getCLIOptionsFromBinding (sfi = 0x313525136ef9)> (target MAGLEV) - took 0.000, 0.074, 0.001 ms]
[completed compiling 0x1f84601fa8d9 <JSFunction (sfi = 0x7651d018331)> (target MAGLEV) - took 0.000, 0.074, 0.001 ms]
[completed compiling 0x157d91740129 <JSFunction toNamespacedPath (sfi = 0x7651d017939)> (target MAGLEV) - took 0.000, 0.013, 0.000 ms]
[completed compiling 0x31352512c751 <JSFunction canBeRequiredWithoutScheme (sfi = 0x37a14a65e7e9)> (target MAGLEV) - took 0.000, 0.036, 0.002 ms]
[marking 0x1f84601fdbd1 <JSFunction ensureTimerFlagsAreUpdated (sfi = 0x1419ce647991)> for optimization to MAGLEV, ConcurrencyMode::kConcurrent, reason: hot and stable]
[compiling method 0x1f84601fdbd1 <JSFunction ensureTimerFlagsAreUpdated (sfi = 0x1419ce647991)> (target MAGLEV), mode: ConcurrencyMode::kConcurrent]
[completed compiling 0x1f84601fdbd1 <JSFunction ensureTimerFlagsAreUpdated (sfi = 0x1419ce647991)> (target MAGLEV) - took 0.000, 0.117, 0.002 ms]
[marking 0x3e72a878be99 <JSFunction normalizeString (sfi = 0x7651d017351)> for optimization to TURBOFAN_JS, ConcurrencyMode::kConcurrent, reason: hot and stable]
[compiling method 0x3e72a878be99 <JSFunction normalizeString (sfi = 0x7651d017351)> (target TURBOFAN_JS), mode: ConcurrencyMode::kConcurrent]
[marking 0x1f84601faa21 <JSFunction stat (sfi = 0x1d52c6079829)> for optimization to MAGLEV, ConcurrencyMode::kConcurrent, reason: hot and stable]
[compiling method 0x1f84601faa21 <JSFunction stat (sfi = 0x1d52c6079829)> (target MAGLEV), mode: ConcurrencyMode::kConcurrent]
[completed compiling 0x1f84601faa21 <JSFunction stat (sfi = 0x1d52c6079829)> (target MAGLEV) - took 0.000, 0.202, 0.005 ms]
[marking 0x157d91740961 <JSFunction getOptionValue (sfi = 0x3135251370e1)> for optimization to MAGLEV, ConcurrencyMode::kConcurrent, reason: hot and stable]
[compiling method 0x157d91740961 <JSFunction getOptionValue (sfi = 0x3135251370e1)> (target MAGLEV), mode: ConcurrencyMode::kConcurrent]
[completed compiling 0x157d91740961 <JSFunction getOptionValue (sfi = 0x3135251370e1)> (target MAGLEV) - took 0.000, 0.064, 0.001 ms]
[marking 0x157d91740869 <JSFunction isUint8Array (sfi = 0x31352513a8a9)> for optimization to MAGLEV, ConcurrencyMode::kConcurrent, reason: hot and stable]
[compiling method 0x157d91740869 <JSFunction isUint8Array (sfi = 0x31352513a8a9)> (target MAGLEV), mode: ConcurrencyMode::kConcurrent]
[completed compiling 0x157d91740869 <JSFunction isUint8Array (sfi = 0x31352513a8a9)> (target MAGLEV) - took 0.000, 0.038, 0.001 ms]
[completed compiling 0x3e72a878be99 <JSFunction normalizeString (sfi = 0x7651d017351)> (target TURBOFAN_JS) - took 0.002, 2.667, 0.034 ms]
[completed optimizing 0x3e72a878be99 <JSFunction normalizeString (sfi = 0x7651d017351)> (target TURBOFAN_JS)]
[marking 0x1f84601faaa1 <JSFunction reportModuleToWatchMode (sfi = 0x1d52c60798b9)> for optimization to MAGLEV, ConcurrencyMode::kConcurrent, reason: hot and stable]
[compiling method 0x1f84601faaa1 <JSFunction reportModuleToWatchMode (sfi = 0x1d52c60798b9)> (target MAGLEV), mode: ConcurrencyMode::kConcurrent]
[completed compiling 0x1f84601faaa1 <JSFunction reportModuleToWatchMode (sfi = 0x1d52c60798b9)> (target MAGLEV) - took 0.000, 0.263, 0.002 ms]
[marking 0x31352512c789 <JSFunction normalizeRequirableId (sfi = 0x37a14a65e831)> for optimization to MAGLEV, ConcurrencyMode::kConcurrent, reason: hot and stable]
[compiling method 0x31352512c789 <JSFunction normalizeRequirableId (sfi = 0x37a14a65e831)> (target MAGLEV), mode: ConcurrencyMode::kConcurrent]
[completed compiling 0x31352512c789 <JSFunction normalizeRequirableId (sfi = 0x37a14a65e831)> (target MAGLEV) - took 0.000, 0.167, 0.004 ms]
[marking 0x3e72a87a4f91 <JSFunction toString (sfi = 0x7651d01fc61)> for optimization to MAGLEV, ConcurrencyMode::kConcurrent, reason: hot and stable]
[compiling method 0x3e72a87a4f91 <JSFunction toString (sfi = 0x7651d01fc61)> (target MAGLEV), mode: ConcurrencyMode::kConcurrent]
[completed compiling 0x3e72a87a4f91 <JSFunction toString (sfi = 0x7651d01fc61)> (target MAGLEV) - took 0.000, 0.097, 0.004 ms]
[marking 0x107cee9084c1 <JSFunction (sfi = 0x38ccdf42e289)> for optimization to MAGLEV, ConcurrencyMode::kConcurrent, reason: hot and stable]
[compiling method 0x107cee9084c1 <JSFunction (sfi = 0x38ccdf42e289)> (target MAGLEV), mode: ConcurrencyMode::kConcurrent]
[completed compiling 0x107cee9084c1 <JSFunction (sfi = 0x38ccdf42e289)> (target MAGLEV) - took 0.001, 0.070, 0.001 ms]
[marking 0x157d91740199 <JSFunction basename (sfi = 0x7651d0179c9)> for optimization to MAGLEV, ConcurrencyMode::kConcurrent, reason: hot and stable]
[marking 0x1f84601e9f21 <JSFunction Module.require (sfi = 0x1d52c607b461)> for optimization to MAGLEV, ConcurrencyMode::kConcurrent, reason: hot and stable]
[compiling method 0x1f84601e9f21 <JSFunction Module.require (sfi = 0x1d52c607b461)> (target MAGLEV), mode: ConcurrencyMode::kConcurrent]
[compiling method 0x157d91740199 <JSFunction basename (sfi = 0x7651d0179c9)> (target MAGLEV), mode: ConcurrencyMode::kConcurrent]
[completed compiling 0x1f84601e9f21 <JSFunction Module.require (sfi = 0x1d52c607b461)> (target MAGLEV) - took 0.000, 0.088, 0.001 ms]
[completed compiling 0x157d91740199 <JSFunction basename (sfi = 0x7651d0179c9)> (target MAGLEV) - took 0.000, 0.156, 0.001 ms]
[98890:0x71f80c000:0]      328 ms: GC: {"pause":1.378,"mutator":26.18,"gc":"mc","reduce_memory":false,"time_to_safepoint":0.001,"stack":true,"reason":"finalize incremental marking via stack guard","collector_reason":"GC in old space requested","start_object_size":27590496,"end_object_size":24855840,"start_memory_size":33144832,"end_memory_size":35241984,"start_holes_size":1101384,"end_holes_size":908928,"pool_local_chunks":0,"pool_shared_chunks":0,"pool_total_chunks":0,"new_space_capacity":8388608,"old_gen_allocation_limit":47224064,"global_allocation_limit":47224064,"allocation_throughput":115317,"new_space_allocation_throughput":51595.5,"new_space_survive_rate":0,"allocated":5617064,"promoted":4486016,"new_space_survived":0,"nodes_died_in_new":29,"nodes_copied_in_new":0,"nodes_promoted":0,"promotion_ratio":70.7925,"average_survival_ratio":58.2231,"promotion_rate":259.492,"heap.prologue":0,"heap.embedder_tracing_epilogue":0.004,"heap.epilogue":0,"heap.external.prologue":0,"heap.external.epilogue":0,"heap.external.weak_global_handles":0,"clear":0.255,"clear.external_string_table":0.003,"clear.string_forwarding_table":0,"clear.weak_global_handles":0.005,"clear.dependent_code":0,"clear.maps":0.023,"clear.slots_buffer":0,"clear.weak_collections":0.016,"clear.weak_lists":0.008,"clear.weak_references_trivial":0.084,"clear.weak_references_non_trivial":0.018,"clear.js_weak_references":0.002,"clear.join_filter_job":0,"clear.join_job":0.25,"weakness_handling":0,"complete.sweep_array_buffers":0,"complete.sweeping":0,"epilogue":0.001,"evacuate":0.985,"evacuate.pin_pages":0,"evacuate.candidates":0,"evacuate.clean_up":0.001,"evacuate.copy":0.551,"evacuate.prologue":0.004,"evacuate.epilogue":0,"evacuate.rebalance":0,"evacuate.update_pointers":0.429,"evacuate.update_pointers.to_new_roots":0.345,"evacuate.update_pointers.slots.main":0.051,"evacuate.update_pointers.weak":0.001,"finish":0.011,"finish.sweep_array_buffers":0.002,"mark":0.084,"mark.finish_incremental":0.001,"mark.roots":0.025,"mark.full_closure_parallel":0.017,"mark.full_closure":0,"mark.ephemeron.marking":0.011,"mark.ephemeron.linear":0,"mark.embedder_prologue":0.004,"mark.embedder_tracing":0.001,"prologue":0.005,"sweep":0.116,"sweep.code":0.001,"sweep.map":0,"sweep.new":0,"sweep.new_lo":0,"sweep.old":0.008,"sweep.start_jobs":0.006,"is_incremental":true,"incremental":0.761,"incremental.finalize.external.prologue":0,"incremental.finalize.external.epilogue":0,"incremental.layout_change":0,"incremental.sweep_array_buffers":0.031,"incremental.sweeping":0,"incremental.embedder_tracing":0.041,"incremental_wrapper_tracing_longest_step":0.003,"incremental_longest_step":0.069,"incremental_steps_count":59,"incremental_marking_throughput":2.7707e+06,"incremental_walltime_duration":27.494,"background.mark":12.269,"background.sweep":0.516,"background.evacuate.copy":1.542,"background.evacuate.update_pointers":0.132,"conservative_stack_scanning":0,"compaction_speed":2.06738e+06}
[marking 0x38df0a262391 <JSFunction __export (sfi = 0x210c2c1f9219)> for optimization to MAGLEV, ConcurrencyMode::kConcurrent, reason: hot and stable]
[compiling method 0x38df0a262391 <JSFunction __export (sfi = 0x210c2c1f9219)> (target MAGLEV) OSR, mode: ConcurrencyMode::kConcurrent]
[completed compiling 0x38df0a262391 <JSFunction __export (sfi = 0x210c2c1f9219)> (target MAGLEV) OSR - took 0.000, 0.161, 0.003 ms]
[compiling method 0x38df0a262391 <JSFunction __export (sfi = 0x210c2c1f9219)> (target TURBOFAN_JS) OSR, mode: ConcurrencyMode::kConcurrent]
[completed compiling 0x38df0a262391 <JSFunction __export (sfi = 0x210c2c1f9219)> (target TURBOFAN_JS) OSR - took 0.002, 0.719, 0.008 ms]
[completed optimizing 0x38df0a262391 <JSFunction __export (sfi = 0x210c2c1f9219)> (target TURBOFAN_JS) OSR]
[marking 0x340ab2aa3519 <JSFunction diag (sfi = 0x1dfc15c19799)> for optimization to MAGLEV, ConcurrencyMode::kConcurrent, reason: hot and stable]
[compiling method 0x340ab2aa3519 <JSFunction diag (sfi = 0x1dfc15c19799)> (target MAGLEV), mode: ConcurrencyMode::kConcurrent]
[completed compiling 0x340ab2aa3519 <JSFunction diag (sfi = 0x1dfc15c19799)> (target MAGLEV) - took 0.001, 0.110, 0.011 ms]
[marking 0x01aa4135d2c1 <JSFunction (sfi = 0x29dff030f91)> for optimization to MAGLEV, ConcurrencyMode::kConcurrent, reason: hot and stable]
[compiling method 0x01aa4135d2c1 <JSFunction (sfi = 0x29dff030f91)> (target MAGLEV), mode: ConcurrencyMode::kConcurrent]
[marking 0x340ab2a9fa19 <JSFunction mapDefined (sfi = 0x1dfc15c15149)> for optimization to MAGLEV, ConcurrencyMode::kConcurrent, reason: hot and stable]
[compiling method 0x340ab2a9fa19 <JSFunction mapDefined (sfi = 0x1dfc15c15149)> (target MAGLEV) OSR, mode: ConcurrencyMode::kConcurrent]
[completed compiling 0x01aa4135d2c1 <JSFunction (sfi = 0x29dff030f91)> (target MAGLEV) - took 0.001, 0.075, 0.001 ms]
[marking 0x340ab2aa0a19 <JSFunction multiMapAdd (sfi = 0x1dfc15c16349)> for optimization to MAGLEV, ConcurrencyMode::kConcurrent, reason: hot and stable]
[compiling method 0x340ab2aa0a19 <JSFunction multiMapAdd (sfi = 0x1dfc15c16349)> (target MAGLEV), mode: ConcurrencyMode::kConcurrent]
[completed compiling 0x340ab2a9fa19 <JSFunction mapDefined (sfi = 0x1dfc15c15149)> (target MAGLEV) OSR - took 0.000, 0.170, 0.002 ms]
[completed compiling 0x340ab2aa0a19 <JSFunction multiMapAdd (sfi = 0x1dfc15c16349)> (target MAGLEV) - took 0.000, 0.075, 0.001 ms]
[marking 0x3afe194dd131 <JSFunction (sfi = 0x1669050e3809)> for optimization to MAGLEV, ConcurrencyMode::kConcurrent, reason: hot and stable]
[compiling method 0x3afe194dd131 <JSFunction (sfi = 0x1669050e3809)> (target MAGLEV) OSR, mode: ConcurrencyMode::kConcurrent]
[completed compiling 0x3afe194dd131 <JSFunction (sfi = 0x1669050e3809)> (target MAGLEV) OSR - took 0.000, 0.179, 0.002 ms]
[marking 0x3afe194f0751 <JSFunction ge (sfi = 0x36911a27d599)> for optimization to MAGLEV, ConcurrencyMode::kConcurrent, reason: hot and stable]
[compiling method 0x3afe194f0751 <JSFunction ge (sfi = 0x36911a27d599)> (target MAGLEV), mode: ConcurrencyMode::kConcurrent]
[completed compiling 0x3afe194f0751 <JSFunction ge (sfi = 0x36911a27d599)> (target MAGLEV) - took 0.000, 0.104, 0.000 ms]
[compiling method 0x2e6fd2b17799 <JSFunction (sfi = 0x1669050e3809)> (target MAGLEV), mode: ConcurrencyMode::kConcurrent]
[completed compiling 0x2e6fd2b17799 <JSFunction (sfi = 0x1669050e3809)> (target MAGLEV) - took 0.000, 0.521, 0.006 ms]
[marking 0x08389edf1851 <JSFunction __export (sfi = 0x24fd7b79361)> for optimization to MAGLEV, ConcurrencyMode::kConcurrent, reason: hot and stable]
[compiling method 0x08389edf1851 <JSFunction __export (sfi = 0x24fd7b79361)> (target MAGLEV) OSR, mode: ConcurrencyMode::kConcurrent]
[completed compiling 0x08389edf1851 <JSFunction __export (sfi = 0x24fd7b79361)> (target MAGLEV) OSR - took 0.001, 0.165, 0.004 ms]
[compiling method 0x08389edf1851 <JSFunction __export (sfi = 0x24fd7b79361)> (target TURBOFAN_JS) OSR, mode: ConcurrencyMode::kConcurrent]
[completed compiling 0x08389edf1851 <JSFunction __export (sfi = 0x24fd7b79361)> (target TURBOFAN_JS) OSR - took 0.002, 0.755, 0.007 ms]
[completed optimizing 0x08389edf1851 <JSFunction __export (sfi = 0x24fd7b79361)> (target TURBOFAN_JS) OSR]
[marking 0x00e06df72969 <JSFunction diag (sfi = 0x2b8e68b9c5a9)> for optimization to MAGLEV, ConcurrencyMode::kConcurrent, reason: hot and stable]
[compiling method 0x00e06df72969 <JSFunction diag (sfi = 0x2b8e68b9c5a9)> (target MAGLEV), mode: ConcurrencyMode::kConcurrent]
[completed compiling 0x00e06df72969 <JSFunction diag (sfi = 0x2b8e68b9c5a9)> (target MAGLEV) - took 0.000, 0.087, 0.004 ms]
[98890:0x71f80c000:0]      421 ms: GC: {"pause":0.389,"mutator":92.129,"gc":"s","reduce_memory":false,"time_to_safepoint":0,"stack":true,"reason":"allocation failure","collector_reason":"","start_object_size":49345440,"end_object_size":44581792,"start_memory_size":53805056,"end_memory_size":53805056,"start_holes_size":565480,"end_holes_size":565480,"pool_local_chunks":0,"pool_shared_chunks":0,"pool_total_chunks":0,"new_space_capacity":16777216,"old_gen_allocation_limit":107840608,"global_allocation_limit":107840608,"allocation_throughput":162886,"new_space_allocation_throughput":70214.4,"new_space_survive_rate":17.9272,"allocated":24489600,"promoted":9065592,"new_space_survived":3128960,"nodes_died_in_new":0,"nodes_copied_in_new":0,"nodes_promoted":0,"promotion_ratio":51.9408,"average_survival_ratio":59.3876,"promotion_rate":0,"during_sweeping":false,"heap.prologue":0,"heap.epilogue":0.001,"heap.external.prologue":0,"heap.external.epilogue":0,"heap.external_weak_global_handles":0,"complete.sweep_array_buffers":0,"scavenge":0.373,"scavenge.free_remembered_set":0.002,"scavenge.roots":0.037,"scavenge.weak":0,"scavenge.weak_global_handles.identify":0,"scavenge.weak_global_handles.process":0,"scavenge.parallel":0.292,"scavenge.pin_objects_conservative":0,"scavenge.pin_objects_precise":0,"scavenge.restore_pinned":0.001,"scavenge.sweep_array_buffers":0,"scavenge.resize_new_space":0.001,"background.scavenge.parallel":1.102,"incremental.steps_count":0,"incremental.steps_took":0,"scavenge_throughput":9.03928e+06,"quarantined_size":0,"quarantined_pages":0}
[marking dependent code 0x0aaadab78849 <Code MAGLEV> (0x2b8e68b9c5a9 <SharedFunctionInfo diag>) (opt id 69) for deoptimization, reason: dependent allocation site tenuring changed]
[marking dependent code 0x38c180184341 <Code MAGLEV> (0x1dfc15c16349 <SharedFunctionInfo multiMapAdd>) (opt id 63) for deoptimization, reason: dependent allocation site tenuring changed]
[marking dependent code 0x38c180181fd9 <Code MAGLEV> (0x1dfc15c19799 <SharedFunctionInfo diag>) (opt id 60) for deoptimization, reason: dependent allocation site tenuring changed]
[marking 0x1cab96e09479 <JSFunction (sfi = 0x11a30c8149a9)> for optimization to MAGLEV, ConcurrencyMode::kConcurrent, reason: hot and stable]
[compiling method 0x1cab96e09479 <JSFunction (sfi = 0x11a30c8149a9)> (target MAGLEV), mode: ConcurrencyMode::kConcurrent]
[marking 0x2f3544438ad1 <JSFunction mapDefined (sfi = 0x2b8e68b97f59)> for optimization to MAGLEV, ConcurrencyMode::kConcurrent, reason: hot and stable]
[compiling method 0x2f3544438ad1 <JSFunction mapDefined (sfi = 0x2b8e68b97f59)> (target MAGLEV) OSR, mode: ConcurrencyMode::kConcurrent]
[completed compiling 0x1cab96e09479 <JSFunction (sfi = 0x11a30c8149a9)> (target MAGLEV) - took 0.000, 0.068, 0.002 ms]
[marking 0x2f3544439b09 <JSFunction multiMapAdd (sfi = 0x2b8e68b99159)> for optimization to MAGLEV, ConcurrencyMode::kConcurrent, reason: hot and stable]
[compiling method 0x2f3544439b09 <JSFunction multiMapAdd (sfi = 0x2b8e68b99159)> (target MAGLEV), mode: ConcurrencyMode::kConcurrent]
[completed compiling 0x2f3544438ad1 <JSFunction mapDefined (sfi = 0x2b8e68b97f59)> (target MAGLEV) OSR - took 0.000, 0.167, 0.002 ms]
[completed compiling 0x2f3544439b09 <JSFunction multiMapAdd (sfi = 0x2b8e68b99159)> (target MAGLEV) - took 0.000, 0.070, 0.001 ms]
[marking 0x3ee51181dee1 <JSFunction __export (sfi = 0x24fd7b79361)> for optimization to MAGLEV, ConcurrencyMode::kConcurrent, reason: hot and stable]
[compiling method 0x3ee51181dee1 <JSFunction __export (sfi = 0x24fd7b79361)> (target MAGLEV), mode: ConcurrencyMode::kConcurrent]
[completed compiling 0x3ee51181dee1 <JSFunction __export (sfi = 0x24fd7b79361)> (target MAGLEV) - took 0.000, 0.101, 0.001 ms]
[marking 0x1d4094436421 <JSFunction (sfi = 0x221fe9112ba1)> for optimization to MAGLEV, ConcurrencyMode::kConcurrent, reason: hot and stable]
[compiling method 0x1d4094436421 <JSFunction (sfi = 0x221fe9112ba1)> (target MAGLEV), mode: ConcurrencyMode::kConcurrent]
[marking 0x3ee51181e341 <JSFunction __importStar (sfi = 0x221fe9113099)> for optimization to MAGLEV, ConcurrencyMode::kConcurrent, reason: hot and stable]
[completed compiling 0x1d4094436421 <JSFunction (sfi = 0x221fe9112ba1)> (target MAGLEV) - took 0.000, 0.091, 0.002 ms]
[compiling method 0x3ee51181e341 <JSFunction __importStar (sfi = 0x221fe9113099)> (target MAGLEV) OSR, mode: ConcurrencyMode::kConcurrent]
[completed compiling 0x3ee51181e341 <JSFunction __importStar (sfi = 0x221fe9113099)> (target MAGLEV) OSR - took 0.000, 0.092, 0.001 ms]
[compiling method 0x3ee51181e341 <JSFunction __importStar (sfi = 0x221fe9113099)> (target TURBOFAN_JS) OSR, mode: ConcurrencyMode::kConcurrent]
[completed compiling 0x3ee51181e341 <JSFunction __importStar (sfi = 0x221fe9113099)> (target TURBOFAN_JS) OSR - took 0.002, 1.475, 0.041 ms]
[completed optimizing 0x3ee51181e341 <JSFunction __importStar (sfi = 0x221fe9113099)> (target TURBOFAN_JS) OSR]
[marking 0x3ab2a5aa10a9 <JSFunction requiresJSONParse (sfi = 0x1419ce647389)> for optimization to MAGLEV, ConcurrencyMode::kConcurrent, reason: hot and stable]
[compiling method 0x3ab2a5aa10a9 <JSFunction requiresJSONParse (sfi = 0x1419ce647389)> (target MAGLEV), mode: ConcurrencyMode::kConcurrent]
[completed compiling 0x3ab2a5aa10a9 <JSFunction requiresJSONParse (sfi = 0x1419ce647389)> (target MAGLEV) - took 0.000, 0.067, 0.000 ms]
[marking 0x19e5aac52b11 <JSFunction get hasSubscribers (sfi = 0x7651d000cb9)> for optimization to MAGLEV, ConcurrencyMode::kConcurrent, reason: hot and stable]
[compiling method 0x19e5aac52b11 <JSFunction get hasSubscribers (sfi = 0x7651d000cb9)> (target MAGLEV), mode: ConcurrencyMode::kConcurrent]
[completed compiling 0x19e5aac52b11 <JSFunction get hasSubscribers (sfi = 0x7651d000cb9)> (target MAGLEV) - took 0.000, 0.080, 0.003 ms]
[marking 0x3ab2a5a86b59 <JSFunction assertEncoding (sfi = 0x38ccdf42d5b1)> for optimization to MAGLEV, ConcurrencyMode::kConcurrent, reason: hot and stable]
[compiling method 0x3ab2a5a86b59 <JSFunction assertEncoding (sfi = 0x38ccdf42d5b1)> (target MAGLEV), mode: ConcurrencyMode::kConcurrent]
[completed compiling 0x3ab2a5a86b59 <JSFunction assertEncoding (sfi = 0x38ccdf42d5b1)> (target MAGLEV) - took 0.000, 0.035, 0.001 ms]
[marking 0x1f84601fac99 <JSFunction tryExtensions (sfi = 0x1d52c6079af9)> for optimization to MAGLEV, ConcurrencyMode::kConcurrent, reason: hot and stable]
[compiling method 0x1f84601fac99 <JSFunction tryExtensions (sfi = 0x1d52c6079af9)> (target MAGLEV), mode: ConcurrencyMode::kConcurrent]
[completed compiling 0x1f84601fac99 <JSFunction tryExtensions (sfi = 0x1d52c6079af9)> (target MAGLEV) - took 0.000, 0.169, 0.001 ms]
[marking 0x0625aed07379 <JSFunction getOptions (sfi = 0x38ccdf42d719)> for optimization to MAGLEV, ConcurrencyMode::kConcurrent, reason: hot and stable]
[compiling method 0x0625aed07379 <JSFunction getOptions (sfi = 0x38ccdf42d719)> (target MAGLEV), mode: ConcurrencyMode::kConcurrent]
[completed compiling 0x0625aed07379 <JSFunction getOptions (sfi = 0x38ccdf42d719)> (target MAGLEV) - took 0.000, 0.083, 0.001 ms]
[marking 0x1f84601faed9 <JSFunction wrapResolveFilename (sfi = 0x1d52c6079cf1)> for optimization to MAGLEV, ConcurrencyMode::kConcurrent, reason: hot and stable]
[compiling method 0x1f84601faed9 <JSFunction wrapResolveFilename (sfi = 0x1d52c6079cf1)> (target MAGLEV), mode: ConcurrencyMode::kConcurrent]
[completed compiling 0x1f84601faed9 <JSFunction wrapResolveFilename (sfi = 0x1d52c6079cf1)> (target MAGLEV) - took 0.000, 0.070, 0.002 ms]
[marking 0x19e5aac42ed1 <JSFunction get (sfi = 0x9f084e15119)> for optimization to MAGLEV, ConcurrencyMode::kConcurrent, reason: hot and stable]
[compiling method 0x19e5aac42ed1 <JSFunction get (sfi = 0x9f084e15119)> (target MAGLEV), mode: ConcurrencyMode::kConcurrent]
[completed compiling 0x19e5aac42ed1 <JSFunction get (sfi = 0x9f084e15119)> (target MAGLEV) - took 0.000, 0.022, 0.001 ms]
[marking 0x1f84601fa9e1 <JSFunction wrapModuleLoad (sfi = 0x1d52c60797e1)> for optimization to MAGLEV, ConcurrencyMode::kConcurrent, reason: hot and stable]
[compiling method 0x1f84601fa9e1 <JSFunction wrapModuleLoad (sfi = 0x1d52c60797e1)> (target MAGLEV), mode: ConcurrencyMode::kConcurrent]
[marking 0x3835e1355239 <JSFunction require (sfi = 0x2265099f23e1)> for optimization to MAGLEV, ConcurrencyMode::kConcurrent, reason: hot and stable]
[compiling method 0x0a67c565eeb1 <JSFunction require (sfi = 0x2265099f23e1)> (target MAGLEV), mode: ConcurrencyMode::kConcurrent]
[completed compiling 0x0a67c565eeb1 <JSFunction require (sfi = 0x2265099f23e1)> (target MAGLEV) - took 0.000, 0.139, 0.001 ms]
[completed compiling 0x1f84601fa9e1 <JSFunction wrapModuleLoad (sfi = 0x1d52c60797e1)> (target MAGLEV) - took 0.000, 0.452, 0.005 ms]
[marking 0x1f84601faa61 <JSFunction updateChildren (sfi = 0x1d52c6079871)> for optimization to MAGLEV, ConcurrencyMode::kConcurrent, reason: hot and stable]
[compiling method 0x1f84601faa61 <JSFunction updateChildren (sfi = 0x1d52c6079871)> (target MAGLEV), mode: ConcurrencyMode::kConcurrent]
[completed compiling 0x1f84601faa61 <JSFunction updateChildren (sfi = 0x1d52c6079871)> (target MAGLEV) - took 0.000, 0.104, 0.001 ms]
[marking 0x1f84601fa621 <JSFunction getCjsConditions (sfi = 0x38ccdf436b41)> for optimization to MAGLEV, ConcurrencyMode::kConcurrent, reason: hot and stable]
[compiling method 0x1f84601fa621 <JSFunction getCjsConditions (sfi = 0x38ccdf436b41)> (target MAGLEV), mode: ConcurrencyMode::kConcurrent]
[completed compiling 0x1f84601fa621 <JSFunction getCjsConditions (sfi = 0x38ccdf436b41)> (target MAGLEV) - took 0.000, 0.033, 0.001 ms]
[marking 0x1f84601faf19 <JSFunction defaultResolveImplForCJSLoading (sfi = 0x1d52c6079d39)> for optimization to MAGLEV, ConcurrencyMode::kConcurrent, reason: hot and stable]
[compiling method 0x1f84601faf19 <JSFunction defaultResolveImplForCJSLoading (sfi = 0x1d52c6079d39)> (target MAGLEV), mode: ConcurrencyMode::kConcurrent]
[completed compiling 0x1f84601faf19 <JSFunction defaultResolveImplForCJSLoading (sfi = 0x1d52c6079d39)> (target MAGLEV) - took 0.000, 0.072, 0.002 ms]
[marking 0x0625aed07991 <JSFunction splitRoot (sfi = 0x1419ce6422a1)> for optimization to MAGLEV, ConcurrencyMode::kConcurrent, reason: hot and stable]
[compiling method 0x0625aed07991 <JSFunction splitRoot (sfi = 0x1419ce6422a1)> (target MAGLEV), mode: ConcurrencyMode::kConcurrent]
[completed compiling 0x0625aed07991 <JSFunction splitRoot (sfi = 0x1419ce6422a1)> (target MAGLEV) - took 0.000, 0.085, 0.000 ms]
[marking 0x1d52c604ee71 <JSFunction setOwnProperty (sfi = 0x2d74ed870d79)> for optimization to MAGLEV, ConcurrencyMode::kConcurrent, reason: hot and stable]
[compiling method 0x1d52c604ee71 <JSFunction setOwnProperty (sfi = 0x2d74ed870d79)> (target MAGLEV), mode: ConcurrencyMode::kConcurrent]
[completed compiling 0x1d52c604ee71 <JSFunction setOwnProperty (sfi = 0x2d74ed870d79)> (target MAGLEV) - took 0.000, 0.022, 0.001 ms]
[marking 0x1419ce648571 <JSFunction Module._findPath (sfi = 0x1d52c607a709)> for optimization to MAGLEV, ConcurrencyMode::kConcurrent, reason: hot and stable]
[compiling method 0x1419ce648571 <JSFunction Module._findPath (sfi = 0x1d52c607a709)> (target MAGLEV), mode: ConcurrencyMode::kConcurrent]
[completed compiling 0x1419ce648571 <JSFunction Module._findPath (sfi = 0x1d52c607a709)> (target MAGLEV) - took 0.000, 0.354, 0.004 ms]
[marking 0x1419ce6485f9 <JSFunction Module._nodeModulePaths (sfi = 0x1d52c607a819)> for optimization to TURBOFAN_JS, ConcurrencyMode::kConcurrent, reason: hot and stable]
[marking 0x1419ce648681 <JSFunction Module._resolveLookupPaths (sfi = 0x1d52c607a8a1)> for optimization to MAGLEV, ConcurrencyMode::kConcurrent, reason: hot and stable]
[compiling method 0x1419ce6485f9 <JSFunction Module._nodeModulePaths (sfi = 0x1d52c607a819)> (target TURBOFAN_JS), mode: ConcurrencyMode::kConcurrent]
[compiling method 0x1419ce648681 <JSFunction Module._resolveLookupPaths (sfi = 0x1d52c607a8a1)> (target MAGLEV), mode: ConcurrencyMode::kConcurrent]
[completed compiling 0x1419ce648681 <JSFunction Module._resolveLookupPaths (sfi = 0x1d52c607a8a1)> (target MAGLEV) - took 0.000, 0.309, 0.004 ms]
[marking 0x3ab2a5aa16f1 <JSFunction deserializePackageJSON (sfi = 0x1d52c607ff61)> for optimization to MAGLEV, ConcurrencyMode::kConcurrent, reason: hot and stable]
[compiling method 0x3ab2a5aa16f1 <JSFunction deserializePackageJSON (sfi = 0x1d52c607ff61)> (target MAGLEV), mode: ConcurrencyMode::kConcurrent]
[completed compiling 0x1419ce6485f9 <JSFunction Module._nodeModulePaths (sfi = 0x1d52c607a819)> (target TURBOFAN_JS) - took 0.003, 2.601, 0.013 ms]
[completed optimizing 0x1419ce6485f9 <JSFunction Module._nodeModulePaths (sfi = 0x1d52c607a819)> (target TURBOFAN_JS)]
[completed compiling 0x3ab2a5aa16f1 <JSFunction deserializePackageJSON (sfi = 0x1d52c607ff61)> (target MAGLEV) - took 0.000, 0.168, 0.004 ms]
[marking 0x313525109839 <JSFunction SafeMap (sfi = 0x37a14a646be9)> for optimization to MAGLEV, ConcurrencyMode::kConcurrent, reason: hot and stable]
[compiling method 0x313525109839 <JSFunction SafeMap (sfi = 0x37a14a646be9)> (target MAGLEV), mode: ConcurrencyMode::kConcurrent]
[completed compiling 0x313525109839 <JSFunction SafeMap (sfi = 0x37a14a646be9)> (target MAGLEV) - took 0.000, 0.047, 0.000 ms]
[marking 0x1419ce648791 <JSFunction Module._resolveFilename (sfi = 0x1d52c607aa39)> for optimization to MAGLEV, ConcurrencyMode::kConcurrent, reason: hot and stable]
[compiling method 0x1419ce648791 <JSFunction Module._resolveFilename (sfi = 0x1d52c607aa39)> (target MAGLEV), mode: ConcurrencyMode::kConcurrent]
[completed compiling 0x1419ce648791 <JSFunction Module._resolveFilename (sfi = 0x1d52c607aa39)> (target MAGLEV) - took 0.000, 0.308, 0.003 ms]
[marking 0x2d74ed876a79 <JSFunction SafeSet (sfi = 0x37a14a646c79)> for optimization to MAGLEV, ConcurrencyMode::kConcurrent, reason: hot and stable]
[compiling method 0x2d74ed876a79 <JSFunction SafeSet (sfi = 0x37a14a646c79)> (target MAGLEV), mode: ConcurrencyMode::kConcurrent]
[completed compiling 0x2d74ed876a79 <JSFunction SafeSet (sfi = 0x37a14a646c79)> (target MAGLEV) - took 0.000, 0.021, 0.000 ms]
[marking 0x107cee908371 <JSFunction (sfi = 0x38ccdf42e2d1)> for optimization to MAGLEV, ConcurrencyMode::kConcurrent, reason: hot and stable]
[compiling method 0x107cee908371 <JSFunction (sfi = 0x38ccdf42e2d1)> (target MAGLEV), mode: ConcurrencyMode::kConcurrent]
[completed compiling 0x107cee908371 <JSFunction (sfi = 0x38ccdf42e2d1)> (target MAGLEV) - took 0.000, 0.091, 0.001 ms]
[marking 0x1f84601fa759 <JSFunction toRealPath (sfi = 0x38ccdf436ab1)> for optimization to MAGLEV, ConcurrencyMode::kConcurrent, reason: hot and stable]
[compiling method 0x1f84601fa759 <JSFunction toRealPath (sfi = 0x38ccdf436ab1)> (target MAGLEV), mode: ConcurrencyMode::kConcurrent]
[completed compiling 0x1f84601fa759 <JSFunction toRealPath (sfi = 0x38ccdf436ab1)> (target MAGLEV) - took 0.000, 0.049, 0.001 ms]
[marking 0x1d52c604e571 <JSFunction isInt32 (sfi = 0x2d74ed86a5a1)> for optimization to MAGLEV, ConcurrencyMode::kConcurrent, reason: hot and stable]
[compiling method 0x1d52c604e571 <JSFunction isInt32 (sfi = 0x2d74ed86a5a1)> (target MAGLEV), mode: ConcurrencyMode::kConcurrent]
[completed compiling 0x1d52c604e571 <JSFunction isInt32 (sfi = 0x2d74ed86a5a1)> (target MAGLEV) - took 0.000, 0.018, 0.000 ms]
[marking 0x1f84601d9ee1 <JSFunction getNearestParentPackageJSON (sfi = 0x1419ce6471d9)> for optimization to MAGLEV, ConcurrencyMode::kConcurrent, reason: hot and stable]
[compiling method 0x1f84601d9ee1 <JSFunction getNearestParentPackageJSON (sfi = 0x1419ce6471d9)> (target MAGLEV), mode: ConcurrencyMode::kConcurrent]
[completed compiling 0x1f84601d9ee1 <JSFunction getNearestParentPackageJSON (sfi = 0x1419ce6471d9)> (target MAGLEV) - took 0.000, 0.057, 0.002 ms]
[marking 0x1f84601fb2d9 <JSFunction isRelative (sfi = 0x1d52c607a1f9)> for optimization to MAGLEV, ConcurrencyMode::kConcurrent, reason: hot and stable]
[compiling method 0x1f84601fb2d9 <JSFunction isRelative (sfi = 0x1d52c607a1f9)> (target MAGLEV), mode: ConcurrencyMode::kConcurrent]
[completed compiling 0x1f84601fb2d9 <JSFunction isRelative (sfi = 0x1d52c607a1f9)> (target MAGLEV) - took 0.000, 0.115, 0.001 ms]
[marking 0x157d91740049 <JSFunction normalize (sfi = 0x7651d017819)> for optimization to MAGLEV, ConcurrencyMode::kConcurrent, reason: hot and stable]
[compiling method 0x157d91740049 <JSFunction normalize (sfi = 0x7651d017819)> (target MAGLEV), mode: ConcurrencyMode::kConcurrent]
[completed compiling 0x157d91740049 <JSFunction normalize (sfi = 0x7651d017819)> (target MAGLEV) - took 0.000, 0.107, 0.001 ms]
[marking 0x3ab2a5ab7cf1 <JSFunction lazyModule (sfi = 0x38ccdf436ca9)> for optimization to MAGLEV, ConcurrencyMode::kConcurrent, reason: hot and stable]
[compiling method 0x3ab2a5ab7cf1 <JSFunction lazyModule (sfi = 0x38ccdf436ca9)> (target MAGLEV), mode: ConcurrencyMode::kConcurrent]
[completed compiling 0x3ab2a5ab7cf1 <JSFunction lazyModule (sfi = 0x38ccdf436ca9)> (target MAGLEV) - took 0.000, 0.086, 0.001 ms]
[marking 0x1f84601fa6e1 <JSFunction setHasStartedUserCJSExecution (sfi = 0x38ccdf437151)> for optimization to MAGLEV, ConcurrencyMode::kConcurrent, reason: hot and stable]
[compiling method 0x1f84601fa6e1 <JSFunction setHasStartedUserCJSExecution (sfi = 0x38ccdf437151)> (target MAGLEV), mode: ConcurrencyMode::kConcurrent]
[completed compiling 0x1f84601fa6e1 <JSFunction setHasStartedUserCJSExecution (sfi = 0x38ccdf437151)> (target MAGLEV) - took 0.001, 0.052, 0.001 ms]
[98890:0x71f80c000:0]      469 ms: GC: {"pause":0.808,"mutator":47.675,"gc":"s","reduce_memory":false,"time_to_safepoint":0,"stack":true,"reason":"allocation failure","collector_reason":"","start_object_size":61006224,"end_object_size":52946232,"start_memory_size":70500352,"end_memory_size":73908224,"start_holes_size":859480,"end_holes_size":1154216,"pool_local_chunks":0,"pool_shared_chunks":0,"pool_total_chunks":0,"new_space_capacity":16777216,"old_gen_allocation_limit":107840608,"global_allocation_limit":107840608,"allocation_throughput":264286,"new_space_allocation_throughput":128084,"new_space_survive_rate":29.7285,"allocated":16424432,"promoted":3658216,"new_space_survived":5149408,"nodes_died_in_new":0,"nodes_copied_in_new":0,"nodes_promoted":0,"promotion_ratio":21.1195,"average_survival_ratio":61.8074,"promotion_rate":116.915,"during_sweeping":false,"heap.prologue":0,"heap.epilogue":0,"heap.external.prologue":0,"heap.external.epilogue":0,"heap.external_weak_global_handles":0,"complete.sweep_array_buffers":0,"scavenge":0.797,"scavenge.free_remembered_set":0.015,"scavenge.roots":0.045,"scavenge.weak":0,"scavenge.weak_global_handles.identify":0,"scavenge.weak_global_handles.process":0,"scavenge.parallel":0.669,"scavenge.pin_objects_conservative":0,"scavenge.pin_objects_precise":0,"scavenge.restore_pinned":0.004,"scavenge.sweep_array_buffers":0.004,"scavenge.resize_new_space":0,"background.scavenge.parallel":2.745,"incremental.steps_count":0,"incremental.steps_took":0,"scavenge_throughput":9.50734e+06,"quarantined_size":0,"quarantined_pages":0}
[marking dependent code 0x309f10276fc1 <Code MAGLEV> (0x2b8e68b99159 <SharedFunctionInfo multiMapAdd>) (opt id 72) for deoptimization, reason: dependent allocation site tenuring changed]
[bailout (kind: deopt-eager, reason: Insufficient type feedback for compare operation): begin. deoptimizing 0x1419ce648571 <JSFunction Module._findPath (sfi = 0x1d52c607a709)>, 0x20ff75a05899 <Code MAGLEV>, opt id 91, bytecode offset 191, deopt exit 16, FP to SP delta 144, caller SP 0x00016fae5178, pc 0x000116e88dc4]
[marking 0x157d91740081 <JSFunction isAbsolute (sfi = 0x7651d017861)> for optimization to MAGLEV, ConcurrencyMode::kConcurrent, reason: hot and stable]
[compiling method 0x157d91740081 <JSFunction isAbsolute (sfi = 0x7651d017861)> (target MAGLEV), mode: ConcurrencyMode::kConcurrent]
[completed compiling 0x157d91740081 <JSFunction isAbsolute (sfi = 0x7651d017861)> (target MAGLEV) - took 0.001, 0.103, 0.002 ms]
[marking 0x1419ce648709 <JSFunction Module._load (sfi = 0x1d52c607a9b9)> for optimization to MAGLEV, ConcurrencyMode::kConcurrent, reason: hot and stable]
[compiling method 0x1419ce648709 <JSFunction Module._load (sfi = 0x1d52c607a9b9)> (target MAGLEV), mode: ConcurrencyMode::kConcurrent]
[completed compiling 0x1419ce648709 <JSFunction Module._load (sfi = 0x1d52c607a9b9)> (target MAGLEV) - took 0.000, 0.397, 0.008 ms]
[marking 0x3ab2a5a8fed1 <JSFunction Module (sfi = 0x1d52c6079949)> for optimization to MAGLEV, ConcurrencyMode::kConcurrent, reason: hot and stable]
[compiling method 0x3ab2a5a8fed1 <JSFunction Module (sfi = 0x1d52c6079949)> (target MAGLEV), mode: ConcurrencyMode::kConcurrent]
[completed compiling 0x3ab2a5a8fed1 <JSFunction Module (sfi = 0x1d52c6079949)> (target MAGLEV) - took 0.000, 0.197, 0.011 ms]
[marking 0x157d91740a21 <JSFunction getSourceMapsSupport (sfi = 0x7651d035ce1)> for optimization to MAGLEV, ConcurrencyMode::kConcurrent, reason: hot and stable]
[compiling method 0x157d91740a21 <JSFunction getSourceMapsSupport (sfi = 0x7651d035ce1)> (target MAGLEV), mode: ConcurrencyMode::kConcurrent]
[completed compiling 0x157d91740a21 <JSFunction getSourceMapsSupport (sfi = 0x7651d035ce1)> (target MAGLEV) - took 0.000, 0.021, 0.000 ms]
[marking 0x33305e886549 <JSFunction isLineTerminatorJSON (sfi = 0x33305e8861f1)> for optimization to MAGLEV, ConcurrencyMode::kConcurrent, reason: hot and stable]
[compiling method 0x33305e886549 <JSFunction isLineTerminatorJSON (sfi = 0x33305e8861f1)> (target MAGLEV), mode: ConcurrencyMode::kConcurrent]
[marking 0x04ae670a1719 <JSFunction parseString (sfi = 0x33305e887561)> for optimization to MAGLEV, ConcurrencyMode::kConcurrent, reason: hot and stable]
[compiling method 0x04ae670a1719 <JSFunction parseString (sfi = 0x33305e887561)> (target MAGLEV), mode: ConcurrencyMode::kConcurrent]
[completed compiling 0x33305e886549 <JSFunction isLineTerminatorJSON (sfi = 0x33305e8861f1)> (target MAGLEV) - took 0.000, 0.056, 0.001 ms]
[marking 0x33305e886439 <JSFunction isWhiteSpaceJSON (sfi = 0x33305e886161)> for optimization to MAGLEV, ConcurrencyMode::kConcurrent, reason: hot and stable]
[compiling method 0x33305e886439 <JSFunction isWhiteSpaceJSON (sfi = 0x33305e886161)> (target MAGLEV), mode: ConcurrencyMode::kConcurrent]
[completed compiling 0x33305e886439 <JSFunction isWhiteSpaceJSON (sfi = 0x33305e886161)> (target MAGLEV) - took 0.000, 0.025, 0.000 ms]
[marking 0x04ae670a1779 <JSFunction tokenStart (sfi = 0x33305e8875a9)> for optimization to MAGLEV, ConcurrencyMode::kConcurrent, reason: hot and stable]
[marking 0x04ae670a17b9 <JSFunction tokenEnd (sfi = 0x33305e8875f1)> for optimization to MAGLEV, ConcurrencyMode::kConcurrent, reason: hot and stable]
[compiling method 0x04ae670a1779 <JSFunction tokenStart (sfi = 0x33305e8875a9)> (target MAGLEV), mode: ConcurrencyMode::kConcurrent]
[completed compiling 0x04ae670a1719 <JSFunction parseString (sfi = 0x33305e887561)> (target MAGLEV) - took 0.000, 0.187, 0.002 ms]
[completed compiling 0x04ae670a1779 <JSFunction tokenStart (sfi = 0x33305e8875a9)> (target MAGLEV) - took 0.000, 0.012, 0.000 ms]
[compiling method 0x04ae670a17b9 <JSFunction tokenEnd (sfi = 0x33305e8875f1)> (target MAGLEV), mode: ConcurrencyMode::kConcurrent]
[completed compiling 0x04ae670a17b9 <JSFunction tokenEnd (sfi = 0x33305e8875f1)> (target MAGLEV) - took 0.000, 0.015, 0.000 ms]
[marking 0x04ae670a1559 <JSFunction skipWhiteSpace (sfi = 0x33305e887369)> for optimization to MAGLEV, ConcurrencyMode::kConcurrent, reason: hot and stable]
[compiling method 0x04ae670a1559 <JSFunction skipWhiteSpace (sfi = 0x33305e887369)> (target MAGLEV), mode: ConcurrencyMode::kConcurrent]
[completed compiling 0x04ae670a1559 <JSFunction skipWhiteSpace (sfi = 0x33305e887369)> (target MAGLEV) - took 0.000, 0.213, 0.000 ms]
[marking 0x1c0355815689 <JSFunction shouldUseRule (sfi = 0x1dae2a1a15a1)> for optimization to MAGLEV, ConcurrencyMode::kConcurrent, reason: hot and stable]
[compiling method 0x1c0355815689 <JSFunction shouldUseRule (sfi = 0x1dae2a1a15a1)> (target MAGLEV), mode: ConcurrencyMode::kConcurrent]
[marking 0x1c0355815f69 <JSFunction addCodeArg (sfi = 0x1dae2a197b49)> for optimization to MAGLEV, ConcurrencyMode::kConcurrent, reason: hot and stable]
[compiling method 0x1c0355815f69 <JSFunction addCodeArg (sfi = 0x1dae2a197b49)> (target MAGLEV), mode: ConcurrencyMode::kConcurrent]
[marking 0x38db4535b851 <JSFunction (sfi = 0x33305e891579)> for optimization to MAGLEV, ConcurrencyMode::kConcurrent, reason: hot and stable]
[compiling method 0x38db4535b851 <JSFunction (sfi = 0x33305e891579)> (target MAGLEV), mode: ConcurrencyMode::kConcurrent]
[completed compiling 0x1c0355815689 <JSFunction shouldUseRule (sfi = 0x1dae2a1a15a1)> (target MAGLEV) - took 0.000, 0.095, 0.003 ms]
[completed compiling 0x1c0355815f69 <JSFunction addCodeArg (sfi = 0x1dae2a197b49)> (target MAGLEV) - took 0.000, 0.100, 0.003 ms]
[completed compiling 0x38db4535b851 <JSFunction (sfi = 0x33305e891579)> (target MAGLEV) - took 0.000, 0.054, 0.001 ms]
[marking 0x1c0355815ee9 <JSFunction _ (sfi = 0x1dae2a197ab9)> for optimization to MAGLEV, ConcurrencyMode::kConcurrent, reason: hot and stable]
[compiling method 0x1c0355815ee9 <JSFunction _ (sfi = 0x1dae2a197ab9)> (target MAGLEV), mode: ConcurrencyMode::kConcurrent]
[completed compiling 0x1c0355815ee9 <JSFunction _ (sfi = 0x1dae2a197ab9)> (target MAGLEV) - took 0.000, 0.224, 0.003 ms]
[marking dependent code 0x2702c5d49db1 <Code MAGLEV> (0x1dae2a197ab9 <SharedFunctionInfo _>) (opt id 119) for deoptimization, reason: dependent prototype chain changed]
[marking dependent code 0x2702c5d47ba1 <Code MAGLEV> (0x1dae2a197b49 <SharedFunctionInfo addCodeArg>) (opt id 117) for deoptimization, reason: dependent prototype chain changed]
[marking 0x1c0355815f69 <JSFunction addCodeArg (sfi = 0x1dae2a197b49)> for optimization to MAGLEV, ConcurrencyMode::kConcurrent, reason: hot and stable]
[marking 0x1c0355815ee9 <JSFunction _ (sfi = 0x1dae2a197ab9)> for optimization to MAGLEV, ConcurrencyMode::kConcurrent, reason: hot and stable]
[compiling method 0x1c0355815f69 <JSFunction addCodeArg (sfi = 0x1dae2a197b49)> (target MAGLEV), mode: ConcurrencyMode::kConcurrent]
[compiling method 0x1c0355815ee9 <JSFunction _ (sfi = 0x1dae2a197ab9)> (target MAGLEV), mode: ConcurrencyMode::kConcurrent]
[completed compiling 0x1c0355815f69 <JSFunction addCodeArg (sfi = 0x1dae2a197b49)> (target MAGLEV) - took 0.000, 0.059, 0.002 ms]
[completed compiling 0x1c0355815ee9 <JSFunction _ (sfi = 0x1dae2a197ab9)> (target MAGLEV) - took 0.000, 0.208, 0.002 ms]
[marking 0x3e207570f611 <JSFunction _Code (sfi = 0x1dae2a197fa1)> for optimization to MAGLEV, ConcurrencyMode::kConcurrent, reason: hot and stable]
[compiling method 0x3e207570f611 <JSFunction _Code (sfi = 0x1dae2a197fa1)> (target MAGLEV), mode: ConcurrencyMode::kConcurrent]
[completed compiling 0x3e207570f611 <JSFunction _Code (sfi = 0x1dae2a197fa1)> (target MAGLEV) - took 0.000, 0.050, 0.001 ms]
[marking 0x01d892cbf959 <JSFunction (sfi = 0x33305e89fe01)> for optimization to MAGLEV, ConcurrencyMode::kConcurrent, reason: hot and stable]
[compiling method 0x01d892cbf959 <JSFunction (sfi = 0x33305e89fe01)> (target MAGLEV), mode: ConcurrencyMode::kConcurrent]
[completed compiling 0x01d892cbf959 <JSFunction (sfi = 0x33305e89fe01)> (target MAGLEV) - took 0.000, 0.016, 0.000 ms]
[marking 0x3e2075713cc9 <JSFunction get _currNode (sfi = 0x1dae2a193829)> for optimization to MAGLEV, ConcurrencyMode::kConcurrent, reason: hot and stable]
[compiling method 0x3e2075713cc9 <JSFunction get _currNode (sfi = 0x1dae2a193829)> (target MAGLEV), mode: ConcurrencyMode::kConcurrent]
[completed compiling 0x3e2075713cc9 <JSFunction get _currNode (sfi = 0x1dae2a193829)> (target MAGLEV) - took 0.000, 0.020, 0.001 ms]
[marking 0x1c0355816029 <JSFunction safeStringify (sfi = 0x1dae2a197cf9)> for optimization to MAGLEV, ConcurrencyMode::kConcurrent, reason: hot and stable]
[compiling method 0x1c0355816029 <JSFunction safeStringify (sfi = 0x1dae2a197cf9)> (target MAGLEV), mode: ConcurrencyMode::kConcurrent]
[completed compiling 0x1c0355816029 <JSFunction safeStringify (sfi = 0x1dae2a197cf9)> (target MAGLEV) - took 0.000, 0.067, 0.002 ms]
[marking 0x3e2075711499 <JSFunction get (sfi = 0x1dae2a191021)> for optimization to MAGLEV, ConcurrencyMode::kConcurrent, reason: hot and stable]
[compiling method 0x3e2075711499 <JSFunction get (sfi = 0x1dae2a191021)> (target MAGLEV), mode: ConcurrencyMode::kConcurrent]
[completed compiling 0x3e2075711499 <JSFunction get (sfi = 0x1dae2a191021)> (target MAGLEV) - took 0.000, 0.014, 0.001 ms]
[marking 0x216685e09201 <JSFunction optimize (sfi = 0x1dae2a197b91)> for optimization to MAGLEV, ConcurrencyMode::kConcurrent, reason: hot and stable]
[compiling method 0x216685e09201 <JSFunction optimize (sfi = 0x1dae2a197b91)> (target MAGLEV), mode: ConcurrencyMode::kConcurrent]
[completed compiling 0x216685e09201 <JSFunction optimize (sfi = 0x1dae2a197b91)> (target MAGLEV) - took 0.000, 0.110, 0.001 ms]
[marking 0x07c43016f401 <JSFunction optimizeNodes (sfi = 0x1dae2a192139)> for optimization to MAGLEV, ConcurrencyMode::kConcurrent, reason: hot and stable]
[compiling method 0x07c43016f401 <JSFunction optimizeNodes (sfi = 0x1dae2a192139)> (target MAGLEV), mode: ConcurrencyMode::kConcurrent]
[marking 0x07c43016f249 <JSFunction optimizeNodes (sfi = 0x1dae2a191969)> for optimization to MAGLEV, ConcurrencyMode::kConcurrent, reason: hot and stable]
[compiling method 0x07c43016f249 <JSFunction optimizeNodes (sfi = 0x1dae2a191969)> (target MAGLEV), mode: ConcurrencyMode::kConcurrent]
[completed compiling 0x07c43016f249 <JSFunction optimizeNodes (sfi = 0x1dae2a191969)> (target MAGLEV) - took 0.000, 0.019, 0.001 ms]
[completed compiling 0x07c43016f401 <JSFunction optimizeNodes (sfi = 0x1dae2a192139)> (target MAGLEV) - took 0.000, 0.133, 0.002 ms]
[marking 0x3701ae6819d9 <JSFunction (sfi = 0x33305e8a07e1)> for optimization to MAGLEV, ConcurrencyMode::kConcurrent, reason: hot and stable]
[compiling method 0x3701ae6819d9 <JSFunction (sfi = 0x33305e8a07e1)> (target MAGLEV), mode: ConcurrencyMode::kConcurrent]
[marking 0x1c0355813379 <JSFunction addNames (sfi = 0x1dae2a190d71)> for optimization to MAGLEV, ConcurrencyMode::kConcurrent, reason: hot and stable]
[compiling method 0x1c0355813379 <JSFunction addNames (sfi = 0x1dae2a190d71)> (target MAGLEV), mode: ConcurrencyMode::kConcurrent]
[completed compiling 0x3701ae6819d9 <JSFunction (sfi = 0x33305e8a07e1)> (target MAGLEV) - took 0.000, 0.057, 0.002 ms]
[completed compiling 0x1c0355813379 <JSFunction addNames (sfi = 0x1dae2a190d71)> (target MAGLEV) - took 0.000, 0.098, 0.001 ms]
[marking 0x0704d6dc6b39 <JSFunction (sfi = 0x33305e8a03a9)> for optimization to MAGLEV, ConcurrencyMode::kConcurrent, reason: hot and stable]
[compiling method 0x0704d6dc6b39 <JSFunction (sfi = 0x33305e8a03a9)> (target MAGLEV), mode: ConcurrencyMode::kConcurrent]
[completed compiling 0x0704d6dc6b39 <JSFunction (sfi = 0x33305e8a03a9)> (target MAGLEV) - took 0.000, 0.083, 0.003 ms]
[marking 0x3e207570f721 <JSFunction get names (sfi = 0x1dae2a1980f9)> for optimization to MAGLEV, ConcurrencyMode::kConcurrent, reason: hot and stable]
[compiling method 0x3e207570f721 <JSFunction get names (sfi = 0x1dae2a1980f9)> (target MAGLEV), mode: ConcurrencyMode::kConcurrent]
[marking 0x119ca1f69501 <JSFunction (sfi = 0x33305e8a2761)> for optimization to MAGLEV, ConcurrencyMode::kConcurrent, reason: hot and stable]
[compiling method 0x119ca1f69501 <JSFunction (sfi = 0x33305e8a2761)> (target MAGLEV), mode: ConcurrencyMode::kConcurrent]
[completed compiling 0x3e207570f721 <JSFunction get names (sfi = 0x1dae2a1980f9)> (target MAGLEV) - took 0.000, 0.164, 0.003 ms]
[completed compiling 0x119ca1f69501 <JSFunction (sfi = 0x33305e8a2761)> (target MAGLEV) - took 0.000, 0.096, 0.002 ms]
[marking 0x07c43016f439 <JSFunction optimizeNames (sfi = 0x1dae2a192181)> for optimization to MAGLEV, ConcurrencyMode::kConcurrent, reason: hot and stable]
[compiling method 0x07c43016f439 <JSFunction optimizeNames (sfi = 0x1dae2a192181)> (target MAGLEV), mode: ConcurrencyMode::kConcurrent]
[marking 0x0a245f0813d9 <JSFunction (sfi = 0x33305e8a2641)> for optimization to MAGLEV, ConcurrencyMode::kConcurrent, reason: hot and stable]
[compiling method 0x0a245f0813d9 <JSFunction (sfi = 0x33305e8a2641)> (target MAGLEV), mode: ConcurrencyMode::kConcurrent]
[marking 0x0a245f089301 <JSFunction canOptimize (sfi = 0x33305e8a25f9)> for optimization to MAGLEV, ConcurrencyMode::kConcurrent, reason: hot and stable]
[compiling method 0x0a245f0893b9 <JSFunction canOptimize (sfi = 0x33305e8a25f9)> (target MAGLEV), mode: ConcurrencyMode::kConcurrent]
[completed compiling 0x0a245f0813d9 <JSFunction (sfi = 0x33305e8a2641)> (target MAGLEV) - took 0.001, 0.092, 0.003 ms]
[completed compiling 0x07c43016f439 <JSFunction optimizeNames (sfi = 0x1dae2a192181)> (target MAGLEV) - took 0.000, 0.167, 0.002 ms]
[completed compiling 0x0a245f0893b9 <JSFunction canOptimize (sfi = 0x33305e8a25f9)> (target MAGLEV) - took 0.000, 0.041, 0.002 ms]
[marking 0x07c43016f069 <JSFunction toString (sfi = 0x1dae2a197ea9)> for optimization to MAGLEV, ConcurrencyMode::kConcurrent, reason: hot and stable]
[compiling method 0x07c43016f069 <JSFunction toString (sfi = 0x1dae2a197ea9)> (target MAGLEV), mode: ConcurrencyMode::kConcurrent]
[completed compiling 0x07c43016f069 <JSFunction toString (sfi = 0x1dae2a197ea9)> (target MAGLEV) - took 0.000, 0.017, 0.001 ms]
[marking 0x0a245f0bb881 <JSFunction (sfi = 0x33305e8a2fe9)> for optimization to MAGLEV, ConcurrencyMode::kConcurrent, reason: hot and stable]
[compiling method 0x0a245f0bb881 <JSFunction (sfi = 0x33305e8a2fe9)> (target MAGLEV), mode: ConcurrencyMode::kConcurrent]
[completed compiling 0x0a245f0bb881 <JSFunction (sfi = 0x33305e8a2fe9)> (target MAGLEV) - took 0.000, 0.018, 0.000 ms]
[marking 0x3e207570f6e9 <JSFunction get str (sfi = 0x1dae2a198091)> for optimization to MAGLEV, ConcurrencyMode::kConcurrent, reason: hot and stable]
[marking 0x07c43016efc9 <JSFunction toString (sfi = 0x1dae2a197fe9)> for optimization to MAGLEV, ConcurrencyMode::kConcurrent, reason: hot and stable]
[compiling method 0x07c43016efc9 <JSFunction toString (sfi = 0x1dae2a197fe9)> (target MAGLEV), mode: ConcurrencyMode::kConcurrent]
[compiling method 0x3e207570f6e9 <JSFunction get str (sfi = 0x1dae2a198091)> (target MAGLEV), mode: ConcurrencyMode::kConcurrent]
[completed compiling 0x07c43016efc9 <JSFunction toString (sfi = 0x1dae2a197fe9)> (target MAGLEV) - took 0.000, 0.021, 0.001 ms]
[completed compiling 0x3e207570f6e9 <JSFunction get str (sfi = 0x1dae2a198091)> (target MAGLEV) - took 0.000, 0.068, 0.002 ms]
[marking 0x216685e09281 <JSFunction interpolate (sfi = 0x1dae2a197c69)> for optimization to MAGLEV, ConcurrencyMode::kConcurrent, reason: hot and stable]
[compiling method 0x216685e09281 <JSFunction interpolate (sfi = 0x1dae2a197c69)> (target MAGLEV), mode: ConcurrencyMode::kConcurrent]
[completed compiling 0x216685e09281 <JSFunction interpolate (sfi = 0x1dae2a197c69)> (target MAGLEV) - took 0.000, 0.046, 0.001 ms]
[marking 0x06f1b5a1f221 <JSFunction (sfi = 0x33305e891801)> for optimization to MAGLEV, ConcurrencyMode::kConcurrent, reason: hot and stable]
[compiling method 0x06f1b5a253f1 <JSFunction (sfi = 0x33305e891801)> (target MAGLEV), mode: ConcurrencyMode::kConcurrent]
[completed compiling 0x06f1b5a253f1 <JSFunction (sfi = 0x33305e891801)> (target MAGLEV) - took 0.000, 0.263, 0.004 ms]
[marking 0x28c840c98df9 <JSFunction _leafNode (sfi = 0x1dae2a193681)> for optimization to MAGLEV, ConcurrencyMode::kConcurrent, reason: hot and stable]
[compiling method 0x28c840c98df9 <JSFunction _leafNode (sfi = 0x1dae2a193681)> (target MAGLEV), mode: ConcurrencyMode::kConcurrent]
[marking 0x1c0355815f29 <JSFunction str (sfi = 0x1dae2a197b01)> for optimization to MAGLEV, ConcurrencyMode::kConcurrent, reason: hot and stable]
[completed compiling 0x28c840c98df9 <JSFunction _leafNode (sfi = 0x1dae2a193681)> (target MAGLEV) - took 0.000, 0.034, 0.001 ms]
[marking 0x09f084e31eb9 <JSFunction isEncoding (sfi = 0x9f084e22169)> for optimization to MAGLEV, ConcurrencyMode::kConcurrent, reason: hot and stable]
[compiling method 0x09f084e31eb9 <JSFunction isEncoding (sfi = 0x9f084e22169)> (target MAGLEV), mode: ConcurrencyMode::kConcurrent]
[completed compiling 0x09f084e31eb9 <JSFunction isEncoding (sfi = 0x9f084e22169)> (target MAGLEV) - took 0.000, 0.044, 0.000 ms]
[marking 0x1f84601fa6a1 <JSFunction makeRequireFunction (sfi = 0x38ccdf436cf1)> for optimization to MAGLEV, ConcurrencyMode::kConcurrent, reason: hot and stable]
[compiling method 0x1f84601fa6a1 <JSFunction makeRequireFunction (sfi = 0x38ccdf436cf1)> (target MAGLEV), mode: ConcurrencyMode::kConcurrent]
[completed compiling 0x1f84601fa6a1 <JSFunction makeRequireFunction (sfi = 0x38ccdf436cf1)> (target MAGLEV) - took 0.000, 0.112, 0.002 ms]
[marking 0x1f84601e9ee1 <JSFunction Module.load (sfi = 0x1d52c607b3e1)> for optimization to MAGLEV, ConcurrencyMode::kConcurrent, reason: hot and stable]
[compiling method 0x1f84601e9ee1 <JSFunction Module.load (sfi = 0x1d52c607b3e1)> (target MAGLEV), mode: ConcurrencyMode::kConcurrent]
[marking 0x1f84601facd9 <JSFunction findLongestRegisteredExtension (sfi = 0x1d52c6079b41)> for optimization to MAGLEV, ConcurrencyMode::kConcurrent, reason: hot and stable]
[compiling method 0x1f84601facd9 <JSFunction findLongestRegisteredExtension (sfi = 0x1d52c6079b41)> (target MAGLEV), mode: ConcurrencyMode::kConcurrent]
[completed compiling 0x1f84601e9ee1 <JSFunction Module.load (sfi = 0x1d52c607b3e1)> (target MAGLEV) - took 0.000, 0.125, 0.004 ms]
[completed compiling 0x1f84601facd9 <JSFunction findLongestRegisteredExtension (sfi = 0x1d52c6079b41)> (target MAGLEV) - took 0.000, 0.086, 0.002 ms]
[marking 0x1f84601fb199 <JSFunction wrapSafe (sfi = 0x1d52c607a049)> for optimization to MAGLEV, ConcurrencyMode::kConcurrent, reason: hot and stable]
[compiling method 0x1f84601fb199 <JSFunction wrapSafe (sfi = 0x1d52c607a049)> (target MAGLEV), mode: ConcurrencyMode::kConcurrent]
[completed compiling 0x1f84601fb199 <JSFunction wrapSafe (sfi = 0x1d52c607a049)> (target MAGLEV) - took 0.000, 0.101, 0.001 ms]
[marking 0x1419ce648819 <JSFunction Module._compile (sfi = 0x1d52c607aac1)> for optimization to MAGLEV, ConcurrencyMode::kConcurrent, reason: hot and stable]
[marking 0x1419ce648859 <JSFunction Module._extensions..js (sfi = 0x1d52c607ab49)> for optimization to MAGLEV, ConcurrencyMode::kConcurrent, reason: hot and stable]
[compiling method 0x1419ce648859 <JSFunction Module._extensions..js (sfi = 0x1d52c607ab49)> (target MAGLEV), mode: ConcurrencyMode::kConcurrent]
[compiling method 0x1419ce648819 <JSFunction Module._compile (sfi = 0x1d52c607aac1)> (target MAGLEV), mode: ConcurrencyMode::kConcurrent]
[completed compiling 0x1419ce648859 <JSFunction Module._extensions..js (sfi = 0x1d52c607ab49)> (target MAGLEV) - took 0.000, 0.125, 0.003 ms]
[completed compiling 0x1419ce648819 <JSFunction Module._compile (sfi = 0x1d52c607aac1)> (target MAGLEV) - took 0.000, 0.171, 0.003 ms]
[marking 0x23ff347663a9 <JSFunction (sfi = 0xe4629192dc9)> for optimization to MAGLEV, ConcurrencyMode::kConcurrent, reason: hot and stable]
[compiling method 0x23ff347663a9 <JSFunction (sfi = 0xe4629192dc9)> (target MAGLEV), mode: ConcurrencyMode::kConcurrent]
[marking 0x23ff34766519 <JSFunction __importStar (sfi = 0xe46291936e1)> for optimization to MAGLEV, ConcurrencyMode::kConcurrent, reason: hot and stable]
[compiling method 0x23ff34766519 <JSFunction __importStar (sfi = 0xe46291936e1)> (target MAGLEV) OSR, mode: ConcurrencyMode::kConcurrent]
[completed compiling 0x23ff347663a9 <JSFunction (sfi = 0xe4629192dc9)> (target MAGLEV) - took 0.000, 0.152, 0.004 ms]
[completed compiling 0x23ff34766519 <JSFunction __importStar (sfi = 0xe46291936e1)> (target MAGLEV) OSR - took 0.000, 0.108, 0.001 ms]
[compiling method 0x23ff34766519 <JSFunction __importStar (sfi = 0xe46291936e1)> (target TURBOFAN_JS) OSR, mode: ConcurrencyMode::kConcurrent]
[compiling method 0x23ff34766519 <JSFunction __importStar (sfi = 0xe46291936e1)> (target MAGLEV), mode: ConcurrencyMode::kConcurrent]
[bailout (kind: deopt-eager, reason: Insufficient type feedback for generic named access): begin. deoptimizing 0x23ff347663a9 <JSFunction (sfi = 0xe4629192dc9)>, 0x2702c5d4f171 <Code MAGLEV>, opt id 152, bytecode offset 65, deopt exit 1, FP to SP delta 64, caller SP 0x00016fae6b88, pc 0x00011701c958]
[completed compiling 0x23ff34766519 <JSFunction __importStar (sfi = 0xe46291936e1)> (target MAGLEV) - took 0.000, 0.101, 0.001 ms]
[marking 0x15f70c6f0dd1 <JSFunction (sfi = 0xe46291a5221)> for optimization to MAGLEV, ConcurrencyMode::kConcurrent, reason: hot and stable]
[compiling method 0x15f70c6f0dd1 <JSFunction (sfi = 0xe46291a5221)> (target MAGLEV), mode: ConcurrencyMode::kConcurrent]
[completed compiling 0x15f70c6f0dd1 <JSFunction (sfi = 0xe46291a5221)> (target MAGLEV) - took 0.000, 0.069, 0.002 ms]
[marking 0x15f70c6f0f41 <JSFunction __importStar (sfi = 0xe46291a61d1)> for optimization to MAGLEV, ConcurrencyMode::kConcurrent, reason: hot and stable]
[compiling method 0x15f70c6f0f41 <JSFunction __importStar (sfi = 0xe46291a61d1)> (target MAGLEV) OSR, mode: ConcurrencyMode::kConcurrent]
[98890:0x71f80c000:0]      523 ms: GC: {"pause":1.508,"mutator":51.754,"gc":"s","reduce_memory":false,"time_to_safepoint":0,"stack":true,"reason":"allocation failure","collector_reason":"","start_object_size":67892608,"end_object_size":59296904,"start_memory_size":85835776,"end_memory_size":91340800,"start_holes_size":902640,"end_holes_size":1288248,"pool_local_chunks":0,"pool_shared_chunks":0,"pool_total_chunks":0,"new_space_capacity":16777216,"old_gen_allocation_limit":107840608,"global_allocation_limit":107840608,"allocation_throughput":292980,"new_space_allocation_throughput":154550,"new_space_survive_rate":16.8483,"allocated":14946376,"promoted":5119080,"new_space_survived":2826504,"nodes_died_in_new":0,"nodes_copied_in_new":0,"nodes_promoted":0,"promotion_ratio":30.514,"average_survival_ratio":59.9982,"promotion_rate":99.411,"during_sweeping":false,"heap.prologue":0,"heap.epilogue":0.001,"heap.external.prologue":0,"heap.external.epilogue":0,"heap.external_weak_global_handles":0,"complete.sweep_array_buffers":0,"scavenge":1.487,"scavenge.free_remembered_set":0.011,"scavenge.roots":0.048,"scavenge.weak":0,"scavenge.weak_global_handles.identify":0,"scavenge.weak_global_handles.process":0.001,"scavenge.parallel":1.366,"scavenge.pin_objects_conservative":0,"scavenge.pin_objects_precise":0,"scavenge.restore_pinned":0.003,"scavenge.sweep_array_buffers":0.003,"scavenge.resize_new_space":0,"background.scavenge.parallel":1.385,"incremental.steps_count":0,"incremental.steps_took":0,"scavenge_throughput":8.1535e+06,"quarantined_size":0,"quarantined_pages":0}
[completed compiling 0x3ee511800e11 <JSFunction __importStar (sfi = 0xe46291a61d1)> (target MAGLEV) OSR - took 0.000, 1.638, 0.002 ms]
[completed compiling 0x3ee51181b1d9 <JSFunction __importStar (sfi = 0xe46291936e1)> (target TURBOFAN_JS) OSR - took 0.002, 2.619, 0.013 ms]
[completed optimizing 0x3ee51181b1d9 <JSFunction __importStar (sfi = 0xe46291936e1)> (target TURBOFAN_JS) OSR]
[compiling method 0x3ee511800e11 <JSFunction __importStar (sfi = 0xe46291a61d1)> (target TURBOFAN_JS) OSR, mode: ConcurrencyMode::kConcurrent]
[bailout (kind: deopt-eager, reason: Insufficient type feedback for call): begin. deoptimizing 0x3ee511800e11 <JSFunction __importStar (sfi = 0xe46291a61d1)>, 0x13a538e7b9c9 <Code MAGLEV>, opt id 157, bytecode offset 90, deopt exit 11, FP to SP delta 112, caller SP 0x00016fae6790, pc 0x00011701ee00]
[completed compiling 0x3ee511800e11 <JSFunction __importStar (sfi = 0xe46291a61d1)> (target TURBOFAN_JS) OSR - took 0.002, 1.228, 0.012 ms]
[completed optimizing 0x3ee511800e11 <JSFunction __importStar (sfi = 0xe46291a61d1)> (target TURBOFAN_JS) OSR]
[marking 0x27cb2ee98391 <JSFunction (sfi = 0x7c8961365d1)> for optimization to MAGLEV, ConcurrencyMode::kConcurrent, reason: hot and stable]
[compiling method 0x27cb2ee98391 <JSFunction (sfi = 0x7c8961365d1)> (target MAGLEV), mode: ConcurrencyMode::kConcurrent]
[marking 0x27cb2ee98501 <JSFunction __importStar (sfi = 0x7c896137001)> for optimization to MAGLEV, ConcurrencyMode::kConcurrent, reason: hot and stable]
[completed compiling 0x27cb2ee98391 <JSFunction (sfi = 0x7c8961365d1)> (target MAGLEV) - took 0.000, 0.095, 0.002 ms]
[compiling method 0x27cb2ee98501 <JSFunction __importStar (sfi = 0x7c896137001)> (target MAGLEV) OSR, mode: ConcurrencyMode::kConcurrent]
[completed compiling 0x27cb2ee98501 <JSFunction __importStar (sfi = 0x7c896137001)> (target MAGLEV) OSR - took 0.000, 0.085, 0.000 ms]
[compiling method 0x27cb2ee98501 <JSFunction __importStar (sfi = 0x7c896137001)> (target TURBOFAN_JS) OSR, mode: ConcurrencyMode::kConcurrent]
[bailout (kind: deopt-eager, reason: Insufficient type feedback for call): begin. deoptimizing 0x27cb2ee98501 <JSFunction __importStar (sfi = 0x7c896137001)>, 0x0abfaa3ce3c1 <Code MAGLEV>, opt id 160, bytecode offset 90, deopt exit 11, FP to SP delta 112, caller SP 0x00016fae6380, pc 0x000116eaa600]
[marking 0x1f79840f8611 <JSFunction (sfi = 0xe46291bf551)> for optimization to MAGLEV, ConcurrencyMode::kConcurrent, reason: hot and stable]
[compiling method 0x1f79840f8611 <JSFunction (sfi = 0xe46291bf551)> (target MAGLEV), mode: ConcurrencyMode::kConcurrent]
[marking 0x1f79840f8781 <JSFunction __importStar (sfi = 0xe46291bfe81)> for optimization to MAGLEV, ConcurrencyMode::kConcurrent, reason: hot and stable]
[compiling method 0x1f79840f8781 <JSFunction __importStar (sfi = 0xe46291bfe81)> (target MAGLEV) OSR, mode: ConcurrencyMode::kConcurrent]
[completed compiling 0x1f79840f8611 <JSFunction (sfi = 0xe46291bf551)> (target MAGLEV) - took 0.000, 0.169, 0.005 ms]
[completed compiling 0x27cb2ee98501 <JSFunction __importStar (sfi = 0x7c896137001)> (target TURBOFAN_JS) OSR - took 0.001, 1.427, 0.010 ms]
[completed optimizing 0x27cb2ee98501 <JSFunction __importStar (sfi = 0x7c896137001)> (target TURBOFAN_JS) OSR]
[completed compiling 0x1f79840f8781 <JSFunction __importStar (sfi = 0xe46291bfe81)> (target MAGLEV) OSR - took 0.000, 0.136, 0.000 ms]
[compiling method 0x1f79840f8781 <JSFunction __importStar (sfi = 0xe46291bfe81)> (target TURBOFAN_JS) OSR, mode: ConcurrencyMode::kConcurrent]
[bailout (kind: deopt-eager, reason: Insufficient type feedback for call): begin. deoptimizing 0x1f79840f8781 <JSFunction __importStar (sfi = 0xe46291bfe81)>, 0x2702c5d4fcd1 <Code MAGLEV>, opt id 163, bytecode offset 90, deopt exit 11, FP to SP delta 112, caller SP 0x00016fae6370, pc 0x000116eab8c0]
[marking 0x3c5a261f4509 <JSFunction (sfi = 0x9952c53a4f9)> for optimization to MAGLEV, ConcurrencyMode::kConcurrent, reason: hot and stable]
[compiling method 0x3c5a261f4509 <JSFunction (sfi = 0x9952c53a4f9)> (target MAGLEV), mode: ConcurrencyMode::kConcurrent]
[marking 0x3c5a261f4679 <JSFunction __importStar (sfi = 0x9952c53acb9)> for optimization to MAGLEV, ConcurrencyMode::kConcurrent, reason: hot and stable]
[completed compiling 0x3c5a261f4509 <JSFunction (sfi = 0x9952c53a4f9)> (target MAGLEV) - took 0.001, 0.133, 0.005 ms]
[compiling method 0x3c5a261f4679 <JSFunction __importStar (sfi = 0x9952c53acb9)> (target MAGLEV) OSR, mode: ConcurrencyMode::kConcurrent]
[completed compiling 0x1f79840f8781 <JSFunction __importStar (sfi = 0xe46291bfe81)> (target TURBOFAN_JS) OSR - took 0.003, 1.450, 0.039 ms]
[completed optimizing 0x1f79840f8781 <JSFunction __importStar (sfi = 0xe46291bfe81)> (target TURBOFAN_JS) OSR]
[completed compiling 0x3c5a261f4679 <JSFunction __importStar (sfi = 0x9952c53acb9)> (target MAGLEV) OSR - took 0.000, 0.124, 0.002 ms]
[compiling method 0x3c5a261f4679 <JSFunction __importStar (sfi = 0x9952c53acb9)> (target TURBOFAN_JS) OSR, mode: ConcurrencyMode::kConcurrent]
[bailout (kind: deopt-eager, reason: Insufficient type feedback for call): begin. deoptimizing 0x3c5a261f4679 <JSFunction __importStar (sfi = 0x9952c53acb9)>, 0x2702c5d50831 <Code MAGLEV>, opt id 166, bytecode offset 90, deopt exit 11, FP to SP delta 112, caller SP 0x00016fae5f80, pc 0x000116eacb80]
[marking 0x303435aae1d1 <JSFunction (sfi = 0x2af59ab15fc1)> for optimization to MAGLEV, ConcurrencyMode::kConcurrent, reason: hot and stable]
[compiling method 0x303435aae1d1 <JSFunction (sfi = 0x2af59ab15fc1)> (target MAGLEV), mode: ConcurrencyMode::kConcurrent]
[marking 0x303435aae341 <JSFunction __importStar (sfi = 0x2af59ab17291)> for optimization to MAGLEV, ConcurrencyMode::kConcurrent, reason: hot and stable]
[completed compiling 0x303435aae1d1 <JSFunction (sfi = 0x2af59ab15fc1)> (target MAGLEV) - took 0.000, 0.116, 0.003 ms]
[compiling method 0x303435aae341 <JSFunction __importStar (sfi = 0x2af59ab17291)> (target MAGLEV) OSR, mode: ConcurrencyMode::kConcurrent]
[completed compiling 0x303435aae341 <JSFunction __importStar (sfi = 0x2af59ab17291)> (target MAGLEV) OSR - took 0.000, 0.103, 0.002 ms]
[compiling method 0x303435aae341 <JSFunction __importStar (sfi = 0x2af59ab17291)> (target TURBOFAN_JS) OSR, mode: ConcurrencyMode::kConcurrent]
[bailout (kind: deopt-eager, reason: Insufficient type feedback for call): begin. deoptimizing 0x303435aae341 <JSFunction __importStar (sfi = 0x2af59ab17291)>, 0x2702c5d51391 <Code MAGLEV>, opt id 169, bytecode offset 90, deopt exit 11, FP to SP delta 112, caller SP 0x00016fae5b20, pc 0x000116eade40]
[completed compiling 0x3c5a261f4679 <JSFunction __importStar (sfi = 0x9952c53acb9)> (target TURBOFAN_JS) OSR - took 0.002, 1.492, 0.008 ms]
[completed optimizing 0x3c5a261f4679 <JSFunction __importStar (sfi = 0x9952c53acb9)> (target TURBOFAN_JS) OSR]
[marking 0x06b3a8778749 <JSFunction (sfi = 0x2af59ab28761)> for optimization to MAGLEV, ConcurrencyMode::kConcurrent, reason: hot and stable]
[compiling method 0x06b3a8778749 <JSFunction (sfi = 0x2af59ab28761)> (target MAGLEV), mode: ConcurrencyMode::kConcurrent]
[marking 0x06b3a87788b9 <JSFunction __importStar (sfi = 0x2af59ab29049)> for optimization to MAGLEV, ConcurrencyMode::kConcurrent, reason: hot and stable]
[completed compiling 0x06b3a8778749 <JSFunction (sfi = 0x2af59ab28761)> (target MAGLEV) - took 0.000, 0.091, 0.002 ms]
[compiling method 0x06b3a87788b9 <JSFunction __importStar (sfi = 0x2af59ab29049)> (target MAGLEV) OSR, mode: ConcurrencyMode::kConcurrent]
[completed compiling 0x303435aae341 <JSFunction __importStar (sfi = 0x2af59ab17291)> (target TURBOFAN_JS) OSR - took 0.001, 1.166, 0.008 ms]
[completed optimizing 0x303435aae341 <JSFunction __importStar (sfi = 0x2af59ab17291)> (target TURBOFAN_JS) OSR]
[completed compiling 0x06b3a87788b9 <JSFunction __importStar (sfi = 0x2af59ab29049)> (target MAGLEV) OSR - took 0.000, 0.082, 0.001 ms]
[compiling method 0x06b3a87788b9 <JSFunction __importStar (sfi = 0x2af59ab29049)> (target TURBOFAN_JS) OSR, mode: ConcurrencyMode::kConcurrent]
[bailout (kind: deopt-eager, reason: Insufficient type feedback for call): begin. deoptimizing 0x06b3a87788b9 <JSFunction __importStar (sfi = 0x2af59ab29049)>, 0x2702c5d51ef1 <Code MAGLEV>, opt id 172, bytecode offset 90, deopt exit 11, FP to SP delta 112, caller SP 0x00016fae5f50, pc 0x000116eaf100]
[marking 0x1f84601fac59 <JSFunction tryFile (sfi = 0x1d52c6079ab1)> for optimization to MAGLEV, ConcurrencyMode::kConcurrent, reason: hot and stable]
[compiling method 0x1f84601fac59 <JSFunction tryFile (sfi = 0x1d52c6079ab1)> (target MAGLEV), mode: ConcurrencyMode::kConcurrent]
[completed compiling 0x1f84601fac59 <JSFunction tryFile (sfi = 0x1d52c6079ab1)> (target MAGLEV) - took 0.000, 0.057, 0.000 ms]
[marking 0x2a3d28d790d1 <JSFunction (sfi = 0x2af59ab391b9)> for optimization to MAGLEV, ConcurrencyMode::kConcurrent, reason: hot and stable]
[compiling method 0x2a3d28d790d1 <JSFunction (sfi = 0x2af59ab391b9)> (target MAGLEV), mode: ConcurrencyMode::kConcurrent]
[marking 0x2a3d28d79241 <JSFunction __importStar (sfi = 0x2af59ab399b9)> for optimization to MAGLEV, ConcurrencyMode::kConcurrent, reason: hot and stable]
[completed compiling 0x2a3d28d790d1 <JSFunction (sfi = 0x2af59ab391b9)> (target MAGLEV) - took 0.000, 0.071, 0.002 ms]
[compiling method 0x2a3d28d79241 <JSFunction __importStar (sfi = 0x2af59ab399b9)> (target MAGLEV) OSR, mode: ConcurrencyMode::kConcurrent]
[completed compiling 0x2a3d28d79241 <JSFunction __importStar (sfi = 0x2af59ab399b9)> (target MAGLEV) OSR - took 0.000, 0.078, 0.000 ms]
[compiling method 0x2a3d28d79241 <JSFunction __importStar (sfi = 0x2af59ab399b9)> (target TURBOFAN_JS) OSR, mode: ConcurrencyMode::kConcurrent]
[bailout (kind: deopt-eager, reason: Insufficient type feedback for call): begin. deoptimizing 0x2a3d28d79241 <JSFunction __importStar (sfi = 0x2af59ab399b9)>, 0x2702c5d52fa1 <Code MAGLEV>, opt id 176, bytecode offset 90, deopt exit 11, FP to SP delta 112, caller SP 0x00016fae5b50, pc 0x000116eb0f40]
[completed compiling 0x06b3a87788b9 <JSFunction __importStar (sfi = 0x2af59ab29049)> (target TURBOFAN_JS) OSR - took 0.001, 1.175, 0.006 ms]
[completed optimizing 0x06b3a87788b9 <JSFunction __importStar (sfi = 0x2af59ab29049)> (target TURBOFAN_JS) OSR]
[marking 0x260337278b31 <JSFunction (sfi = 0x309f00f89f91)> for optimization to MAGLEV, ConcurrencyMode::kConcurrent, reason: hot and stable]
[compiling method 0x260337278b31 <JSFunction (sfi = 0x309f00f89f91)> (target MAGLEV), mode: ConcurrencyMode::kConcurrent]
[marking 0x260337278ca1 <JSFunction __importStar (sfi = 0x309f00f8ab71)> for optimization to MAGLEV, ConcurrencyMode::kConcurrent, reason: hot and stable]
[completed compiling 0x260337278b31 <JSFunction (sfi = 0x309f00f89f91)> (target MAGLEV) - took 0.000, 0.066, 0.001 ms]
[compiling method 0x260337278ca1 <JSFunction __importStar (sfi = 0x309f00f8ab71)> (target MAGLEV) OSR, mode: ConcurrencyMode::kConcurrent]
[completed compiling 0x260337278ca1 <JSFunction __importStar (sfi = 0x309f00f8ab71)> (target MAGLEV) OSR - took 0.000, 0.068, 0.000 ms]
[compiling method 0x260337278ca1 <JSFunction __importStar (sfi = 0x309f00f8ab71)> (target TURBOFAN_JS) OSR, mode: ConcurrencyMode::kConcurrent]
[bailout (kind: deopt-eager, reason: Insufficient type feedback for call): begin. deoptimizing 0x260337278ca1 <JSFunction __importStar (sfi = 0x309f00f8ab71)>, 0x2702c5d53b01 <Code MAGLEV>, opt id 179, bytecode offset 90, deopt exit 11, FP to SP delta 112, caller SP 0x00016fae5f10, pc 0x000116eb2200]
[completed compiling 0x2a3d28d79241 <JSFunction __importStar (sfi = 0x2af59ab399b9)> (target TURBOFAN_JS) OSR - took 0.001, 1.187, 0.011 ms]
[completed optimizing 0x2a3d28d79241 <JSFunction __importStar (sfi = 0x2af59ab399b9)> (target TURBOFAN_JS) OSR]
[marking 0x34b57c97a751 <JSFunction (sfi = 0x309f00f9ab91)> for optimization to MAGLEV, ConcurrencyMode::kConcurrent, reason: hot and stable]
[compiling method 0x34b57c97a751 <JSFunction (sfi = 0x309f00f9ab91)> (target MAGLEV), mode: ConcurrencyMode::kConcurrent]
[marking 0x34b57c97a8c1 <JSFunction __importStar (sfi = 0x309f00f9b019)> for optimization to MAGLEV, ConcurrencyMode::kConcurrent, reason: hot and stable]
[completed compiling 0x34b57c97a751 <JSFunction (sfi = 0x309f00f9ab91)> (target MAGLEV) - took 0.000, 0.069, 0.002 ms]
[compiling method 0x34b57c97a8c1 <JSFunction __importStar (sfi = 0x309f00f9b019)> (target MAGLEV) OSR, mode: ConcurrencyMode::kConcurrent]
[completed compiling 0x34b57c97a8c1 <JSFunction __importStar (sfi = 0x309f00f9b019)> (target MAGLEV) OSR - took 0.000, 0.072, 0.001 ms]
[compiling method 0x34b57c97a8c1 <JSFunction __importStar (sfi = 0x309f00f9b019)> (target TURBOFAN_JS) OSR, mode: ConcurrencyMode::kConcurrent]
[bailout (kind: deopt-eager, reason: Insufficient type feedback for call): begin. deoptimizing 0x34b57c97a8c1 <JSFunction __importStar (sfi = 0x309f00f9b019)>, 0x2702c5d54661 <Code MAGLEV>, opt id 182, bytecode offset 90, deopt exit 11, FP to SP delta 112, caller SP 0x00016fae5b50, pc 0x000116eb34c0]
[completed compiling 0x260337278ca1 <JSFunction __importStar (sfi = 0x309f00f8ab71)> (target TURBOFAN_JS) OSR - took 0.001, 1.031, 0.006 ms]
[completed optimizing 0x260337278ca1 <JSFunction __importStar (sfi = 0x309f00f8ab71)> (target TURBOFAN_JS) OSR]
[marking 0x1b904ab70ce9 <JSFunction (sfi = 0x309f00faa441)> for optimization to MAGLEV, ConcurrencyMode::kConcurrent, reason: hot and stable]
[compiling method 0x1b904ab70ce9 <JSFunction (sfi = 0x309f00faa441)> (target MAGLEV), mode: ConcurrencyMode::kConcurrent]
[marking 0x1b904ab70e59 <JSFunction __importStar (sfi = 0x309f00faa871)> for optimization to MAGLEV, ConcurrencyMode::kConcurrent, reason: hot and stable]
[completed compiling 0x1b904ab70ce9 <JSFunction (sfi = 0x309f00faa441)> (target MAGLEV) - took 0.000, 0.065, 0.002 ms]
[compiling method 0x1b904ab70e59 <JSFunction __importStar (sfi = 0x309f00faa871)> (target MAGLEV) OSR, mode: ConcurrencyMode::kConcurrent]
[completed compiling 0x1b904ab70e59 <JSFunction __importStar (sfi = 0x309f00faa871)> (target MAGLEV) OSR - took 0.000, 0.067, 0.001 ms]
[compiling method 0x1b904ab70e59 <JSFunction __importStar (sfi = 0x309f00faa871)> (target TURBOFAN_JS) OSR, mode: ConcurrencyMode::kConcurrent]
[bailout (kind: deopt-eager, reason: Insufficient type feedback for call): begin. deoptimizing 0x1b904ab70e59 <JSFunction __importStar (sfi = 0x309f00faa871)>, 0x2702c5d551c1 <Code MAGLEV>, opt id 185, bytecode offset 90, deopt exit 11, FP to SP delta 112, caller SP 0x00016fae63e0, pc 0x000116eb4780]
[completed compiling 0x34b57c97a8c1 <JSFunction __importStar (sfi = 0x309f00f9b019)> (target TURBOFAN_JS) OSR - took 0.000, 1.056, 0.004 ms]
[completed optimizing 0x34b57c97a8c1 <JSFunction __importStar (sfi = 0x309f00f9b019)> (target TURBOFAN_JS) OSR]
[marking 0x12f8349f83a9 <JSFunction (sfi = 0x309f00fbc3b9)> for optimization to MAGLEV, ConcurrencyMode::kConcurrent, reason: hot and stable]
[compiling method 0x12f8349f83a9 <JSFunction (sfi = 0x309f00fbc3b9)> (target MAGLEV), mode: ConcurrencyMode::kConcurrent]
[marking 0x12f8349f8519 <JSFunction __importStar (sfi = 0x309f00fbcb61)> for optimization to MAGLEV, ConcurrencyMode::kConcurrent, reason: hot and stable]
[completed compiling 0x12f8349f83a9 <JSFunction (sfi = 0x309f00fbc3b9)> (target MAGLEV) - took 0.000, 0.082, 0.001 ms]
[compiling method 0x12f8349f8519 <JSFunction __importStar (sfi = 0x309f00fbcb61)> (target MAGLEV) OSR, mode: ConcurrencyMode::kConcurrent]
[completed compiling 0x12f8349f8519 <JSFunction __importStar (sfi = 0x309f00fbcb61)> (target MAGLEV) OSR - took 0.000, 0.067, 0.000 ms]
[compiling method 0x12f8349f8519 <JSFunction __importStar (sfi = 0x309f00fbcb61)> (target TURBOFAN_JS) OSR, mode: ConcurrencyMode::kConcurrent]
[bailout (kind: deopt-eager, reason: Insufficient type feedback for call): begin. deoptimizing 0x12f8349f8519 <JSFunction __importStar (sfi = 0x309f00fbcb61)>, 0x2702c5d55d21 <Code MAGLEV>, opt id 188, bytecode offset 90, deopt exit 11, FP to SP delta 112, caller SP 0x00016fae63b0, pc 0x000116eb5a40]
[completed compiling 0x1b904ab70e59 <JSFunction __importStar (sfi = 0x309f00faa871)> (target TURBOFAN_JS) OSR - took 0.001, 0.985, 0.005 ms]
[completed optimizing 0x1b904ab70e59 <JSFunction __importStar (sfi = 0x309f00faa871)> (target TURBOFAN_JS) OSR]
[marking 0x24a01f236cf1 <JSFunction (sfi = 0x31574ec0cca9)> for optimization to MAGLEV, ConcurrencyMode::kConcurrent, reason: hot and stable]
[compiling method 0x24a01f236cf1 <JSFunction (sfi = 0x31574ec0cca9)> (target MAGLEV), mode: ConcurrencyMode::kConcurrent]
[marking 0x24a01f236e61 <JSFunction __importStar (sfi = 0x31574ec0d289)> for optimization to MAGLEV, ConcurrencyMode::kConcurrent, reason: hot and stable]
[compiling method 0x24a01f236e61 <JSFunction __importStar (sfi = 0x31574ec0d289)> (target MAGLEV) OSR, mode: ConcurrencyMode::kConcurrent]
[completed compiling 0x24a01f236cf1 <JSFunction (sfi = 0x31574ec0cca9)> (target MAGLEV) - took 0.000, 0.112, 0.003 ms]
[completed compiling 0x12f8349f8519 <JSFunction __importStar (sfi = 0x309f00fbcb61)> (target TURBOFAN_JS) OSR - took 0.000, 1.547, 0.013 ms]
[completed optimizing 0x12f8349f8519 <JSFunction __importStar (sfi = 0x309f00fbcb61)> (target TURBOFAN_JS) OSR]
[completed compiling 0x24a01f236e61 <JSFunction __importStar (sfi = 0x31574ec0d289)> (target MAGLEV) OSR - took 0.000, 0.130, 0.001 ms]
[compiling method 0x24a01f236e61 <JSFunction __importStar (sfi = 0x31574ec0d289)> (target TURBOFAN_JS) OSR, mode: ConcurrencyMode::kConcurrent]
[bailout (kind: deopt-eager, reason: Insufficient type feedback for call): begin. deoptimizing 0x24a01f236e61 <JSFunction __importStar (sfi = 0x31574ec0d289)>, 0x2702c5d56881 <Code MAGLEV>, opt id 191, bytecode offset 90, deopt exit 11, FP to SP delta 112, caller SP 0x00016fae6850, pc 0x000116eb6d00]
[marking 0x3430c4743a29 <JSFunction (sfi = 0x31574ec1d0e9)> for optimization to MAGLEV, ConcurrencyMode::kConcurrent, reason: hot and stable]
[compiling method 0x3430c4743a29 <JSFunction (sfi = 0x31574ec1d0e9)> (target MAGLEV), mode: ConcurrencyMode::kConcurrent]
[marking 0x3430c4743b99 <JSFunction __importStar (sfi = 0x31574ec1d769)> for optimization to MAGLEV, ConcurrencyMode::kConcurrent, reason: hot and stable]
[completed compiling 0x3430c4743a29 <JSFunction (sfi = 0x31574ec1d0e9)> (target MAGLEV) - took 0.001, 0.126, 0.004 ms]
[compiling method 0x3430c4743b99 <JSFunction __importStar (sfi = 0x31574ec1d769)> (target MAGLEV) OSR, mode: ConcurrencyMode::kConcurrent]
[completed compiling 0x24a01f236e61 <JSFunction __importStar (sfi = 0x31574ec0d289)> (target TURBOFAN_JS) OSR - took 0.002, 1.528, 0.013 ms]
[completed optimizing 0x24a01f236e61 <JSFunction __importStar (sfi = 0x31574ec0d289)> (target TURBOFAN_JS) OSR]
[completed compiling 0x3430c4743b99 <JSFunction __importStar (sfi = 0x31574ec1d769)> (target MAGLEV) OSR - took 0.000, 0.143, 0.002 ms]
[compiling method 0x3430c4743b99 <JSFunction __importStar (sfi = 0x31574ec1d769)> (target TURBOFAN_JS) OSR, mode: ConcurrencyMode::kConcurrent]
[bailout (kind: deopt-eager, reason: Insufficient type feedback for call): begin. deoptimizing 0x3430c4743b99 <JSFunction __importStar (sfi = 0x31574ec1d769)>, 0x2702c5d573e1 <Code MAGLEV>, opt id 194, bytecode offset 90, deopt exit 11, FP to SP delta 112, caller SP 0x00016fae6460, pc 0x000116eb7fc0]
[marking 0x1cab96e0bbf9 <JSFunction (sfi = 0x31574ec2e5c1)> for optimization to MAGLEV, ConcurrencyMode::kConcurrent, reason: hot and stable]
[compiling method 0x1cab96e0bbf9 <JSFunction (sfi = 0x31574ec2e5c1)> (target MAGLEV), mode: ConcurrencyMode::kConcurrent]
[98890:0x71f80c000:0]      541 ms: GC: {"pause":1.093,"mutator":16.813,"gc":"s","reduce_memory":false,"time_to_safepoint":0,"stack":true,"reason":"allocation failure","collector_reason":"","start_object_size":74168560,"end_object_size":65654040,"start_memory_size":92127232,"end_memory_size":95010816,"start_holes_size":917760,"end_holes_size":1044968,"pool_local_chunks":0,"pool_shared_chunks":0,"pool_total_chunks":0,"new_space_capacity":33554432,"old_gen_allocation_limit":107840608,"global_allocation_limit":107840608,"allocation_throughput":391537,"new_space_allocation_throughput":227277,"new_space_survive_rate":29.9866,"allocated":14871656,"promoted":2756200,"new_space_survived":5030616,"nodes_died_in_new":0,"nodes_copied_in_new":0,"nodes_promoted":0,"promotion_ratio":16.4292,"average_survival_ratio":57.3759,"promotion_rate":97.5127,"during_sweeping":false,"heap.prologue":0,"heap.epilogue":0,"heap.external.prologue":0,"heap.external.epilogue":0,"heap.external_weak_global_handles":0,"complete.sweep_array_buffers":0,"scavenge":1.071,"scavenge.free_remembered_set":0.014,"scavenge.roots":0.033,"scavenge.weak":0,"scavenge.weak_global_handles.identify":0,"scavenge.weak_global_handles.process":0,"scavenge.parallel":0.949,"scavenge.pin_objects_conservative":0,"scavenge.pin_objects_precise":0,"scavenge.restore_pinned":0.004,"scavenge.sweep_array_buffers":0.003,"scavenge.resize_new_space":0.001,"background.scavenge.parallel":1.96,"incremental.steps_count":0,"incremental.steps_took":0,"scavenge_throughput":8.3243e+06,"quarantined_size":0,"quarantined_pages":0}
[marking 0x0a376e788161 <JSFunction __importStar (sfi = 0x31574ec2f489)> for optimization to MAGLEV, ConcurrencyMode::kConcurrent, reason: hot and stable]
[completed compiling 0x0a376e799a31 <JSFunction __importStar (sfi = 0x31574ec1d769)> (target TURBOFAN_JS) OSR - took 0.001, 2.142, 0.010 ms]
[completed optimizing 0x0a376e799a31 <JSFunction __importStar (sfi = 0x31574ec1d769)> (target TURBOFAN_JS) OSR]
[completed compiling 0x0a376e7880d1 <JSFunction (sfi = 0x31574ec2e5c1)> (target MAGLEV) - took 0.000, 1.264, 0.003 ms]
[compiling method 0x0a376e788161 <JSFunction __importStar (sfi = 0x31574ec2f489)> (target MAGLEV) OSR, mode: ConcurrencyMode::kConcurrent]
[completed compiling 0x0a376e788161 <JSFunction __importStar (sfi = 0x31574ec2f489)> (target MAGLEV) OSR - took 0.000, 0.100, 0.001 ms]
[compiling method 0x0a376e788161 <JSFunction __importStar (sfi = 0x31574ec2f489)> (target TURBOFAN_JS) OSR, mode: ConcurrencyMode::kConcurrent]
[marking 0x3c60a495eab1 <JSFunction (sfi = 0x12f167789171)> for optimization to MAGLEV, ConcurrencyMode::kConcurrent, reason: hot and stable]
[compiling method 0x3c60a495eab1 <JSFunction (sfi = 0x12f167789171)> (target MAGLEV), mode: ConcurrencyMode::kConcurrent]
[marking 0x3c60a495ec21 <JSFunction __importStar (sfi = 0x12f167789849)> for optimization to MAGLEV, ConcurrencyMode::kConcurrent, reason: hot and stable]
[completed compiling 0x3c60a495eab1 <JSFunction (sfi = 0x12f167789171)> (target MAGLEV) - took 0.000, 0.074, 0.002 ms]
[compiling method 0x3c60a495ec21 <JSFunction __importStar (sfi = 0x12f167789849)> (target MAGLEV) OSR, mode: ConcurrencyMode::kConcurrent]
[completed compiling 0x3c60a495ec21 <JSFunction __importStar (sfi = 0x12f167789849)> (target MAGLEV) OSR - took 0.000, 0.100, 0.001 ms]
[completed compiling 0x0a376e788161 <JSFunction __importStar (sfi = 0x31574ec2f489)> (target TURBOFAN_JS) OSR - took 0.001, 0.931, 0.009 ms]
[completed optimizing 0x0a376e788161 <JSFunction __importStar (sfi = 0x31574ec2f489)> (target TURBOFAN_JS) OSR]
[compiling method 0x3c60a495ec21 <JSFunction __importStar (sfi = 0x12f167789849)> (target TURBOFAN_JS) OSR, mode: ConcurrencyMode::kConcurrent]
[bailout (kind: deopt-eager, reason: Insufficient type feedback for call): begin. deoptimizing 0x3c60a495ec21 <JSFunction __importStar (sfi = 0x12f167789849)>, 0x2702c5d58b39 <Code MAGLEV>, opt id 200, bytecode offset 90, deopt exit 11, FP to SP delta 112, caller SP 0x00016fae63a0, pc 0x00011702ac00]
[marking 0x34e8a4a5da39 <JSFunction (sfi = 0x12f1677988e9)> for optimization to MAGLEV, ConcurrencyMode::kConcurrent, reason: hot and stable]
[compiling method 0x34e8a4a5da39 <JSFunction (sfi = 0x12f1677988e9)> (target MAGLEV), mode: ConcurrencyMode::kConcurrent]
[completed compiling 0x34e8a4a5da39 <JSFunction (sfi = 0x12f1677988e9)> (target MAGLEV) - took 0.000, 0.056, 0.001 ms]
[marking 0x34e8a4a5dba9 <JSFunction __importStar (sfi = 0x12f1677990f1)> for optimization to MAGLEV, ConcurrencyMode::kConcurrent, reason: hot and stable]
[compiling method 0x34e8a4a5dba9 <JSFunction __importStar (sfi = 0x12f1677990f1)> (target MAGLEV) OSR, mode: ConcurrencyMode::kConcurrent]
[completed compiling 0x34e8a4a5dba9 <JSFunction __importStar (sfi = 0x12f1677990f1)> (target MAGLEV) OSR - took 0.000, 0.070, 0.001 ms]
[compiling method 0x34e8a4a5dba9 <JSFunction __importStar (sfi = 0x12f1677990f1)> (target TURBOFAN_JS) OSR, mode: ConcurrencyMode::kConcurrent]
[bailout (kind: deopt-eager, reason: Insufficient type feedback for call): begin. deoptimizing 0x34e8a4a5dba9 <JSFunction __importStar (sfi = 0x12f1677990f1)>, 0x2702c5d59699 <Code MAGLEV>, opt id 203, bytecode offset 90, deopt exit 11, FP to SP delta 112, caller SP 0x00016fae6380, pc 0x00011702bec0]
[completed compiling 0x3c60a495ec21 <JSFunction __importStar (sfi = 0x12f167789849)> (target TURBOFAN_JS) OSR - took 0.001, 1.049, 0.006 ms]
[completed optimizing 0x3c60a495ec21 <JSFunction __importStar (sfi = 0x12f167789849)> (target TURBOFAN_JS) OSR]
[marking 0x04ae670a8769 <JSFunction (sfi = 0x12f1677a9541)> for optimization to MAGLEV, ConcurrencyMode::kConcurrent, reason: hot and stable]
[compiling method 0x04ae670a8769 <JSFunction (sfi = 0x12f1677a9541)> (target MAGLEV), mode: ConcurrencyMode::kConcurrent]
[marking 0x04ae670a88d9 <JSFunction __importStar (sfi = 0x12f1677a9c81)> for optimization to MAGLEV, ConcurrencyMode::kConcurrent, reason: hot and stable]
[completed compiling 0x04ae670a8769 <JSFunction (sfi = 0x12f1677a9541)> (target MAGLEV) - took 0.000, 0.078, 0.001 ms]
[compiling method 0x04ae670a88d9 <JSFunction __importStar (sfi = 0x12f1677a9c81)> (target MAGLEV) OSR, mode: ConcurrencyMode::kConcurrent]
[completed compiling 0x04ae670a88d9 <JSFunction __importStar (sfi = 0x12f1677a9c81)> (target MAGLEV) OSR - took 0.000, 0.069, 0.000 ms]
[compiling method 0x04ae670a88d9 <JSFunction __importStar (sfi = 0x12f1677a9c81)> (target TURBOFAN_JS) OSR, mode: ConcurrencyMode::kConcurrent]
[bailout (kind: deopt-eager, reason: Insufficient type feedback for call): begin. deoptimizing 0x04ae670a88d9 <JSFunction __importStar (sfi = 0x12f1677a9c81)>, 0x2702c5d5a1f9 <Code MAGLEV>, opt id 206, bytecode offset 90, deopt exit 11, FP to SP delta 112, caller SP 0x00016fae6830, pc 0x00011702d180]
[completed compiling 0x34e8a4a5dba9 <JSFunction __importStar (sfi = 0x12f1677990f1)> (target TURBOFAN_JS) OSR - took 0.001, 1.128, 0.005 ms]
[completed optimizing 0x34e8a4a5dba9 <JSFunction __importStar (sfi = 0x12f1677990f1)> (target TURBOFAN_JS) OSR]
[marking 0x04983c276609 <JSFunction (sfi = 0x12f1677b8dd9)> for optimization to MAGLEV, ConcurrencyMode::kConcurrent, reason: hot and stable]
[compiling method 0x04983c276609 <JSFunction (sfi = 0x12f1677b8dd9)> (target MAGLEV), mode: ConcurrencyMode::kConcurrent]
[marking 0x04983c276779 <JSFunction __importStar (sfi = 0x12f1677b9391)> for optimization to MAGLEV, ConcurrencyMode::kConcurrent, reason: hot and stable]
[completed compiling 0x04983c276609 <JSFunction (sfi = 0x12f1677b8dd9)> (target MAGLEV) - took 0.000, 0.063, 0.002 ms]
[compiling method 0x04983c276779 <JSFunction __importStar (sfi = 0x12f1677b9391)> (target MAGLEV) OSR, mode: ConcurrencyMode::kConcurrent]
[completed compiling 0x04983c276779 <JSFunction __importStar (sfi = 0x12f1677b9391)> (target MAGLEV) OSR - took 0.000, 0.071, 0.001 ms]
[compiling method 0x04983c276779 <JSFunction __importStar (sfi = 0x12f1677b9391)> (target TURBOFAN_JS) OSR, mode: ConcurrencyMode::kConcurrent]
[completed compiling 0x04ae670a88d9 <JSFunction __importStar (sfi = 0x12f1677a9c81)> (target TURBOFAN_JS) OSR - took 0.001, 1.030, 0.004 ms]
[completed optimizing 0x04ae670a88d9 <JSFunction __importStar (sfi = 0x12f1677a9c81)> (target TURBOFAN_JS) OSR]
[marking 0x3701ae6b8e09 <JSFunction (sfi = 0x30ce63fb4381)> for optimization to MAGLEV, ConcurrencyMode::kConcurrent, reason: hot and stable]
[compiling method 0x3701ae6b8e09 <JSFunction (sfi = 0x30ce63fb4381)> (target MAGLEV), mode: ConcurrencyMode::kConcurrent]
[marking 0x3701ae6b8f79 <JSFunction __importStar (sfi = 0x30ce63fb4ac9)> for optimization to MAGLEV, ConcurrencyMode::kConcurrent, reason: hot and stable]
[completed compiling 0x3701ae6b8e09 <JSFunction (sfi = 0x30ce63fb4381)> (target MAGLEV) - took 0.000, 0.079, 0.002 ms]
[compiling method 0x3701ae6b8f79 <JSFunction __importStar (sfi = 0x30ce63fb4ac9)> (target MAGLEV) OSR, mode: ConcurrencyMode::kConcurrent]
[completed compiling 0x3701ae6b8f79 <JSFunction __importStar (sfi = 0x30ce63fb4ac9)> (target MAGLEV) OSR - took 0.000, 0.079, 0.001 ms]
[compiling method 0x3701ae6b8f79 <JSFunction __importStar (sfi = 0x30ce63fb4ac9)> (target TURBOFAN_JS) OSR, mode: ConcurrencyMode::kConcurrent]
[bailout (kind: deopt-eager, reason: Insufficient type feedback for call): begin. deoptimizing 0x3701ae6b8f79 <JSFunction __importStar (sfi = 0x30ce63fb4ac9)>, 0x2702c5d5b951 <Code MAGLEV>, opt id 212, bytecode offset 90, deopt exit 11, FP to SP delta 112, caller SP 0x00016fae6820, pc 0x00011702f920]
[completed compiling 0x04983c276779 <JSFunction __importStar (sfi = 0x12f1677b9391)> (target TURBOFAN_JS) OSR - took 0.001, 0.782, 0.004 ms]
[completed optimizing 0x04983c276779 <JSFunction __importStar (sfi = 0x12f1677b9391)> (target TURBOFAN_JS) OSR]
[marking 0x119ca1f7c529 <JSFunction (sfi = 0x138fe8870091)> for optimization to MAGLEV, ConcurrencyMode::kConcurrent, reason: hot and stable]
[compiling method 0x119ca1f7c529 <JSFunction (sfi = 0x138fe8870091)> (target MAGLEV), mode: ConcurrencyMode::kConcurrent]
[marking 0x119ca1f7c699 <JSFunction __importStar (sfi = 0x138fe8870d69)> for optimization to MAGLEV, ConcurrencyMode::kConcurrent, reason: hot and stable]
[completed compiling 0x119ca1f7c529 <JSFunction (sfi = 0x138fe8870091)> (target MAGLEV) - took 0.000, 0.073, 0.002 ms]
[compiling method 0x119ca1f7c699 <JSFunction __importStar (sfi = 0x138fe8870d69)> (target MAGLEV) OSR, mode: ConcurrencyMode::kConcurrent]
[completed compiling 0x119ca1f7c699 <JSFunction __importStar (sfi = 0x138fe8870d69)> (target MAGLEV) OSR - took 0.000, 0.076, 0.000 ms]
[compiling method 0x119ca1f7c699 <JSFunction __importStar (sfi = 0x138fe8870d69)> (target TURBOFAN_JS) OSR, mode: ConcurrencyMode::kConcurrent]
[bailout (kind: deopt-eager, reason: Insufficient type feedback for call): begin. deoptimizing 0x119ca1f7c699 <JSFunction __importStar (sfi = 0x138fe8870d69)>, 0x2702c5d5c4b1 <Code MAGLEV>, opt id 215, bytecode offset 90, deopt exit 11, FP to SP delta 112, caller SP 0x00016fae67b0, pc 0x000117030be0]
[completed compiling 0x3701ae6b8f79 <JSFunction __importStar (sfi = 0x30ce63fb4ac9)> (target TURBOFAN_JS) OSR - took 0.001, 1.152, 0.010 ms]
[completed optimizing 0x3701ae6b8f79 <JSFunction __importStar (sfi = 0x30ce63fb4ac9)> (target TURBOFAN_JS) OSR]
[completed compiling 0x119ca1f7c699 <JSFunction __importStar (sfi = 0x138fe8870d69)> (target TURBOFAN_JS) OSR - took 0.001, 0.980, 0.008 ms]
[completed optimizing 0x119ca1f7c699 <JSFunction __importStar (sfi = 0x138fe8870d69)> (target TURBOFAN_JS) OSR]
[compiling method 0x13613da69581 <JSFunction skipWhiteSpace (sfi = 0x33305e887369)> (target MAGLEV), mode: ConcurrencyMode::kConcurrent]
[compiling method 0x13613da697a1 <JSFunction tokenStart (sfi = 0x33305e8875a9)> (target MAGLEV), mode: ConcurrencyMode::kConcurrent]
[compiling method 0x13613da697e1 <JSFunction tokenEnd (sfi = 0x33305e8875f1)> (target MAGLEV), mode: ConcurrencyMode::kConcurrent]
[completed compiling 0x13613da697a1 <JSFunction tokenStart (sfi = 0x33305e8875a9)> (target MAGLEV) - took 0.000, 0.058, 0.000 ms]
[compiling method 0x13613da69741 <JSFunction parseString (sfi = 0x33305e887561)> (target MAGLEV), mode: ConcurrencyMode::kConcurrent]
[completed compiling 0x13613da697e1 <JSFunction tokenEnd (sfi = 0x33305e8875f1)> (target MAGLEV) - took 0.000, 0.034, 0.000 ms]
[marking 0x33305e8864c1 <JSFunction isLineTerminator (sfi = 0x33305e8861a9)> for optimization to MAGLEV, ConcurrencyMode::kConcurrent, reason: hot and stable]
[compiling method 0x33305e8864c1 <JSFunction isLineTerminator (sfi = 0x33305e8861a9)> (target MAGLEV), mode: ConcurrencyMode::kConcurrent]
[completed compiling 0x13613da69741 <JSFunction parseString (sfi = 0x33305e887561)> (target MAGLEV) - took 0.000, 0.146, 0.001 ms]
[completed compiling 0x13613da69581 <JSFunction skipWhiteSpace (sfi = 0x33305e887369)> (target MAGLEV) - took 0.000, 0.265, 0.001 ms]
[completed compiling 0x33305e8864c1 <JSFunction isLineTerminator (sfi = 0x33305e8861a9)> (target MAGLEV) - took 0.000, 0.027, 0.000 ms]
[bailout (kind: deopt-eager, reason: wrong call target): begin. deoptimizing 0x13613da69581 <JSFunction skipWhiteSpace (sfi = 0x33305e887369)>, 0x1e98389c10b9 <Code MAGLEV>, opt id 219, bytecode offset 58, deopt exit 9, FP to SP delta 48, caller SP 0x00016fae70a8, pc 0x000116f6e9b8]
[marking 0x33305e8863b1 <JSFunction isWhiteSpace (sfi = 0x33305e886119)> for optimization to MAGLEV, ConcurrencyMode::kConcurrent, reason: hot and stable]
[compiling method 0x33305e8863b1 <JSFunction isWhiteSpace (sfi = 0x33305e886119)> (target MAGLEV), mode: ConcurrencyMode::kConcurrent]
[completed compiling 0x33305e8863b1 <JSFunction isWhiteSpace (sfi = 0x33305e886119)> (target MAGLEV) - took 0.000, 0.050, 0.000 ms]
[marking 0x157d917408a9 <JSFunction fileURLToPath (sfi = 0x7651d01f0f1)> for optimization to MAGLEV, ConcurrencyMode::kConcurrent, reason: hot and stable]
[compiling method 0x157d917408a9 <JSFunction fileURLToPath (sfi = 0x7651d01f0f1)> (target MAGLEV), mode: ConcurrencyMode::kConcurrent]
[completed compiling 0x157d917408a9 <JSFunction fileURLToPath (sfi = 0x7651d01f0f1)> (target MAGLEV) - took 0.000, 0.116, 0.002 ms]
[marking 0x3afe194c0191 <JSFunction tryStatSync (sfi = 0x33d374f3ff39)> for optimization to MAGLEV, ConcurrencyMode::kConcurrent, reason: hot and stable]
[compiling method 0x3afe194c0191 <JSFunction tryStatSync (sfi = 0x33d374f3ff39)> (target MAGLEV), mode: ConcurrencyMode::kConcurrent]
[completed compiling 0x3afe194c0191 <JSFunction tryStatSync (sfi = 0x33d374f3ff39)> (target MAGLEV) - took 0.000, 0.087, 0.001 ms]
[marking 0x3e72a87952c9 <JSFunction isBuildingSnapshot (sfi = 0x9f084e2ea59)> for optimization to MAGLEV, ConcurrencyMode::kConcurrent, reason: hot and stable]
[compiling method 0x3e72a87952c9 <JSFunction isBuildingSnapshot (sfi = 0x9f084e2ea59)> (target MAGLEV), mode: ConcurrencyMode::kConcurrent]
[completed compiling 0x3e72a87952c9 <JSFunction isBuildingSnapshot (sfi = 0x9f084e2ea59)> (target MAGLEV) - took 0.000, 0.033, 0.000 ms]
[marking 0x2795334ead69 <JSFunction isErrorStackTraceLimitWritable (sfi = 0x33d374f3fb01)> for optimization to MAGLEV, ConcurrencyMode::kConcurrent, reason: hot and stable]
[compiling method 0x2795334ead69 <JSFunction isErrorStackTraceLimitWritable (sfi = 0x33d374f3fb01)> (target MAGLEV), mode: ConcurrencyMode::kConcurrent]
[completed compiling 0x2795334ead69 <JSFunction isErrorStackTraceLimitWritable (sfi = 0x33d374f3fb01)> (target MAGLEV) - took 0.000, 0.077, 0.003 ms]
[bailout (kind: deopt-eager, reason: Insufficient type feedback for call): begin. deoptimizing 0x157d91740011 <JSFunction resolve (sfi = 0x7651d0177d1)>, 0x072326281e29 <Code MAGLEV>, opt id 37, bytecode offset 216, deopt exit 15, FP to SP delta 128, caller SP 0x00016fae93c8, pc 0x000116e543b8]
[marking dependent code 0x0abfaa3c0279 <Code MAGLEV> (0x1dae2a197cf9 <SharedFunctionInfo safeStringify>) (opt id 125) for deoptimization, reason: dependent prototype chain changed]
[marking dependent code 0x0070000029d9 <Code MAGLEV> (0x07651d01fb41 <SharedFunctionInfo #updateContext>) (opt id 17) for deoptimization, reason: dependent prototype chain changed]
[marking 0x0ff486c2e7f9 <JSFunction addUneditedChunk (sfi = 0xf8ecf637499)> for optimization to MAGLEV, ConcurrencyMode::kConcurrent, reason: hot and stable]
[marking 0x0ff486c2d641 <JSFunction write (sfi = 0xf8ecf635d29)> for optimization to MAGLEV, ConcurrencyMode::kConcurrent, reason: hot and stable]
[compiling method 0x0ff486c2d641 <JSFunction write (sfi = 0xf8ecf635d29)> (target MAGLEV), mode: ConcurrencyMode::kConcurrent]
[marking 0x06bbc06ae9f9 <JSFunction encodeInteger (sfi = 0xf8ecf626fa9)> for optimization to MAGLEV, ConcurrencyMode::kConcurrent, reason: hot and stable]
[compiling method 0x06bbc06ae9f9 <JSFunction encodeInteger (sfi = 0xf8ecf626fa9)> (target MAGLEV), mode: ConcurrencyMode::kConcurrent]
[completed compiling 0x0ff486c2d641 <JSFunction write (sfi = 0xf8ecf635d29)> (target MAGLEV) - took 0.000, 0.105, 0.002 ms]
[completed compiling 0x06bbc06ae9f9 <JSFunction encodeInteger (sfi = 0xf8ecf626fa9)> (target MAGLEV) - took 0.000, 0.159, 0.002 ms]
[marking 0x3e72a878c761 <JSFunction #updateContext (sfi = 0x7651d01fb41)> for optimization to MAGLEV, ConcurrencyMode::kConcurrent, reason: hot and stable]
[compiling method 0x3e72a878c761 <JSFunction #updateContext (sfi = 0x7651d01fb41)> (target MAGLEV), mode: ConcurrencyMode::kConcurrent]
[completed compiling 0x3e72a878c761 <JSFunction #updateContext (sfi = 0x7651d01fb41)> (target MAGLEV) - took 0.000, 0.104, 0.004 ms]
[marking 0x27ca4d20d3e9 <JSFunction B (sfi = 0xf8ecf62cc61)> for optimization to MAGLEV, ConcurrencyMode::kConcurrent, reason: hot and stable]
[compiling method 0x27ca4d20d3e9 <JSFunction B (sfi = 0xf8ecf62cc61)> (target MAGLEV) OSR, mode: ConcurrencyMode::kConcurrent]
[completed compiling 0x27ca4d20d3e9 <JSFunction B (sfi = 0xf8ecf62cc61)> (target MAGLEV) OSR - took 0.000, 0.123, 0.003 ms]
[marking 0x2265099e6961 <JSFunction convertNode (sfi = 0x1669050f4b91)> for optimization to MAGLEV, ConcurrencyMode::kConcurrent, reason: hot and stable]
[compiling method 0x2265099e6961 <JSFunction convertNode (sfi = 0x1669050f4b91)> (target MAGLEV), mode: ConcurrencyMode::kConcurrent]
[completed compiling 0x2265099e6961 <JSFunction convertNode (sfi = 0x1669050f4b91)> (target MAGLEV) - took 0.000, 0.067, 0.003 ms]
[marking 0x0ff486c02da9 <JSFunction visit (sfi = 0xf8ecf63a7d1)> for optimization to MAGLEV, ConcurrencyMode::kConcurrent, reason: hot and stable]
[compiling method 0x0ff486c02da9 <JSFunction visit (sfi = 0xf8ecf63a7d1)> (target MAGLEV), mode: ConcurrencyMode::kConcurrent]
[marking 0x37d8faabf671 <JSFunction (sfi = 0x20535fa06b71)> for optimization to MAGLEV, ConcurrencyMode::kConcurrent, reason: hot and stable]
[compiling method 0x37d8faabf671 <JSFunction (sfi = 0x20535fa06b71)> (target MAGLEV), mode: ConcurrencyMode::kConcurrent]
[completed compiling 0x37d8faabf671 <JSFunction (sfi = 0x20535fa06b71)> (target MAGLEV) - took 0.000, 0.042, 0.001 ms]
[marking 0x27ca4d20f2e1 <JSFunction isNode (sfi = 0xf8ecf62de19)> for optimization to MAGLEV, ConcurrencyMode::kConcurrent, reason: hot and stable]
[compiling method 0x27ca4d20f2e1 <JSFunction isNode (sfi = 0xf8ecf62de19)> (target MAGLEV), mode: ConcurrencyMode::kConcurrent]
[marking 0x37d8faabb1f1 <JSFunction leave (sfi = 0x20535fa05491)> for optimization to MAGLEV, ConcurrencyMode::kConcurrent, reason: hot and stable]
[compiling method 0x37d8faabb1f1 <JSFunction leave (sfi = 0x20535fa05491)> (target MAGLEV), mode: ConcurrencyMode::kConcurrent]
[completed compiling 0x0ff486c02da9 <JSFunction visit (sfi = 0xf8ecf63a7d1)> (target MAGLEV) - took 0.000, 0.254, 0.004 ms]
[completed compiling 0x27ca4d20f2e1 <JSFunction isNode (sfi = 0xf8ecf62de19)> (target MAGLEV) - took 0.000, 0.050, 0.000 ms]
[completed compiling 0x37d8faabb1f1 <JSFunction leave (sfi = 0x20535fa05491)> (target MAGLEV) - took 0.000, 0.057, 0.001 ms]
[marking 0x0ff486c2e7f9 <JSFunction addUneditedChunk (sfi = 0xf8ecf637499)> for optimization to MAGLEV, ConcurrencyMode::kConcurrent, reason: hot and stable]
[compiling method 0x0ff486c2e7f9 <JSFunction addUneditedChunk (sfi = 0xf8ecf637499)> (target MAGLEV), mode: ConcurrencyMode::kConcurrent]
[marking 0x06bbc06aeba9 <JSFunction encode$1 (sfi = 0xf8ecf627111)> for optimization to MAGLEV, ConcurrencyMode::kConcurrent, reason: hot and stable]
[compiling method 0x06bbc06aeba9 <JSFunction encode$1 (sfi = 0xf8ecf627111)> (target MAGLEV) OSR, mode: ConcurrencyMode::kConcurrent]
[completed compiling 0x0ff486c2e7f9 <JSFunction addUneditedChunk (sfi = 0xf8ecf637499)> (target MAGLEV) - took 0.000, 0.315, 0.003 ms]
[completed compiling 0x06bbc06aeba9 <JSFunction encode$1 (sfi = 0xf8ecf627111)> (target MAGLEV) OSR - took 0.000, 0.273, 0.002 ms]
[marking 0x0ff486c2d599 <JSFunction next (sfi = 0xf8ecf635e01)> for optimization to MAGLEV, ConcurrencyMode::kConcurrent, reason: hot and stable]
[compiling method 0x0ff486c2d599 <JSFunction next (sfi = 0xf8ecf635e01)> (target MAGLEV), mode: ConcurrencyMode::kConcurrent]
[marking 0x06bbc06ae9b9 <JSFunction decodeInteger (sfi = 0xf8ecf626f61)> for optimization to MAGLEV, ConcurrencyMode::kConcurrent, reason: hot and stable]
[compiling method 0x06bbc06ae9b9 <JSFunction decodeInteger (sfi = 0xf8ecf626f61)> (target MAGLEV), mode: ConcurrencyMode::kConcurrent]
[completed compiling 0x0ff486c2d599 <JSFunction next (sfi = 0xf8ecf635e01)> (target MAGLEV) - took 0.000, 0.029, 0.001 ms]
[marking 0x06bbc06aea39 <JSFunction hasMoreVlq (sfi = 0xf8ecf626ff1)> for optimization to MAGLEV, ConcurrencyMode::kConcurrent, reason: hot and stable]
[compiling method 0x06bbc06aea39 <JSFunction hasMoreVlq (sfi = 0xf8ecf626ff1)> (target MAGLEV), mode: ConcurrencyMode::kConcurrent]
[marking 0x0ff486c2d5d1 <JSFunction peek (sfi = 0xf8ecf635e49)> for optimization to MAGLEV, ConcurrencyMode::kConcurrent, reason: hot and stable]
[compiling method 0x0ff486c2d5d1 <JSFunction peek (sfi = 0xf8ecf635e49)> (target MAGLEV), mode: ConcurrencyMode::kConcurrent]
[completed compiling 0x06bbc06aea39 <JSFunction hasMoreVlq (sfi = 0xf8ecf626ff1)> (target MAGLEV) - took 0.000, 0.038, 0.001 ms]
[completed compiling 0x0ff486c2d5d1 <JSFunction peek (sfi = 0xf8ecf635e49)> (target MAGLEV) - took 0.000, 0.020, 0.001 ms]
[completed compiling 0x06bbc06ae9b9 <JSFunction decodeInteger (sfi = 0xf8ecf626f61)> (target MAGLEV) - took 0.000, 0.133, 0.001 ms]
[marking 0x06bbc06aeae9 <JSFunction decode (sfi = 0xf8ecf627039)> for optimization to MAGLEV, ConcurrencyMode::kConcurrent, reason: hot and stable]
[compiling method 0x06bbc06aeae9 <JSFunction decode (sfi = 0xf8ecf627039)> (target MAGLEV) OSR, mode: ConcurrencyMode::kConcurrent]
[marking 0x06bbc06af191 <JSFunction binarySearch (sfi = 0xf8ecf6276f9)> for optimization to MAGLEV, ConcurrencyMode::kConcurrent, reason: hot and stable]
[compiling method 0x06bbc06af191 <JSFunction binarySearch (sfi = 0xf8ecf6276f9)> (target MAGLEV), mode: ConcurrencyMode::kConcurrent]
[marking 0x06bbc06af311 <JSFunction cast$1 (sfi = 0xf8ecf6278a9)> for optimization to MAGLEV, ConcurrencyMode::kConcurrent, reason: hot and stable]
[compiling method 0x06bbc06af311 <JSFunction cast$1 (sfi = 0xf8ecf6278a9)> (target MAGLEV), mode: ConcurrencyMode::kConcurrent]
[completed compiling 0x06bbc06aeae9 <JSFunction decode (sfi = 0xf8ecf627039)> (target MAGLEV) OSR - took 0.000, 0.345, 0.002 ms]
[completed compiling 0x06bbc06af311 <JSFunction cast$1 (sfi = 0xf8ecf6278a9)> (target MAGLEV) - took 0.000, 0.010, 0.000 ms]
[marking 0x06bbc06af849 <JSFunction assert$2 (sfi = 0xf8ecf627e49)> for optimization to MAGLEV, ConcurrencyMode::kConcurrent, reason: hot and stable]
[marking 0x06bbc06af591 <JSFunction cast (sfi = 0xf8ecf627b79)> for optimization to MAGLEV, ConcurrencyMode::kConcurrent, reason: hot and stable]
[marking 0x06bbc06af691 <JSFunction cast2 (sfi = 0xf8ecf627c99)> for optimization to MAGLEV, ConcurrencyMode::kConcurrent, reason: hot and stable]
[compiling method 0x06bbc06af591 <JSFunction cast (sfi = 0xf8ecf627b79)> (target MAGLEV), mode: ConcurrencyMode::kConcurrent]
[compiling method 0x06bbc06af691 <JSFunction cast2 (sfi = 0xf8ecf627c99)> (target MAGLEV), mode: ConcurrencyMode::kConcurrent]
[completed compiling 0x06bbc06af191 <JSFunction binarySearch (sfi = 0xf8ecf6276f9)> (target MAGLEV) - took 0.000, 0.097, 0.000 ms]
[completed compiling 0x06bbc06af591 <JSFunction cast (sfi = 0xf8ecf627b79)> (target MAGLEV) - took 0.000, 0.009, 0.001 ms]
[completed compiling 0x06bbc06af691 <JSFunction cast2 (sfi = 0xf8ecf627c99)> (target MAGLEV) - took 0.000, 0.007, 0.000 ms]
[compiling method 0x06bbc06af849 <JSFunction assert$2 (sfi = 0xf8ecf627e49)> (target MAGLEV), mode: ConcurrencyMode::kConcurrent]
[completed compiling 0x06bbc06af849 <JSFunction assert$2 (sfi = 0xf8ecf627e49)> (target MAGLEV) - took 0.000, 0.007, 0.000 ms]
[marking 0x06bbc06af5d1 <JSFunction get$2 (sfi = 0xf8ecf627bc1)> for optimization to MAGLEV, ConcurrencyMode::kConcurrent, reason: hot and stable]
[compiling method 0x06bbc06af5d1 <JSFunction get$2 (sfi = 0xf8ecf627bc1)> (target MAGLEV), mode: ConcurrencyMode::kConcurrent]
[completed compiling 0x06bbc06af5d1 <JSFunction get$2 (sfi = 0xf8ecf627bc1)> (target MAGLEV) - took 0.000, 0.021, 0.001 ms]
[marking 0x06bbc06af6d1 <JSFunction maybeAddSegment (sfi = 0xf8ecf635fb1)> for optimization to MAGLEV, ConcurrencyMode::kConcurrent, reason: hot and stable]
[compiling method 0x06bbc06af6d1 <JSFunction maybeAddSegment (sfi = 0xf8ecf635fb1)> (target MAGLEV), mode: ConcurrencyMode::kConcurrent]
[completed compiling 0x06bbc06af6d1 <JSFunction maybeAddSegment (sfi = 0xf8ecf635fb1)> (target MAGLEV) - took 0.000, 0.017, 0.001 ms]
[marking 0x06bbc06af889 <JSFunction getIndex (sfi = 0xf8ecf627e91)> for optimization to MAGLEV, ConcurrencyMode::kConcurrent, reason: hot and stable]
[compiling method 0x06bbc06af889 <JSFunction getIndex (sfi = 0xf8ecf627e91)> (target MAGLEV), mode: ConcurrencyMode::kConcurrent]
[marking 0x06bbc06af391 <JSFunction decodedMappings (sfi = 0xf8ecf627939)> for optimization to MAGLEV, ConcurrencyMode::kConcurrent, reason: hot and stable]
[marking 0x06bbc06afa71 <JSFunction SegmentObject (sfi = 0xf8ecf628041)> for optimization to MAGLEV, ConcurrencyMode::kConcurrent, reason: hot and stable]
[compiling method 0x06bbc06af391 <JSFunction decodedMappings (sfi = 0xf8ecf627939)> (target MAGLEV), mode: ConcurrencyMode::kConcurrent]
[marking 0x06bbc06af291 <JSFunction memoizedBinarySearch (sfi = 0xf8ecf627819)> for optimization to MAGLEV, ConcurrencyMode::kConcurrent, reason: hot and stable]
[marking 0x06bbc06af551 <JSFunction traceSegmentInternal (sfi = 0xf8ecf627b31)> for optimization to MAGLEV, ConcurrencyMode::kConcurrent, reason: hot and stable]
[marking 0x06bbc06af3d1 <JSFunction traceSegment (sfi = 0xf8ecf627981)> for optimization to MAGLEV, ConcurrencyMode::kConcurrent, reason: hot and stable]
[compiling method 0x06bbc06afa71 <JSFunction SegmentObject (sfi = 0xf8ecf628041)> (target MAGLEV), mode: ConcurrencyMode::kConcurrent]
[completed compiling 0x06bbc06af391 <JSFunction decodedMappings (sfi = 0xf8ecf627939)> (target MAGLEV) - took 0.000, 0.022, 0.001 ms]
[completed compiling 0x06bbc06af889 <JSFunction getIndex (sfi = 0xf8ecf627e91)> (target MAGLEV) - took 0.001, 0.060, 0.000 ms]
[marking 0x06bbc06af8c9 <JSFunction getColumnIndex (sfi = 0xf8ecf627ed9)> for optimization to MAGLEV, ConcurrencyMode::kConcurrent, reason: hot and stable]
[marking 0x06bbc06af709 <JSFunction setSourceContent (sfi = 0xf8ecf627ce1)> for optimization to MAGLEV, ConcurrencyMode::kConcurrent, reason: hot and stable]
[completed compiling 0x06bbc06afa71 <JSFunction SegmentObject (sfi = 0xf8ecf628041)> (target MAGLEV) - took 0.000, 0.035, 0.002 ms]
[compiling method 0x06bbc06af3d1 <JSFunction traceSegment (sfi = 0xf8ecf627981)> (target MAGLEV), mode: ConcurrencyMode::kConcurrent]
[compiling method 0x06bbc06af551 <JSFunction traceSegmentInternal (sfi = 0xf8ecf627b31)> (target MAGLEV), mode: ConcurrencyMode::kConcurrent]
[compiling method 0x06bbc06af291 <JSFunction memoizedBinarySearch (sfi = 0xf8ecf627819)> (target MAGLEV), mode: ConcurrencyMode::kConcurrent]
[compiling method 0x06bbc06af8c9 <JSFunction getColumnIndex (sfi = 0xf8ecf627ed9)> (target MAGLEV), mode: ConcurrencyMode::kConcurrent]
[compiling method 0x06bbc06af709 <JSFunction setSourceContent (sfi = 0xf8ecf627ce1)> (target MAGLEV), mode: ConcurrencyMode::kConcurrent]
[completed compiling 0x06bbc06af551 <JSFunction traceSegmentInternal (sfi = 0xf8ecf627b31)> (target MAGLEV) - took 0.000, 0.049, 0.001 ms]
[marking 0x06bbc06afbb1 <JSFunction originalPositionFor$1 (sfi = 0xf8ecf6281a9)> for optimization to MAGLEV, ConcurrencyMode::kConcurrent, reason: hot and stable]
[completed compiling 0x06bbc06af3d1 <JSFunction traceSegment (sfi = 0xf8ecf627981)> (target MAGLEV) - took 0.000, 0.097, 0.001 ms]
[compiling method 0x06bbc06afbb1 <JSFunction originalPositionFor$1 (sfi = 0xf8ecf6281a9)> (target MAGLEV), mode: ConcurrencyMode::kConcurrent]
[marking 0x06bbc06afb71 <JSFunction traceMappings (sfi = 0xf8ecf628161)> for optimization to MAGLEV, ConcurrencyMode::kConcurrent, reason: hot and stable]
[completed compiling 0x06bbc06af8c9 <JSFunction getColumnIndex (sfi = 0xf8ecf627ed9)> (target MAGLEV) - took 0.000, 0.029, 0.000 ms]
[marking 0x06bbc06af9c9 <JSFunction skipSource (sfi = 0xf8ecf627ff9)> for optimization to MAGLEV, ConcurrencyMode::kConcurrent, reason: hot and stable]
[compiling method 0x06bbc06af9c9 <JSFunction skipSource (sfi = 0xf8ecf627ff9)> (target MAGLEV), mode: ConcurrencyMode::kConcurrent]
[compiling method 0x06bbc06afb71 <JSFunction traceMappings (sfi = 0xf8ecf628161)> (target MAGLEV) OSR, mode: ConcurrencyMode::kConcurrent]
[completed compiling 0x06bbc06af709 <JSFunction setSourceContent (sfi = 0xf8ecf627ce1)> (target MAGLEV) - took 0.000, 0.080, 0.002 ms]
[completed compiling 0x06bbc06af291 <JSFunction memoizedBinarySearch (sfi = 0xf8ecf627819)> (target MAGLEV) - took 0.000, 0.150, 0.001 ms]
[compiling method 0x06bbc06aeba9 <JSFunction encode$1 (sfi = 0xf8ecf627111)> (target MAGLEV), mode: ConcurrencyMode::kConcurrent]
[completed compiling 0x06bbc06af9c9 <JSFunction skipSource (sfi = 0xf8ecf627ff9)> (target MAGLEV) - took 0.000, 0.069, 0.000 ms]
[completed compiling 0x06bbc06afbb1 <JSFunction originalPositionFor$1 (sfi = 0xf8ecf6281a9)> (target MAGLEV) - took 0.000, 0.081, 0.002 ms]
[bailout (kind: deopt-eager, reason: Insufficient type feedback for generic keyed access): begin. deoptimizing 0x06bbc06aeba9 <JSFunction encode$1 (sfi = 0xf8ecf627111)>, 0x3ee77e1c9869 <Code MAGLEV>, opt id 237, bytecode offset 227, deopt exit 56, FP to SP delta 176, caller SP 0x00016fae9300, pc 0x0001170abd2c]
[completed compiling 0x06bbc06afb71 <JSFunction traceMappings (sfi = 0xf8ecf628161)> (target MAGLEV) OSR - took 0.000, 0.237, 0.002 ms]
[completed compiling 0x06bbc06aeba9 <JSFunction encode$1 (sfi = 0xf8ecf627111)> (target MAGLEV) - took 0.000, 0.267, 0.002 ms]
[compiling method 0x27ca4d20d3e9 <JSFunction B (sfi = 0xf8ecf62cc61)> (target MAGLEV), mode: ConcurrencyMode::kConcurrent]
[completed compiling 0x27ca4d20d3e9 <JSFunction B (sfi = 0xf8ecf62cc61)> (target MAGLEV) - took 0.001, 0.116, 0.002 ms]
[marking 0x27ca4d20f601 <JSFunction isFunction$1 (sfi = 0xf8ecf62e109)> for optimization to MAGLEV, ConcurrencyMode::kConcurrent, reason: hot and stable]
[compiling method 0x27ca4d20f601 <JSFunction isFunction$1 (sfi = 0xf8ecf62e109)> (target MAGLEV), mode: ConcurrencyMode::kConcurrent]
[completed compiling 0x27ca4d20f601 <JSFunction isFunction$1 (sfi = 0xf8ecf62e109)> (target MAGLEV) - took 0.000, 0.054, 0.001 ms]
[bailout (kind: deopt-eager, reason: Insufficient type feedback for call): begin. deoptimizing 0x06bbc06af391 <JSFunction decodedMappings (sfi = 0xf8ecf627939)>, 0x25e0754c4f21 <Code MAGLEV>, opt id 250, bytecode offset 8, deopt exit 2, FP to SP delta 32, caller SP 0x00016fae9370, pc 0x000117106aa4]
[bailout (kind: deopt-eager, reason: wrong map): begin. deoptimizing 0x06bbc06af889 <JSFunction getIndex (sfi = 0xf8ecf627e91)>, 0x25e0754c5459 <Code MAGLEV>, opt id 251, bytecode offset 0, deopt exit 0, FP to SP delta 48, caller SP 0x00016fae9258, pc 0x0001171070cc]
[marking 0x06bbc06afb71 <JSFunction traceMappings (sfi = 0xf8ecf628161)> for optimization to TURBOFAN_JS, ConcurrencyMode::kConcurrent, reason: hot and stable]
[marking dependent code 0x3ee77e1ce809 <Code MAGLEV> (0x0f8ecf62cc61 <SharedFunctionInfo B>) (opt id 262) for deoptimization, reason: dependent property cell changed]
[marking dependent code 0x3ee77e1cda39 <Code MAGLEV> (0x0f8ecf627111 <SharedFunctionInfo encode$1>) (opt id 261) for deoptimization, reason: dependent property cell changed]
[marking dependent code 0x25e0754c0701 <Code MAGLEV> (0x0f8ecf626f61 <SharedFunctionInfo decodeInteger>) (opt id 241) for deoptimization, reason: dependent property cell changed]
[marking dependent code 0x3ee77e1c3ed1 <Code MAGLEV> (0x1669050f4b91 <SharedFunctionInfo convertNode>) (opt id 231) for deoptimization, reason: dependent property cell changed]
[marking dependent code 0x3ee77e1c2ee1 <Code MAGLEV> (0x0f8ecf62cc61 <SharedFunctionInfo B>) (opt id 230) for deoptimization, reason: dependent property cell changed]
[marking dependent code 0x3ee77e1c0331 <Code MAGLEV> (0x0f8ecf635d29 <SharedFunctionInfo write>) (opt id 227) for deoptimization, reason: dependent property cell changed]
[marking dependent code 0x2702c5d60551 <Code MAGLEV> (0x33d374f3fb01 <SharedFunctionInfo isErrorStackTraceLimitWritable>) (opt id 226) for deoptimization, reason: dependent property cell changed]
[marking dependent code 0x2702c5d60031 <Code MAGLEV> (0x09f084e2ea59 <SharedFunctionInfo isBuildingSnapshot>) (opt id 225) for deoptimization, reason: dependent property cell changed]
[marking dependent code 0x20ff75a03119 <Code MAGLEV> (0x1d52c60797e1 <SharedFunctionInfo wrapModuleLoad>) (opt id 85) for deoptimization, reason: dependent property cell changed]
[marking dependent code 0x034c8d5c8dd1 <Code MAGLEV> (0x1419ce647991 <SharedFunctionInfo ensureTimerFlagsAreUpdated>) (opt id 47) for deoptimization, reason: dependent property cell changed]
[marking dependent code 0x3ee77e1c13e9 <Code MAGLEV> (0x07651d01fb41 <SharedFunctionInfo #updateContext>) (opt id 229) for deoptimization, reason: dependent property cell changed]
[marking dependent code 0x072326284059 <Code MAGLEV> (0x1419ce641d79 <SharedFunctionInfo realpathSync>) (opt id 40) for deoptimization, reason: dependent property cell changed]
[marking dependent code 0x3ee77e1c0bd1 <Code MAGLEV> (0x0f8ecf626fa9 <SharedFunctionInfo encodeInteger>) (opt id 228) for deoptimization, reason: dependent property cell changed]
[marking dependent code 0x007000003f01 <Code MAGLEV> (0x1419ce6401e1 <SharedFunctionInfo isFileType>) (opt id 24) for deoptimization, reason: dependent property cell changed]
[marking 0x27ca4d20d3e9 <JSFunction B (sfi = 0xf8ecf62cc61)> for optimization to MAGLEV, ConcurrencyMode::kConcurrent, reason: hot and stable]
[compiling method 0x27ca4d20d3e9 <JSFunction B (sfi = 0xf8ecf62cc61)> (target MAGLEV) OSR, mode: ConcurrencyMode::kConcurrent]
[completed compiling 0x27ca4d20d3e9 <JSFunction B (sfi = 0xf8ecf62cc61)> (target MAGLEV) OSR - took 0.000, 0.127, 0.003 ms]
[compiling method 0x27ca4d20d3e9 <JSFunction B (sfi = 0xf8ecf62cc61)> (target TURBOFAN_JS) OSR, mode: ConcurrencyMode::kConcurrent]
[completed compiling 0x27ca4d20d3e9 <JSFunction B (sfi = 0xf8ecf62cc61)> (target TURBOFAN_JS) OSR - took 0.001, 0.894, 0.006 ms]
[completed optimizing 0x27ca4d20d3e9 <JSFunction B (sfi = 0xf8ecf62cc61)> (target TURBOFAN_JS) OSR]
[marking 0x2265099e6961 <JSFunction convertNode (sfi = 0x1669050f4b91)> for optimization to MAGLEV, ConcurrencyMode::kConcurrent, reason: hot and stable]
[compiling method 0x2265099e6961 <JSFunction convertNode (sfi = 0x1669050f4b91)> (target MAGLEV), mode: ConcurrencyMode::kConcurrent]
[completed compiling 0x2265099e6961 <JSFunction convertNode (sfi = 0x1669050f4b91)> (target MAGLEV) - took 0.000, 0.066, 0.002 ms]
[marking 0x157d9174a731 <JSFunction toString (sfi = 0x9f084e23801)> for optimization to MAGLEV, ConcurrencyMode::kConcurrent, reason: hot and stable]
[compiling method 0x157d9174a731 <JSFunction toString (sfi = 0x9f084e23801)> (target MAGLEV), mode: ConcurrencyMode::kConcurrent]
[marking 0x0c94b68d1b91 <JSFunction convertString (sfi = 0x20535fa01b71)> for optimization to MAGLEV, ConcurrencyMode::kConcurrent, reason: hot and stable]
[compiling method 0x0c94b68d1b91 <JSFunction convertString (sfi = 0x20535fa01b71)> (target MAGLEV), mode: ConcurrencyMode::kConcurrent]
[marking 0x06bbc06b5969 <JSFunction identifier (sfi = 0x1669050f5a51)> for optimization to MAGLEV, ConcurrencyMode::kConcurrent, reason: hot and stable]
[completed compiling 0x0c94b68d1b91 <JSFunction convertString (sfi = 0x20535fa01b71)> (target MAGLEV) - took 0.000, 0.054, 0.001 ms]
[compiling method 0x06bbc06b5969 <JSFunction identifier (sfi = 0x1669050f5a51)> (target MAGLEV), mode: ConcurrencyMode::kConcurrent]
[completed compiling 0x157d9174a731 <JSFunction toString (sfi = 0x9f084e23801)> (target MAGLEV) - took 0.000, 0.128, 0.001 ms]
[marking 0x06bbc06ab769 <JSFunction convertNodeList (sfi = 0x1669050f4f11)> for optimization to MAGLEV, ConcurrencyMode::kConcurrent, reason: hot and stable]
[compiling method 0x06bbc06ab769 <JSFunction convertNodeList (sfi = 0x1669050f4f11)> (target MAGLEV), mode: ConcurrencyMode::kConcurrent]
[completed compiling 0x06bbc06b5969 <JSFunction identifier (sfi = 0x1669050f5a51)> (target MAGLEV) - took 0.001, 0.102, 0.002 ms]
[completed compiling 0x06bbc06ab769 <JSFunction convertNodeList (sfi = 0x1669050f4f11)> (target MAGLEV) - took 0.000, 0.164, 0.002 ms]
[marking 0x335142232ca1 <JSFunction isInScope (sfi = 0x20535fa05371)> for optimization to MAGLEV, ConcurrencyMode::kConcurrent, reason: hot and stable]
[compiling method 0x335142232ca1 <JSFunction isInScope (sfi = 0x20535fa05371)> (target MAGLEV), mode: ConcurrencyMode::kConcurrent]
[completed compiling 0x335142232ca1 <JSFunction isInScope (sfi = 0x20535fa05371)> (target MAGLEV) - took 0.001, 0.042, 0.001 ms]
[marking 0x335142232e69 <JSFunction enter (sfi = 0x20535fa05449)> for optimization to MAGLEV, ConcurrencyMode::kConcurrent, reason: hot and stable]
[compiling method 0x335142232e69 <JSFunction enter (sfi = 0x20535fa05449)> (target MAGLEV), mode: ConcurrencyMode::kConcurrent]
[completed compiling 0x335142232e69 <JSFunction enter (sfi = 0x20535fa05449)> (target MAGLEV) - took 0.000, 0.407, 0.005 ms]
[marking 0x27ca4d20f591 <JSFunction isStaticPropertyKey (sfi = 0xf8ecf63a8f1)> for optimization to MAGLEV, ConcurrencyMode::kConcurrent, reason: hot and stable]
[compiling method 0x27ca4d20f591 <JSFunction isStaticPropertyKey (sfi = 0xf8ecf63a8f1)> (target MAGLEV), mode: ConcurrencyMode::kConcurrent]
[completed compiling 0x27ca4d20f591 <JSFunction isStaticPropertyKey (sfi = 0xf8ecf63a8f1)> (target MAGLEV) - took 0.000, 0.029, 0.001 ms]
[marking 0x27ca4d20f4a1 <JSFunction isNodeInPattern (sfi = 0xf8ecf63a861)> for optimization to MAGLEV, ConcurrencyMode::kConcurrent, reason: hot and stable]
[compiling method 0x27ca4d20f4a1 <JSFunction isNodeInPattern (sfi = 0xf8ecf63a861)> (target MAGLEV), mode: ConcurrencyMode::kConcurrent]
[marking 0x27ca4d20f559 <JSFunction isStaticProperty (sfi = 0xf8ecf63a8a9)> for optimization to MAGLEV, ConcurrencyMode::kConcurrent, reason: hot and stable]
[compiling method 0x27ca4d20f559 <JSFunction isStaticProperty (sfi = 0xf8ecf63a8a9)> (target MAGLEV), mode: ConcurrencyMode::kConcurrent]
[completed compiling 0x27ca4d20f4a1 <JSFunction isNodeInPattern (sfi = 0xf8ecf63a861)> (target MAGLEV) - took 0.000, 0.018, 0.000 ms]
[completed compiling 0x27ca4d20f559 <JSFunction isStaticProperty (sfi = 0xf8ecf63a8a9)> (target MAGLEV) - took 0.000, 0.023, 0.000 ms]
[marking 0x0ff486c2e981 <JSFunction contains (sfi = 0xf8ecf637019)> for optimization to MAGLEV, ConcurrencyMode::kConcurrent, reason: hot and stable]
[compiling method 0x0ff486c2e981 <JSFunction contains (sfi = 0xf8ecf637019)> (target MAGLEV), mode: ConcurrencyMode::kConcurrent]
[completed compiling 0x0ff486c2e981 <JSFunction contains (sfi = 0xf8ecf637019)> (target MAGLEV) - took 0.000, 0.019, 0.001 ms]
[marking 0x0a3670e21bb9 <JSFunction locate (sfi = 0x20535fa094c9)> for optimization to MAGLEV, ConcurrencyMode::kConcurrent, reason: hot and stable]
[compiling method 0x0a3670e21bb9 <JSFunction locate (sfi = 0x20535fa094c9)> (target MAGLEV), mode: ConcurrencyMode::kConcurrent]
[completed compiling 0x0a3670e21bb9 <JSFunction locate (sfi = 0x20535fa094c9)> (target MAGLEV) - took 0.000, 0.082, 0.001 ms]
[bailout (kind: deopt-eager, reason: wrong map): begin. deoptimizing 0x0ff486c2e7f9 <JSFunction addUneditedChunk (sfi = 0xf8ecf637499)>, 0x3ee77e1c8019 <Code MAGLEV>, opt id 236, bytecode offset 13, deopt exit 55, FP to SP delta 96, caller SP 0x00016fae93c0, pc 0x0001170aabf8]
[marking 0x0ff486c2e7f9 <JSFunction addUneditedChunk (sfi = 0xf8ecf637499)> for optimization to MAGLEV, ConcurrencyMode::kConcurrent, reason: hot and stable]
[compiling method 0x0ff486c2e7f9 <JSFunction addUneditedChunk (sfi = 0xf8ecf637499)> (target MAGLEV) OSR, mode: ConcurrencyMode::kConcurrent]
[compiling method 0x0ff486c2e7f9 <JSFunction addUneditedChunk (sfi = 0xf8ecf637499)> (target MAGLEV), mode: ConcurrencyMode::kConcurrent]
[marking 0x06bbc06aeba9 <JSFunction encode$1 (sfi = 0xf8ecf627111)> for optimization to MAGLEV, ConcurrencyMode::kConcurrent, reason: hot and stable]
[marking 0x0ff486c2d641 <JSFunction write (sfi = 0xf8ecf635d29)> for optimization to MAGLEV, ConcurrencyMode::kConcurrent, reason: hot and stable]
[compiling method 0x0ff486c2d641 <JSFunction write (sfi = 0xf8ecf635d29)> (target MAGLEV), mode: ConcurrencyMode::kConcurrent]
[marking 0x06bbc06ae9f9 <JSFunction encodeInteger (sfi = 0xf8ecf626fa9)> for optimization to MAGLEV, ConcurrencyMode::kConcurrent, reason: hot and stable]
[compiling method 0x06bbc06ae9f9 <JSFunction encodeInteger (sfi = 0xf8ecf626fa9)> (target MAGLEV), mode: ConcurrencyMode::kConcurrent]
[completed compiling 0x0ff486c2e7f9 <JSFunction addUneditedChunk (sfi = 0xf8ecf637499)> (target MAGLEV) OSR - took 0.000, 0.339, 0.003 ms]
[compiling method 0x06bbc06aeba9 <JSFunction encode$1 (sfi = 0xf8ecf627111)> (target MAGLEV) OSR, mode: ConcurrencyMode::kConcurrent]
[completed compiling 0x0ff486c2d641 <JSFunction write (sfi = 0xf8ecf635d29)> (target MAGLEV) - took 0.000, 0.033, 0.001 ms]
[completed compiling 0x0ff486c2e7f9 <JSFunction addUneditedChunk (sfi = 0xf8ecf637499)> (target MAGLEV) - took 0.000, 0.339, 0.002 ms]
[completed compiling 0x06bbc06ae9f9 <JSFunction encodeInteger (sfi = 0xf8ecf626fa9)> (target MAGLEV) - took 0.000, 0.116, 0.001 ms]
[bailout (kind: deopt-eager, reason: Insufficient type feedback for generic named access): begin. deoptimizing 0x06bbc06ae9f9 <JSFunction encodeInteger (sfi = 0xf8ecf626fa9)>, 0x25e0754cfdd1 <Code MAGLEV>, opt id 281, bytecode offset 32, deopt exit 23, FP to SP delta 48, caller SP 0x00016fae9390, pc 0x000117148580]
[marking 0x06bbc06ae9f9 <JSFunction encodeInteger (sfi = 0xf8ecf626fa9)> for optimization to MAGLEV, ConcurrencyMode::kConcurrent, reason: hot and stable]
[compiling method 0x06bbc06ae9f9 <JSFunction encodeInteger (sfi = 0xf8ecf626fa9)> (target MAGLEV), mode: ConcurrencyMode::kConcurrent]
[completed compiling 0x06bbc06ae9f9 <JSFunction encodeInteger (sfi = 0xf8ecf626fa9)> (target MAGLEV) - took 0.000, 0.139, 0.002 ms]
[completed compiling 0x06bbc06aeba9 <JSFunction encode$1 (sfi = 0xf8ecf627111)> (target MAGLEV) OSR - took 0.000, 0.536, 0.001 ms]
[compiling method 0x06bbc06aeba9 <JSFunction encode$1 (sfi = 0xf8ecf627111)> (target TURBOFAN_JS) OSR, mode: ConcurrencyMode::kConcurrent]
[compiling method 0x06bbc06afb71 <JSFunction traceMappings (sfi = 0xf8ecf628161)> (target TURBOFAN_JS), mode: ConcurrencyMode::kConcurrent]
[marking 0x06bbc06ae9b9 <JSFunction decodeInteger (sfi = 0xf8ecf626f61)> for optimization to MAGLEV, ConcurrencyMode::kConcurrent, reason: hot and stable]
[compiling method 0x06bbc06ae9b9 <JSFunction decodeInteger (sfi = 0xf8ecf626f61)> (target MAGLEV), mode: ConcurrencyMode::kConcurrent]
[marking 0x06bbc06aeae9 <JSFunction decode (sfi = 0xf8ecf627039)> for optimization to TURBOFAN_JS, ConcurrencyMode::kConcurrent, reason: hot and stable]
[completed compiling 0x06bbc06ae9b9 <JSFunction decodeInteger (sfi = 0xf8ecf626f61)> (target MAGLEV) - took 0.000, 0.128, 0.003 ms]
[compiling method 0x06bbc06aeae9 <JSFunction decode (sfi = 0xf8ecf627039)> (target TURBOFAN_JS) OSR, mode: ConcurrencyMode::kConcurrent]
[marking 0x06bbc06ae9b9 <JSFunction decodeInteger (sfi = 0xf8ecf626f61)> for optimization to TURBOFAN_JS, ConcurrencyMode::kConcurrent, reason: hot and stable]
[compiling method 0x06bbc06ae9b9 <JSFunction decodeInteger (sfi = 0xf8ecf626f61)> (target TURBOFAN_JS), mode: ConcurrencyMode::kConcurrent]
[marking 0x06bbc06aea39 <JSFunction hasMoreVlq (sfi = 0xf8ecf626ff1)> for optimization to TURBOFAN_JS, ConcurrencyMode::kConcurrent, reason: hot and stable]
[compiling method 0x06bbc06aea39 <JSFunction hasMoreVlq (sfi = 0xf8ecf626ff1)> (target TURBOFAN_JS), mode: ConcurrencyMode::kConcurrent]
[compiling method 0x06bbc06aeae9 <JSFunction decode (sfi = 0xf8ecf627039)> (target TURBOFAN_JS), mode: ConcurrencyMode::kConcurrent]
[marking 0x06bbc06af909 <JSFunction insert (sfi = 0xf8ecf627f21)> for optimization to MAGLEV, ConcurrencyMode::kConcurrent, reason: hot and stable]
[compiling method 0x06bbc06af909 <JSFunction insert (sfi = 0xf8ecf627f21)> (target MAGLEV), mode: ConcurrencyMode::kConcurrent]
[marking 0x06bbc06af211 <JSFunction lowerBound (sfi = 0xf8ecf627789)> for optimization to MAGLEV, ConcurrencyMode::kConcurrent, reason: hot and stable]
[compiling method 0x06bbc06af211 <JSFunction lowerBound (sfi = 0xf8ecf627789)> (target MAGLEV), mode: ConcurrencyMode::kConcurrent]
[marking 0x06bbc06af809 <JSFunction addSegmentInternal (sfi = 0xf8ecf627e01)> for optimization to MAGLEV, ConcurrencyMode::kConcurrent, reason: hot and stable]
[compiling method 0x06bbc06af809 <JSFunction addSegmentInternal (sfi = 0xf8ecf627e01)> (target MAGLEV), mode: ConcurrencyMode::kConcurrent]
[marking 0x06bbc06af889 <JSFunction getIndex (sfi = 0xf8ecf627e91)> for optimization to MAGLEV, ConcurrencyMode::kConcurrent, reason: hot and stable]
[compiling method 0x06bbc06af889 <JSFunction getIndex (sfi = 0xf8ecf627e91)> (target MAGLEV), mode: ConcurrencyMode::kConcurrent]
[marking 0x06bbc06af391 <JSFunction decodedMappings (sfi = 0xf8ecf627939)> for optimization to MAGLEV, ConcurrencyMode::kConcurrent, reason: hot and stable]
[compiling method 0x06bbc06af391 <JSFunction decodedMappings (sfi = 0xf8ecf627939)> (target MAGLEV), mode: ConcurrencyMode::kConcurrent]
[marking 0x06bbc06af611 <JSFunction put (sfi = 0xf8ecf627c09)> for optimization to MAGLEV, ConcurrencyMode::kConcurrent, reason: hot and stable]
[compiling method 0x06bbc06af611 <JSFunction put (sfi = 0xf8ecf627c09)> (target MAGLEV), mode: ConcurrencyMode::kConcurrent]
[completed compiling 0x06bbc06ae9b9 <JSFunction decodeInteger (sfi = 0xf8ecf626f61)> (target TURBOFAN_JS) - took 0.001, 1.049, 0.012 ms]
[completed optimizing 0x06bbc06ae9b9 <JSFunction decodeInteger (sfi = 0xf8ecf626f61)> (target TURBOFAN_JS)]
[compiling method 0x06bbc06aeba9 <JSFunction encode$1 (sfi = 0xf8ecf627111)> (target MAGLEV), mode: ConcurrencyMode::kConcurrent]
[marking 0x06bbc06ae9f9 <JSFunction encodeInteger (sfi = 0xf8ecf626fa9)> for optimization to TURBOFAN_JS, ConcurrencyMode::kConcurrent, reason: hot and stable]
[compiling method 0x06bbc06ae9f9 <JSFunction encodeInteger (sfi = 0xf8ecf626fa9)> (target TURBOFAN_JS), mode: ConcurrencyMode::kConcurrent]
[marking 0x3e72a878c761 <JSFunction #updateContext (sfi = 0x7651d01fb41)> for optimization to MAGLEV, ConcurrencyMode::kConcurrent, reason: hot and stable]
[compiling method 0x3e72a878c761 <JSFunction #updateContext (sfi = 0x7651d01fb41)> (target MAGLEV), mode: ConcurrencyMode::kConcurrent]
[marking 0x2265099edf21 <JSFunction normalizeString (sfi = 0x2265099ccd29)> for optimization to MAGLEV, ConcurrencyMode::kConcurrent, reason: hot and stable]
[compiling method 0x2265099edf21 <JSFunction normalizeString (sfi = 0x2265099ccd29)> (target MAGLEV), mode: ConcurrencyMode::kConcurrent]
[completed compiling 0x06bbc06aeba9 <JSFunction encode$1 (sfi = 0xf8ecf627111)> (target TURBOFAN_JS) OSR - took 0.001, 4.965, 0.034 ms]
[completed optimizing 0x06bbc06aeba9 <JSFunction encode$1 (sfi = 0xf8ecf627111)> (target TURBOFAN_JS) OSR]
[completed compiling 0x06bbc06ae9f9 <JSFunction encodeInteger (sfi = 0xf8ecf626fa9)> (target TURBOFAN_JS) - took 0.001, 1.005, 0.011 ms]
[completed optimizing 0x06bbc06ae9f9 <JSFunction encodeInteger (sfi = 0xf8ecf626fa9)> (target TURBOFAN_JS)]
[compiling method 0x27ca4d20d3e9 <JSFunction B (sfi = 0xf8ecf62cc61)> (target MAGLEV), mode: ConcurrencyMode::kConcurrent]
[completed compiling 0x06bbc06afb71 <JSFunction traceMappings (sfi = 0xf8ecf628161)> (target TURBOFAN_JS) - took 0.001, 6.181, 0.032 ms]
[completed optimizing 0x06bbc06afb71 <JSFunction traceMappings (sfi = 0xf8ecf628161)> (target TURBOFAN_JS)]
[completed compiling 0x06bbc06aea39 <JSFunction hasMoreVlq (sfi = 0xf8ecf626ff1)> (target TURBOFAN_JS) - took 0.000, 0.433, 0.005 ms]
[completed optimizing 0x06bbc06aea39 <JSFunction hasMoreVlq (sfi = 0xf8ecf626ff1)> (target TURBOFAN_JS)]
[completed compiling 0x06bbc06af909 <JSFunction insert (sfi = 0xf8ecf627f21)> (target MAGLEV) - took 0.000, 0.066, 0.001 ms]
[completed compiling 0x06bbc06af211 <JSFunction lowerBound (sfi = 0xf8ecf627789)> (target MAGLEV) - took 0.000, 0.053, 0.000 ms]
[completed compiling 0x06bbc06af889 <JSFunction getIndex (sfi = 0xf8ecf627e91)> (target MAGLEV) - took 0.000, 0.109, 0.001 ms]
[completed compiling 0x06bbc06af391 <JSFunction decodedMappings (sfi = 0xf8ecf627939)> (target MAGLEV) - took 0.000, 0.048, 0.001 ms]
[completed compiling 0x06bbc06af611 <JSFunction put (sfi = 0xf8ecf627c09)> (target MAGLEV) - took 0.000, 0.059, 0.003 ms]
[completed compiling 0x06bbc06af809 <JSFunction addSegmentInternal (sfi = 0xf8ecf627e01)> (target MAGLEV) - took 0.000, 0.528, 0.007 ms]
[completed compiling 0x06bbc06aeba9 <JSFunction encode$1 (sfi = 0xf8ecf627111)> (target MAGLEV) - took 0.000, 0.360, 0.004 ms]
[completed compiling 0x3e72a878c761 <JSFunction #updateContext (sfi = 0x7651d01fb41)> (target MAGLEV) - took 0.000, 0.134, 0.005 ms]
[completed compiling 0x27ca4d20d3e9 <JSFunction B (sfi = 0xf8ecf62cc61)> (target MAGLEV) - took 0.000, 0.077, 0.002 ms]
[completed compiling 0x2265099edf21 <JSFunction normalizeString (sfi = 0x2265099ccd29)> (target MAGLEV) - took 0.000, 0.153, 0.001 ms]
[bailout (kind: deopt-eager, reason: wrong map): begin. deoptimizing 0x0ff486c2e7f9 <JSFunction addUneditedChunk (sfi = 0xf8ecf637499)>, 0x3ee77e1d7009 <Code MAGLEV>, opt id 280, bytecode offset 13, deopt exit 55, FP to SP delta 96, caller SP 0x00016fae93c0, pc 0x0001171224d8]
[marking 0x0ff486c2e7f9 <JSFunction addUneditedChunk (sfi = 0xf8ecf637499)> for optimization to MAGLEV, ConcurrencyMode::kConcurrent, reason: hot and stable]
[compiling method 0x0ff486c2e7f9 <JSFunction addUneditedChunk (sfi = 0xf8ecf637499)> (target MAGLEV) OSR, mode: ConcurrencyMode::kConcurrent]
[compiling method 0x0ff486c2e7f9 <JSFunction addUneditedChunk (sfi = 0xf8ecf637499)> (target MAGLEV), mode: ConcurrencyMode::kConcurrent]
[completed compiling 0x06bbc06aeae9 <JSFunction decode (sfi = 0xf8ecf627039)> (target TURBOFAN_JS) OSR - took 0.001, 7.658, 0.022 ms]
[completed optimizing 0x06bbc06aeae9 <JSFunction decode (sfi = 0xf8ecf627039)> (target TURBOFAN_JS) OSR]
[bailout (kind: deopt-eager, reason: prepare for on stack replacement (OSR)): begin. deoptimizing 0x06bbc06aeae9 <JSFunction decode (sfi = 0xf8ecf627039)>, 0x25e0754c3881 <Code MAGLEV>, opt id 242, bytecode offset 327, deopt exit 70, FP to SP delta 208, caller SP 0x00016fae9320, pc 0x00011710541c]
[completed compiling 0x0ff486c2e7f9 <JSFunction addUneditedChunk (sfi = 0xf8ecf637499)> (target MAGLEV) OSR - took 0.000, 0.384, 0.003 ms]
[bailout (kind: deopt-eager, reason: not a Smi): begin. deoptimizing 0x06bbc06afb71 <JSFunction traceMappings (sfi = 0xf8ecf628161)>, 0x0ac16b3a7921 <Code TURBOFAN_JS>, opt id 285, bytecode offset 17, deopt exit 53, FP to SP delta 256, caller SP 0x00016fae9490, pc 0x000117069b38]
[marking 0x06bbc06afb71 <JSFunction traceMappings (sfi = 0xf8ecf628161)> for optimization to MAGLEV, ConcurrencyMode::kConcurrent, reason: hot and stable]
[compiling method 0x06bbc06afb71 <JSFunction traceMappings (sfi = 0xf8ecf628161)> (target MAGLEV) OSR, mode: ConcurrencyMode::kConcurrent]
[completed compiling 0x0ff486c2e7f9 <JSFunction addUneditedChunk (sfi = 0xf8ecf637499)> (target MAGLEV) - took 0.000, 0.395, 0.003 ms]
[completed compiling 0x06bbc06afb71 <JSFunction traceMappings (sfi = 0xf8ecf628161)> (target MAGLEV) OSR - took 0.000, 0.264, 0.002 ms]
[completed compiling 0x06bbc06aeae9 <JSFunction decode (sfi = 0xf8ecf627039)> (target TURBOFAN_JS) - took 0.000, 8.296, 0.046 ms]
[completed optimizing 0x06bbc06aeae9 <JSFunction decode (sfi = 0xf8ecf627039)> (target TURBOFAN_JS)]
[marking dependent code 0x25e0754cc931 <Code MAGLEV> (0x20535fa05449 <SharedFunctionInfo enter>) (opt id 272) for deoptimization, reason: dependent field type changed]
[marking 0x06bbc06b6129 <JSFunction memberExpression (sfi = 0x1669050f6309)> for optimization to MAGLEV, ConcurrencyMode::kConcurrent, reason: hot and stable]
[compiling method 0x06bbc06b6129 <JSFunction memberExpression (sfi = 0x1669050f6309)> (target MAGLEV), mode: ConcurrencyMode::kConcurrent]
[marking 0x33cf3c6c42b9 <JSFunction _split (sfi = 0xf8ecf637cc1)> for optimization to MAGLEV, ConcurrencyMode::kConcurrent, reason: hot and stable]
[compiling method 0x33cf3c6c42b9 <JSFunction _split (sfi = 0xf8ecf637cc1)> (target MAGLEV), mode: ConcurrencyMode::kConcurrent]
[marking 0x1350b93d6919 <JSFunction enter (sfi = 0x20535fa05449)> for optimization to MAGLEV, ConcurrencyMode::kConcurrent, reason: hot and stable]
[compiling method 0x1350b93d6919 <JSFunction enter (sfi = 0x20535fa05449)> (target MAGLEV), mode: ConcurrencyMode::kConcurrent]
[completed compiling 0x06bbc06b6129 <JSFunction memberExpression (sfi = 0x1669050f6309)> (target MAGLEV) - took 0.000, 0.308, 0.003 ms]
[completed compiling 0x33cf3c6c42b9 <JSFunction _split (sfi = 0xf8ecf637cc1)> (target MAGLEV) - took 0.000, 0.204, 0.004 ms]
[marking 0x27ca4d20f519 <JSFunction isRefIdentifier (sfi = 0xf8ecf62e0c1)> for optimization to MAGLEV, ConcurrencyMode::kConcurrent, reason: hot and stable]
[compiling method 0x27ca4d20f519 <JSFunction isRefIdentifier (sfi = 0xf8ecf62e0c1)> (target MAGLEV), mode: ConcurrencyMode::kConcurrent]
[completed compiling 0x27ca4d20f519 <JSFunction isRefIdentifier (sfi = 0xf8ecf62e0c1)> (target MAGLEV) - took 0.000, 0.196, 0.005 ms]
[completed compiling 0x1350b93d6919 <JSFunction enter (sfi = 0x20535fa05449)> (target MAGLEV) - took 0.000, 0.474, 0.006 ms]
[marking 0x0194884c5101 <JSFunction (sfi = 0x20535fa06b71)> for optimization to TURBOFAN_JS, ConcurrencyMode::kConcurrent, reason: hot and stable]
[compiling method 0x0194884c5101 <JSFunction (sfi = 0x20535fa06b71)> (target TURBOFAN_JS), mode: ConcurrencyMode::kConcurrent]
[marking 0x27ca4d20aac1 <JSFunction getLocator (sfi = 0xf8ecf62a781)> for optimization to MAGLEV, ConcurrencyMode::kConcurrent, reason: hot and stable]
[compiling method 0x27ca4d20aac1 <JSFunction getLocator (sfi = 0xf8ecf62a781)> (target MAGLEV) OSR, mode: ConcurrencyMode::kConcurrent]
[completed compiling 0x27ca4d20aac1 <JSFunction getLocator (sfi = 0xf8ecf62a781)> (target MAGLEV) OSR - took 0.000, 0.105, 0.001 ms]
[completed compiling 0x0194884c5101 <JSFunction (sfi = 0x20535fa06b71)> (target TURBOFAN_JS) - took 0.002, 0.324, 0.006 ms]
[completed optimizing 0x0194884c5101 <JSFunction (sfi = 0x20535fa06b71)> (target TURBOFAN_JS)]
[compiling method 0x06bbc06afb71 <JSFunction traceMappings (sfi = 0xf8ecf628161)> (target MAGLEV), mode: ConcurrencyMode::kConcurrent]
[completed compiling 0x06bbc06afb71 <JSFunction traceMappings (sfi = 0xf8ecf628161)> (target MAGLEV) - took 0.000, 0.272, 0.007 ms]
[marking 0x06bbc06afbb1 <JSFunction originalPositionFor$1 (sfi = 0xf8ecf6281a9)> for optimization to TURBOFAN_JS, ConcurrencyMode::kConcurrent, reason: hot and stable]
[compiling method 0x06bbc06afbb1 <JSFunction originalPositionFor$1 (sfi = 0xf8ecf6281a9)> (target TURBOFAN_JS), mode: ConcurrencyMode::kConcurrent]
[98890:0x71f80c000:0]      613 ms: GC: {"pause":1.243,"mutator":71.596,"gc":"s","reduce_memory":false,"time_to_safepoint":0,"stack":true,"reason":"allocation failure","collector_reason":"","start_object_size":93427000,"end_object_size":73573200,"start_memory_size":111771648,"end_memory_size":117014528,"start_holes_size":1058344,"end_holes_size":1318616,"pool_local_chunks":0,"pool_shared_chunks":0,"pool_total_chunks":0,"new_space_capacity":33554432,"old_gen_allocation_limit":107840608,"global_allocation_limit":107840608,"allocation_throughput":403458,"new_space_allocation_throughput":268869,"new_space_survive_rate":13.3641,"allocated":27772960,"promoted":5295704,"new_space_survived":3969680,"nodes_died_in_new":16,"nodes_copied_in_new":6,"nodes_promoted":1,"promotion_ratio":17.8282,"average_survival_ratio":55.0635,"promotion_rate":105.269,"during_sweeping":false,"heap.prologue":0,"heap.epilogue":0.001,"heap.external.prologue":0,"heap.external.epilogue":0,"heap.external_weak_global_handles":0.005,"complete.sweep_array_buffers":0,"scavenge":1.224,"scavenge.free_remembered_set":0.008,"scavenge.roots":0.007,"scavenge.weak":0,"scavenge.weak_global_handles.identify":0,"scavenge.weak_global_handles.process":0.003,"scavenge.parallel":1.095,"scavenge.pin_objects_conservative":0,"scavenge.pin_objects_precise":0,"scavenge.restore_pinned":0.006,"scavenge.sweep_array_buffers":0.003,"scavenge.resize_new_space":0.001,"background.scavenge.parallel":3.293,"incremental.steps_count":0,"incremental.steps_took":0,"scavenge_throughput":8.29344e+06,"quarantined_size":0,"quarantined_pages":0}
[completed compiling 0x06bbc06afbb1 <JSFunction originalPositionFor$1 (sfi = 0xf8ecf6281a9)> (target TURBOFAN_JS) - took 0.002, 3.330, 0.019 ms]
[completed optimizing 0x06bbc06afbb1 <JSFunction originalPositionFor$1 (sfi = 0xf8ecf6281a9)> (target TURBOFAN_JS)]
[compiling method 0x27ca4d20aac1 <JSFunction getLocator (sfi = 0xf8ecf62a781)> (target MAGLEV), mode: ConcurrencyMode::kConcurrent]
[completed compiling 0x27ca4d20aac1 <JSFunction getLocator (sfi = 0xf8ecf62a781)> (target MAGLEV) - took 0.000, 0.155, 0.002 ms]
[marking 0x27ca4d20f679 <JSFunction isBlock (sfi = 0xf8ecf62e151)> for optimization to MAGLEV, ConcurrencyMode::kConcurrent, reason: hot and stable]
[compiling method 0x27ca4d20f679 <JSFunction isBlock (sfi = 0xf8ecf62e151)> (target MAGLEV), mode: ConcurrencyMode::kConcurrent]
[completed compiling 0x27ca4d20f679 <JSFunction isBlock (sfi = 0xf8ecf62e151)> (target MAGLEV) - took 0.000, 0.042, 0.002 ms]
[marking 0x157d91747569 <JSFunction getEncodingOps (sfi = 0x9f084e21b81)> for optimization to MAGLEV, ConcurrencyMode::kConcurrent, reason: hot and stable]
[compiling method 0x157d91747569 <JSFunction getEncodingOps (sfi = 0x9f084e21b81)> (target MAGLEV), mode: ConcurrencyMode::kConcurrent]
[marking 0x06bbc0686e39 <JSFunction Chunk (sfi = 0xf8ecf636ef9)> for optimization to MAGLEV, ConcurrencyMode::kConcurrent, reason: hot and stable]
[compiling method 0x06bbc0686e39 <JSFunction Chunk (sfi = 0xf8ecf636ef9)> (target MAGLEV), mode: ConcurrencyMode::kConcurrent]
[completed compiling 0x157d91747569 <JSFunction getEncodingOps (sfi = 0x9f084e21b81)> (target MAGLEV) - took 0.000, 0.195, 0.002 ms]
[completed compiling 0x06bbc0686e39 <JSFunction Chunk (sfi = 0xf8ecf636ef9)> (target MAGLEV) - took 0.000, 0.093, 0.003 ms]
[marking 0x06bbc06af709 <JSFunction setSourceContent (sfi = 0xf8ecf627ce1)> for optimization to TURBOFAN_JS, ConcurrencyMode::kConcurrent, reason: hot and stable]
[compiling method 0x06bbc06af709 <JSFunction setSourceContent (sfi = 0xf8ecf627ce1)> (target TURBOFAN_JS), mode: ConcurrencyMode::kConcurrent]
[marking 0x0ff486c2eb41 <JSFunction toString (sfi = 0xf8ecf637259)> for optimization to MAGLEV, ConcurrencyMode::kConcurrent, reason: hot and stable]
[compiling method 0x0ff486c2eb41 <JSFunction toString (sfi = 0xf8ecf637259)> (target MAGLEV), mode: ConcurrencyMode::kConcurrent]
[completed compiling 0x0ff486c2eb41 <JSFunction toString (sfi = 0xf8ecf637259)> (target MAGLEV) - took 0.001, 0.053, 0.002 ms]
[completed compiling 0x06bbc06af709 <JSFunction setSourceContent (sfi = 0xf8ecf627ce1)> (target TURBOFAN_JS) - took 0.002, 0.570, 0.008 ms]
[completed optimizing 0x06bbc06af709 <JSFunction setSourceContent (sfi = 0xf8ecf627ce1)> (target TURBOFAN_JS)]
[marking 0x33cf3c6c4281 <JSFunction _splitChunk (sfi = 0xf8ecf637d09)> for optimization to MAGLEV, ConcurrencyMode::kConcurrent, reason: hot and stable]
[compiling method 0x33cf3c6c4281 <JSFunction _splitChunk (sfi = 0xf8ecf637d09)> (target MAGLEV), mode: ConcurrencyMode::kConcurrent]
[marking 0x0ff486c02da9 <JSFunction visit (sfi = 0xf8ecf63a7d1)> for optimization to TURBOFAN_JS, ConcurrencyMode::kConcurrent, reason: hot and stable]
[compiling method 0x0ff486c02da9 <JSFunction visit (sfi = 0xf8ecf63a7d1)> (target TURBOFAN_JS), mode: ConcurrencyMode::kConcurrent]
[completed compiling 0x33cf3c6c4281 <JSFunction _splitChunk (sfi = 0xf8ecf637d09)> (target MAGLEV) - took 0.000, 0.087, 0.004 ms]
[marking 0x0ff486c2eb09 <JSFunction split (sfi = 0xf8ecf637211)> for optimization to MAGLEV, ConcurrencyMode::kConcurrent, reason: hot and stable]
[compiling method 0x0ff486c2eb09 <JSFunction split (sfi = 0xf8ecf637211)> (target MAGLEV), mode: ConcurrencyMode::kConcurrent]
[marking 0x0ff486c2e831 <JSFunction advance (sfi = 0xf8ecf6374e1)> for optimization to MAGLEV, ConcurrencyMode::kConcurrent, reason: hot and stable]
[compiling method 0x0ff486c2e831 <JSFunction advance (sfi = 0xf8ecf6374e1)> (target MAGLEV), mode: ConcurrencyMode::kConcurrent]
[completed compiling 0x0ff486c2eb09 <JSFunction split (sfi = 0xf8ecf637211)> (target MAGLEV) - took 0.000, 0.162, 0.004 ms]
[completed compiling 0x0ff486c2e831 <JSFunction advance (sfi = 0xf8ecf6374e1)> (target MAGLEV) - took 0.000, 0.132, 0.002 ms]
[completed compiling 0x0ff486c02da9 <JSFunction visit (sfi = 0xf8ecf63a7d1)> (target TURBOFAN_JS) - took 0.002, 2.025, 0.021 ms]
[completed optimizing 0x0ff486c02da9 <JSFunction visit (sfi = 0xf8ecf63a7d1)> (target TURBOFAN_JS)]
[marking 0x0f10f4d1fc79 <JSFunction setScope (sfi = 0x20535fa05401)> for optimization to MAGLEV, ConcurrencyMode::kConcurrent, reason: hot and stable]
[marking 0x34b57c94cab1 <JSFunction (sfi = 0x20535fa08f01)> for optimization to MAGLEV, ConcurrencyMode::kConcurrent, reason: hot and stable]
[compiling method 0x34b57c94cab1 <JSFunction (sfi = 0x20535fa08f01)> (target MAGLEV), mode: ConcurrencyMode::kConcurrent]
[marking 0x0ff486c2e7f9 <JSFunction addUneditedChunk (sfi = 0xf8ecf637499)> for optimization to TURBOFAN_JS, ConcurrencyMode::kConcurrent, reason: hot and stable]
[compiling method 0x0ff486c2e7f9 <JSFunction addUneditedChunk (sfi = 0xf8ecf637499)> (target TURBOFAN_JS), mode: ConcurrencyMode::kConcurrent]
[completed compiling 0x34b57c94cab1 <JSFunction (sfi = 0x20535fa08f01)> (target MAGLEV) - took 0.000, 0.224, 0.005 ms]
[completed compiling 0x0ff486c2e7f9 <JSFunction addUneditedChunk (sfi = 0xf8ecf637499)> (target TURBOFAN_JS) - took 0.001, 1.588, 0.019 ms]
[completed optimizing 0x0ff486c2e7f9 <JSFunction addUneditedChunk (sfi = 0xf8ecf637499)> (target TURBOFAN_JS)]
[compiling method 0x3bf02e69af51 <JSFunction setScope (sfi = 0x20535fa05401)> (target MAGLEV), mode: ConcurrencyMode::kConcurrent]
[completed compiling 0x3bf02e69af51 <JSFunction setScope (sfi = 0x20535fa05401)> (target MAGLEV) - took 0.000, 0.130, 0.002 ms]
[marking 0x0cc624d25c41 <JSFunction _write (sfi = 0x157d91757a29)> for optimization to MAGLEV, ConcurrencyMode::kConcurrent, reason: hot and stable]
[compiling method 0x0cc624d25c41 <JSFunction _write (sfi = 0x157d91757a29)> (target MAGLEV), mode: ConcurrencyMode::kConcurrent]
[completed compiling 0x0cc624d25c41 <JSFunction _write (sfi = 0x157d91757a29)> (target MAGLEV) - took 0.000, 0.117, 0.002 ms]
[marking 0x06bbc06b53a9 <JSFunction callExpression (sfi = 0x1669050f53d9)> for optimization to MAGLEV, ConcurrencyMode::kConcurrent, reason: hot and stable]
[compiling method 0x06bbc06b53a9 <JSFunction callExpression (sfi = 0x1669050f53d9)> (target MAGLEV), mode: ConcurrencyMode::kConcurrent]
[marking dependent code 0x25e0754ccbc9 <Code MAGLEV> (0x0f8ecf63a8f1 <SharedFunctionInfo isStaticPropertyKey>) (opt id 273) for deoptimization, reason: dependent field type changed]
[marking 0x27ca4d20f591 <JSFunction isStaticPropertyKey (sfi = 0xf8ecf63a8f1)> for optimization to MAGLEV, ConcurrencyMode::kConcurrent, reason: hot and stable]
[compiling method 0x27ca4d20f591 <JSFunction isStaticPropertyKey (sfi = 0xf8ecf63a8f1)> (target MAGLEV), mode: ConcurrencyMode::kConcurrent]
[completed compiling 0x27ca4d20f591 <JSFunction isStaticPropertyKey (sfi = 0xf8ecf63a8f1)> (target MAGLEV) - took 0.000, 0.048, 0.001 ms]
[completed compiling 0x06bbc06b53a9 <JSFunction callExpression (sfi = 0x1669050f53d9)> (target MAGLEV) - took 0.000, 0.310, 0.004 ms]
[marking 0x27ca4d20d3e9 <JSFunction B (sfi = 0xf8ecf62cc61)> for optimization to TURBOFAN_JS, ConcurrencyMode::kConcurrent, reason: hot and stable]
[compiling method 0x27ca4d20d3e9 <JSFunction B (sfi = 0xf8ecf62cc61)> (target TURBOFAN_JS), mode: ConcurrencyMode::kConcurrent]
[completed compiling 0x27ca4d20d3e9 <JSFunction B (sfi = 0xf8ecf62cc61)> (target TURBOFAN_JS) - took 0.002, 0.848, 0.008 ms]
[completed optimizing 0x27ca4d20d3e9 <JSFunction B (sfi = 0xf8ecf62cc61)> (target TURBOFAN_JS)]
[marking 0x06bbc06b67a9 <JSFunction variableDeclaration (sfi = 0x1669050f6a59)> for optimization to MAGLEV, ConcurrencyMode::kConcurrent, reason: hot and stable]
[compiling method 0x06bbc06b67a9 <JSFunction variableDeclaration (sfi = 0x1669050f6a59)> (target MAGLEV), mode: ConcurrencyMode::kConcurrent]
[completed compiling 0x06bbc06b67a9 <JSFunction variableDeclaration (sfi = 0x1669050f6a59)> (target MAGLEV) - took 0.001, 0.103, 0.003 ms]
[marking 0x2cc435891ce9 <JSFunction onStatements (sfi = 0x22efba27f4b1)> for optimization to MAGLEV, ConcurrencyMode::kConcurrent, reason: hot and stable]
[compiling method 0x2cc435891ce9 <JSFunction onStatements (sfi = 0x22efba27f4b1)> (target MAGLEV), mode: ConcurrencyMode::kConcurrent]
[marking 0x27ca4d20f6b9 <JSFunction findParentScope (sfi = 0xf8ecf62e199)> for optimization to MAGLEV, ConcurrencyMode::kConcurrent, reason: hot and stable]
[completed compiling 0x2cc435891ce9 <JSFunction onStatements (sfi = 0x22efba27f4b1)> (target MAGLEV) - took 0.000, 0.167, 0.002 ms]
[compiling method 0x27ca4d20f6b9 <JSFunction findParentScope (sfi = 0xf8ecf62e199)> (target MAGLEV), mode: ConcurrencyMode::kConcurrent]
[completed compiling 0x27ca4d20f6b9 <JSFunction findParentScope (sfi = 0xf8ecf62e199)> (target MAGLEV) - took 0.000, 0.033, 0.001 ms]
[marking 0x3430c47758a1 <JSFunction (sfi = 0x20535fa054d9)> for optimization to MAGLEV, ConcurrencyMode::kConcurrent, reason: hot and stable]
[compiling method 0x3430c47758a1 <JSFunction (sfi = 0x20535fa054d9)> (target MAGLEV), mode: ConcurrencyMode::kConcurrent]
[marking 0x0ff486c2e9b9 <JSFunction eachNext (sfi = 0xf8ecf637061)> for optimization to MAGLEV, ConcurrencyMode::kConcurrent, reason: hot and stable]
[completed compiling 0x3430c47758a1 <JSFunction (sfi = 0x20535fa054d9)> (target MAGLEV) - took 0.000, 0.188, 0.002 ms]
[marking 0x06bbc06aeba9 <JSFunction encode$1 (sfi = 0xf8ecf627111)> for optimization to TURBOFAN_JS, ConcurrencyMode::kConcurrent, reason: hot and stable]
[marking 0x06bbc06af809 <JSFunction addSegmentInternal (sfi = 0xf8ecf627e01)> for optimization to TURBOFAN_JS, ConcurrencyMode::kConcurrent, reason: hot and stable]
[compiling method 0x06bbc06af809 <JSFunction addSegmentInternal (sfi = 0xf8ecf627e01)> (target TURBOFAN_JS), mode: ConcurrencyMode::kConcurrent]
[compiling method 0x06bbc06aeba9 <JSFunction encode$1 (sfi = 0xf8ecf627111)> (target TURBOFAN_JS), mode: ConcurrencyMode::kConcurrent]
[marking 0x33cf3c6c4539 <JSFunction toString (sfi = 0xf8ecf637d51)> for optimization to MAGLEV, ConcurrencyMode::kConcurrent, reason: hot and stable]
[marking 0x06bbc06b3ce1 <JSFunction writeUInt32LE (sfi = 0x157d917568d9)> for optimization to MAGLEV, ConcurrencyMode::kConcurrent, reason: hot and stable]
[compiling method 0x06bbc06b3ce1 <JSFunction writeUInt32LE (sfi = 0x157d917568d9)> (target MAGLEV), mode: ConcurrencyMode::kConcurrent]
[completed compiling 0x06bbc06b3ce1 <JSFunction writeUInt32LE (sfi = 0x157d917568d9)> (target MAGLEV) - took 0.000, 0.100, 0.001 ms]
[marking 0x0916d36f2381 <JSFunction (sfi = 0x22efba2713c9)> for optimization to MAGLEV, ConcurrencyMode::kConcurrent, reason: hot and stable]
[compiling method 0x0916d36f23b9 <JSFunction (sfi = 0x22efba2713c9)> (target MAGLEV), mode: ConcurrencyMode::kConcurrent]
[completed compiling 0x0916d36f23b9 <JSFunction (sfi = 0x22efba2713c9)> (target MAGLEV) - took 0.000, 0.116, 0.003 ms]
[compiling method 0x33cf3c6c4539 <JSFunction toString (sfi = 0xf8ecf637d51)> (target MAGLEV), mode: ConcurrencyMode::kConcurrent]
[completed compiling 0x33cf3c6c4539 <JSFunction toString (sfi = 0xf8ecf637d51)> (target MAGLEV) - took 0.000, 0.170, 0.004 ms]
[completed compiling 0x06bbc06af809 <JSFunction addSegmentInternal (sfi = 0xf8ecf627e01)> (target TURBOFAN_JS) - took 0.001, 3.519, 0.017 ms]
[completed optimizing 0x06bbc06af809 <JSFunction addSegmentInternal (sfi = 0xf8ecf627e01)> (target TURBOFAN_JS)]
[compiling method 0x0ff486c2e9b9 <JSFunction eachNext (sfi = 0xf8ecf637061)> (target MAGLEV), mode: ConcurrencyMode::kConcurrent]
[completed compiling 0x0ff486c2e9b9 <JSFunction eachNext (sfi = 0xf8ecf637061)> (target MAGLEV) - took 0.000, 0.074, 0.001 ms]
[completed compiling 0x06bbc06aeba9 <JSFunction encode$1 (sfi = 0xf8ecf627111)> (target TURBOFAN_JS) - took 0.000, 5.489, 0.031 ms]
[completed optimizing 0x06bbc06aeba9 <JSFunction encode$1 (sfi = 0xf8ecf627111)> (target TURBOFAN_JS)]
[marking 0x10d2243874b1 <JSFunction (sfi = 0x20535fa291a1)> for optimization to MAGLEV, ConcurrencyMode::kConcurrent, reason: hot and stable]
[compiling method 0x10d2243874b1 <JSFunction (sfi = 0x20535fa291a1)> (target MAGLEV), mode: ConcurrencyMode::kConcurrent]
[completed compiling 0x10d2243874b1 <JSFunction (sfi = 0x20535fa291a1)> (target MAGLEV) - took 0.000, 0.040, 0.002 ms]
[marking 0x10d224388d61 <JSFunction (sfi = 0x20535fa291e9)> for optimization to MAGLEV, ConcurrencyMode::kConcurrent, reason: hot and stable]
[compiling method 0x10d224388d61 <JSFunction (sfi = 0x20535fa291e9)> (target MAGLEV), mode: ConcurrencyMode::kConcurrent]
[completed compiling 0x10d224388d61 <JSFunction (sfi = 0x20535fa291e9)> (target MAGLEV) - took 0.000, 0.124, 0.001 ms]
[marking 0x163c8a933eb1 <JSFunction Parser (sfi = 0xb3091c8ef79)> for optimization to MAGLEV, ConcurrencyMode::kConcurrent, reason: hot and stable]
[compiling method 0x163c8a933eb1 <JSFunction Parser (sfi = 0xb3091c8ef79)> (target MAGLEV), mode: ConcurrencyMode::kConcurrent]
[marking 0x163c8a9334d9 <JSFunction Parser (sfi = 0xb3091c8e829)> for optimization to MAGLEV, ConcurrencyMode::kConcurrent, reason: hot and stable]
[compiling method 0x163c8a9334d9 <JSFunction Parser (sfi = 0xb3091c8e829)> (target MAGLEV), mode: ConcurrencyMode::kConcurrent]
[marking 0x1944edf58239 <JSFunction (sfi = 0xb3091c8e7e1)> for optimization to MAGLEV, ConcurrencyMode::kConcurrent, reason: hot and stable]
[compiling method 0x1944edf58239 <JSFunction (sfi = 0xb3091c8e7e1)> (target MAGLEV), mode: ConcurrencyMode::kConcurrent]
[completed compiling 0x163c8a933eb1 <JSFunction Parser (sfi = 0xb3091c8ef79)> (target MAGLEV) - took 0.000, 0.058, 0.001 ms]
[completed compiling 0x1944edf58239 <JSFunction (sfi = 0xb3091c8e7e1)> (target MAGLEV) - took 0.000, 0.018, 0.000 ms]
[completed compiling 0x163c8a9334d9 <JSFunction Parser (sfi = 0xb3091c8e829)> (target MAGLEV) - took 0.000, 0.080, 0.001 ms]
[marking 0x1576c2c139a9 <JSFunction createParserContext (sfi = 0xb3091c95a11)> for optimization to MAGLEV, ConcurrencyMode::kConcurrent, reason: hot and stable]
[compiling method 0x1576c2c139a9 <JSFunction createParserContext (sfi = 0xb3091c95a11)> (target MAGLEV), mode: ConcurrencyMode::kConcurrent]
[marking 0x30bf5fea3781 <JSFunction makeParser (sfi = 0x2faf006facd1)> for optimization to MAGLEV, ConcurrencyMode::kConcurrent, reason: hot and stable]
[compiling method 0x30bf5fea3781 <JSFunction makeParser (sfi = 0x2faf006facd1)> (target MAGLEV), mode: ConcurrencyMode::kConcurrent]
[marking 0x30bf5fea3901 <JSFunction string (sfi = 0x2faf006fae81)> for optimization to MAGLEV, ConcurrencyMode::kConcurrent, reason: hot and stable]
[compiling method 0x30bf5fea3901 <JSFunction string (sfi = 0x2faf006fae81)> (target MAGLEV), mode: ConcurrencyMode::kConcurrent]
[marking 0x288379ecbc61 <JSFunction spanned (sfi = 0x20535fa29111)> for optimization to MAGLEV, ConcurrencyMode::kConcurrent, reason: hot and stable]
[marking 0x10d22438c029 <JSFunction (sfi = 0x20535fa29231)> for optimization to MAGLEV, ConcurrencyMode::kConcurrent, reason: hot and stable]
[compiling method 0x10d22438c029 <JSFunction (sfi = 0x20535fa29231)> (target MAGLEV), mode: ConcurrencyMode::kConcurrent]
[completed compiling 0x1576c2c139a9 <JSFunction createParserContext (sfi = 0xb3091c95a11)> (target MAGLEV) - took 0.000, 0.051, 0.002 ms]
[completed compiling 0x30bf5fea3781 <JSFunction makeParser (sfi = 0x2faf006facd1)> (target MAGLEV) - took 0.000, 0.040, 0.001 ms]
[compiling method 0x288379ecbc61 <JSFunction spanned (sfi = 0x20535fa29111)> (target MAGLEV), mode: ConcurrencyMode::kConcurrent]
[marking 0x1944edf71271 <JSFunction (sfi = 0xb3091c95b79)> for optimization to MAGLEV, ConcurrencyMode::kConcurrent, reason: hot and stable]
[compiling method 0x1944edf71271 <JSFunction (sfi = 0xb3091c95b79)> (target MAGLEV), mode: ConcurrencyMode::kConcurrent]
[completed compiling 0x10d22438c029 <JSFunction (sfi = 0x20535fa29231)> (target MAGLEV) - took 0.000, 0.075, 0.000 ms]
[marking 0x0a69964d6c41 <JSFunction (sfi = 0x20535fa34649)> for optimization to MAGLEV, ConcurrencyMode::kConcurrent, reason: hot and stable]
[compiling method 0x0a69964d6c41 <JSFunction (sfi = 0x20535fa34649)> (target MAGLEV), mode: ConcurrencyMode::kConcurrent]
[completed compiling 0x30bf5fea3901 <JSFunction string (sfi = 0x2faf006fae81)> (target MAGLEV) - took 0.000, 0.137, 0.001 ms]
[completed compiling 0x288379ecbc61 <JSFunction spanned (sfi = 0x20535fa29111)> (target MAGLEV) - took 0.000, 0.033, 0.001 ms]
[completed compiling 0x1944edf71271 <JSFunction (sfi = 0xb3091c95b79)> (target MAGLEV) - took 0.000, 0.013, 0.000 ms]
[completed compiling 0x0a69964d6c41 <JSFunction (sfi = 0x20535fa34649)> (target MAGLEV) - took 0.000, 0.015, 0.000 ms]
[marking 0x0a69964d67e1 <JSFunction (sfi = 0x20535fa340a9)> for optimization to MAGLEV, ConcurrencyMode::kConcurrent, reason: hot and stable]
[compiling method 0x0a69964d67e1 <JSFunction (sfi = 0x20535fa340a9)> (target MAGLEV), mode: ConcurrencyMode::kConcurrent]
[marking 0x30bf5fea3ca1 <JSFunction (sfi = 0x2faf006fb079)> for optimization to MAGLEV, ConcurrencyMode::kConcurrent, reason: hot and stable]
[compiling method 0x30bf5fea3ca1 <JSFunction (sfi = 0x2faf006fb079)> (target MAGLEV), mode: ConcurrencyMode::kConcurrent]
[completed compiling 0x0a69964d67e1 <JSFunction (sfi = 0x20535fa340a9)> (target MAGLEV) - took 0.000, 0.012, 0.000 ms]
[completed compiling 0x30bf5fea3ca1 <JSFunction (sfi = 0x2faf006fb079)> (target MAGLEV) - took 0.000, 0.010, 0.000 ms]
[bailout (kind: deopt-eager, reason: Insufficient type feedback for generic named access): begin. deoptimizing 0x30bf5fea3901 <JSFunction string (sfi = 0x2faf006fae81)>, 0x00b2c98c04b9 <Code MAGLEV>, opt id 348, bytecode offset 66, deopt exit 3, FP to SP delta 64, caller SP 0x00016fae95a0, pc 0x000117200728]
[marking 0x1f2da8c794f1 <JSFunction Grammar (sfi = 0x2f1afdeea7f9)> for optimization to MAGLEV, ConcurrencyMode::kConcurrent, reason: hot and stable]
[compiling method 0x1f2da8c794f1 <JSFunction Grammar (sfi = 0x2f1afdeea7f9)> (target MAGLEV), mode: ConcurrencyMode::kConcurrent]
[marking 0x253441962aa9 <JSFunction literal (sfi = 0x2f1afdeea379)> for optimization to MAGLEV, ConcurrencyMode::kConcurrent, reason: hot and stable]
[completed compiling 0x1f2da8c794f1 <JSFunction Grammar (sfi = 0x2f1afdeea7f9)> (target MAGLEV) - took 0.000, 0.021, 0.001 ms]
[marking 0x1f2da8c79611 <JSFunction spanned (sfi = 0x2f1afdeea961)> for optimization to MAGLEV, ConcurrencyMode::kConcurrent, reason: hot and stable]
[marking 0x1b8f8b7768e1 <JSFunction (sfi = 0x20535fa29279)> for optimization to MAGLEV, ConcurrencyMode::kConcurrent, reason: hot and stable]
[compiling method 0x1b8f8b7768e1 <JSFunction (sfi = 0x20535fa29279)> (target MAGLEV), mode: ConcurrencyMode::kConcurrent]
[compiling method 0x253441962aa9 <JSFunction literal (sfi = 0x2f1afdeea379)> (target MAGLEV), mode: ConcurrencyMode::kConcurrent]
[compiling method 0x1f2da8c79611 <JSFunction spanned (sfi = 0x2f1afdeea961)> (target MAGLEV), mode: ConcurrencyMode::kConcurrent]
[marking 0x253441962de1 <JSFunction (sfi = 0x2f1afdeea6d9)> for optimization to MAGLEV, ConcurrencyMode::kConcurrent, reason: hot and stable]
[completed compiling 0x253441962aa9 <JSFunction literal (sfi = 0x2f1afdeea379)> (target MAGLEV) - took 0.001, 0.042, 0.003 ms]
[compiling method 0x253441962de1 <JSFunction (sfi = 0x2f1afdeea6d9)> (target MAGLEV), mode: ConcurrencyMode::kConcurrent]
[completed compiling 0x1b8f8b7768e1 <JSFunction (sfi = 0x20535fa29279)> (target MAGLEV) - took 0.000, 0.087, 0.002 ms]
[completed compiling 0x1f2da8c79611 <JSFunction spanned (sfi = 0x2f1afdeea961)> (target MAGLEV) - took 0.000, 0.041, 0.002 ms]
[completed compiling 0x253441962de1 <JSFunction (sfi = 0x2f1afdeea6d9)> (target MAGLEV) - took 0.000, 0.009, 0.000 ms]
[marking 0x30ffd9c59a81 <JSFunction (sfi = 0x2f1afdef6ab1)> for optimization to MAGLEV, ConcurrencyMode::kConcurrent, reason: hot and stable]
[compiling method 0x30ffd9c59a81 <JSFunction (sfi = 0x2f1afdef6ab1)> (target MAGLEV), mode: ConcurrencyMode::kConcurrent]
[completed compiling 0x30ffd9c59a81 <JSFunction (sfi = 0x2f1afdef6ab1)> (target MAGLEV) - took 0.000, 0.014, 0.001 ms]
[marking 0x253441962c69 <JSFunction buildTerminalTable (sfi = 0x2f1afdeea571)> for optimization to MAGLEV, ConcurrencyMode::kConcurrent, reason: hot and stable]
[compiling method 0x253441962c69 <JSFunction buildTerminalTable (sfi = 0x2f1afdeea571)> (target MAGLEV) OSR, mode: ConcurrencyMode::kConcurrent]
[completed compiling 0x253441962c69 <JSFunction buildTerminalTable (sfi = 0x2f1afdeea571)> (target MAGLEV) OSR - took 0.000, 0.377, 0.003 ms]
[compiling method 0x253441962c69 <JSFunction buildTerminalTable (sfi = 0x2f1afdeea571)> (target MAGLEV) OSR, mode: ConcurrencyMode::kConcurrent]
[completed compiling 0x253441962c69 <JSFunction buildTerminalTable (sfi = 0x2f1afdeea571)> (target MAGLEV) OSR - took 0.000, 0.781, 0.007 ms]
[marking 0x2666e4485ab9 <JSFunction (sfi = 0x20535fa292c1)> for optimization to MAGLEV, ConcurrencyMode::kConcurrent, reason: hot and stable]
[compiling method 0x2666e4485ab9 <JSFunction (sfi = 0x20535fa292c1)> (target MAGLEV), mode: ConcurrencyMode::kConcurrent]
[completed compiling 0x2666e4485ab9 <JSFunction (sfi = 0x20535fa292c1)> (target MAGLEV) - took 0.000, 0.034, 0.000 ms]
[marking 0x2666e4485421 <JSFunction (sfi = 0x2f1afdef8939)> for optimization to MAGLEV, ConcurrencyMode::kConcurrent, reason: hot and stable]
[compiling method 0x2666e4485421 <JSFunction (sfi = 0x2f1afdef8939)> (target MAGLEV), mode: ConcurrencyMode::kConcurrent]
[completed compiling 0x2666e4485421 <JSFunction (sfi = 0x2f1afdef8939)> (target MAGLEV) - took 0.000, 0.229, 0.004 ms]
[marking 0x3216fe0c7a39 <JSFunction isDiagnosticsEnabled (sfi = 0x2faf006f06e1)> for optimization to MAGLEV, ConcurrencyMode::kConcurrent, reason: hot and stable]
[compiling method 0x3216fe0c7a39 <JSFunction isDiagnosticsEnabled (sfi = 0x2faf006f06e1)> (target MAGLEV), mode: ConcurrencyMode::kConcurrent]
[completed compiling 0x3216fe0c7a39 <JSFunction isDiagnosticsEnabled (sfi = 0x2faf006f06e1)> (target MAGLEV) - took 0.000, 0.021, 0.000 ms]
[marking 0x1f2da8c791d9 <JSFunction RunState (sfi = 0x2f1afdeeef69)> for optimization to MAGLEV, ConcurrencyMode::kConcurrent, reason: hot and stable]
[marking 0x1f2da8c78f39 <JSFunction RunState (sfi = 0x2f1afdeeee01)> for optimization to MAGLEV, ConcurrencyMode::kConcurrent, reason: hot and stable]
[marking 0x1f2da8c79319 <JSFunction parseState (sfi = 0x2f1afdeeeff9)> for optimization to MAGLEV, ConcurrencyMode::kConcurrent, reason: hot and stable]
[marking 0x2666e44858a1 <JSFunction parseState (sfi = 0x2f1afdef7589)> for optimization to MAGLEV, ConcurrencyMode::kConcurrent, reason: hot and stable]
[compiling method 0x2666e44858a1 <JSFunction parseState (sfi = 0x2f1afdef7589)> (target MAGLEV), mode: ConcurrencyMode::kConcurrent]
[compiling method 0x1f2da8c79319 <JSFunction parseState (sfi = 0x2f1afdeeeff9)> (target MAGLEV), mode: ConcurrencyMode::kConcurrent]
[compiling method 0x1f2da8c78f39 <JSFunction RunState (sfi = 0x2f1afdeeee01)> (target MAGLEV), mode: ConcurrencyMode::kConcurrent]
[compiling method 0x1f2da8c791d9 <JSFunction RunState (sfi = 0x2f1afdeeef69)> (target MAGLEV), mode: ConcurrencyMode::kConcurrent]
[completed compiling 0x2666e44858a1 <JSFunction parseState (sfi = 0x2f1afdef7589)> (target MAGLEV) - took 0.000, 0.023, 0.000 ms]
[marking 0x163c8a92fd39 <JSFunction (sfi = 0x2f1afded03d9)> for optimization to MAGLEV, ConcurrencyMode::kConcurrent, reason: hot and stable]
[marking 0x3216fe0c7d29 <JSFunction (sfi = 0x2faf006f09b1)> for optimization to MAGLEV, ConcurrencyMode::kConcurrent, reason: hot and stable]
[marking 0x163c8a92fdb1 <JSFunction (sfi = 0x2f1afded0421)> for optimization to MAGLEV, ConcurrencyMode::kConcurrent, reason: hot and stable]
[compiling method 0x163c8a92fd39 <JSFunction (sfi = 0x2f1afded03d9)> (target MAGLEV), mode: ConcurrencyMode::kConcurrent]
[compiling method 0x3216fe0c7d29 <JSFunction (sfi = 0x2faf006f09b1)> (target MAGLEV), mode: ConcurrencyMode::kConcurrent]
[compiling method 0x163c8a92fdb1 <JSFunction (sfi = 0x2f1afded0421)> (target MAGLEV), mode: ConcurrencyMode::kConcurrent]
[completed compiling 0x1f2da8c79319 <JSFunction parseState (sfi = 0x2f1afdeeeff9)> (target MAGLEV) - took 0.000, 0.147, 0.004 ms]
[completed compiling 0x1f2da8c78f39 <JSFunction RunState (sfi = 0x2f1afdeeee01)> (target MAGLEV) - took 0.001, 0.149, 0.003 ms]
[completed compiling 0x163c8a92fd39 <JSFunction (sfi = 0x2f1afded03d9)> (target MAGLEV) - took 0.000, 0.013, 0.000 ms]
[completed compiling 0x1f2da8c791d9 <JSFunction RunState (sfi = 0x2f1afdeeef69)> (target MAGLEV) - took 0.000, 0.032, 0.001 ms]
[completed compiling 0x3216fe0c7d29 <JSFunction (sfi = 0x2faf006f09b1)> (target MAGLEV) - took 0.000, 0.009, 0.000 ms]
[completed compiling 0x163c8a92fdb1 <JSFunction (sfi = 0x2f1afded0421)> (target MAGLEV) - took 0.000, 0.010, 0.000 ms]
[marking 0x2666e44857c9 <JSFunction (sfi = 0x2f1afdef7d51)> for optimization to MAGLEV, ConcurrencyMode::kConcurrent, reason: hot and stable]
[compiling method 0x2666e44857c9 <JSFunction (sfi = 0x2f1afdef7d51)> (target MAGLEV), mode: ConcurrencyMode::kConcurrent]
[marking 0x1f2da8c79021 <JSFunction clearFrontierExtras (sfi = 0x2f1afdeeef21)> for optimization to MAGLEV, ConcurrencyMode::kConcurrent, reason: hot and stable]
[compiling method 0x1f2da8c79021 <JSFunction clearFrontierExtras (sfi = 0x2f1afdeeef21)> (target MAGLEV), mode: ConcurrencyMode::kConcurrent]
[completed compiling 0x2666e44857c9 <JSFunction (sfi = 0x2f1afdef7d51)> (target MAGLEV) - took 0.000, 0.087, 0.002 ms]
[completed compiling 0x1f2da8c79021 <JSFunction clearFrontierExtras (sfi = 0x2f1afdeeef21)> (target MAGLEV) - took 0.000, 0.026, 0.001 ms]
[marking 0x2666e44854b9 <JSFunction transform (sfi = 0x2f1afdef81e9)> for optimization to MAGLEV, ConcurrencyMode::kConcurrent, reason: hot and stable]
[compiling method 0x2666e44854b9 <JSFunction transform (sfi = 0x2f1afdef81e9)> (target MAGLEV), mode: ConcurrencyMode::kConcurrent]
[completed compiling 0x2666e44854b9 <JSFunction transform (sfi = 0x2f1afdef81e9)> (target MAGLEV) - took 0.000, 0.009, 0.000 ms]
[marking 0x1f2da8c74551 <JSFunction collectRunDiagnostic (sfi = 0x2f1afdeeece1)> for optimization to MAGLEV, ConcurrencyMode::kConcurrent, reason: hot and stable]
[marking 0x1f2da8c78fb1 <JSFunction rollback (sfi = 0x2f1afdeeee91)> for optimization to MAGLEV, ConcurrencyMode::kConcurrent, reason: hot and stable]
[marking 0x2666e4485589 <JSFunction project (sfi = 0x2f1afdef82a9)> for optimization to MAGLEV, ConcurrencyMode::kConcurrent, reason: hot and stable]
[marking 0x1f2da8c78f79 <JSFunction ok (sfi = 0x2f1afdeeee49)> for optimization to MAGLEV, ConcurrencyMode::kConcurrent, reason: hot and stable]
[compiling method 0x1f2da8c74551 <JSFunction collectRunDiagnostic (sfi = 0x2f1afdeeece1)> (target MAGLEV), mode: ConcurrencyMode::kConcurrent]
[marking 0x1f2da8c78fe9 <JSFunction pushDiagnostic (sfi = 0x2f1afdeeeed9)> for optimization to MAGLEV, ConcurrencyMode::kConcurrent, reason: hot and stable]
[compiling method 0x1f2da8c78fb1 <JSFunction rollback (sfi = 0x2f1afdeeee91)> (target MAGLEV), mode: ConcurrencyMode::kConcurrent]
[compiling method 0x2666e4485589 <JSFunction project (sfi = 0x2f1afdef82a9)> (target MAGLEV), mode: ConcurrencyMode::kConcurrent]
[compiling method 0x1f2da8c78f79 <JSFunction ok (sfi = 0x2f1afdeeee49)> (target MAGLEV), mode: ConcurrencyMode::kConcurrent]
[compiling method 0x1f2da8c78fe9 <JSFunction pushDiagnostic (sfi = 0x2f1afdeeeed9)> (target MAGLEV), mode: ConcurrencyMode::kConcurrent]
[completed compiling 0x1f2da8c78fb1 <JSFunction rollback (sfi = 0x2f1afdeeee91)> (target MAGLEV) - took 0.000, 0.051, 0.001 ms]
[completed compiling 0x2666e4485589 <JSFunction project (sfi = 0x2f1afdef82a9)> (target MAGLEV) - took 0.000, 0.017, 0.000 ms]
[completed compiling 0x1f2da8c78f79 <JSFunction ok (sfi = 0x2f1afdeeee49)> (target MAGLEV) - took 0.000, 0.032, 0.001 ms]
[completed compiling 0x1f2da8c78fe9 <JSFunction pushDiagnostic (sfi = 0x2f1afdeeeed9)> (target MAGLEV) - took 0.000, 0.040, 0.001 ms]
[completed compiling 0x1f2da8c74551 <JSFunction collectRunDiagnostic (sfi = 0x2f1afdeeece1)> (target MAGLEV) - took 0.000, 0.194, 0.005 ms]
[marking 0x2666e4485791 <JSFunction alphabet.alphabet (sfi = 0x12e87175b31)> for optimization to MAGLEV, ConcurrencyMode::kConcurrent, reason: hot and stable]
[compiling method 0x2666e4485791 <JSFunction alphabet.alphabet (sfi = 0x12e87175b31)> (target MAGLEV), mode: ConcurrencyMode::kConcurrent]
[completed compiling 0x2666e4485791 <JSFunction alphabet.alphabet (sfi = 0x12e87175b31)> (target MAGLEV) - took 0.000, 0.115, 0.002 ms]
[marking 0x1f2da8c74681 <JSFunction (sfi = 0x2f1afdeeedb9)> for optimization to MAGLEV, ConcurrencyMode::kConcurrent, reason: hot and stable]
[compiling method 0x1f2da8c74681 <JSFunction (sfi = 0x2f1afdeeedb9)> (target MAGLEV), mode: ConcurrencyMode::kConcurrent]
[completed compiling 0x1f2da8c74681 <JSFunction (sfi = 0x2f1afdeeedb9)> (target MAGLEV) - took 0.000, 0.011, 0.000 ms]
[marking 0x2666e4485421 <JSFunction (sfi = 0x2f1afdef8939)> for optimization to TURBOFAN_JS, ConcurrencyMode::kConcurrent, reason: hot and stable]
[compiling method 0x2666e4485421 <JSFunction (sfi = 0x2f1afdef8939)> (target TURBOFAN_JS), mode: ConcurrencyMode::kConcurrent]
[marking 0x288379ecb869 <JSFunction (sfi = 0x20535fa28ec1)> for optimization to MAGLEV, ConcurrencyMode::kConcurrent, reason: hot and stable]
[marking 0x253441962d29 <JSFunction mergeLabels (sfi = 0x2f1afdeea649)> for optimization to MAGLEV, ConcurrencyMode::kConcurrent, reason: hot and stable]
[compiling method 0x253441962d29 <JSFunction mergeLabels (sfi = 0x2f1afdeea649)> (target MAGLEV), mode: ConcurrencyMode::kConcurrent]
[compiling method 0x288379ecb869 <JSFunction (sfi = 0x20535fa28ec1)> (target MAGLEV) OSR, mode: ConcurrencyMode::kConcurrent]
[completed compiling 0x253441962d29 <JSFunction mergeLabels (sfi = 0x2f1afdeea649)> (target MAGLEV) - took 0.000, 0.087, 0.011 ms]
[completed compiling 0x288379ecb869 <JSFunction (sfi = 0x20535fa28ec1)> (target MAGLEV) OSR - took 0.000, 0.287, 0.002 ms]
[marking 0x1f2da8c79319 <JSFunction parseState (sfi = 0x2f1afdeeeff9)> for optimization to TURBOFAN_JS, ConcurrencyMode::kConcurrent, reason: hot and stable]
[compiling method 0x1f2da8c79319 <JSFunction parseState (sfi = 0x2f1afdeeeff9)> (target TURBOFAN_JS), mode: ConcurrencyMode::kConcurrent]
[compiling method 0x288379ecb869 <JSFunction (sfi = 0x20535fa28ec1)> (target TURBOFAN_JS) OSR, mode: ConcurrencyMode::kConcurrent]
[marking 0x3216fe0c7a39 <JSFunction isDiagnosticsEnabled (sfi = 0x2faf006f06e1)> for optimization to TURBOFAN_JS, ConcurrencyMode::kConcurrent, reason: hot and stable]
[compiling method 0x3216fe0c7a39 <JSFunction isDiagnosticsEnabled (sfi = 0x2faf006f06e1)> (target TURBOFAN_JS), mode: ConcurrencyMode::kConcurrent]
[completed compiling 0x2666e4485421 <JSFunction (sfi = 0x2f1afdef8939)> (target TURBOFAN_JS) - took 0.001, 2.624, 0.026 ms]
[completed optimizing 0x2666e4485421 <JSFunction (sfi = 0x2f1afdef8939)> (target TURBOFAN_JS)]
[completed compiling 0x3216fe0c7a39 <JSFunction isDiagnosticsEnabled (sfi = 0x2faf006f06e1)> (target TURBOFAN_JS) - took 0.003, 0.204, 0.003 ms]
[completed optimizing 0x3216fe0c7a39 <JSFunction isDiagnosticsEnabled (sfi = 0x2faf006f06e1)> (target TURBOFAN_JS)]
[98890:0x71f80c000:0]      662 ms: GC: {"pause":1.117,"mutator":47.591,"gc":"s","reduce_memory":false,"time_to_safepoint":0,"stack":true,"reason":"allocation failure","collector_reason":"","start_object_size":105238168,"end_object_size":75984336,"start_memory_size":136724480,"end_memory_size":139296768,"start_holes_size":1581080,"end_holes_size":1895088,"pool_local_chunks":0,"pool_shared_chunks":0,"pool_total_chunks":0,"new_space_capacity":33554432,"old_gen_allocation_limit":107840608,"global_allocation_limit":107840608,"allocation_throughput":498745,"new_space_allocation_throughput":364522,"new_space_survive_rate":5.448,"allocated":31664968,"promoted":3880040,"new_space_survived":1916136,"nodes_died_in_new":30,"nodes_copied_in_new":1,"nodes_promoted":2,"promotion_ratio":11.0318,"average_survival_ratio":50.147,"promotion_rate":97.7419,"during_sweeping":false,"heap.prologue":0,"heap.epilogue":0.001,"heap.external.prologue":0,"heap.external.epilogue":0,"heap.external_weak_global_handles":0.003,"complete.sweep_array_buffers":0,"scavenge":1.096,"scavenge.free_remembered_set":0.021,"scavenge.roots":0.029,"scavenge.weak":0,"scavenge.weak_global_handles.identify":0,"scavenge.weak_global_handles.process":0.004,"scavenge.parallel":0.849,"scavenge.pin_objects_conservative":0,"scavenge.pin_objects_precise":0,"scavenge.restore_pinned":0.014,"scavenge.sweep_array_buffers":0.003,"scavenge.resize_new_space":0,"background.scavenge.parallel":1.847,"incremental.steps_count":0,"incremental.steps_took":0,"scavenge_throughput":7.98683e+06,"quarantined_size":0,"quarantined_pages":0}
[marking dependent code 0x25e0754d8349 <Code MAGLEV> (0x2f1afdeea961 <SharedFunctionInfo spanned>) (opt id 357) for deoptimization, reason: dependent allocation site tenuring changed]
[marking dependent code 0x00b2c98c0ac1 <Code MAGLEV> (0x20535fa29279 <SharedFunctionInfo>) (opt id 356) for deoptimization, reason: dependent allocation site tenuring changed]
[marking dependent code 0x25e0754d8031 <Code MAGLEV> (0x2f1afdeea379 <SharedFunctionInfo literal>) (opt id 355) for deoptimization, reason: dependent allocation site tenuring changed]
[marking dependent code 0x1f17a536d3b1 <Code MAGLEV> (0x0b3091c95a11 <SharedFunctionInfo createParserContext>) (opt id 345) for deoptimization, reason: dependent allocation site tenuring changed]
[completed compiling 0x0a376e780241 <JSFunction parseState (sfi = 0x2f1afdeeeff9)> (target TURBOFAN_JS) - took 0.001, 2.870, 0.019 ms]
[completed optimizing 0x0a376e780241 <JSFunction parseState (sfi = 0x2f1afdeeeff9)> (target TURBOFAN_JS)]
[marking 0x0a376e7be8f1 <JSFunction (sfi = 0x2faf006f09b1)> for optimization to TURBOFAN_JS, ConcurrencyMode::kConcurrent, reason: hot and stable]
[marking 0x0a376e78e061 <JSFunction (sfi = 0x2f1afded0421)> for optimization to TURBOFAN_JS, ConcurrencyMode::kConcurrent, reason: hot and stable]
[marking 0x0a376e78e029 <JSFunction (sfi = 0x2f1afded03d9)> for optimization to TURBOFAN_JS, ConcurrencyMode::kConcurrent, reason: hot and stable]
[compiling method 0x0a376e7be8f1 <JSFunction (sfi = 0x2faf006f09b1)> (target TURBOFAN_JS), mode: ConcurrencyMode::kConcurrent]
[compiling method 0x0a376e78e061 <JSFunction (sfi = 0x2f1afded0421)> (target TURBOFAN_JS), mode: ConcurrencyMode::kConcurrent]
[compiling method 0x0a376e78e029 <JSFunction (sfi = 0x2f1afded03d9)> (target TURBOFAN_JS), mode: ConcurrencyMode::kConcurrent]
[completed compiling 0x377bcc7b0d19 <JSFunction (sfi = 0x20535fa28ec1)> (target TURBOFAN_JS) OSR - took 0.000, 3.566, 0.016 ms]
[completed optimizing 0x377bcc7b0d19 <JSFunction (sfi = 0x20535fa28ec1)> (target TURBOFAN_JS) OSR]
[completed compiling 0x0a376e7be8f1 <JSFunction (sfi = 0x2faf006f09b1)> (target TURBOFAN_JS) - took 0.001, 0.137, 0.001 ms]
[completed optimizing 0x0a376e7be8f1 <JSFunction (sfi = 0x2faf006f09b1)> (target TURBOFAN_JS)]
[completed compiling 0x0a376e78e029 <JSFunction (sfi = 0x2f1afded03d9)> (target TURBOFAN_JS) - took 0.001, 0.113, 0.000 ms]
[completed optimizing 0x0a376e78e029 <JSFunction (sfi = 0x2f1afded03d9)> (target TURBOFAN_JS)]
[completed compiling 0x0a376e78e061 <JSFunction (sfi = 0x2f1afded0421)> (target TURBOFAN_JS) - took 0.000, 0.149, 0.006 ms]
[completed optimizing 0x0a376e78e061 <JSFunction (sfi = 0x2f1afded0421)> (target TURBOFAN_JS)]
[bailout (kind: deopt-eager, reason: prepare for on stack replacement (OSR)): begin. deoptimizing 0x377bcc7b0d19 <JSFunction (sfi = 0x20535fa28ec1)>, 0x00b2c98cc361 <Code MAGLEV>, opt id 384, bytecode offset 937, deopt exit 17, FP to SP delta 288, caller SP 0x00016fae9860, pc 0x0001171d4f30]
[bailout (kind: deopt-eager, reason: Insufficient type feedback for generic named access): begin. deoptimizing 0x377bcc7b0d19 <JSFunction (sfi = 0x20535fa28ec1)>, 0x25e0754dfad9 <Code TURBOFAN_JS>, opt id 386, bytecode offset 945, deopt exit 22, FP to SP delta 352, caller SP 0x00016fae9860, pc 0x00011718f904]
[marking 0x0a376e780481 <JSFunction parseState (sfi = 0x2f1afdef7589)> for optimization to TURBOFAN_JS, ConcurrencyMode::kConcurrent, reason: hot and stable]
[compiling method 0x0a376e780481 <JSFunction parseState (sfi = 0x2f1afdef7589)> (target TURBOFAN_JS), mode: ConcurrencyMode::kConcurrent]
[completed compiling 0x0a376e780481 <JSFunction parseState (sfi = 0x2f1afdef7589)> (target TURBOFAN_JS) - took 0.001, 0.152, 0.004 ms]
[completed optimizing 0x0a376e780481 <JSFunction parseState (sfi = 0x2f1afdef7589)> (target TURBOFAN_JS)]
[compiling method 0x377bcc7b0d19 <JSFunction (sfi = 0x20535fa28ec1)> (target MAGLEV) OSR, mode: ConcurrencyMode::kConcurrent]
[98890:0x71f80c000:0]      669 ms: GC: {"pause":0.347,"mutator":6.807,"gc":"s","reduce_memory":false,"time_to_safepoint":0,"stack":true,"reason":"allocation failure","collector_reason":"","start_object_size":107514656,"end_object_size":75968224,"start_memory_size":143228928,"end_memory_size":144801792,"start_holes_size":1879640,"end_holes_size":1544984,"pool_local_chunks":0,"pool_shared_chunks":0,"pool_total_chunks":0,"new_space_capacity":33554432,"old_gen_allocation_limit":107840608,"global_allocation_limit":107840608,"allocation_throughput":715489,"new_space_allocation_throughput":561081,"new_space_survive_rate":0.00953733,"allocated":31530320,"promoted":1907424,"new_space_survived":3200,"nodes_died_in_new":0,"nodes_copied_in_new":0,"nodes_promoted":1,"promotion_ratio":5.68491,"average_survival_ratio":45.5746,"promotion_rate":99.5453,"during_sweeping":false,"heap.prologue":0,"heap.epilogue":0,"heap.external.prologue":0,"heap.external.epilogue":0,"heap.external_weak_global_handles":0,"complete.sweep_array_buffers":0,"scavenge":0.326,"scavenge.free_remembered_set":0.009,"scavenge.roots":0.018,"scavenge.weak":0,"scavenge.weak_global_handles.identify":0,"scavenge.weak_global_handles.process":0,"scavenge.parallel":0.155,"scavenge.pin_objects_conservative":0,"scavenge.pin_objects_precise":0,"scavenge.restore_pinned":0.002,"scavenge.sweep_array_buffers":0.003,"scavenge.resize_new_space":0,"background.scavenge.parallel":0.521,"incremental.steps_count":0,"incremental.steps_took":0,"scavenge_throughput":8.01026e+06,"quarantined_size":0,"quarantined_pages":0}
[completed compiling 0x377bcc7b0d19 <JSFunction (sfi = 0x20535fa28ec1)> (target MAGLEV) OSR - took 0.001, 0.595, 0.002 ms]
[compiling method 0x377bcc7b0d19 <JSFunction (sfi = 0x20535fa28ec1)> (target TURBOFAN_JS) OSR, mode: ConcurrencyMode::kConcurrent]
[completed compiling 0x377bcc7b0d19 <JSFunction (sfi = 0x20535fa28ec1)> (target TURBOFAN_JS) OSR - took 0.001, 0.866, 0.023 ms]
[completed optimizing 0x377bcc7b0d19 <JSFunction (sfi = 0x20535fa28ec1)> (target TURBOFAN_JS) OSR]
[bailout (kind: deopt-eager, reason: prepare for on stack replacement (OSR)): begin. deoptimizing 0x377bcc7b0d19 <JSFunction (sfi = 0x20535fa28ec1)>, 0x25e0754e0b39 <Code MAGLEV>, opt id 392, bytecode offset 1006, deopt exit 17, FP to SP delta 288, caller SP 0x00016fae9860, pc 0x0001171904b8]
[marking 0x377bcc7b1751 <JSFunction collectRunDiagnostic (sfi = 0x2f1afdeeece1)> for optimization to TURBOFAN_JS, ConcurrencyMode::kConcurrent, reason: hot and stable]
[compiling method 0x377bcc7b1751 <JSFunction collectRunDiagnostic (sfi = 0x2f1afdeeece1)> (target TURBOFAN_JS), mode: ConcurrencyMode::kConcurrent]
[completed compiling 0x377bcc7b1751 <JSFunction collectRunDiagnostic (sfi = 0x2f1afdeeece1)> (target TURBOFAN_JS) - took 0.005, 1.316, 0.016 ms]
[completed optimizing 0x377bcc7b1751 <JSFunction collectRunDiagnostic (sfi = 0x2f1afdeeece1)> (target TURBOFAN_JS)]
[marking 0x377bcc7b17d9 <JSFunction alphabet.alphabet (sfi = 0x12e87175b31)> for optimization to TURBOFAN_JS, ConcurrencyMode::kConcurrent, reason: hot and stable]
[compiling method 0x377bcc7b17d9 <JSFunction alphabet.alphabet (sfi = 0x12e87175b31)> (target TURBOFAN_JS), mode: ConcurrencyMode::kConcurrent]
[98890:0x71f80c000:0]      676 ms: GC: {"pause":0.125,"mutator":6.773,"gc":"s","reduce_memory":false,"time_to_safepoint":0,"stack":true,"reason":"allocation failure","collector_reason":"","start_object_size":109434272,"end_object_size":75982832,"start_memory_size":144801792,"end_memory_size":144801792,"start_holes_size":1532792,"end_holes_size":1530296,"pool_local_chunks":0,"pool_shared_chunks":0,"pool_total_chunks":0,"new_space_capacity":33554432,"old_gen_allocation_limit":107840608,"global_allocation_limit":107840608,"allocation_throughput":922188,"new_space_allocation_throughput":761865,"new_space_survive_rate":0.00846438,"allocated":33466048,"promoted":2496,"new_space_survived":2840,"nodes_died_in_new":0,"nodes_copied_in_new":0,"nodes_promoted":0,"promotion_ratio":0.00743911,"average_survival_ratio":39.3997,"promotion_rate":78,"during_sweeping":false,"heap.prologue":0,"heap.epilogue":0,"heap.external.prologue":0,"heap.external.epilogue":0,"heap.external_weak_global_handles":0,"complete.sweep_array_buffers":0,"scavenge":0.093,"scavenge.free_remembered_set":0.001,"scavenge.roots":0.013,"scavenge.weak":0,"scavenge.weak_global_handles.identify":0,"scavenge.weak_global_handles.process":0,"scavenge.parallel":0.001,"scavenge.pin_objects_conservative":0,"scavenge.pin_objects_precise":0,"scavenge.restore_pinned":0,"scavenge.sweep_array_buffers":0,"scavenge.resize_new_space":0,"background.scavenge.parallel":0.017,"incremental.steps_count":0,"incremental.steps_took":0,"scavenge_throughput":8.03847e+06,"quarantined_size":0,"quarantined_pages":0}
[completed compiling 0x377bcc7b17d9 <JSFunction alphabet.alphabet (sfi = 0x12e87175b31)> (target TURBOFAN_JS) - took 0.001, 1.344, 0.010 ms]
[completed optimizing 0x377bcc7b17d9 <JSFunction alphabet.alphabet (sfi = 0x12e87175b31)> (target TURBOFAN_JS)]
[98890:0x71f80c000:0]      683 ms: GC: {"pause":0.131,"mutator":6.443,"gc":"s","reduce_memory":false,"time_to_safepoint":0,"stack":true,"reason":"allocation failure","collector_reason":"","start_object_size":109442016,"end_object_size":75892472,"start_memory_size":144801792,"end_memory_size":144801792,"start_holes_size":1525048,"end_holes_size":1522328,"pool_local_chunks":0,"pool_shared_chunks":0,"pool_total_chunks":0,"new_space_capacity":33554432,"old_gen_allocation_limit":107840608,"global_allocation_limit":107840608,"allocation_throughput":1.10873e+06,"new_space_allocation_throughput":955361,"new_space_survive_rate":0.00035765,"allocated":33459184,"promoted":2720,"new_space_survived":120,"nodes_died_in_new":0,"nodes_copied_in_new":0,"nodes_promoted":0,"promotion_ratio":0.00810673,"average_survival_ratio":33.8678,"promotion_rate":95.7746,"during_sweeping":false,"heap.prologue":0,"heap.epilogue":0.001,"heap.external.prologue":0,"heap.external.epilogue":0,"heap.external_weak_global_handles":0,"complete.sweep_array_buffers":0,"scavenge":0.114,"scavenge.free_remembered_set":0.001,"scavenge.roots":0.032,"scavenge.weak":0,"scavenge.weak_global_handles.identify":0,"scavenge.weak_global_handles.process":0,"scavenge.parallel":0.001,"scavenge.pin_objects_conservative":0,"scavenge.pin_objects_precise":0,"scavenge.restore_pinned":0.001,"scavenge.sweep_array_buffers":0,"scavenge.resize_new_space":0,"background.scavenge.parallel":0.008,"incremental.steps_count":0,"incremental.steps_took":0,"scavenge_throughput":7.95408e+06,"quarantined_size":0,"quarantined_pages":0}
[marking 0x3e86104acd11 <JSFunction (sfi = 0x2f1afdeeedb9)> for optimization to TURBOFAN_JS, ConcurrencyMode::kConcurrent, reason: hot and stable]
[compiling method 0x3e86104acd11 <JSFunction (sfi = 0x2f1afdeeedb9)> (target TURBOFAN_JS), mode: ConcurrencyMode::kConcurrent]
[completed compiling 0x3e86104acd11 <JSFunction (sfi = 0x2f1afdeeedb9)> (target TURBOFAN_JS) - took 0.003, 0.161, 0.010 ms]
[completed optimizing 0x3e86104acd11 <JSFunction (sfi = 0x2f1afdeeedb9)> (target TURBOFAN_JS)]
[98890:0x71f80c000:0]      689 ms: GC: {"pause":0.063,"mutator":5.865,"gc":"s","reduce_memory":false,"time_to_safepoint":0,"stack":true,"reason":"allocation failure","collector_reason":"","start_object_size":109445392,"end_object_size":75893128,"start_memory_size":144801792,"end_memory_size":144801792,"start_holes_size":1521672,"end_holes_size":1521672,"pool_local_chunks":0,"pool_shared_chunks":0,"pool_total_chunks":0,"new_space_capacity":33554432,"old_gen_allocation_limit":107840608,"global_allocation_limit":107840608,"allocation_throughput":1.29248e+06,"new_space_allocation_throughput":1.1452e+06,"new_space_survive_rate":0.00035765,"allocated":33552920,"promoted":0,"new_space_survived":120,"nodes_died_in_new":0,"nodes_copied_in_new":0,"nodes_promoted":0,"promotion_ratio":0,"average_survival_ratio":26.7885,"promotion_rate":0,"during_sweeping":false,"heap.prologue":0,"heap.epilogue":0.001,"heap.external.prologue":0,"heap.external.epilogue":0,"heap.external_weak_global_handles":0,"complete.sweep_array_buffers":0,"scavenge":0.055,"scavenge.free_remembered_set":0,"scavenge.roots":0.007,"scavenge.weak":0,"scavenge.weak_global_handles.identify":0,"scavenge.weak_global_handles.process":0,"scavenge.parallel":0,"scavenge.pin_objects_conservative":0,"scavenge.pin_objects_precise":0,"scavenge.restore_pinned":0.001,"scavenge.sweep_array_buffers":0,"scavenge.resize_new_space":0,"background.scavenge.parallel":0,"incremental.steps_count":0,"incremental.steps_took":0,"scavenge_throughput":7.87149e+06,"quarantined_size":0,"quarantined_pages":0}
[98890:0x71f80c000:0]      696 ms: GC: {"pause":0.095,"mutator":7.008,"gc":"s","reduce_memory":false,"time_to_safepoint":0,"stack":true,"reason":"allocation failure","collector_reason":"","start_object_size":109445392,"end_object_size":75893248,"start_memory_size":144801792,"end_memory_size":144801792,"start_holes_size":1521672,"end_holes_size":1521672,"pool_local_chunks":0,"pool_shared_chunks":0,"pool_total_chunks":0,"new_space_capacity":33554432,"old_gen_allocation_limit":107840608,"global_allocation_limit":107840608,"allocation_throughput":1.4582e+06,"new_space_allocation_throughput":1.3179e+06,"new_space_survive_rate":0.000715299,"allocated":33552264,"promoted":0,"new_space_survived":240,"nodes_died_in_new":0,"nodes_copied_in_new":0,"nodes_promoted":0,"promotion_ratio":0,"average_survival_ratio":19.8018,"promotion_rate":0,"during_sweeping":false,"heap.prologue":0,"heap.epilogue":0,"heap.external.prologue":0,"heap.external.epilogue":0,"heap.external_weak_global_handles":0,"complete.sweep_array_buffers":0,"scavenge":0.085,"scavenge.free_remembered_set":0,"scavenge.roots":0.013,"scavenge.weak":0,"scavenge.weak_global_handles.identify":0,"scavenge.weak_global_handles.process":0,"scavenge.parallel":0.001,"scavenge.pin_objects_conservative":0,"scavenge.pin_objects_precise":0,"scavenge.restore_pinned":0.001,"scavenge.sweep_array_buffers":0,"scavenge.resize_new_space":0,"background.scavenge.parallel":0,"incremental.steps_count":0,"incremental.steps_took":0,"scavenge_throughput":6.35846e+06,"quarantined_size":0,"quarantined_pages":0}
[98890:0x71f80c000:0]      703 ms: GC: {"pause":0.152,"mutator":6.736,"gc":"s","reduce_memory":false,"time_to_safepoint":0,"stack":true,"reason":"allocation failure","collector_reason":"","start_object_size":109445392,"end_object_size":75893128,"start_memory_size":144801792,"end_memory_size":144801792,"start_holes_size":1521672,"end_holes_size":1521672,"pool_local_chunks":0,"pool_shared_chunks":0,"pool_total_chunks":0,"new_space_capacity":33554432,"old_gen_allocation_limit":107840608,"global_allocation_limit":107840608,"allocation_throughput":1.61889e+06,"new_space_allocation_throughput":1.48499e+06,"new_space_survive_rate":0.00035765,"allocated":33552144,"promoted":0,"new_space_survived":120,"nodes_died_in_new":0,"nodes_copied_in_new":0,"nodes_promoted":0,"promotion_ratio":0,"average_survival_ratio":14.7171,"promotion_rate":0,"during_sweeping":false,"heap.prologue":0,"heap.epilogue":0,"heap.external.prologue":0,"heap.external.epilogue":0,"heap.external_weak_global_handles":0,"complete.sweep_array_buffers":0,"scavenge":0.138,"scavenge.free_remembered_set":0,"scavenge.roots":0.017,"scavenge.weak":0,"scavenge.weak_global_handles.identify":0,"scavenge.weak_global_handles.process":0,"scavenge.parallel":0.002,"scavenge.pin_objects_conservative":0,"scavenge.pin_objects_precise":0,"scavenge.restore_pinned":0.01,"scavenge.sweep_array_buffers":0,"scavenge.resize_new_space":0.001,"background.scavenge.parallel":0,"incremental.steps_count":0,"incremental.steps_took":0,"scavenge_throughput":5.56916e+06,"quarantined_size":0,"quarantined_pages":0}
[98890:0x71f80c000:0]      709 ms: GC: {"pause":0.126,"mutator":6.464,"gc":"s","reduce_memory":false,"time_to_safepoint":0,"stack":true,"reason":"allocation failure","collector_reason":"","start_object_size":109445392,"end_object_size":75893128,"start_memory_size":144801792,"end_memory_size":144801792,"start_holes_size":1521672,"end_holes_size":1521672,"pool_local_chunks":0,"pool_shared_chunks":0,"pool_total_chunks":0,"new_space_capacity":33554432,"old_gen_allocation_limit":107840608,"global_allocation_limit":107840608,"allocation_throughput":1.77536e+06,"new_space_allocation_throughput":1.64734e+06,"new_space_survive_rate":0.00035765,"allocated":33552264,"promoted":0,"new_space_survived":120,"nodes_died_in_new":0,"nodes_copied_in_new":0,"nodes_promoted":0,"promotion_ratio":0,"average_survival_ratio":9.98086,"promotion_rate":0,"during_sweeping":false,"heap.prologue":0,"heap.epilogue":0,"heap.external.prologue":0,"heap.external.epilogue":0,"heap.external_weak_global_handles":0,"complete.sweep_array_buffers":0,"scavenge":0.115,"scavenge.free_remembered_set":0,"scavenge.roots":0.025,"scavenge.weak":0,"scavenge.weak_global_handles.identify":0,"scavenge.weak_global_handles.process":0,"scavenge.parallel":0.001,"scavenge.pin_objects_conservative":0,"scavenge.pin_objects_precise":0,"scavenge.restore_pinned":0.003,"scavenge.sweep_array_buffers":0,"scavenge.resize_new_space":0,"background.scavenge.parallel":0,"incremental.steps_count":0,"incremental.steps_took":0,"scavenge_throughput":5.51375e+06,"quarantined_size":0,"quarantined_pages":0}
[98890:0x71f80c000:0]      716 ms: GC: {"pause":0.097,"mutator":6.781,"gc":"s","reduce_memory":false,"time_to_safepoint":0,"stack":true,"reason":"allocation failure","collector_reason":"","start_object_size":109445392,"end_object_size":75893128,"start_memory_size":144801792,"end_memory_size":144801792,"start_holes_size":1521672,"end_holes_size":1521672,"pool_local_chunks":0,"pool_shared_chunks":0,"pool_total_chunks":0,"new_space_capacity":33554432,"old_gen_allocation_limit":107840608,"global_allocation_limit":107840608,"allocation_throughput":1.92102e+06,"new_space_allocation_throughput":1.79887e+06,"new_space_survive_rate":0.00035765,"allocated":33552264,"promoted":0,"new_space_survived":120,"nodes_died_in_new":0,"nodes_copied_in_new":0,"nodes_promoted":0,"promotion_ratio":0,"average_survival_ratio":5.33931,"promotion_rate":0,"during_sweeping":false,"heap.prologue":0,"heap.epilogue":0,"heap.external.prologue":0,"heap.external.epilogue":0,"heap.external_weak_global_handles":0,"complete.sweep_array_buffers":0,"scavenge":0.087,"scavenge.free_remembered_set":0,"scavenge.roots":0.012,"scavenge.weak":0,"scavenge.weak_global_handles.identify":0,"scavenge.weak_global_handles.process":0,"scavenge.parallel":0.002,"scavenge.pin_objects_conservative":0,"scavenge.pin_objects_precise":0,"scavenge.restore_pinned":0.001,"scavenge.sweep_array_buffers":0,"scavenge.resize_new_space":0,"background.scavenge.parallel":0,"incremental.steps_count":0,"incremental.steps_took":0,"scavenge_throughput":4.85729e+06,"quarantined_size":0,"quarantined_pages":0}
[98890:0x71f80c000:0]      723 ms: GC: {"pause":0.076,"mutator":6.8,"gc":"s","reduce_memory":false,"time_to_safepoint":0,"stack":true,"reason":"allocation failure","collector_reason":"","start_object_size":109445392,"end_object_size":75893128,"start_memory_size":144801792,"end_memory_size":144801792,"start_holes_size":1521672,"end_holes_size":1521672,"pool_local_chunks":0,"pool_shared_chunks":0,"pool_total_chunks":0,"new_space_capacity":33554432,"old_gen_allocation_limit":107840608,"global_allocation_limit":107840608,"allocation_throughput":2.05973e+06,"new_space_allocation_throughput":1.94321e+06,"new_space_survive_rate":0.00035765,"allocated":33552264,"promoted":0,"new_space_survived":120,"nodes_died_in_new":0,"nodes_copied_in_new":0,"nodes_promoted":0,"promotion_ratio":0,"average_survival_ratio":2.22011,"promotion_rate":0,"during_sweeping":false,"heap.prologue":0,"heap.epilogue":0.001,"heap.external.prologue":0,"heap.external.epilogue":0,"heap.external_weak_global_handles":0,"complete.sweep_array_buffers":0,"scavenge":0.067,"scavenge.free_remembered_set":0,"scavenge.roots":0.01,"scavenge.weak":0,"scavenge.weak_global_handles.identify":0,"scavenge.weak_global_handles.process":0,"scavenge.parallel":0.001,"scavenge.pin_objects_conservative":0,"scavenge.pin_objects_precise":0,"scavenge.restore_pinned":0,"scavenge.sweep_array_buffers":0,"scavenge.resize_new_space":0.001,"background.scavenge.parallel":0,"incremental.steps_count":0,"incremental.steps_took":0,"scavenge_throughput":3.31293e+06,"quarantined_size":0,"quarantined_pages":0}
[98890:0x71f80c000:0]      729 ms: GC: {"pause":0.083,"mutator":6.088,"gc":"s","reduce_memory":false,"time_to_safepoint":0,"stack":true,"reason":"allocation failure","collector_reason":"","start_object_size":109445392,"end_object_size":75893128,"start_memory_size":144801792,"end_memory_size":144801792,"start_holes_size":1521672,"end_holes_size":1521672,"pool_local_chunks":0,"pool_shared_chunks":0,"pool_total_chunks":0,"new_space_capacity":33554432,"old_gen_allocation_limit":107840608,"global_allocation_limit":107840608,"allocation_throughput":2.20234e+06,"new_space_allocation_throughput":2.09063e+06,"new_space_survive_rate":0.00035765,"allocated":33552264,"promoted":0,"new_space_survived":120,"nodes_died_in_new":0,"nodes_copied_in_new":0,"nodes_promoted":0,"promotion_ratio":0,"average_survival_ratio":0.572168,"promotion_rate":0,"during_sweeping":false,"heap.prologue":0,"heap.epilogue":0.001,"heap.external.prologue":0,"heap.external.epilogue":0,"heap.external_weak_global_handles":0,"complete.sweep_array_buffers":0,"scavenge":0.074,"scavenge.free_remembered_set":0,"scavenge.roots":0.01,"scavenge.weak":0,"scavenge.weak_global_handles.identify":0,"scavenge.weak_global_handles.process":0,"scavenge.parallel":0.002,"scavenge.pin_objects_conservative":0,"scavenge.pin_objects_precise":0,"scavenge.restore_pinned":0.001,"scavenge.sweep_array_buffers":0,"scavenge.resize_new_space":0,"background.scavenge.parallel":0,"incremental.steps_count":0,"incremental.steps_took":0,"scavenge_throughput":1.48244e+06,"quarantined_size":0,"quarantined_pages":0}
[98890:0x71f80c000:0]      737 ms: GC: {"pause":0.083,"mutator":7.273,"gc":"s","reduce_memory":false,"time_to_safepoint":0,"stack":true,"reason":"allocation failure","collector_reason":"","start_object_size":109445392,"end_object_size":75893128,"start_memory_size":144801792,"end_memory_size":144801792,"start_holes_size":1521672,"end_holes_size":1521672,"pool_local_chunks":0,"pool_shared_chunks":0,"pool_total_chunks":0,"new_space_capacity":33554432,"old_gen_allocation_limit":107840608,"global_allocation_limit":107840608,"allocation_throughput":2.32085e+06,"new_space_allocation_throughput":2.21463e+06,"new_space_survive_rate":0.00035765,"allocated":33552264,"promoted":0,"new_space_survived":120,"nodes_died_in_new":0,"nodes_copied_in_new":0,"nodes_promoted":0,"promotion_ratio":0,"average_survival_ratio":0.00275867,"promotion_rate":0,"during_sweeping":false,"heap.prologue":0,"heap.epilogue":0,"heap.external.prologue":0,"heap.external.epilogue":0,"heap.external_weak_global_handles":0,"complete.sweep_array_buffers":0,"scavenge":0.075,"scavenge.free_remembered_set":0,"scavenge.roots":0.009,"scavenge.weak":0,"scavenge.weak_global_handles.identify":0,"scavenge.weak_global_handles.process":0,"scavenge.parallel":0.001,"scavenge.pin_objects_conservative":0,"scavenge.pin_objects_precise":0,"scavenge.restore_pinned":0.001,"scavenge.sweep_array_buffers":0,"scavenge.resize_new_space":0,"background.scavenge.parallel":0,"incremental.steps_count":0,"incremental.steps_took":0,"scavenge_throughput":8977.69,"quarantined_size":0,"quarantined_pages":0}
[98890:0x71f80c000:0]      743 ms: GC: {"pause":0.111,"mutator":6.549,"gc":"s","reduce_memory":false,"time_to_safepoint":0,"stack":true,"reason":"allocation failure","collector_reason":"","start_object_size":109445392,"end_object_size":75893128,"start_memory_size":144801792,"end_memory_size":144801792,"start_holes_size":1521672,"end_holes_size":1521672,"pool_local_chunks":0,"pool_shared_chunks":0,"pool_total_chunks":0,"new_space_capacity":33554432,"old_gen_allocation_limit":107840608,"global_allocation_limit":107840608,"allocation_throughput":2.4452e+06,"new_space_allocation_throughput":2.3437e+06,"new_space_survive_rate":0.00035765,"allocated":33552264,"promoted":0,"new_space_survived":120,"nodes_died_in_new":0,"nodes_copied_in_new":0,"nodes_promoted":0,"promotion_ratio":0,"average_survival_ratio":0.00120409,"promotion_rate":0,"during_sweeping":false,"heap.prologue":0,"heap.epilogue":0.001,"heap.external.prologue":0,"heap.external.epilogue":0,"heap.external_weak_global_handles":0,"complete.sweep_array_buffers":0,"scavenge":0.099,"scavenge.free_remembered_set":0,"scavenge.roots":0.012,"scavenge.weak":0,"scavenge.weak_global_handles.identify":0,"scavenge.weak_global_handles.process":0,"scavenge.parallel":0.002,"scavenge.pin_objects_conservative":0,"scavenge.pin_objects_precise":0,"scavenge.restore_pinned":0,"scavenge.sweep_array_buffers":0,"scavenge.resize_new_space":0,"background.scavenge.parallel":0,"incremental.steps_count":0,"incremental.steps_took":0,"scavenge_throughput":3972.47,"quarantined_size":0,"quarantined_pages":0}
[98890:0x71f80c000:0]      749 ms: GC: {"pause":0.098,"mutator":6.073,"gc":"s","reduce_memory":false,"time_to_safepoint":0,"stack":true,"reason":"allocation failure","collector_reason":"","start_object_size":109445392,"end_object_size":75893248,"start_memory_size":144801792,"end_memory_size":144801792,"start_holes_size":1521672,"end_holes_size":1521672,"pool_local_chunks":0,"pool_shared_chunks":0,"pool_total_chunks":0,"new_space_capacity":33554432,"old_gen_allocation_limit":107840608,"global_allocation_limit":107840608,"allocation_throughput":2.57213e+06,"new_space_allocation_throughput":2.47481e+06,"new_space_survive_rate":0.000715299,"allocated":33552264,"promoted":0,"new_space_survived":240,"nodes_died_in_new":0,"nodes_copied_in_new":0,"nodes_promoted":0,"promotion_ratio":0,"average_survival_ratio":0.00042918,"promotion_rate":0,"during_sweeping":false,"heap.prologue":0,"heap.epilogue":0,"heap.external.prologue":0,"heap.external.epilogue":0,"heap.external_weak_global_handles":0,"complete.sweep_array_buffers":0,"scavenge":0.088,"scavenge.free_remembered_set":0,"scavenge.roots":0.012,"scavenge.weak":0,"scavenge.weak_global_handles.identify":0,"scavenge.weak_global_handles.process":0,"scavenge.parallel":0.001,"scavenge.pin_objects_conservative":0,"scavenge.pin_objects_precise":0,"scavenge.restore_pinned":0.001,"scavenge.sweep_array_buffers":0,"scavenge.resize_new_space":0,"background.scavenge.parallel":0,"incremental.steps_count":0,"incremental.steps_took":0,"scavenge_throughput":1463.41,"quarantined_size":0,"quarantined_pages":0}
[98890:0x71f80c000:0]      756 ms: GC: {"pause":0.094,"mutator":6.902,"gc":"s","reduce_memory":false,"time_to_safepoint":0,"stack":true,"reason":"allocation failure","collector_reason":"","start_object_size":109445392,"end_object_size":75893128,"start_memory_size":144801792,"end_memory_size":144801792,"start_holes_size":1521672,"end_holes_size":1521672,"pool_local_chunks":0,"pool_shared_chunks":0,"pool_total_chunks":0,"new_space_capacity":33554432,"old_gen_allocation_limit":107840608,"global_allocation_limit":107840608,"allocation_throughput":2.67905e+06,"new_space_allocation_throughput":2.58628e+06,"new_space_survive_rate":0.00035765,"allocated":33552144,"promoted":0,"new_space_survived":120,"nodes_died_in_new":0,"nodes_copied_in_new":0,"nodes_promoted":0,"promotion_ratio":0,"average_survival_ratio":0.00042918,"promotion_rate":0,"during_sweeping":false,"heap.prologue":0,"heap.epilogue":0.001,"heap.external.prologue":0,"heap.external.epilogue":0,"heap.external_weak_global_handles":0,"complete.sweep_array_buffers":0,"scavenge":0.084,"scavenge.free_remembered_set":0,"scavenge.roots":0.01,"scavenge.weak":0,"scavenge.weak_global_handles.identify":0,"scavenge.weak_global_handles.process":0,"scavenge.parallel":0.002,"scavenge.pin_objects_conservative":0,"scavenge.pin_objects_precise":0,"scavenge.restore_pinned":0.001,"scavenge.sweep_array_buffers":0,"scavenge.resize_new_space":0,"background.scavenge.parallel":0,"incremental.steps_count":0,"incremental.steps_took":0,"scavenge_throughput":1418.72,"quarantined_size":0,"quarantined_pages":0}
[98890:0x71f80c000:0]      763 ms: GC: {"pause":0.089,"mutator":6.329,"gc":"s","reduce_memory":false,"time_to_safepoint":0,"stack":true,"reason":"allocation failure","collector_reason":"","start_object_size":109445392,"end_object_size":75893128,"start_memory_size":144801792,"end_memory_size":144801792,"start_holes_size":1521672,"end_holes_size":1521672,"pool_local_chunks":0,"pool_shared_chunks":0,"pool_total_chunks":0,"new_space_capacity":33554432,"old_gen_allocation_limit":107840608,"global_allocation_limit":107840608,"allocation_throughput":2.79158e+06,"new_space_allocation_throughput":2.70279e+06,"new_space_survive_rate":0.00035765,"allocated":33552264,"promoted":0,"new_space_survived":120,"nodes_died_in_new":0,"nodes_copied_in_new":0,"nodes_promoted":0,"promotion_ratio":0,"average_survival_ratio":0.000393415,"promotion_rate":0,"during_sweeping":false,"heap.prologue":0,"heap.epilogue":0,"heap.external.prologue":0,"heap.external.epilogue":0,"heap.external_weak_global_handles":0,"complete.sweep_array_buffers":0,"scavenge":0.079,"scavenge.free_remembered_set":0.001,"scavenge.roots":0.011,"scavenge.weak":0,"scavenge.weak_global_handles.identify":0,"scavenge.weak_global_handles.process":0,"scavenge.parallel":0.001,"scavenge.pin_objects_conservative":0,"scavenge.pin_objects_precise":0,"scavenge.restore_pinned":0.001,"scavenge.sweep_array_buffers":0,"scavenge.resize_new_space":0,"background.scavenge.parallel":0,"incremental.steps_count":0,"incremental.steps_took":0,"scavenge_throughput":1308.23,"quarantined_size":0,"quarantined_pages":0}
[98890:0x71f80c000:0]      769 ms: GC: {"pause":0.093,"mutator":6.385,"gc":"s","reduce_memory":false,"time_to_safepoint":0,"stack":true,"reason":"allocation failure","collector_reason":"","start_object_size":109445392,"end_object_size":75893128,"start_memory_size":144801792,"end_memory_size":144801792,"start_holes_size":1521672,"end_holes_size":1521672,"pool_local_chunks":0,"pool_shared_chunks":0,"pool_total_chunks":0,"new_space_capacity":33554432,"old_gen_allocation_limit":107840608,"global_allocation_limit":107840608,"allocation_throughput":2.8982e+06,"new_space_allocation_throughput":2.81326e+06,"new_space_survive_rate":0.00035765,"allocated":33552264,"promoted":0,"new_space_survived":120,"nodes_died_in_new":0,"nodes_copied_in_new":0,"nodes_promoted":0,"promotion_ratio":0,"average_survival_ratio":0.000393415,"promotion_rate":0,"during_sweeping":false,"heap.prologue":0,"heap.epilogue":0.001,"heap.external.prologue":0,"heap.external.epilogue":0,"heap.external_weak_global_handles":0,"complete.sweep_array_buffers":0,"scavenge":0.083,"scavenge.free_remembered_set":0,"scavenge.roots":0.011,"scavenge.weak":0,"scavenge.weak_global_handles.identify":0,"scavenge.weak_global_handles.process":0,"scavenge.parallel":0.001,"scavenge.pin_objects_conservative":0,"scavenge.pin_objects_precise":0,"scavenge.restore_pinned":0.001,"scavenge.sweep_array_buffers":0,"scavenge.resize_new_space":0,"background.scavenge.parallel":0,"incremental.steps_count":0,"incremental.steps_took":0,"scavenge_throughput":1389.47,"quarantined_size":0,"quarantined_pages":0}
[98890:0x71f80c000:0]      776 ms: GC: {"pause":0.098,"mutator":6.657,"gc":"s","reduce_memory":false,"time_to_safepoint":0,"stack":true,"reason":"allocation failure","collector_reason":"","start_object_size":109445392,"end_object_size":75893128,"start_memory_size":144801792,"end_memory_size":144801792,"start_holes_size":1521672,"end_holes_size":1521672,"pool_local_chunks":0,"pool_shared_chunks":0,"pool_total_chunks":0,"new_space_capacity":33554432,"old_gen_allocation_limit":107840608,"global_allocation_limit":107840608,"allocation_throughput":2.99477e+06,"new_space_allocation_throughput":2.91366e+06,"new_space_survive_rate":0.00035765,"allocated":33552264,"promoted":0,"new_space_survived":120,"nodes_died_in_new":0,"nodes_copied_in_new":0,"nodes_promoted":0,"promotion_ratio":0,"average_survival_ratio":0.000393415,"promotion_rate":0,"during_sweeping":false,"heap.prologue":0,"heap.epilogue":0,"heap.external.prologue":0,"heap.external.epilogue":0,"heap.external_weak_global_handles":0,"complete.sweep_array_buffers":0,"scavenge":0.089,"scavenge.free_remembered_set":0,"scavenge.roots":0.01,"scavenge.weak":0,"scavenge.weak_global_handles.identify":0,"scavenge.weak_global_handles.process":0,"scavenge.parallel":0.001,"scavenge.pin_objects_conservative":0,"scavenge.pin_objects_precise":0,"scavenge.restore_pinned":0,"scavenge.sweep_array_buffers":0,"scavenge.resize_new_space":0,"background.scavenge.parallel":0,"incremental.steps_count":0,"incremental.steps_took":0,"scavenge_throughput":1431.67,"quarantined_size":0,"quarantined_pages":0}
[98890:0x71f80c000:0]      782 ms: GC: {"pause":0.047,"mutator":5.898,"gc":"s","reduce_memory":false,"time_to_safepoint":0,"stack":true,"reason":"allocation failure","collector_reason":"","start_object_size":109445392,"end_object_size":75893128,"start_memory_size":144801792,"end_memory_size":144801792,"start_holes_size":1521672,"end_holes_size":1521672,"pool_local_chunks":0,"pool_shared_chunks":0,"pool_total_chunks":0,"new_space_capacity":33554432,"old_gen_allocation_limit":107840608,"global_allocation_limit":107840608,"allocation_throughput":3.10269e+06,"new_space_allocation_throughput":3.02482e+06,"new_space_survive_rate":0.00035765,"allocated":33552264,"promoted":0,"new_space_survived":120,"nodes_died_in_new":0,"nodes_copied_in_new":0,"nodes_promoted":0,"promotion_ratio":0,"average_survival_ratio":0.000393415,"promotion_rate":0,"during_sweeping":false,"heap.prologue":0,"heap.epilogue":0,"heap.external.prologue":0,"heap.external.epilogue":0,"heap.external_weak_global_handles":0,"complete.sweep_array_buffers":0,"scavenge":0.042,"scavenge.free_remembered_set":0,"scavenge.roots":0.006,"scavenge.weak":0,"scavenge.weak_global_handles.identify":0,"scavenge.weak_global_handles.process":0,"scavenge.parallel":0.001,"scavenge.pin_objects_conservative":0,"scavenge.pin_objects_precise":0,"scavenge.restore_pinned":0.001,"scavenge.sweep_array_buffers":0,"scavenge.resize_new_space":0,"background.scavenge.parallel":0,"incremental.steps_count":0,"incremental.steps_took":0,"scavenge_throughput":1513.76,"quarantined_size":0,"quarantined_pages":0}
[98890:0x71f80c000:0]      789 ms: GC: {"pause":0.096,"mutator":6.99,"gc":"s","reduce_memory":false,"time_to_safepoint":0,"stack":true,"reason":"allocation failure","collector_reason":"","start_object_size":109445392,"end_object_size":75893128,"start_memory_size":144801792,"end_memory_size":144801792,"start_holes_size":1521672,"end_holes_size":1521672,"pool_local_chunks":0,"pool_shared_chunks":0,"pool_total_chunks":0,"new_space_capacity":33554432,"old_gen_allocation_limit":107840608,"global_allocation_limit":107840608,"allocation_throughput":3.18294e+06,"new_space_allocation_throughput":3.10876e+06,"new_space_survive_rate":0.00035765,"allocated":33552264,"promoted":0,"new_space_survived":120,"nodes_died_in_new":0,"nodes_copied_in_new":0,"nodes_promoted":0,"promotion_ratio":0,"average_survival_ratio":0.000393415,"promotion_rate":0,"during_sweeping":false,"heap.prologue":0,"heap.epilogue":0,"heap.external.prologue":0,"heap.external.epilogue":0,"heap.external_weak_global_handles":0,"complete.sweep_array_buffers":0,"scavenge":0.087,"scavenge.free_remembered_set":0,"scavenge.roots":0.01,"scavenge.weak":0,"scavenge.weak_global_handles.identify":0,"scavenge.weak_global_handles.process":0,"scavenge.parallel":0.001,"scavenge.pin_objects_conservative":0,"scavenge.pin_objects_precise":0,"scavenge.restore_pinned":0.001,"scavenge.sweep_array_buffers":0,"scavenge.resize_new_space":0,"background.scavenge.parallel":0,"incremental.steps_count":0,"incremental.steps_took":0,"scavenge_throughput":1479.82,"quarantined_size":0,"quarantined_pages":0}
[98890:0x71f80c000:0]      796 ms: GC: {"pause":0.12,"mutator":6.767,"gc":"s","reduce_memory":false,"time_to_safepoint":0,"stack":true,"reason":"allocation failure","collector_reason":"","start_object_size":109445392,"end_object_size":75893128,"start_memory_size":144801792,"end_memory_size":144801792,"start_holes_size":1521672,"end_holes_size":1521672,"pool_local_chunks":0,"pool_shared_chunks":0,"pool_total_chunks":0,"new_space_capacity":33554432,"old_gen_allocation_limit":107840608,"global_allocation_limit":107840608,"allocation_throughput":3.26429e+06,"new_space_allocation_throughput":3.19351e+06,"new_space_survive_rate":0.00035765,"allocated":33552264,"promoted":0,"new_space_survived":120,"nodes_died_in_new":0,"nodes_copied_in_new":0,"nodes_promoted":0,"promotion_ratio":0,"average_survival_ratio":0.000393415,"promotion_rate":0,"during_sweeping":false,"heap.prologue":0,"heap.epilogue":0,"heap.external.prologue":0,"heap.external.epilogue":0,"heap.external_weak_global_handles":0,"complete.sweep_array_buffers":0,"scavenge":0.107,"scavenge.free_remembered_set":0,"scavenge.roots":0.013,"scavenge.weak":0,"scavenge.weak_global_handles.identify":0,"scavenge.weak_global_handles.process":0,"scavenge.parallel":0.002,"scavenge.pin_objects_conservative":0,"scavenge.pin_objects_precise":0,"scavenge.restore_pinned":0.001,"scavenge.sweep_array_buffers":0,"scavenge.resize_new_space":0,"background.scavenge.parallel":0,"incremental.steps_count":0,"incremental.steps_took":0,"scavenge_throughput":1420.88,"quarantined_size":0,"quarantined_pages":0}
[98890:0x71f80c000:0]      802 ms: GC: {"pause":0.048,"mutator":5.94,"gc":"s","reduce_memory":false,"time_to_safepoint":0,"stack":true,"reason":"allocation failure","collector_reason":"","start_object_size":109445392,"end_object_size":75893248,"start_memory_size":144801792,"end_memory_size":144801792,"start_holes_size":1521672,"end_holes_size":1521672,"pool_local_chunks":0,"pool_shared_chunks":0,"pool_total_chunks":0,"new_space_capacity":33554432,"old_gen_allocation_limit":107840608,"global_allocation_limit":107840608,"allocation_throughput":3.36042e+06,"new_space_allocation_throughput":3.29249e+06,"new_space_survive_rate":0.000715299,"allocated":33552264,"promoted":0,"new_space_survived":240,"nodes_died_in_new":0,"nodes_copied_in_new":0,"nodes_promoted":0,"promotion_ratio":0,"average_survival_ratio":0.00042918,"promotion_rate":0,"during_sweeping":false,"heap.prologue":0,"heap.epilogue":0,"heap.external.prologue":0,"heap.external.epilogue":0,"heap.external_weak_global_handles":0,"complete.sweep_array_buffers":0,"scavenge":0.042,"scavenge.free_remembered_set":0,"scavenge.roots":0.007,"scavenge.weak":0,"scavenge.weak_global_handles.identify":0,"scavenge.weak_global_handles.process":0,"scavenge.parallel":0.001,"scavenge.pin_objects_conservative":0,"scavenge.pin_objects_precise":0,"scavenge.restore_pinned":0.001,"scavenge.sweep_array_buffers":0,"scavenge.resize_new_space":0,"background.scavenge.parallel":0,"incremental.steps_count":0,"incremental.steps_took":0,"scavenge_throughput":1610.74,"quarantined_size":0,"quarantined_pages":0}
[98890:0x71f80c000:0]      808 ms: GC: {"pause":0.111,"mutator":6.464,"gc":"s","reduce_memory":false,"time_to_safepoint":0,"stack":true,"reason":"allocation failure","collector_reason":"","start_object_size":109445392,"end_object_size":75893128,"start_memory_size":144801792,"end_memory_size":144801792,"start_holes_size":1521672,"end_holes_size":1521672,"pool_local_chunks":0,"pool_shared_chunks":0,"pool_total_chunks":0,"new_space_capacity":33554432,"old_gen_allocation_limit":107840608,"global_allocation_limit":107840608,"allocation_throughput":3.44061e+06,"new_space_allocation_throughput":3.37566e+06,"new_space_survive_rate":0.00035765,"allocated":33552144,"promoted":0,"new_space_survived":120,"nodes_died_in_new":0,"nodes_copied_in_new":0,"nodes_promoted":0,"promotion_ratio":0,"average_survival_ratio":0.00042918,"promotion_rate":0,"during_sweeping":false,"heap.prologue":0,"heap.epilogue":0,"heap.external.prologue":0,"heap.external.epilogue":0,"heap.external_weak_global_handles":0,"complete.sweep_array_buffers":0,"scavenge":0.101,"scavenge.free_remembered_set":0,"scavenge.roots":0.013,"scavenge.weak":0,"scavenge.weak_global_handles.identify":0,"scavenge.weak_global_handles.process":0,"scavenge.parallel":0.001,"scavenge.pin_objects_conservative":0,"scavenge.pin_objects_precise":0,"scavenge.restore_pinned":0,"scavenge.sweep_array_buffers":0,"scavenge.resize_new_space":0,"background.scavenge.parallel":0,"incremental.steps_count":0,"incremental.steps_took":0,"scavenge_throughput":1610.74,"quarantined_size":0,"quarantined_pages":0}
[98890:0x71f80c000:0]      816 ms: GC: {"pause":0.097,"mutator":7.414,"gc":"s","reduce_memory":false,"time_to_safepoint":0,"stack":true,"reason":"allocation failure","collector_reason":"","start_object_size":109445392,"end_object_size":75893128,"start_memory_size":144801792,"end_memory_size":144801792,"start_holes_size":1521672,"end_holes_size":1521672,"pool_local_chunks":0,"pool_shared_chunks":0,"pool_total_chunks":0,"new_space_capacity":33554432,"old_gen_allocation_limit":107840608,"global_allocation_limit":107840608,"allocation_throughput":3.49493e+06,"new_space_allocation_throughput":3.43324e+06,"new_space_survive_rate":0.00035765,"allocated":33552264,"promoted":0,"new_space_survived":120,"nodes_died_in_new":0,"nodes_copied_in_new":0,"nodes_promoted":0,"promotion_ratio":0,"average_survival_ratio":0.000393415,"promotion_rate":0,"during_sweeping":false,"heap.prologue":0,"heap.epilogue":0,"heap.external.prologue":0,"heap.external.epilogue":0,"heap.external_weak_global_handles":0,"complete.sweep_array_buffers":0,"scavenge":0.088,"scavenge.free_remembered_set":0,"scavenge.roots":0.009,"scavenge.weak":0,"scavenge.weak_global_handles.identify":0,"scavenge.weak_global_handles.process":0,"scavenge.parallel":0.001,"scavenge.pin_objects_conservative":0,"scavenge.pin_objects_precise":0,"scavenge.restore_pinned":0.001,"scavenge.sweep_array_buffers":0,"scavenge.resize_new_space":0.001,"background.scavenge.parallel":0,"incremental.steps_count":0,"incremental.steps_took":0,"scavenge_throughput":1478.16,"quarantined_size":0,"quarantined_pages":0}
[98890:0x71f80c000:0]      823 ms: GC: {"pause":0.134,"mutator":6.489,"gc":"s","reduce_memory":false,"time_to_safepoint":0,"stack":true,"reason":"allocation failure","collector_reason":"","start_object_size":109445392,"end_object_size":75893128,"start_memory_size":144801792,"end_memory_size":144801792,"start_holes_size":1521672,"end_holes_size":1521672,"pool_local_chunks":0,"pool_shared_chunks":0,"pool_total_chunks":0,"new_space_capacity":33554432,"old_gen_allocation_limit":107840608,"global_allocation_limit":107840608,"allocation_throughput":3.56861e+06,"new_space_allocation_throughput":3.50963e+06,"new_space_survive_rate":0.00035765,"allocated":33552264,"promoted":0,"new_space_survived":120,"nodes_died_in_new":0,"nodes_copied_in_new":0,"nodes_promoted":0,"promotion_ratio":0,"average_survival_ratio":0.000393415,"promotion_rate":0,"during_sweeping":false,"heap.prologue":0,"heap.epilogue":0,"heap.external.prologue":0,"heap.external.epilogue":0,"heap.external_weak_global_handles":0,"complete.sweep_array_buffers":0,"scavenge":0.113,"scavenge.free_remembered_set":0,"scavenge.roots":0.012,"scavenge.weak":0,"scavenge.weak_global_handles.identify":0,"scavenge.weak_global_handles.process":0,"scavenge.parallel":0.001,"scavenge.pin_objects_conservative":0,"scavenge.pin_objects_precise":0,"scavenge.restore_pinned":0,"scavenge.sweep_array_buffers":0,"scavenge.resize_new_space":0,"background.scavenge.parallel":0,"incremental.steps_count":0,"incremental.steps_took":0,"scavenge_throughput":1414.79,"quarantined_size":0,"quarantined_pages":0}
[98890:0x71f80c000:0]      829 ms: GC: {"pause":0.089,"mutator":6.662,"gc":"s","reduce_memory":false,"time_to_safepoint":0,"stack":true,"reason":"allocation failure","collector_reason":"","start_object_size":109445392,"end_object_size":75893128,"start_memory_size":144801792,"end_memory_size":144801792,"start_holes_size":1521672,"end_holes_size":1521672,"pool_local_chunks":0,"pool_shared_chunks":0,"pool_total_chunks":0,"new_space_capacity":33554432,"old_gen_allocation_limit":107840608,"global_allocation_limit":107840608,"allocation_throughput":3.63482e+06,"new_space_allocation_throughput":3.5785e+06,"new_space_survive_rate":0.00035765,"allocated":33552264,"promoted":0,"new_space_survived":120,"nodes_died_in_new":0,"nodes_copied_in_new":0,"nodes_promoted":0,"promotion_ratio":0,"average_survival_ratio":0.000393415,"promotion_rate":0,"during_sweeping":false,"heap.prologue":0,"heap.epilogue":0,"heap.external.prologue":0,"heap.external.epilogue":0,"heap.external_weak_global_handles":0,"complete.sweep_array_buffers":0,"scavenge":0.081,"scavenge.free_remembered_set":0,"scavenge.roots":0.01,"scavenge.weak":0,"scavenge.weak_global_handles.identify":0,"scavenge.weak_global_handles.process":0,"scavenge.parallel":0.001,"scavenge.pin_objects_conservative":0,"scavenge.pin_objects_precise":0,"scavenge.restore_pinned":0.001,"scavenge.sweep_array_buffers":0,"scavenge.resize_new_space":0,"background.scavenge.parallel":0,"incremental.steps_count":0,"incremental.steps_took":0,"scavenge_throughput":1414.79,"quarantined_size":0,"quarantined_pages":0}
[98890:0x71f80c000:0]      837 ms: GC: {"pause":0.121,"mutator":7.084,"gc":"s","reduce_memory":false,"time_to_safepoint":0,"stack":true,"reason":"allocation failure","collector_reason":"","start_object_size":109445392,"end_object_size":75893128,"start_memory_size":144801792,"end_memory_size":144801792,"start_holes_size":1521672,"end_holes_size":1521672,"pool_local_chunks":0,"pool_shared_chunks":0,"pool_total_chunks":0,"new_space_capacity":33554432,"old_gen_allocation_limit":107840608,"global_allocation_limit":107840608,"allocation_throughput":3.68758e+06,"new_space_allocation_throughput":3.63396e+06,"new_space_survive_rate":0.00035765,"allocated":33552264,"promoted":0,"new_space_survived":120,"nodes_died_in_new":0,"nodes_copied_in_new":0,"nodes_promoted":0,"promotion_ratio":0,"average_survival_ratio":0.000393415,"promotion_rate":0,"during_sweeping":false,"heap.prologue":0,"heap.epilogue":0.001,"heap.external.prologue":0,"heap.external.epilogue":0,"heap.external_weak_global_handles":0,"complete.sweep_array_buffers":0,"scavenge":0.107,"scavenge.free_remembered_set":0,"scavenge.roots":0.014,"scavenge.weak":0,"scavenge.weak_global_handles.identify":0,"scavenge.weak_global_handles.process":0,"scavenge.parallel":0.002,"scavenge.pin_objects_conservative":0,"scavenge.pin_objects_precise":0,"scavenge.restore_pinned":0,"scavenge.sweep_array_buffers":0,"scavenge.resize_new_space":0,"background.scavenge.parallel":0,"incremental.steps_count":0,"incremental.steps_took":0,"scavenge_throughput":1373.57,"quarantined_size":0,"quarantined_pages":0}
[98890:0x71f80c000:0]      843 ms: GC: {"pause":0.095,"mutator":6.414,"gc":"s","reduce_memory":false,"time_to_safepoint":0,"stack":true,"reason":"allocation failure","collector_reason":"","start_object_size":109445392,"end_object_size":75893128,"start_memory_size":144801792,"end_memory_size":144801792,"start_holes_size":1521672,"end_holes_size":1521672,"pool_local_chunks":0,"pool_shared_chunks":0,"pool_total_chunks":0,"new_space_capacity":33554432,"old_gen_allocation_limit":107840608,"global_allocation_limit":107840608,"allocation_throughput":3.75467e+06,"new_space_allocation_throughput":3.70338e+06,"new_space_survive_rate":0.00035765,"allocated":33552264,"promoted":0,"new_space_survived":120,"nodes_died_in_new":0,"nodes_copied_in_new":0,"nodes_promoted":0,"promotion_ratio":0,"average_survival_ratio":0.000393415,"promotion_rate":0,"during_sweeping":false,"heap.prologue":0,"heap.epilogue":0,"heap.external.prologue":0,"heap.external.epilogue":0,"heap.external_weak_global_handles":0,"complete.sweep_array_buffers":0,"scavenge":0.086,"scavenge.free_remembered_set":0,"scavenge.roots":0.01,"scavenge.weak":0,"scavenge.weak_global_handles.identify":0,"scavenge.weak_global_handles.process":0,"scavenge.parallel":0.001,"scavenge.pin_objects_conservative":0,"scavenge.pin_objects_precise":0,"scavenge.restore_pinned":0.001,"scavenge.sweep_array_buffers":0,"scavenge.resize_new_space":0.001,"background.scavenge.parallel":0,"incremental.steps_count":0,"incremental.steps_took":0,"scavenge_throughput":1377.87,"quarantined_size":0,"quarantined_pages":0}
[98890:0x71f80c000:0]      850 ms: GC: {"pause":0.094,"mutator":6.697,"gc":"s","reduce_memory":false,"time_to_safepoint":0,"stack":true,"reason":"allocation failure","collector_reason":"","start_object_size":109445392,"end_object_size":75893128,"start_memory_size":144801792,"end_memory_size":144801792,"start_holes_size":1521672,"end_holes_size":1521672,"pool_local_chunks":0,"pool_shared_chunks":0,"pool_total_chunks":0,"new_space_capacity":33554432,"old_gen_allocation_limit":107840608,"global_allocation_limit":107840608,"allocation_throughput":3.81159e+06,"new_space_allocation_throughput":3.76263e+06,"new_space_survive_rate":0.00035765,"allocated":33552264,"promoted":0,"new_space_survived":120,"nodes_died_in_new":0,"nodes_copied_in_new":0,"nodes_promoted":0,"promotion_ratio":0,"average_survival_ratio":0.000393415,"promotion_rate":0,"during_sweeping":false,"heap.prologue":0,"heap.epilogue":0,"heap.external.prologue":0,"heap.external.epilogue":0,"heap.external_weak_global_handles":0,"complete.sweep_array_buffers":0,"scavenge":0.084,"scavenge.free_remembered_set":0,"scavenge.roots":0.011,"scavenge.weak":0,"scavenge.weak_global_handles.identify":0,"scavenge.weak_global_handles.process":0,"scavenge.parallel":0.001,"scavenge.pin_objects_conservative":0,"scavenge.pin_objects_precise":0,"scavenge.restore_pinned":0.001,"scavenge.sweep_array_buffers":0,"scavenge.resize_new_space":0,"background.scavenge.parallel":0,"incremental.steps_count":0,"incremental.steps_took":0,"scavenge_throughput":1313.43,"quarantined_size":0,"quarantined_pages":0}
[98890:0x71f80c000:0]      857 ms: GC: {"pause":0.099,"mutator":6.935,"gc":"s","reduce_memory":false,"time_to_safepoint":0,"stack":true,"reason":"allocation failure","collector_reason":"","start_object_size":109445392,"end_object_size":75893248,"start_memory_size":144801792,"end_memory_size":144801792,"start_holes_size":1521672,"end_holes_size":1521672,"pool_local_chunks":0,"pool_shared_chunks":0,"pool_total_chunks":0,"new_space_capacity":33554432,"old_gen_allocation_limit":107840608,"global_allocation_limit":107840608,"allocation_throughput":3.85974e+06,"new_space_allocation_throughput":3.81308e+06,"new_space_survive_rate":0.000715299,"allocated":33552264,"promoted":0,"new_space_survived":240,"nodes_died_in_new":0,"nodes_copied_in_new":0,"nodes_promoted":0,"promotion_ratio":0,"average_survival_ratio":0.00042918,"promotion_rate":0,"during_sweeping":false,"heap.prologue":0,"heap.epilogue":0,"heap.external.prologue":0,"heap.external.epilogue":0,"heap.external_weak_global_handles":0,"complete.sweep_array_buffers":0,"scavenge":0.092,"scavenge.free_remembered_set":0,"scavenge.roots":0.011,"scavenge.weak":0,"scavenge.weak_global_handles.identify":0,"scavenge.weak_global_handles.process":0,"scavenge.parallel":0.002,"scavenge.pin_objects_conservative":0,"scavenge.pin_objects_precise":0,"scavenge.restore_pinned":0.001,"scavenge.sweep_array_buffers":0,"scavenge.resize_new_space":0,"background.scavenge.parallel":0,"incremental.steps_count":0,"incremental.steps_took":0,"scavenge_throughput":1428.57,"quarantined_size":0,"quarantined_pages":0}
[98890:0x71f80c000:0]      867 ms: GC: {"pause":0.169,"mutator":9.863,"gc":"s","reduce_memory":false,"time_to_safepoint":0,"stack":true,"reason":"allocation failure","collector_reason":"","start_object_size":109445392,"end_object_size":75893128,"start_memory_size":144801792,"end_memory_size":144801792,"start_holes_size":1521672,"end_holes_size":1521672,"pool_local_chunks":0,"pool_shared_chunks":0,"pool_total_chunks":0,"new_space_capacity":33554432,"old_gen_allocation_limit":107840608,"global_allocation_limit":107840608,"allocation_throughput":3.82948e+06,"new_space_allocation_throughput":3.7859e+06,"new_space_survive_rate":0.00035765,"allocated":33552144,"promoted":0,"new_space_survived":120,"nodes_died_in_new":0,"nodes_copied_in_new":0,"nodes_promoted":0,"promotion_ratio":0,"average_survival_ratio":0.00042918,"promotion_rate":0,"during_sweeping":false,"heap.prologue":0,"heap.epilogue":0,"heap.external.prologue":0,"heap.external.epilogue":0,"heap.external_weak_global_handles":0,"complete.sweep_array_buffers":0,"scavenge":0.158,"scavenge.free_remembered_set":0,"scavenge.roots":0.015,"scavenge.weak":0,"scavenge.weak_global_handles.identify":0,"scavenge.weak_global_handles.process":0,"scavenge.parallel":0.001,"scavenge.pin_objects_conservative":0,"scavenge.pin_objects_precise":0,"scavenge.restore_pinned":0.007,"scavenge.sweep_array_buffers":0,"scavenge.resize_new_space":0,"background.scavenge.parallel":0,"incremental.steps_count":0,"incremental.steps_took":0,"scavenge_throughput":1362.35,"quarantined_size":0,"quarantined_pages":0}
[98890:0x71f80c000:0]      878 ms: GC: {"pause":0.19,"mutator":10.405,"gc":"s","reduce_memory":false,"time_to_safepoint":0,"stack":true,"reason":"allocation failure","collector_reason":"","start_object_size":109445392,"end_object_size":75893128,"start_memory_size":144801792,"end_memory_size":144801792,"start_holes_size":1521672,"end_holes_size":1521672,"pool_local_chunks":0,"pool_shared_chunks":0,"pool_total_chunks":0,"new_space_capacity":33554432,"old_gen_allocation_limit":107840608,"global_allocation_limit":107840608,"allocation_throughput":3.78737e+06,"new_space_allocation_throughput":3.74682e+06,"new_space_survive_rate":0.00035765,"allocated":33552264,"promoted":0,"new_space_survived":120,"nodes_died_in_new":0,"nodes_copied_in_new":0,"nodes_promoted":0,"promotion_ratio":0,"average_survival_ratio":0.000393415,"promotion_rate":0,"during_sweeping":false,"heap.prologue":0,"heap.epilogue":0,"heap.external.prologue":0,"heap.external.epilogue":0,"heap.external_weak_global_handles":0,"complete.sweep_array_buffers":0,"scavenge":0.179,"scavenge.free_remembered_set":0,"scavenge.roots":0.012,"scavenge.weak":0,"scavenge.weak_global_handles.identify":0,"scavenge.weak_global_handles.process":0,"scavenge.parallel":0.001,"scavenge.pin_objects_conservative":0,"scavenge.pin_objects_precise":0,"scavenge.restore_pinned":0.015,"scavenge.sweep_array_buffers":0,"scavenge.resize_new_space":0.001,"background.scavenge.parallel":0,"incremental.steps_count":0,"incremental.steps_took":0,"scavenge_throughput":1100.92,"quarantined_size":0,"quarantined_pages":0}
[98890:0x71f80c000:0]      887 ms: GC: {"pause":0.104,"mutator":9.645,"gc":"s","reduce_memory":false,"time_to_safepoint":0,"stack":true,"reason":"allocation failure","collector_reason":"","start_object_size":109445392,"end_object_size":75893128,"start_memory_size":144801792,"end_memory_size":144801792,"start_holes_size":1521672,"end_holes_size":1521672,"pool_local_chunks":0,"pool_shared_chunks":0,"pool_total_chunks":0,"new_space_capacity":33554432,"old_gen_allocation_limit":107840608,"global_allocation_limit":107840608,"allocation_throughput":3.76738e+06,"new_space_allocation_throughput":3.72946e+06,"new_space_survive_rate":0.00035765,"allocated":33552264,"promoted":0,"new_space_survived":120,"nodes_died_in_new":0,"nodes_copied_in_new":0,"nodes_promoted":0,"promotion_ratio":0,"average_survival_ratio":0.000393415,"promotion_rate":0,"during_sweeping":false,"heap.prologue":0,"heap.epilogue":0.001,"heap.external.prologue":0,"heap.external.epilogue":0,"heap.external_weak_global_handles":0,"complete.sweep_array_buffers":0,"scavenge":0.093,"scavenge.free_remembered_set":0,"scavenge.roots":0.012,"scavenge.weak":0,"scavenge.weak_global_handles.identify":0,"scavenge.weak_global_handles.process":0,"scavenge.parallel":0.001,"scavenge.pin_objects_conservative":0,"scavenge.pin_objects_precise":0,"scavenge.restore_pinned":0.001,"scavenge.sweep_array_buffers":0,"scavenge.resize_new_space":0,"background.scavenge.parallel":0,"incremental.steps_count":0,"incremental.steps_took":0,"scavenge_throughput":1107.38,"quarantined_size":0,"quarantined_pages":0}
[bailout (kind: deopt-eager, reason: Insufficient type feedback for generic named access): begin. deoptimizing 0x377bcc7b0d19 <JSFunction (sfi = 0x20535fa28ec1)>, 0x25e0754e1391 <Code TURBOFAN_JS>, opt id 393, bytecode offset 1019, deopt exit 16, FP to SP delta 336, caller SP 0x00016fae9860, pc 0x0001171909c4]
{"mode":"staged","shape":"recovery","elapsedMs":223.75808400000005,"final":{"suggestions":[],"secondarySpans":[],"diagnostics":[],"liveDepth":0,"maxDepth":0,"src":"clip-rule:","value":[{"value":"clip-rule","span":{"start":0,"end":9}},{"value":":","span":{"start":9,"end":10}}],"offset":10,"isError":false,"furthest":0},"plan":{"terminals":755,"states":4838,"asciiAlphabet":27,"asciiCells":130626,"coldEdges":0,"tableBytes":282240}}
[marking dependent code 0x25e0754deb19 <Code TURBOFAN_JS> (0x2f1afdeeeff9 <SharedFunctionInfo parseState>) (opt id 385) for deoptimization, reason: embedded weak objects cleared]
[98890:0x71f80c000:0]      902 ms: GC: {"pause":1.744,"mutator":13.406,"gc":"mc","reduce_memory":false,"time_to_safepoint":0,"stack":false,"reason":"finalize incremental marking via task","collector_reason":"GC in old space requested","start_object_size":95212448,"end_object_size":66765344,"start_memory_size":144801792,"end_memory_size":143065088,"start_holes_size":408056,"end_holes_size":506264,"pool_local_chunks":0,"pool_shared_chunks":0,"pool_total_chunks":0,"new_space_capacity":33554432,"old_gen_allocation_limit":107840608,"global_allocation_limit":107840608,"allocation_throughput":3.56093e+06,"new_space_allocation_throughput":3.5262e+06,"new_space_survive_rate":0,"allocated":19319320,"promoted":4256,"new_space_survived":0,"nodes_died_in_new":0,"nodes_copied_in_new":0,"nodes_promoted":0,"promotion_ratio":0.0220602,"average_survival_ratio":0.00256367,"promotion_rate":3546.67,"heap.prologue":0,"heap.embedder_tracing_epilogue":0.004,"heap.epilogue":0,"heap.external.prologue":0,"heap.external.epilogue":0,"heap.external.weak_global_handles":0.002,"clear":0.346,"clear.external_string_table":0.003,"clear.string_forwarding_table":0.001,"clear.weak_global_handles":0.004,"clear.dependent_code":0,"clear.maps":0.087,"clear.slots_buffer":0,"clear.weak_collections":0.005,"clear.weak_lists":0.03,"clear.weak_references_trivial":0.214,"clear.weak_references_non_trivial":0.07,"clear.js_weak_references":0.003,"clear.join_filter_job":0,"clear.join_job":0.338,"weakness_handling":0,"complete.sweep_array_buffers":0,"complete.sweeping":0,"epilogue":0.001,"evacuate":0.737,"evacuate.pin_pages":0,"evacuate.candidates":0,"evacuate.clean_up":0,"evacuate.copy":0.132,"evacuate.prologue":0.02,"evacuate.epilogue":0.05,"evacuate.rebalance":0,"evacuate.update_pointers":0.535,"evacuate.update_pointers.to_new_roots":0.409,"evacuate.update_pointers.slots.main":0.051,"evacuate.update_pointers.weak":0.002,"finish":0.017,"finish.sweep_array_buffers":0.003,"mark":0.543,"mark.finish_incremental":0.002,"mark.roots":0.015,"mark.full_closure_parallel":0.485,"mark.full_closure":0,"mark.ephemeron.marking":0.482,"mark.ephemeron.linear":0.008,"mark.embedder_prologue":0.007,"mark.embedder_tracing":0.002,"prologue":0.005,"sweep":0.112,"sweep.code":0.001,"sweep.map":0,"sweep.new":0,"sweep.new_lo":0.001,"sweep.old":0.026,"sweep.start_jobs":0.005,"is_incremental":true,"incremental":7.862,"incremental.finalize.external.prologue":0,"incremental.finalize.external.epilogue":0,"incremental.layout_change":0,"incremental.sweep_array_buffers":0.093,"incremental.sweeping":0,"incremental.embedder_tracing":0.043,"incremental_wrapper_tracing_longest_step":0.002,"incremental_longest_step":0.378,"incremental_steps_count":217,"incremental_marking_throughput":1.89827e+06,"incremental_walltime_duration":10.185,"background.mark":35.222,"background.sweep":0.02,"background.evacuate.copy":0.062,"background.evacuate.update_pointers":0.015,"conservative_stack_scanning":0,"compaction_speed":2.10399e+06}
