[1555:0x70f40c000]        6 ms: Scavenge 1.4 (2.5) -> 0.8 (3.0) MB, pooled: 0.0 MB, 0.28 / 0.00 ms (average mu = 1.000, current mu = 1.000) allocation failure;
[1555:0x70f40c000]       10 ms: Scavenge 1.8 (4.0) -> 1.5 (4.2) MB, pooled: 0.0 MB, 0.17 / 0.00 ms (average mu = 1.000, current mu = 1.000) allocation failure;
[1555:0x70f40c000]       17 ms: Scavenge 2.8 (4.6) -> 2.5 (5.4) MB, pooled: 0.0 MB, 0.24 / 0.00 ms (average mu = 1.000, current mu = 1.000) allocation failure;
[bailout (kind: deopt-eager, reason: wrong map): begin. deoptimizing 0x151064ed66b9 <JSFunction next (sfi = 0x145ead097c1)>, 0x313904201f11 <Code MAGLEV>, opt id 2, bytecode offset 3, deopt exit 0, FP to SP delta 32, caller SP 0x00016bc69b28, pc 0x0001286453b4]
[1555:0x70f40c000]       59 ms: Scavenge 7.5 (9.3) -> 6.6 (10.1) MB, pooled: 0.0 MB, 0.25 / 0.00 ms (average mu = 1.000, current mu = 1.000) allocation failure;
[1555:0x70f40c000]       71 ms: Scavenge 8.6 (11.3) -> 8.0 (12.6) MB, pooled: 0.0 MB, 0.33 / 0.00 ms (average mu = 1.000, current mu = 1.000) allocation failure;
[bailout (kind: deopt-eager, reason: wrong map): begin. deoptimizing 0x2d5913375469 <JSFunction requireBuiltin (sfi = 0x145ead1e731)>, 0x042009f81f81 <Code MAGLEV>, opt id 6, bytecode offset 4, deopt exit 0, FP to SP delta 32, caller SP 0x00016bc65be0, pc 0x000128665b6c]
[bailout (kind: deopt-lazy, reason: (unknown)): begin. deoptimizing 0x2d5913375469 <JSFunction requireBuiltin (sfi = 0x145ead1e731)>, 0x042009f81f81 <Code MAGLEV>, opt id 6, bytecode offset 72, deopt exit 4, FP to SP delta 32, caller SP 0x00016bc66370, pc 0x000128665b7c]
[1555:0x70f40c000]      114 ms: Scavenge 13.5 (16.5) -> 11.7 (18.0) MB, pooled: 0.0 MB, 0.27 / 0.00 ms (average mu = 1.000, current mu = 1.000) allocation failure;
[1555:0x70f40c000]      125 ms: Incremental Mark-Compact 13.4 (19.0) -> 10.3 (18.3) MB, pooled: 0.5 MB, 0.86 / 0.00 ms (+ 1.0 ms in 46 steps since start of marking, biggest step 0.1 ms, walltime since start of marking 2 ms) (average mu = 0.985, current mu = 0.985) finalize incremental marking via task; GC in old space requested
[bailout (kind: deopt-eager, reason: Insufficient type feedback for binary operation): begin. deoptimizing 0x04fee5d030e1 <JSFunction markTransferMode (sfi = 0xb77a28ba359)>, 0x1627cf202351 <Code MAGLEV>, opt id 21, bytecode offset 69, deopt exit 1, FP to SP delta 32, caller SP 0x00016bc61660, pc 0x00012866bf30]
[bailout (kind: deopt-eager, reason: Insufficient type feedback for compare operation): begin. deoptimizing 0x04fee5d02f11 <JSFunction normalizeString (sfi = 0x294055118b51)>, 0x042009fbc579 <Code TURBOFAN_JS>, opt id 29, bytecode offset 266, deopt exit 8, FP to SP delta 96, caller SP 0x00016bc5f248, pc 0x0001286b913c]
[bailout (kind: deopt-eager, reason: Insufficient type feedback for binary operation): begin. deoptimizing 0x04fee5d02f11 <JSFunction normalizeString (sfi = 0x294055118b51)>, 0x0092d4fc8d29 <Code MAGLEV>, opt id 35, bytecode offset 95, deopt exit 26, FP to SP delta 128, caller SP 0x00016bc5f248, pc 0x0001286dc614]
[1555:0x70f40c000]      252 ms: Scavenge 23.0 (25.7) -> 21.0 (25.7) MB, pooled: 0.0 MB, 0.25 / 0.00 ms (average mu = 0.985, current mu = 0.985) allocation failure;
[1555:0x70f40c000]      284 ms: Incremental Mark-Compact 31.0 (35.9) -> 28.1 (37.9) MB, pooled: 0.0 MB, 1.54 / 0.00 ms (+ 1.5 ms in 120 steps since start of marking, biggest step 0.1 ms, walltime since start of marking 31 ms) (average mu = 0.983, current mu = 0.982) finalize incremental marking via stack guard; GC in old space requested
[1555:0x70f40c000]      372 ms: Scavenge 51.3 (55.8) -> 46.9 (56.3) MB, pooled: 0.0 MB, 0.39 / 0.00 ms (average mu = 0.983, current mu = 0.982) allocation failure;
[marking dependent code 0x17903a13baf1 <Code MAGLEV> (0x32a220dd6341 <SharedFunctionInfo multiMapAdd>) (opt id 71) for deoptimization, reason: dependent allocation site tenuring changed]
[marking dependent code 0x17903a139451 <Code MAGLEV> (0x32a220dd9791 <SharedFunctionInfo diag>) (opt id 68) for deoptimization, reason: dependent allocation site tenuring changed]
[bailout (kind: deopt-eager, reason: Insufficient type feedback for compare operation): begin. deoptimizing 0x16314a16eb01 <JSFunction Module._findPath (sfi = 0x16314a167e59)>, 0x07cbd3a05899 <Code MAGLEV>, opt id 90, bytecode offset 191, deopt exit 16, FP to SP delta 144, caller SP 0x00016bc5d168, pc 0x000128701744]
[marking dependent code 0x2805c7449681 <Code MAGLEV> (0x220386f8c2d1 <SharedFunctionInfo _>) (opt id 118) for deoptimization, reason: dependent prototype chain changed]
[marking dependent code 0x2805c7447471 <Code MAGLEV> (0x220386f8c361 <SharedFunctionInfo addCodeArg>) (opt id 116) for deoptimization, reason: dependent prototype chain changed]
[1555:0x70f40c000]      438 ms: Scavenge 64.4 (74.1) -> 56.3 (77.6) MB, pooled: 0.0 MB, 1.08 / 0.00 ms (average mu = 0.983, current mu = 0.982) allocation failure;
[bailout (kind: deopt-eager, reason: Insufficient type feedback for generic named access): begin. deoptimizing 0x13880b59dc51 <JSFunction (sfi = 0x24f2a6819071)>, 0x2b4e74109681 <Code MAGLEV>, opt id 151, bytecode offset 65, deopt exit 1, FP to SP delta 64, caller SP 0x00016bc5eb78, pc 0x0001287fc2d8]
[bailout (kind: deopt-eager, reason: Insufficient type feedback for call): begin. deoptimizing 0x05f9ac470d51 <JSFunction __importStar (sfi = 0x24f2a682c479)>, 0x2b4e7410ae51 <Code MAGLEV>, opt id 156, bytecode offset 90, deopt exit 11, FP to SP delta 112, caller SP 0x00016bc5e780, pc 0x0001287fe420]
[bailout (kind: deopt-eager, reason: Insufficient type feedback for call): begin. deoptimizing 0x0e9901aeac79 <JSFunction __importStar (sfi = 0x1d5f291481e9)>, 0x2b4e7410b9b1 <Code MAGLEV>, opt id 159, bytecode offset 90, deopt exit 11, FP to SP delta 112, caller SP 0x00016bc5e370, pc 0x000128811fc0]
[bailout (kind: deopt-eager, reason: Insufficient type feedback for call): begin. deoptimizing 0x31dd973c8ac9 <JSFunction __importStar (sfi = 0x1d5f2915bcb1)>, 0x2b4e7410c511 <Code MAGLEV>, opt id 162, bytecode offset 90, deopt exit 11, FP to SP delta 112, caller SP 0x00016bc5e360, pc 0x000128813280]
[bailout (kind: deopt-eager, reason: Insufficient type feedback for call): begin. deoptimizing 0x311adee58be1 <JSFunction __importStar (sfi = 0x1d5f2916b451)>, 0x2b4e7410d071 <Code MAGLEV>, opt id 165, bytecode offset 90, deopt exit 11, FP to SP delta 112, caller SP 0x00016bc5df70, pc 0x000128814540]
[1555:0x70f40c000]      462 ms: Scavenge 68.9 (86.6) -> 60.7 (91.1) MB, pooled: 0.0 MB, 1.28 / 0.00 ms (average mu = 0.983, current mu = 0.982) allocation failure;
[bailout (kind: deopt-eager, reason: Insufficient type feedback for call): begin. deoptimizing 0x059629908179 <JSFunction __importStar (sfi = 0x1d5f2917c151)>, 0x2805c7476529 <Code MAGLEV>, opt id 168, bytecode offset 90, deopt exit 11, FP to SP delta 112, caller SP 0x00016bc5db10, pc 0x00012872b640]
[bailout (kind: deopt-eager, reason: Insufficient type feedback for call): begin. deoptimizing 0x05ba797a64a9 <JSFunction __importStar (sfi = 0xd19deab94a9)>, 0x2b4e7410e101 <Code MAGLEV>, opt id 171, bytecode offset 90, deopt exit 11, FP to SP delta 112, caller SP 0x00016bc5df40, pc 0x0001288164e0]
[bailout (kind: deopt-eager, reason: Insufficient type feedback for call): begin. deoptimizing 0x11823f226881 <JSFunction __importStar (sfi = 0x36f89484ca01)>, 0x2b4e7410f1b1 <Code MAGLEV>, opt id 175, bytecode offset 90, deopt exit 11, FP to SP delta 112, caller SP 0x00016bc5db40, pc 0x000128818320]
[bailout (kind: deopt-eager, reason: Insufficient type feedback for call): begin. deoptimizing 0x2217572260c1 <JSFunction __importStar (sfi = 0x36f89485dba9)>, 0x2b4e7410fd11 <Code MAGLEV>, opt id 178, bytecode offset 90, deopt exit 11, FP to SP delta 112, caller SP 0x00016bc5df00, pc 0x0001288195e0]
[bailout (kind: deopt-eager, reason: Insufficient type feedback for call): begin. deoptimizing 0x39a7fc0e87b1 <JSFunction __importStar (sfi = 0x36f89486e051)>, 0x2b4e74110871 <Code MAGLEV>, opt id 181, bytecode offset 90, deopt exit 11, FP to SP delta 112, caller SP 0x00016bc5db40, pc 0x00012881a8a0]
[bailout (kind: deopt-eager, reason: Insufficient type feedback for call): begin. deoptimizing 0x17e160fed819 <JSFunction __importStar (sfi = 0x36f89487d8a9)>, 0x2b4e741113d1 <Code MAGLEV>, opt id 184, bytecode offset 90, deopt exit 11, FP to SP delta 112, caller SP 0x00016bc5e3d0, pc 0x00012881bb60]
[bailout (kind: deopt-eager, reason: Insufficient type feedback for call): begin. deoptimizing 0x3ed8187f8989 <JSFunction __importStar (sfi = 0x2e45b07ab4a1)>, 0x2b4e74111f31 <Code MAGLEV>, opt id 187, bytecode offset 90, deopt exit 11, FP to SP delta 112, caller SP 0x00016bc5e3a0, pc 0x00012881ce20]
[bailout (kind: deopt-eager, reason: Insufficient type feedback for call): begin. deoptimizing 0x057a328f7c29 <JSFunction __importStar (sfi = 0x2e45b07bbab1)>, 0x3b69f9e81961 <Code MAGLEV>, opt id 190, bytecode offset 90, deopt exit 11, FP to SP delta 112, caller SP 0x00016bc5e840, pc 0x00012881e0e0]
[bailout (kind: deopt-eager, reason: Insufficient type feedback for call): begin. deoptimizing 0x1f2426583b99 <JSFunction __importStar (sfi = 0x198653ba2779)>, 0x3b69f9e82329 <Code MAGLEV>, opt id 193, bytecode offset 90, deopt exit 11, FP to SP delta 112, caller SP 0x00016bc5e450, pc 0x00012881ecc0]
[bailout (kind: deopt-eager, reason: Insufficient type feedback for call): begin. deoptimizing 0x02296901f509 <JSFunction __importStar (sfi = 0xf2d153c3b31)>, 0x11f75d39efe9 <Code MAGLEV>, opt id 199, bytecode offset 90, deopt exit 11, FP to SP delta 112, caller SP 0x00016bc5e390, pc 0x0001288217c0]
[bailout (kind: deopt-eager, reason: Insufficient type feedback for call): begin. deoptimizing 0x24ffee55f0a1 <JSFunction __importStar (sfi = 0xf2d153d33d9)>, 0x11f75d39fb49 <Code MAGLEV>, opt id 202, bytecode offset 90, deopt exit 11, FP to SP delta 112, caller SP 0x00016bc5e370, pc 0x000128822a80]
[bailout (kind: deopt-eager, reason: Insufficient type feedback for call): begin. deoptimizing 0x39e9c14e8dd9 <JSFunction __importStar (sfi = 0xf2d153e3f79)>, 0x11f75d3a06a9 <Code MAGLEV>, opt id 205, bytecode offset 90, deopt exit 11, FP to SP delta 112, caller SP 0x00016bc5e820, pc 0x000128823d40]
[1555:0x70f40c000]      476 ms: Scavenge 74.3 (91.6) -> 66.5 (95.4) MB, pooled: 0.0 MB, 1.42 / 0.00 ms (average mu = 0.983, current mu = 0.982) allocation failure;
[bailout (kind: deopt-eager, reason: Insufficient type feedback for call): begin. deoptimizing 0x260cf22a1c09 <JSFunction __importStar (sfi = 0x5cc01495be9)>, 0x11f75d3a1e01 <Code MAGLEV>, opt id 211, bytecode offset 90, deopt exit 11, FP to SP delta 112, caller SP 0x00016bc5e810, pc 0x0001288264e0]
[bailout (kind: deopt-eager, reason: Insufficient type feedback for call): begin. deoptimizing 0x12ae60329889 <JSFunction __importStar (sfi = 0x5cc014a6ae9)>, 0x11f75d3a2961 <Code MAGLEV>, opt id 214, bytecode offset 90, deopt exit 11, FP to SP delta 112, caller SP 0x00016bc5e7a0, pc 0x0001288277a0]
[bailout (kind: deopt-eager, reason: Insufficient type feedback for call): begin. deoptimizing 0x0fcb78946629 <JSFunction resolve (sfi = 0x294055118fd1)>, 0x0273758403b9 <Code MAGLEV>, opt id 36, bytecode offset 216, deopt exit 15, FP to SP delta 128, caller SP 0x00016bc613b8, pc 0x0001286dd338]
[marking dependent code 0x2805c744d691 <Code MAGLEV> (0x220386f8c511 <SharedFunctionInfo safeStringify>) (opt id 124) for deoptimization, reason: dependent prototype chain changed]
[marking dependent code 0x1627cf201bb9 <Code MAGLEV> (0x294055121539 <SharedFunctionInfo #updateContext>) (opt id 17) for deoptimization, reason: dependent prototype chain changed]
[bailout (kind: deopt-eager, reason: Insufficient type feedback for generic named access): begin. deoptimizing 0x0723e525b8b9 <JSFunction encodeInteger (sfi = 0x177354ae6fa9)>, 0x0860577c0bd1 <Code MAGLEV>, opt id 227, bytecode offset 32, deopt exit 19, FP to SP delta 48, caller SP 0x00016bc61380, pc 0x000128950888]
[bailout (kind: deopt-eager, reason: Insufficient type feedback for generic named access): begin. deoptimizing 0x0723e525b9a9 <JSFunction decode (sfi = 0x177354ae7039)>, 0x0860577d06c9 <Code MAGLEV>, opt id 252, bytecode offset 24, deopt exit 36, FP to SP delta 192, caller SP 0x00016bc61190, pc 0x00012898e19c]
[bailout (kind: deopt-eager, reason: unexpected name in keyed access): begin. deoptimizing 0x0723e525c491 <JSFunction get$2 (sfi = 0x177354ae7bc1)>, 0x1fb4e80459c9 <Code MAGLEV>, opt id 258, bytecode offset 8, deopt exit 2, FP to SP delta 32, caller SP 0x00016bc610d8, pc 0x00012896b32c]
[bailout (kind: deopt-eager, reason: Insufficient type feedback for generic keyed access): begin. deoptimizing 0x0723e525ba69 <JSFunction encode$1 (sfi = 0x177354ae7111)>, 0x0860577cd859 <Code MAGLEV>, opt id 247, bytecode offset 227, deopt exit 73, FP to SP delta 192, caller SP 0x00016bc612f0, pc 0x00012898a9b8]
[bailout (kind: deopt-eager, reason: wrong map): begin. deoptimizing 0x0723e525ba69 <JSFunction encode$1 (sfi = 0x177354ae7111)>, 0x1fb4e804b7d1 <Code MAGLEV>, opt id 278, bytecode offset 55, deopt exit 13, FP to SP delta 192, caller SP 0x00016bc61440, pc 0x00012896fca0]
[bailout (kind: deopt-eager, reason: Insufficient type feedback for call): begin. deoptimizing 0x0723e525c251 <JSFunction decodedMappings (sfi = 0x177354ae7939)>, 0x0860577d2489 <Code MAGLEV>, opt id 261, bytecode offset 8, deopt exit 2, FP to SP delta 32, caller SP 0x00016bc61360, pc 0x000128991f64]
[bailout (kind: deopt-eager, reason: wrong map): begin. deoptimizing 0x0723e525c6c9 <JSFunction addSegmentInternal (sfi = 0x177354ae7e01)>, 0x1fb4e8049c79 <Code MAGLEV>, opt id 277, bytecode offset 0, deopt exit 3, FP to SP delta 112, caller SP 0x00016bc61360, pc 0x00012896e9f8]
[bailout (kind: deopt-eager, reason: not a Smi): begin. deoptimizing 0x0723e525c4d1 <JSFunction put (sfi = 0x177354ae7c09)>, 0x0860577d4cc9 <Code MAGLEV>, opt id 274, bytecode offset 22, deopt exit 7, FP to SP delta 32, caller SP 0x00016bc61248, pc 0x000128994078]
[bailout (kind: deopt-eager, reason: wrong call target): begin. deoptimizing 0x01efde6ccc51 <JSFunction enter (sfi = 0x37f0359ef029)>, 0x1fb4e8043141 <Code MAGLEV>, opt id 243, bytecode offset 19, deopt exit 2, FP to SP delta 64, caller SP 0x00016bc612b8, pc 0x0001289834dc]
[bailout (kind: deopt-eager, reason: wrong map): begin. deoptimizing 0x0723e525ca31 <JSFunction traceMappings (sfi = 0x177354ae8161)>, 0x3c76c9d628d1 <Code TURBOFAN_JS>, opt id 273, bytecode offset 0, deopt exit 36, FP to SP delta 464, caller SP 0x00016bc61480, pc 0x0001288eb594]
[marking dependent code 0x3c76c9d64869 <Code TURBOFAN_JS> (0x177354ae6fa9 <SharedFunctionInfo encodeInteger>) (opt id 289) for deoptimization, reason: dependent property cell changed]
[marking dependent code 0x0860577d9211 <Code MAGLEV> (0x177354ae7111 <SharedFunctionInfo encode$1>) (opt id 285) for deoptimization, reason: dependent property cell changed]
[marking dependent code 0x3c76c9d5a2a1 <Code TURBOFAN_JS> (0x177354ae6f61 <SharedFunctionInfo decodeInteger>) (opt id 253) for deoptimization, reason: dependent property cell changed]
[marking dependent code 0x0860577cee81 <Code MAGLEV> (0x177354ae6f61 <SharedFunctionInfo decodeInteger>) (opt id 251) for deoptimization, reason: dependent property cell changed]
[marking dependent code 0x0860577cb901 <Code MAGLEV> (0x177354ae6fa9 <SharedFunctionInfo encodeInteger>) (opt id 246) for deoptimization, reason: dependent property cell changed]
[marking dependent code 0x0860577c7ea1 <Code MAGLEV> (0x1fec8b673991 <SharedFunctionInfo convertNodeList>) (opt id 236) for deoptimization, reason: dependent property cell changed]
[marking dependent code 0x0860577c6b71 <Code MAGLEV> (0x1fec8b6744d1 <SharedFunctionInfo identifier>) (opt id 235) for deoptimization, reason: dependent property cell changed]
[marking dependent code 0x0860577c5d09 <Code MAGLEV> (0x37f0359eb751 <SharedFunctionInfo convertString>) (opt id 233) for deoptimization, reason: dependent property cell changed]
[marking dependent code 0x0860577c5519 <Code MAGLEV> (0x1fec8b673611 <SharedFunctionInfo convertNode>) (opt id 232) for deoptimization, reason: dependent property cell changed]
[marking dependent code 0x3c76c9d4e801 <Code TURBOFAN_JS> (0x177354aecc61 <SharedFunctionInfo B>) (opt id 230) for deoptimization, reason: dependent property cell changed]
[marking dependent code 0x0860577c31e1 <Code MAGLEV> (0x177354aecc61 <SharedFunctionInfo B>) (opt id 231) for deoptimization, reason: dependent property cell changed]
[marking dependent code 0x0860577c2851 <Code MAGLEV> (0x177354aecc61 <SharedFunctionInfo B>) (opt id 229) for deoptimization, reason: dependent property cell changed]
[marking dependent code 0x0860577c0331 <Code MAGLEV> (0x177354af5d29 <SharedFunctionInfo write>) (opt id 226) for deoptimization, reason: dependent property cell changed]
[marking dependent code 0x11f75d3a8519 <Code MAGLEV> (0x1e6cf037fb01 <SharedFunctionInfo isErrorStackTraceLimitWritable>) (opt id 225) for deoptimization, reason: dependent property cell changed]
[marking dependent code 0x11f75d3a7ff9 <Code MAGLEV> (0x0b77a28af5a1 <SharedFunctionInfo isBuildingSnapshot>) (opt id 224) for deoptimization, reason: dependent property cell changed]
[marking dependent code 0x07cbd3a03119 <Code MAGLEV> (0x16314a166f31 <SharedFunctionInfo wrapModuleLoad>) (opt id 84) for deoptimization, reason: dependent property cell changed]
[marking dependent code 0x3c6a615802c1 <Code MAGLEV> (0x16314a16df21 <SharedFunctionInfo ensureTimerFlagsAreUpdated>) (opt id 47) for deoptimization, reason: dependent property cell changed]
[marking dependent code 0x0273758428d9 <Code MAGLEV> (0x0ea66975ade1 <SharedFunctionInfo realpathSync>) (opt id 40) for deoptimization, reason: dependent property cell changed]
[marking dependent code 0x0860577c13e9 <Code MAGLEV> (0x294055121539 <SharedFunctionInfo #updateContext>) (opt id 228) for deoptimization, reason: dependent property cell changed]
[marking dependent code 0x25d941d01259 <Code MAGLEV> (0x0ea669759249 <SharedFunctionInfo isFileType>) (opt id 24) for deoptimization, reason: dependent property cell changed]
[marking dependent code 0x0860577dca59 <Code MAGLEV> (0x177354aee0c1 <SharedFunctionInfo isRefIdentifier>) (opt id 287) for deoptimization, reason: dependent field type changed]
[1555:0x70f40c000]      542 ms: Scavenge 91.5 (109.3) -> 72.5 (114.3) MB, pooled: 0.0 MB, 0.85 / 0.01 ms (average mu = 0.983, current mu = 0.982) allocation failure;
[marking dependent code 0x1fb4e8052e29 <Code MAGLEV> (0x1fec8b6744d1 <SharedFunctionInfo identifier>) (opt id 298) for deoptimization, reason: dependent allocation site tenuring changed]
[bailout (kind: deopt-eager, reason: Insufficient type feedback for generic named access): begin. deoptimizing 0x0723e525ba69 <JSFunction encode$1 (sfi = 0x177354ae7111)>, 0x0860577f4cf9 <Code MAGLEV>, opt id 327, bytecode offset 0, deopt exit 64, FP to SP delta 192, caller SP 0x00016bc61440, pc 0x0001289cabfc]
[bailout (kind: deopt-eager, reason: wrong map): begin. deoptimizing 0x0723e525c6c9 <JSFunction addSegmentInternal (sfi = 0x177354ae7e01)>, 0x0860577e0621 <Code MAGLEV>, opt id 292, bytecode offset 22, deopt exit 28, FP to SP delta 128, caller SP 0x00016bc613b0, pc 0x0001289b0104]
[bailout (kind: deopt-eager, reason: wrong map): begin. deoptimizing 0x0723e525c749 <JSFunction getIndex (sfi = 0x177354ae7e91)>, 0x1fb4e8045f01 <Code MAGLEV>, opt id 262, bytecode offset 0, deopt exit 0, FP to SP delta 48, caller SP 0x00016bc61298, pc 0x00012896b94c]
[bailout (kind: deopt-eager, reason: wrong instance type): begin. deoptimizing 0x07368a9fc7f9 <JSFunction addUneditedChunk (sfi = 0x177354af7499)>, 0x3c76c9d67c99 <Code TURBOFAN_JS>, opt id 312, bytecode offset 9, deopt exit 6, FP to SP delta 80, caller SP 0x00016bc613b0, pc 0x0001288edcbc]
[bailout (kind: deopt-eager, reason: Insufficient type feedback for generic named access): begin. deoptimizing 0x3798c8585649 <JSFunction enter (sfi = 0x37f0359ef029)>, 0x0860577ea389 <Code MAGLEV>, opt id 306, bytecode offset 114, deopt exit 56, FP to SP delta 64, caller SP 0x00016bc61038, pc 0x0001289c377c]
[bailout (kind: deopt-eager, reason: wrong map): begin. deoptimizing 0x3798c8585309 <JSFunction onStatements (sfi = 0x37f0359e9781)>, 0x0860577eb3e1 <Code MAGLEV>, opt id 308, bytecode offset 2, deopt exit 0, FP to SP delta 80, caller SP 0x00016bc60950, pc 0x0001289c45cc]
[1555:0x70f40c000]      581 ms: Scavenge 96.5 (125.8) -> 75.2 (128.3) MB, pooled: 0.0 MB, 0.64 / 0.00 ms (average mu = 0.983, current mu = 0.982) allocation failure;
[bailout (kind: deopt-eager, reason: wrong call target): begin. deoptimizing 0x292a8c826041 <JSFunction enter (sfi = 0x37f0359ef029)>, 0x1ba1816c2409 <Code MAGLEV>, opt id 343, bytecode offset 114, deopt exit 12, FP to SP delta 64, caller SP 0x00016bc61088, pc 0x000128a02b84]
[marking dependent code 0x1ba1816c9669 <Code MAGLEV> (0x37f0359f1f71 <SharedFunctionInfo enter>) (opt id 388) for deoptimization, reason: dependent field type changed]
[marking dependent code 0x1fb4e804feb1 <Code MAGLEV> (0x177354afa8f1 <SharedFunctionInfo isStaticPropertyKey>) (opt id 281) for deoptimization, reason: dependent field type changed]
[1555:0x70f40c000]      617 ms: Scavenge 106.3 (134.4) -> 78.5 (136.6) MB, pooled: 0.0 MB, 0.39 / 0.00 ms (average mu = 0.983, current mu = 0.982) allocation failure;
[1555:0x70f40c000]      624 ms: Scavenge 108.2 (142.6) -> 78.2 (143.9) MB, pooled: 0.0 MB, 0.33 / 0.00 ms (average mu = 0.983, current mu = 0.982) allocation failure;
[1555:0x70f40c000]      628 ms: Scavenge 110.1 (143.9) -> 78.2 (143.9) MB, pooled: 0.0 MB, 0.24 / 0.00 ms (average mu = 0.983, current mu = 0.982) allocation failure;
[1555:0x70f40c000]      651 ms: Scavenge 110.4 (143.9) -> 78.6 (143.9) MB, pooled: 0.0 MB, 0.15 / 0.00 ms (average mu = 0.983, current mu = 0.982) allocation failure;
[1555:0x70f40c000]      677 ms: Scavenge 110.5 (143.9) -> 78.7 (144.1) MB, pooled: 0.0 MB, 0.15 / 0.00 ms (average mu = 0.983, current mu = 0.982) allocation failure;
[1555:0x70f40c000]      710 ms: Scavenge 110.6 (144.1) -> 78.7 (144.1) MB, pooled: 0.0 MB, 0.17 / 0.00 ms (average mu = 0.983, current mu = 0.982) allocation failure;
[1555:0x70f40c000]      736 ms: Scavenge 110.6 (144.1) -> 78.7 (144.4) MB, pooled: 0.0 MB, 0.15 / 0.00 ms (average mu = 0.983, current mu = 0.982) allocation failure;
[1555:0x70f40c000]      762 ms: Scavenge 110.6 (144.4) -> 78.6 (144.4) MB, pooled: 0.0 MB, 0.14 / 0.00 ms (average mu = 0.983, current mu = 0.982) allocation failure;
[1555:0x70f40c000]      787 ms: Scavenge 110.6 (144.4) -> 78.7 (144.4) MB, pooled: 0.0 MB, 0.16 / 0.00 ms (average mu = 0.983, current mu = 0.982) allocation failure;
[1555:0x70f40c000]      813 ms: Scavenge 110.6 (144.4) -> 78.7 (144.4) MB, pooled: 0.0 MB, 0.16 / 0.00 ms (average mu = 0.983, current mu = 0.982) allocation failure;
[bailout (kind: deopt-eager, reason: wrong call target): begin. deoptimizing 0x0b04384fe6d1 <JSFunction parseStateInner (sfi = 0x1ec43fe4dbb9)>, 0x2153eff50d29 <Code MAGLEV>, opt id 546, bytecode offset 20, deopt exit 3, FP to SP delta 32, caller SP 0x00016bc61510, pc 0x000128aa0bb8]
[bailout (kind: deopt-eager, reason: wrong call target): begin. deoptimizing 0x0685d277c859 <JSFunction many (sfi = 0x2f7a55e2bc91)>, 0x12f183223fe9 <Code TURBOFAN_JS>, opt id 539, bytecode offset 49, deopt exit 7, FP to SP delta 112, caller SP 0x00016bc61370, pc 0x000128a3c448]
[bailout (kind: deopt-eager, reason: wrong call target): begin. deoptimizing 0x0685d277cc91 <JSFunction (sfi = 0x2f7a55e2e8e1)>, 0x1ba1816d8fb9 <Code MAGLEV>, opt id 550, bytecode offset 0, deopt exit 2, FP to SP delta 96, caller SP 0x00016bc612d0, pc 0x000128a6249c]
[bailout (kind: deopt-eager, reason: wrong call target): begin. deoptimizing 0x0685d277d8f9 <JSFunction then (sfi = 0x3fe38b43f459)>, 0x12f183228f89 <Code TURBOFAN_JS>, opt id 569, bytecode offset 0, deopt exit 4, FP to SP delta 80, caller SP 0x00016bc61130, pc 0x000128a64ecc]
[bailout (kind: deopt-eager, reason: Insufficient type feedback for generic named access): begin. deoptimizing 0x0685d277da51 <JSFunction anyParser (sfi = 0x2f7a55e2b9d9)>, 0x1ba1816db111 <Code TURBOFAN_JS>, opt id 583, bytecode offset 76, deopt exit 16, FP to SP delta 64, caller SP 0x00016bc60fc0, pc 0x000128a6b1d4]
[bailout (kind: deopt-eager, reason: wrong call target): begin. deoptimizing 0x1f8414b00319 <JSFunction parseState (sfi = 0x3c5ab83e6661)>, 0x2153eff51e01 <Code MAGLEV>, opt id 559, bytecode offset 40, deopt exit 1, FP to SP delta 48, caller SP 0x00016bc61560, pc 0x000128aa1ba0]
[bailout (kind: deopt-eager, reason: wrong call target): begin. deoptimizing 0x0685d277ca11 <JSFunction (sfi = 0x2f7a55e2f3e9)>, 0x12f183222cd9 <Code TURBOFAN_JS>, opt id 536, bytecode offset 23, deopt exit 4, FP to SP delta 128, caller SP 0x00016bc61390, pc 0x000128a3b5e4]
[bailout (kind: deopt-eager, reason: wrong call target): begin. deoptimizing 0x0685d277cd61 <JSFunction (sfi = 0x2f7a55e2fe31)>, 0x2153eff52341 <Code MAGLEV>, opt id 563, bytecode offset 0, deopt exit 1, FP to SP delta 48, caller SP 0x00016bc612b0, pc 0x000128aa23b8]
[bailout (kind: deopt-eager, reason: wrong call target): begin. deoptimizing 0x0685d277d701 <JSFunction (sfi = 0x3fe38b43fd81)>, 0x12f183227241 <Code TURBOFAN_JS>, opt id 566, bytecode offset 0, deopt exit 22, FP to SP delta 112, caller SP 0x00016bc610d0, pc 0x000128a3f514]
[marking dependent code 0x12f18322d961 <Code MAGLEV> (0x0dfb1d9317d9 <SharedFunctionInfo>) (opt id 589) for deoptimization, reason: dependent field type changed]
[marking dependent code 0x12f1832280a1 <Code TURBOFAN_JS> (0x07b3c06ffe79 <SharedFunctionInfo>) (opt id 568) for deoptimization, reason: dependent field type changed]
[marking dependent code 0x12f183225429 <Code TURBOFAN_JS> (0x2f7a55e2fb41 <SharedFunctionInfo>) (opt id 557) for deoptimization, reason: dependent field type changed]
[marking dependent code 0x1ba1816d9c99 <Code MAGLEV> (0x0dfb1d927ea9 <SharedFunctionInfo candidate>) (opt id 564) for deoptimization, reason: dependent field type changed]
[marking dependent code 0x1ba1816d9409 <Code MAGLEV> (0x3c5ab83e6109 <SharedFunctionInfo ClosureState>) (opt id 561) for deoptimization, reason: dependent field type changed]
[marking dependent code 0x2153eff52021 <Code MAGLEV> (0x3c5ab83e62b9 <SharedFunctionInfo ClosureState>) (opt id 560) for deoptimization, reason: dependent field type changed]
[marking dependent code 0x2153eff51429 <Code MAGLEV> (0x0dfb1d927e29 <SharedFunctionInfo control>) (opt id 551) for deoptimization, reason: dependent field type changed]
[marking dependent code 0x1ba1816d7cb9 <Code MAGLEV> (0x0dfb1d927c31 <SharedFunctionInfo view>) (opt id 537) for deoptimization, reason: dependent field type changed]
[marking dependent code 0x12f18321eb19 <Code TURBOFAN_JS> (0x2f7a55e2f8a9 <SharedFunctionInfo>) (opt id 526) for deoptimization, reason: dependent field type changed]
[marking dependent code 0x12f18321e599 <Code TURBOFAN_JS> (0x3c5ab83e61e1 <SharedFunctionInfo rollback>) (opt id 527) for deoptimization, reason: dependent field type changed]
[marking dependent code 0x1ba1816d5119 <Code MAGLEV> (0x07b3c06ffe79 <SharedFunctionInfo>) (opt id 513) for deoptimization, reason: dependent field type changed]
[marking dependent code 0x1ba1816d4309 <Code MAGLEV> (0x3fe38b43fd81 <SharedFunctionInfo>) (opt id 512) for deoptimization, reason: dependent field type changed]
[marking dependent code 0x1ba1816d3aa9 <Code MAGLEV> (0x2f7a55e2fb41 <SharedFunctionInfo>) (opt id 509) for deoptimization, reason: dependent field type changed]
[marking dependent code 0x1ba1816d2e91 <Code MAGLEV> (0x2f7a55e2f3e9 <SharedFunctionInfo>) (opt id 503) for deoptimization, reason: dependent field type changed]
[marking dependent code 0x1ba1816d04a1 <Code MAGLEV> (0x2f7a55e2f8a9 <SharedFunctionInfo>) (opt id 492) for deoptimization, reason: dependent field type changed]
[marking dependent code 0x2153eff4b9a1 <Code MAGLEV> (0x3c5ab83e61e1 <SharedFunctionInfo rollback>) (opt id 490) for deoptimization, reason: dependent field type changed]
[bailout (kind: deopt-lazy, reason: (unknown)): begin. deoptimizing 0x0685d277ca71 <JSFunction (sfi = 0x2f7a55e2f8a9)>, 0x12f18321eb19 <Code TURBOFAN_JS>, opt id 526, bytecode offset 25, deopt exit 6, FP to SP delta 80, caller SP 0x00016bc61320, pc 0x000128a37334]
[bailout (kind: deopt-lazy, reason: (unknown)): begin. deoptimizing 0x0685d277c451 <JSFunction (sfi = 0x2f7a55e2f8a9)>, 0x12f18321eb19 <Code TURBOFAN_JS>, opt id 526, bytecode offset 70, deopt exit 7, FP to SP delta 80, caller SP 0x00016bc61450, pc 0x000128a37338]
[bailout (kind: deopt-lazy, reason: (unknown)): begin. deoptimizing 0x0685d277c251 <JSFunction (sfi = 0x2f7a55e2f8a9)>, 0x12f18321eb19 <Code TURBOFAN_JS>, opt id 526, bytecode offset 25, deopt exit 6, FP to SP delta 80, caller SP 0x00016bc614c0, pc 0x000128a37334]
[1555:0x70f40c000]      838 ms: Scavenge 110.8 (144.6) -> 79.0 (144.6) MB, pooled: 0.0 MB, 0.14 / 0.00 ms (average mu = 0.983, current mu = 0.982) allocation failure;
[1555:0x70f40c000]      858 ms: Scavenge 110.8 (144.6) -> 79.0 (144.9) MB, pooled: 0.0 MB, 0.16 / 0.00 ms (average mu = 0.983, current mu = 0.982) allocation failure;
[1555:0x70f40c000]      878 ms: Scavenge 110.9 (144.9) -> 79.0 (144.9) MB, pooled: 0.0 MB, 0.12 / 0.00 ms (average mu = 0.983, current mu = 0.982) allocation failure;
[bailout (kind: deopt-eager, reason: wrong call target): begin. deoptimizing 0x1f8414b00351 <JSFunction parse (sfi = 0x3c5ab83e66a9)>, 0x1ba1816da981 <Code MAGLEV>, opt id 582, bytecode offset 40, deopt exit 1, FP to SP delta 48, caller SP 0x00016bc614f0, pc 0x000128a6abe8]
[1555:0x70f40c000]      901 ms: Scavenge 110.9 (144.9) -> 79.0 (144.9) MB, pooled: 0.0 MB, 0.14 / 0.00 ms (average mu = 0.983, current mu = 0.982) allocation failure;
[1555:0x70f40c000]      922 ms: Scavenge 110.9 (144.9) -> 78.9 (144.9) MB, pooled: 0.0 MB, 0.14 / 0.00 ms (average mu = 0.983, current mu = 0.982) allocation failure;
[1555:0x70f40c000]      946 ms: Scavenge 110.9 (144.9) -> 79.0 (144.9) MB, pooled: 0.0 MB, 0.12 / 0.00 ms (average mu = 0.983, current mu = 0.982) allocation failure;
[1555:0x70f40c000]      968 ms: Scavenge 110.9 (144.9) -> 79.0 (144.9) MB, pooled: 0.0 MB, 0.15 / 0.00 ms (average mu = 0.983, current mu = 0.982) allocation failure;
[1555:0x70f40c000]      990 ms: Scavenge 110.9 (144.9) -> 79.0 (144.9) MB, pooled: 0.0 MB, 0.14 / 0.00 ms (average mu = 0.983, current mu = 0.982) allocation failure;
[1555:0x70f40c000]     1018 ms: Scavenge 111.0 (144.9) -> 79.0 (144.9) MB, pooled: 0.0 MB, 0.14 / 0.00 ms (average mu = 0.983, current mu = 0.982) allocation failure;
[1555:0x70f40c000]     1048 ms: Scavenge 111.0 (144.9) -> 79.1 (144.9) MB, pooled: 0.0 MB, 0.15 / 0.00 ms (average mu = 0.983, current mu = 0.982) allocation failure;
[1555:0x70f40c000]     1077 ms: Scavenge 111.0 (144.9) -> 79.0 (144.9) MB, pooled: 0.0 MB, 0.15 / 0.00 ms (average mu = 0.983, current mu = 0.982) allocation failure;
[1555:0x70f40c000]     1105 ms: Scavenge 111.0 (144.9) -> 79.0 (144.9) MB, pooled: 0.0 MB, 0.16 / 0.00 ms (average mu = 0.983, current mu = 0.982) allocation failure;
[1555:0x70f40c000]     1135 ms: Scavenge 111.0 (144.9) -> 79.0 (144.9) MB, pooled: 0.0 MB, 0.13 / 0.00 ms (average mu = 0.983, current mu = 0.982) allocation failure;
[1555:0x70f40c000]     1165 ms: Scavenge 111.0 (144.9) -> 79.0 (144.9) MB, pooled: 0.0 MB, 0.14 / 0.00 ms (average mu = 0.983, current mu = 0.982) allocation failure;
[1555:0x70f40c000]     1195 ms: Scavenge 111.0 (144.9) -> 79.0 (144.9) MB, pooled: 0.0 MB, 0.20 / 0.00 ms (average mu = 0.983, current mu = 0.982) allocation failure;
[1555:0x70f40c000]     1227 ms: Scavenge 111.0 (144.9) -> 79.0 (144.9) MB, pooled: 0.0 MB, 0.12 / 0.00 ms (average mu = 0.983, current mu = 0.982) allocation failure;
[bailout (kind: deopt-eager, reason: wrong map): begin. deoptimizing 0x1c3d42c76161 <JSFunction (sfi = 0xdfb1d9317d9)>, 0x1ba1816e42f9 <Code MAGLEV>, opt id 660, bytecode offset 55, deopt exit 2, FP to SP delta 32, caller SP 0x00016bc61500, pc 0x000128ab359c]
[1555:0x70f40c000]     1259 ms: Scavenge 111.0 (144.9) -> 79.1 (144.9) MB, pooled: 0.0 MB, 0.15 / 0.00 ms (average mu = 0.983, current mu = 0.982) allocation failure;
[1555:0x70f40c000]     1288 ms: Scavenge 111.0 (144.9) -> 79.0 (144.9) MB, pooled: 0.0 MB, 0.15 / 0.00 ms (average mu = 0.983, current mu = 0.982) allocation failure;
[1555:0x70f40c000]     1319 ms: Scavenge 111.0 (144.9) -> 79.0 (144.9) MB, pooled: 0.0 MB, 0.12 / 0.00 ms (average mu = 0.983, current mu = 0.982) allocation failure;
[1555:0x70f40c000]     1347 ms: Scavenge 111.0 (144.9) -> 79.0 (144.9) MB, pooled: 0.0 MB, 0.12 / 0.00 ms (average mu = 0.983, current mu = 0.982) allocation failure;
[bailout (kind: deopt-eager, reason: Insufficient type feedback for generic named access): begin. deoptimizing 0x0685d277df61 <JSFunction many (sfi = 0x2f7a55e2bc91)>, 0x1ba1816e2641 <Code TURBOFAN_JS>, opt id 621, bytecode offset 157, deopt exit 28, FP to SP delta 112, caller SP 0x00016bc61270, pc 0x000128a749bc]
[bailout (kind: deopt-eager, reason: Insufficient type feedback for generic named access): begin. deoptimizing 0x0685d277cf89 <JSFunction recover (sfi = 0x3fe38b43f6d1)>, 0x12f18323c321 <Code TURBOFAN_JS>, opt id 655, bytecode offset 104, deopt exit 21, FP to SP delta 96, caller SP 0x00016bc61350, pc 0x000128a78fd0]
[bailout (kind: deopt-lazy, reason: (unknown)): begin. deoptimizing 0x0685d277c661 <JSFunction many (sfi = 0x2f7a55e2bc91)>, 0x1ba1816e2641 <Code TURBOFAN_JS>, opt id 621, bytecode offset 68, deopt exit 32, FP to SP delta 112, caller SP 0x00016bc61490, pc 0x000128a749cc]
[bailout (kind: deopt-eager, reason: wrong map): begin. deoptimizing 0x3ceaba2a1139 <JSFunction collectDiagnostic (sfi = 0x1ec43fe79b11)>, 0x12f183236731 <Code MAGLEV>, opt id 629, bytecode offset 170, deopt exit 9, FP to SP delta 112, caller SP 0x00016bc612d8, pc 0x000128ab1250]
[bailout (kind: deopt-eager, reason: Insufficient type feedback for call): begin. deoptimizing 0x0685d277dbb1 <JSFunction (sfi = 0x2f7a55e2f3e9)>, 0x1ba1816e19c9 <Code TURBOFAN_JS>, opt id 618, bytecode offset 178, deopt exit 12, FP to SP delta 128, caller SP 0x00016bc61240, pc 0x000128a73dc4]
[bailout (kind: deopt-eager, reason: Insufficient type feedback for compare operation): begin. deoptimizing 0x0685d277cf19 <JSFunction (sfi = 0x3fe38b43fe91)>, 0x12f18323d6e9 <Code TURBOFAN_JS>, opt id 661, bytecode offset 157, deopt exit 21, FP to SP delta 96, caller SP 0x00016bc612c0, pc 0x000128a7a420]
[bailout (kind: deopt-lazy, reason: (unknown)): begin. deoptimizing 0x0685d277c701 <JSFunction (sfi = 0x2f7a55e2f3e9)>, 0x1ba1816e19c9 <Code TURBOFAN_JS>, opt id 618, bytecode offset 48, deopt exit 15, FP to SP delta 128, caller SP 0x00016bc61430, pc 0x000128a73dd0]
[bailout (kind: deopt-eager, reason: wrong map): begin. deoptimizing 0x0685d277ca71 <JSFunction (sfi = 0x2f7a55e2f8a9)>, 0x1ba1816dfa11 <Code TURBOFAN_JS>, opt id 592, bytecode offset 0, deopt exit 2, FP to SP delta 80, caller SP 0x00016bc61370, pc 0x000128a7213c]
[bailout (kind: deopt-eager, reason: wrong map): begin. deoptimizing 0x0685d277d701 <JSFunction (sfi = 0x3fe38b43fd81)>, 0x1ba1816e3401 <Code TURBOFAN_JS>, opt id 640, bytecode offset 0, deopt exit 2, FP to SP delta 80, caller SP 0x00016bc610e0, pc 0x000128a75824]
[bailout (kind: deopt-eager, reason: wrong map): begin. deoptimizing 0x0685d277d7c9 <JSFunction (sfi = 0x2f7a55e2fb41)>, 0x1ba1816e01e1 <Code TURBOFAN_JS>, opt id 593, bytecode offset 0, deopt exit 2, FP to SP delta 96, caller SP 0x00016bc60ee0, pc 0x000128a727ac]
[bailout (kind: deopt-eager, reason: Insufficient type feedback for generic named access): begin. deoptimizing 0x30ea616a3c71 <JSFunction rollback (sfi = 0x3c5ab83e61e1)>, 0x1ba1816df451 <Code TURBOFAN_JS>, opt id 591, bytecode offset 46, deopt exit 6, FP to SP delta 32, caller SP 0x00016bc611c8, pc 0x000128a71b84]
[bailout (kind: deopt-lazy, reason: (unknown)): begin. deoptimizing 0x0685d277c451 <JSFunction (sfi = 0x2f7a55e2f8a9)>, 0x1ba1816dfa11 <Code TURBOFAN_JS>, opt id 592, bytecode offset 70, deopt exit 8, FP to SP delta 80, caller SP 0x00016bc614a0, pc 0x000128a72154]
[bailout (kind: deopt-lazy, reason: (unknown)): begin. deoptimizing 0x0685d277c251 <JSFunction (sfi = 0x2f7a55e2f8a9)>, 0x1ba1816dfa11 <Code TURBOFAN_JS>, opt id 592, bytecode offset 25, deopt exit 7, FP to SP delta 80, caller SP 0x00016bc61510, pc 0x000128a72150]
[1555:0x70f40c000]     1372 ms: Scavenge 111.1 (144.9) -> 79.2 (144.9) MB, pooled: 0.0 MB, 0.14 / 0.00 ms (average mu = 0.983, current mu = 0.982) allocation failure;
[1555:0x70f40c000]     1396 ms: Scavenge 111.1 (144.9) -> 79.2 (144.9) MB, pooled: 0.0 MB, 0.16 / 0.00 ms (average mu = 0.983, current mu = 0.982) allocation failure;
[1555:0x70f40c000]     1419 ms: Scavenge 111.1 (144.9) -> 79.2 (144.9) MB, pooled: 0.0 MB, 0.13 / 0.00 ms (average mu = 0.983, current mu = 0.982) allocation failure;
[1555:0x70f40c000]     1441 ms: Scavenge 111.1 (144.9) -> 79.2 (144.9) MB, pooled: 0.0 MB, 0.12 / 0.00 ms (average mu = 0.983, current mu = 0.982) allocation failure;
[1555:0x70f40c000]     1464 ms: Scavenge 111.1 (144.9) -> 79.2 (144.9) MB, pooled: 0.0 MB, 0.12 / 0.00 ms (average mu = 0.983, current mu = 0.982) allocation failure;
[1555:0x70f40c000]     1487 ms: Scavenge 111.1 (144.9) -> 79.2 (144.9) MB, pooled: 0.0 MB, 0.15 / 0.00 ms (average mu = 0.983, current mu = 0.982) allocation failure;
[1555:0x70f40c000]     1509 ms: Scavenge 111.2 (144.9) -> 79.2 (144.9) MB, pooled: 0.0 MB, 0.15 / 0.00 ms (average mu = 0.983, current mu = 0.982) allocation failure;
[1555:0x70f40c000]     1531 ms: Scavenge 111.2 (144.9) -> 79.2 (144.9) MB, pooled: 0.0 MB, 0.13 / 0.00 ms (average mu = 0.983, current mu = 0.982) allocation failure;
[1555:0x70f40c000]     1552 ms: Scavenge 111.2 (144.9) -> 79.2 (144.9) MB, pooled: 0.0 MB, 0.11 / 0.00 ms (average mu = 0.983, current mu = 0.982) allocation failure;
[1555:0x70f40c000]     1573 ms: Scavenge 111.2 (144.9) -> 79.2 (144.9) MB, pooled: 0.0 MB, 0.12 / 0.00 ms (average mu = 0.983, current mu = 0.982) allocation failure;
[bailout (kind: deopt-eager, reason: Insufficient type feedback for generic global access): begin. deoptimizing 0x1c3d42c76161 <JSFunction (sfi = 0xdfb1d9317d9)>, 0x1ba1816e67e1 <Code MAGLEV>, opt id 674, bytecode offset 75, deopt exit 8, FP to SP delta 32, caller SP 0x00016bc614f0, pc 0x000128a7d16c]
[marking dependent code 0x2153eff61249 <Code TURBOFAN_JS> (0x1ec43fe79b11 <SharedFunctionInfo collectDiagnostic>) (opt id 708) for deoptimization, reason: dependent field type constness changed]
[marking dependent code 0x2153eff5cdd9 <Code TURBOFAN_JS> (0x3c5ab83e5df1 <SharedFunctionInfo collectDiagnostic>) (opt id 694) for deoptimization, reason: dependent field type constness changed]
[marking dependent code 0x1ba1816ea479 <Code MAGLEV> (0x1ec43fe79b11 <SharedFunctionInfo collectDiagnostic>) (opt id 691) for deoptimization, reason: dependent field type constness changed]
[marking dependent code 0x12f183237de9 <Code MAGLEV> (0x3c5ab83e5df1 <SharedFunctionInfo collectDiagnostic>) (opt id 639) for deoptimization, reason: dependent field type constness changed]
[bailout (kind: deopt-eager, reason: wrong map): begin. deoptimizing 0x2951723fdaf9 <JSFunction objEquiv (sfi = 0x722ed97d9b1)>, 0x2153eff56a91 <Code MAGLEV>, opt id 676, bytecode offset 227, deopt exit 17, FP to SP delta 96, caller SP 0x00016bc60e40, pc 0x000128ab58b0]
[bailout (kind: deopt-lazy, reason: (unknown)): begin. deoptimizing 0x2951723fdaf9 <JSFunction objEquiv (sfi = 0x722ed97d9b1)>, 0x2153eff56a91 <Code MAGLEV>, opt id 676, bytecode offset 71, deopt exit 36, FP to SP delta 96, caller SP 0x00016bc61160, pc 0x000128ab58fc]
[1555:0x70f40c000]     1597 ms: Scavenge 111.2 (144.9) -> 79.3 (144.9) MB, pooled: 0.0 MB, 0.12 / 0.00 ms (average mu = 0.983, current mu = 0.982) allocation failure;
[1555:0x70f40c000]     1620 ms: Scavenge 111.2 (144.9) -> 79.3 (144.9) MB, pooled: 0.0 MB, 0.16 / 0.00 ms (average mu = 0.983, current mu = 0.982) allocation failure;
[1555:0x70f40c000]     1642 ms: Scavenge 111.2 (144.9) -> 79.3 (144.9) MB, pooled: 0.0 MB, 0.12 / 0.00 ms (average mu = 0.983, current mu = 0.982) allocation failure;
[1555:0x70f40c000]     1664 ms: Scavenge 111.2 (144.9) -> 79.3 (144.9) MB, pooled: 0.0 MB, 0.12 / 0.00 ms (average mu = 0.983, current mu = 0.982) allocation failure;
[1555:0x70f40c000]     1686 ms: Scavenge 111.2 (144.9) -> 79.3 (144.9) MB, pooled: 0.0 MB, 0.13 / 0.00 ms (average mu = 0.983, current mu = 0.982) allocation failure;
[1555:0x70f40c000]     1715 ms: Scavenge 111.2 (144.9) -> 79.3 (144.9) MB, pooled: 0.0 MB, 0.14 / 0.00 ms (average mu = 0.983, current mu = 0.982) allocation failure;
[1555:0x70f40c000]     1744 ms: Scavenge 111.2 (144.9) -> 79.3 (144.9) MB, pooled: 0.0 MB, 0.13 / 0.00 ms (average mu = 0.983, current mu = 0.982) allocation failure;
[1555:0x70f40c000]     1777 ms: Scavenge 111.2 (144.9) -> 79.3 (144.9) MB, pooled: 0.0 MB, 0.11 / 0.00 ms (average mu = 0.983, current mu = 0.982) allocation failure;
[1555:0x70f40c000]     1807 ms: Scavenge 111.2 (144.9) -> 79.3 (144.9) MB, pooled: 0.0 MB, 0.12 / 0.00 ms (average mu = 0.983, current mu = 0.982) allocation failure;
[1555:0x70f40c000]     1837 ms: Scavenge 111.2 (144.9) -> 79.3 (144.9) MB, pooled: 0.0 MB, 0.14 / 0.00 ms (average mu = 0.983, current mu = 0.982) allocation failure;
[1555:0x70f40c000]     1868 ms: Scavenge 111.2 (144.9) -> 79.3 (144.9) MB, pooled: 0.0 MB, 0.13 / 0.00 ms (average mu = 0.983, current mu = 0.982) allocation failure;
[1555:0x70f40c000]     1902 ms: Scavenge 111.2 (144.9) -> 79.3 (144.9) MB, pooled: 0.0 MB, 0.42 / 0.00 ms (average mu = 0.983, current mu = 0.982) allocation failure;
[1555:0x70f40c000]     1936 ms: Scavenge 111.2 (144.9) -> 79.3 (144.9) MB, pooled: 0.0 MB, 0.24 / 0.00 ms (average mu = 0.983, current mu = 0.982) allocation failure;
[1555:0x70f40c000]     1970 ms: Scavenge 111.2 (144.9) -> 79.3 (144.9) MB, pooled: 0.0 MB, 0.14 / 0.00 ms (average mu = 0.983, current mu = 0.982) allocation failure;
[1555:0x70f40c000]     2001 ms: Scavenge 111.2 (144.9) -> 79.3 (144.9) MB, pooled: 0.0 MB, 0.12 / 0.00 ms (average mu = 0.983, current mu = 0.982) allocation failure;
[1555:0x70f40c000]     2035 ms: Scavenge 111.3 (144.9) -> 79.3 (144.9) MB, pooled: 0.0 MB, 0.19 / 0.00 ms (average mu = 0.983, current mu = 0.982) allocation failure;
[1555:0x70f40c000]     2062 ms: Scavenge 111.3 (144.9) -> 79.4 (144.9) MB, pooled: 0.0 MB, 0.17 / 0.00 ms (average mu = 0.983, current mu = 0.982) allocation failure;
[1555:0x70f40c000]     2084 ms: Scavenge 111.3 (144.9) -> 79.4 (144.9) MB, pooled: 0.0 MB, 0.16 / 0.00 ms (average mu = 0.983, current mu = 0.982) allocation failure;
[1555:0x70f40c000]     2106 ms: Scavenge 111.3 (144.9) -> 79.4 (144.9) MB, pooled: 0.0 MB, 0.13 / 0.00 ms (average mu = 0.983, current mu = 0.982) allocation failure;
[1555:0x70f40c000]     2129 ms: Scavenge 111.3 (144.9) -> 79.4 (144.9) MB, pooled: 0.0 MB, 0.16 / 0.00 ms (average mu = 0.983, current mu = 0.982) allocation failure;
[1555:0x70f40c000]     2152 ms: Scavenge 111.3 (144.9) -> 79.4 (144.9) MB, pooled: 0.0 MB, 0.15 / 0.00 ms (average mu = 0.983, current mu = 0.982) allocation failure;
[1555:0x70f40c000]     2174 ms: Scavenge 111.3 (144.9) -> 79.4 (144.9) MB, pooled: 0.0 MB, 0.20 / 0.00 ms (average mu = 0.983, current mu = 0.982) allocation failure;
[1555:0x70f40c000]     2199 ms: Scavenge 111.4 (144.9) -> 79.4 (144.9) MB, pooled: 0.0 MB, 0.12 / 0.00 ms (average mu = 0.983, current mu = 0.982) allocation failure;
[1555:0x70f40c000]     2221 ms: Scavenge 111.4 (144.9) -> 79.4 (144.9) MB, pooled: 0.0 MB, 0.19 / 0.00 ms (average mu = 0.983, current mu = 0.982) allocation failure;
[1555:0x70f40c000]     2254 ms: Scavenge 111.4 (144.9) -> 79.4 (144.9) MB, pooled: 0.0 MB, 0.12 / 0.00 ms (average mu = 0.983, current mu = 0.982) allocation failure;
[bailout (kind: deopt-eager, reason: wrong map): begin. deoptimizing 0x0dfa36587f49 <JSFunction candidate (sfi = 0xdfb1d9280b9)>, 0x2153eff64159 <Code TURBOFAN_JS>, opt id 717, bytecode offset 184, deopt exit 27, FP to SP delta 128, caller SP 0x00016bc61558, pc 0x000128acbb18]
[marking dependent code 0x2153eff65c91 <Code TURBOFAN_JS> (0x0dfb1d928039 <SharedFunctionInfo control>) (opt id 718) for deoptimization, reason: dependent field type changed]
[marking dependent code 0x1ba1816ed299 <Code MAGLEV> (0x0dfb1d9317d9 <SharedFunctionInfo>) (opt id 713) for deoptimization, reason: dependent field type changed]
[1555:0x70f40c000]     2277 ms: Scavenge 111.4 (144.9) -> 79.5 (144.9) MB, pooled: 0.0 MB, 0.14 / 0.00 ms (average mu = 0.983, current mu = 0.982) allocation failure;
[1555:0x70f40c000]     2299 ms: Scavenge 111.4 (144.9) -> 79.5 (144.9) MB, pooled: 0.0 MB, 0.20 / 0.00 ms (average mu = 0.983, current mu = 0.982) allocation failure;
[1555:0x70f40c000]     2321 ms: Scavenge 111.4 (144.9) -> 79.4 (144.9) MB, pooled: 0.0 MB, 0.12 / 0.00 ms (average mu = 0.983, current mu = 0.982) allocation failure;
[1555:0x70f40c000]     2348 ms: Scavenge 111.4 (144.9) -> 79.5 (144.9) MB, pooled: 0.0 MB, 0.12 / 0.00 ms (average mu = 0.983, current mu = 0.982) allocation failure;
[1555:0x70f40c000]     2371 ms: Scavenge 111.4 (144.9) -> 79.4 (144.9) MB, pooled: 0.0 MB, 0.12 / 0.00 ms (average mu = 0.983, current mu = 0.982) allocation failure;
[1555:0x70f40c000]     2420 ms: Scavenge 111.4 (144.9) -> 79.5 (144.9) MB, pooled: 0.0 MB, 0.15 / 0.00 ms (average mu = 0.983, current mu = 0.982) allocation failure;
[1555:0x70f40c000]     2451 ms: Scavenge 111.4 (144.9) -> 79.5 (144.9) MB, pooled: 0.0 MB, 0.14 / 0.00 ms (average mu = 0.983, current mu = 0.982) allocation failure;
[1555:0x70f40c000]     2495 ms: Scavenge 111.4 (144.9) -> 79.5 (144.9) MB, pooled: 0.0 MB, 0.17 / 0.00 ms (average mu = 0.983, current mu = 0.982) allocation failure;
[1555:0x70f40c000]     2526 ms: Scavenge 111.4 (144.9) -> 79.5 (144.9) MB, pooled: 0.0 MB, 0.12 / 0.00 ms (average mu = 0.983, current mu = 0.982) allocation failure;
[1555:0x70f40c000]     2556 ms: Scavenge 111.4 (144.9) -> 79.5 (144.9) MB, pooled: 0.0 MB, 0.14 / 0.00 ms (average mu = 0.983, current mu = 0.982) allocation failure;
[1555:0x70f40c000]     2588 ms: Scavenge 111.4 (144.9) -> 79.5 (144.9) MB, pooled: 0.0 MB, 0.12 / 0.00 ms (average mu = 0.983, current mu = 0.982) allocation failure;
[1555:0x70f40c000]     2618 ms: Scavenge 111.4 (144.9) -> 79.5 (144.9) MB, pooled: 0.0 MB, 0.38 / 0.00 ms (average mu = 0.983, current mu = 0.982) allocation failure;
[1555:0x70f40c000]     2650 ms: Scavenge 111.4 (144.9) -> 79.5 (144.9) MB, pooled: 0.0 MB, 0.15 / 0.00 ms (average mu = 0.983, current mu = 0.982) allocation failure;
[1555:0x70f40c000]     2681 ms: Scavenge 111.5 (144.9) -> 79.5 (144.9) MB, pooled: 0.0 MB, 0.12 / 0.00 ms (average mu = 0.983, current mu = 0.982) allocation failure;
[1555:0x70f40c000]     2704 ms: Scavenge 111.5 (144.9) -> 79.7 (144.9) MB, pooled: 0.0 MB, 0.18 / 0.00 ms (average mu = 0.983, current mu = 0.982) allocation failure;
[1555:0x70f40c000]     2726 ms: Scavenge 111.5 (144.9) -> 79.6 (144.9) MB, pooled: 0.0 MB, 0.18 / 0.00 ms (average mu = 0.983, current mu = 0.982) allocation failure;
[1555:0x70f40c000]     2747 ms: Scavenge 111.6 (144.9) -> 79.6 (144.9) MB, pooled: 0.0 MB, 0.12 / 0.00 ms (average mu = 0.983, current mu = 0.982) allocation failure;
[1555:0x70f40c000]     2769 ms: Scavenge 111.6 (144.9) -> 79.7 (144.9) MB, pooled: 0.0 MB, 0.15 / 0.00 ms (average mu = 0.983, current mu = 0.982) allocation failure;
[1555:0x70f40c000]     2791 ms: Scavenge 111.6 (144.9) -> 79.7 (144.9) MB, pooled: 0.0 MB, 0.18 / 0.00 ms (average mu = 0.983, current mu = 0.982) allocation failure;
[1555:0x70f40c000]     2815 ms: Scavenge 111.6 (144.9) -> 79.7 (144.9) MB, pooled: 0.0 MB, 0.15 / 0.00 ms (average mu = 0.983, current mu = 0.982) allocation failure;
[1555:0x70f40c000]     2840 ms: Scavenge 111.6 (144.9) -> 79.7 (144.9) MB, pooled: 0.0 MB, 0.13 / 0.00 ms (average mu = 0.983, current mu = 0.982) allocation failure;
[1555:0x70f40c000]     2862 ms: Scavenge 111.6 (144.9) -> 79.8 (144.9) MB, pooled: 0.0 MB, 0.15 / 0.00 ms (average mu = 0.983, current mu = 0.982) allocation failure;
[1555:0x70f40c000]     2885 ms: Scavenge 111.6 (144.9) -> 79.8 (144.9) MB, pooled: 0.0 MB, 0.16 / 0.00 ms (average mu = 0.983, current mu = 0.982) allocation failure;
[1555:0x70f40c000]     2909 ms: Scavenge 111.7 (144.9) -> 79.8 (144.9) MB, pooled: 0.0 MB, 0.18 / 0.00 ms (average mu = 0.983, current mu = 0.982) allocation failure;
[1555:0x70f40c000]     2932 ms: Scavenge 111.7 (144.9) -> 79.8 (144.9) MB, pooled: 0.0 MB, 0.13 / 0.00 ms (average mu = 0.983, current mu = 0.982) allocation failure;
[1555:0x70f40c000]     2956 ms: Scavenge 111.7 (144.9) -> 79.8 (144.9) MB, pooled: 0.0 MB, 0.15 / 0.00 ms (average mu = 0.983, current mu = 0.982) allocation failure;
[1555:0x70f40c000]     2990 ms: Scavenge 111.7 (144.9) -> 79.8 (144.9) MB, pooled: 0.0 MB, 0.16 / 0.00 ms (average mu = 0.983, current mu = 0.982) allocation failure;
[1555:0x70f40c000]     3022 ms: Scavenge 111.7 (144.9) -> 79.8 (144.9) MB, pooled: 0.0 MB, 0.21 / 0.00 ms (average mu = 0.983, current mu = 0.982) allocation failure;
[1555:0x70f40c000]     3055 ms: Scavenge 111.7 (144.9) -> 79.8 (144.9) MB, pooled: 0.0 MB, 0.13 / 0.00 ms (average mu = 0.983, current mu = 0.982) allocation failure;
[1555:0x70f40c000]     3087 ms: Scavenge 111.7 (144.9) -> 79.8 (144.9) MB, pooled: 0.0 MB, 0.15 / 0.00 ms (average mu = 0.983, current mu = 0.982) allocation failure;
[1555:0x70f40c000]     3119 ms: Scavenge 111.8 (144.9) -> 79.8 (144.9) MB, pooled: 0.0 MB, 0.14 / 0.00 ms (average mu = 0.983, current mu = 0.982) allocation failure;
[1555:0x70f40c000]     3148 ms: Scavenge 111.8 (144.9) -> 79.8 (144.9) MB, pooled: 0.0 MB, 0.14 / 0.00 ms (average mu = 0.983, current mu = 0.982) allocation failure;
[1555:0x70f40c000]     3174 ms: Scavenge 111.8 (144.9) -> 80.3 (144.9) MB, pooled: 0.0 MB, 0.21 / 0.00 ms (average mu = 0.983, current mu = 0.982) allocation failure;
[1555:0x70f40c000]     3194 ms: Scavenge 111.8 (144.9) -> 80.3 (145.6) MB, pooled: 0.0 MB, 0.23 / 0.00 ms (average mu = 0.983, current mu = 0.982) allocation failure;
[1555:0x70f40c000]     3217 ms: Scavenge 112.1 (145.6) -> 80.2 (145.6) MB, pooled: 0.0 MB, 0.14 / 0.00 ms (average mu = 0.983, current mu = 0.982) allocation failure;
[1555:0x70f40c000]     3244 ms: Scavenge 112.1 (145.6) -> 80.4 (145.6) MB, pooled: 0.0 MB, 0.25 / 0.00 ms (average mu = 0.983, current mu = 0.982) allocation failure;
[1555:0x70f40c000]     3266 ms: Scavenge 112.1 (145.6) -> 80.4 (145.6) MB, pooled: 0.0 MB, 0.21 / 0.00 ms (average mu = 0.983, current mu = 0.982) allocation failure;
[1555:0x70f40c000]     3286 ms: Scavenge 112.3 (145.6) -> 80.4 (145.6) MB, pooled: 0.0 MB, 0.15 / 0.00 ms (average mu = 0.983, current mu = 0.982) allocation failure;
[1555:0x70f40c000]     3307 ms: Scavenge 112.3 (145.6) -> 80.6 (145.6) MB, pooled: 0.0 MB, 0.20 / 0.00 ms (average mu = 0.983, current mu = 0.982) allocation failure;
[1555:0x70f40c000]     3328 ms: Scavenge 112.3 (145.6) -> 80.6 (145.6) MB, pooled: 0.0 MB, 0.19 / 0.00 ms (average mu = 0.983, current mu = 0.982) allocation failure;
[1555:0x70f40c000]     3348 ms: Scavenge 112.4 (145.6) -> 80.6 (145.6) MB, pooled: 0.0 MB, 0.15 / 0.00 ms (average mu = 0.983, current mu = 0.982) allocation failure;
[1555:0x70f40c000]     3368 ms: Scavenge 112.5 (145.6) -> 80.6 (145.6) MB, pooled: 0.0 MB, 0.17 / 0.00 ms (average mu = 0.983, current mu = 0.982) allocation failure;
[1555:0x70f40c000]     3401 ms: Scavenge 112.5 (145.6) -> 80.9 (145.6) MB, pooled: 0.0 MB, 0.33 / 0.00 ms (average mu = 0.983, current mu = 0.982) allocation failure;
[1555:0x70f40c000]     3434 ms: Scavenge 112.5 (145.6) -> 80.9 (145.9) MB, pooled: 0.0 MB, 0.25 / 0.00 ms (average mu = 0.983, current mu = 0.982) allocation failure;
[1555:0x70f40c000]     3466 ms: Scavenge 112.8 (145.9) -> 81.0 (145.9) MB, pooled: 0.0 MB, 0.28 / 0.00 ms (average mu = 0.983, current mu = 0.982) allocation failure;
[1555:0x70f40c000]     3498 ms: Scavenge 112.8 (145.9) -> 81.1 (145.9) MB, pooled: 0.0 MB, 0.19 / 0.00 ms (average mu = 0.983, current mu = 0.982) allocation failure;
[1555:0x70f40c000]     3531 ms: Scavenge 112.9 (145.9) -> 81.1 (145.9) MB, pooled: 0.0 MB, 0.17 / 0.00 ms (average mu = 0.983, current mu = 0.982) allocation failure;
[1555:0x70f40c000]     3564 ms: Scavenge 112.9 (145.9) -> 81.2 (145.9) MB, pooled: 0.0 MB, 0.26 / 0.00 ms (average mu = 0.983, current mu = 0.982) allocation failure;
[1555:0x70f40c000]     3595 ms: Scavenge 112.9 (145.9) -> 81.2 (146.1) MB, pooled: 0.0 MB, 0.20 / 0.00 ms (average mu = 0.983, current mu = 0.982) allocation failure;
[1555:0x70f40c000]     3627 ms: Scavenge 113.1 (146.1) -> 81.3 (146.1) MB, pooled: 0.0 MB, 0.16 / 0.00 ms (average mu = 0.983, current mu = 0.982) allocation failure;
[1555:0x70f40c000]     3644 ms: Scavenge 113.1 (146.1) -> 84.1 (146.1) MB, pooled: 0.0 MB, 0.64 / 0.00 ms (average mu = 0.983, current mu = 0.982) allocation failure;
[1555:0x70f40c000]     3659 ms: Scavenge 113.2 (146.1) -> 84.3 (148.6) MB, pooled: 0.0 MB, 0.51 / 0.00 ms (average mu = 0.983, current mu = 0.982) allocation failure;
[1555:0x70f40c000]     3675 ms: Scavenge 115.1 (148.6) -> 84.4 (148.9) MB, pooled: 0.0 MB, 0.36 / 0.00 ms (average mu = 0.983, current mu = 0.982) allocation failure;
[1555:0x70f40c000]     3692 ms: Scavenge 115.5 (148.9) -> 84.4 (148.9) MB, pooled: 0.0 MB, 0.36 / 0.00 ms (average mu = 0.983, current mu = 0.982) allocation failure;
[1555:0x70f40c000]     3708 ms: Scavenge 115.5 (148.9) -> 84.4 (148.9) MB, pooled: 0.0 MB, 0.23 / 0.00 ms (average mu = 0.983, current mu = 0.982) allocation failure;
[1555:0x70f40c000]     3723 ms: Scavenge 115.5 (148.9) -> 84.3 (148.9) MB, pooled: 0.0 MB, 0.24 / 0.00 ms (average mu = 0.983, current mu = 0.982) allocation failure;
[1555:0x70f40c000]     3739 ms: Scavenge 115.5 (148.9) -> 84.6 (148.9) MB, pooled: 0.0 MB, 0.25 / 0.00 ms (average mu = 0.983, current mu = 0.982) allocation failure;
[1555:0x70f40c000]     3754 ms: Scavenge 115.5 (148.9) -> 84.5 (148.9) MB, pooled: 0.0 MB, 0.28 / 0.00 ms (average mu = 0.983, current mu = 0.982) allocation failure;
[1555:0x70f40c000]     3770 ms: Scavenge 115.5 (148.9) -> 85.0 (148.9) MB, pooled: 0.0 MB, 0.29 / 0.00 ms (average mu = 0.983, current mu = 0.982) allocation failure;
[1555:0x70f40c000]     3785 ms: Scavenge 115.5 (148.9) -> 85.8 (148.9) MB, pooled: 0.0 MB, 0.44 / 0.00 ms (average mu = 0.983, current mu = 0.982) allocation failure;
[1555:0x70f40c000]     3799 ms: Scavenge 116.0 (148.9) -> 85.7 (150.1) MB, pooled: 0.0 MB, 0.38 / 0.00 ms (average mu = 0.983, current mu = 0.982) allocation failure;
[1555:0x70f40c000]     3815 ms: Scavenge 116.9 (150.1) -> 85.6 (150.1) MB, pooled: 0.0 MB, 0.22 / 0.00 ms (average mu = 0.983, current mu = 0.982) allocation failure;
[1555:0x70f40c000]     3830 ms: Scavenge 116.9 (150.1) -> 85.9 (150.1) MB, pooled: 0.0 MB, 0.24 / 0.00 ms (average mu = 0.983, current mu = 0.982) allocation failure;
[1555:0x70f40c000]     3845 ms: Scavenge 116.9 (150.1) -> 85.8 (150.1) MB, pooled: 0.0 MB, 0.27 / 0.00 ms (average mu = 0.983, current mu = 0.982) allocation failure;
[1555:0x70f40c000]     3860 ms: Scavenge 116.9 (150.1) -> 85.8 (150.1) MB, pooled: 0.0 MB, 0.25 / 0.00 ms (average mu = 0.983, current mu = 0.982) allocation failure;
[1555:0x70f40c000]     3876 ms: Scavenge 116.9 (150.1) -> 85.7 (150.1) MB, pooled: 0.0 MB, 0.22 / 0.00 ms (average mu = 0.983, current mu = 0.982) allocation failure;
[1555:0x70f40c000]     3891 ms: Scavenge 116.9 (150.1) -> 85.4 (150.1) MB, pooled: 0.0 MB, 0.28 / 0.00 ms (average mu = 0.983, current mu = 0.982) allocation failure;
[1555:0x70f40c000]     3908 ms: Scavenge 116.9 (150.1) -> 86.8 (150.1) MB, pooled: 0.0 MB, 0.45 / 0.00 ms (average mu = 0.983, current mu = 0.982) allocation failure;
[1555:0x70f40c000]     3923 ms: Scavenge 116.9 (150.1) -> 87.5 (151.6) MB, pooled: 0.0 MB, 0.42 / 0.00 ms (average mu = 0.983, current mu = 0.982) allocation failure;
[1555:0x70f40c000]     3939 ms: Scavenge 117.9 (151.6) -> 87.1 (151.9) MB, pooled: 0.0 MB, 0.27 / 0.00 ms (average mu = 0.983, current mu = 0.982) allocation failure;
[1555:0x70f40c000]     3953 ms: Scavenge 118.3 (151.9) -> 87.0 (151.9) MB, pooled: 0.0 MB, 0.24 / 0.00 ms (average mu = 0.983, current mu = 0.982) allocation failure;
[1555:0x70f40c000]     3969 ms: Scavenge 118.3 (151.9) -> 87.5 (151.9) MB, pooled: 0.0 MB, 0.24 / 0.00 ms (average mu = 0.983, current mu = 0.982) allocation failure;
[1555:0x70f40c000]     3984 ms: Scavenge 118.3 (151.9) -> 87.3 (151.9) MB, pooled: 0.0 MB, 0.24 / 0.00 ms (average mu = 0.983, current mu = 0.982) allocation failure;
[1555:0x70f40c000]     4001 ms: Scavenge 118.3 (151.9) -> 87.0 (151.9) MB, pooled: 0.0 MB, 0.28 / 0.00 ms (average mu = 0.983, current mu = 0.982) allocation failure;
[1555:0x70f40c000]     4016 ms: Scavenge 118.3 (151.9) -> 86.9 (151.9) MB, pooled: 0.0 MB, 0.26 / 0.00 ms (average mu = 0.983, current mu = 0.982) allocation failure;
[bailout (kind: deopt-eager, reason: Insufficient type feedback for generic keyed access): begin. deoptimizing 0x2dc623175bb1 <JSFunction regexParser (sfi = 0x2f7a55e20de1)>, 0x12f183220391 <Code TURBOFAN_JS>, opt id 533, bytecode offset 45, deopt exit 10, FP to SP delta 96, caller SP 0x00016bc61350, pc 0x000128a38b94]
[bailout (kind: deopt-eager, reason: Insufficient type feedback for generic keyed access): begin. deoptimizing 0x3ceaba2a1039 <JSFunction mergeErrorState (sfi = 0x1ec43fe799f1)>, 0x12f18321e219 <Code TURBOFAN_JS>, opt id 516, bytecode offset 45, deopt exit 3, FP to SP delta 48, caller SP 0x00016bc60fd8, pc 0x000128a36b18]
[bailout (kind: deopt-eager, reason: Insufficient type feedback for generic named access): begin. deoptimizing 0x2dc623179699 <JSFunction stringParser (sfi = 0x2f7a55e28bb1)>, 0x12f1832246f1 <Code TURBOFAN_JS>, opt id 541, bytecode offset 97, deopt exit 7, FP to SP delta 64, caller SP 0x00016bc60e30, pc 0x000128a3cf28]
[bailout (kind: deopt-eager, reason: Insufficient type feedback for generic named access): begin. deoptimizing 0x2dc623177241 <JSFunction or (sfi = 0x2f7a55e292e9)>, 0x12f18322b981 <Code TURBOFAN_JS>, opt id 575, bytecode offset 97, deopt exit 8, FP to SP delta 112, caller SP 0x00016bc60da0, pc 0x000128a696cc]
[bailout (kind: deopt-eager, reason: Insufficient type feedback for generic named access): begin. deoptimizing 0x2dc623175fb9 <JSFunction stringParser (sfi = 0x2f7a55e28bf9)>, 0x1ba1816db8a9 <Code TURBOFAN_JS>, opt id 584, bytecode offset 97, deopt exit 7, FP to SP delta 112, caller SP 0x00016bc60d30, pc 0x000128a6c340]
[bailout (kind: deopt-eager, reason: Insufficient type feedback for generic named access): begin. deoptimizing 0x0b04384fe699 <JSFunction parseState (sfi = 0x1ec43fe4db71)>, 0x12f183238d81 <Code TURBOFAN_JS>, opt id 642, bytecode offset 36, deopt exit 6, FP to SP delta 80, caller SP 0x00016bc61560, pc 0x000128a7640c]
[bailout (kind: deopt-eager, reason: Insufficient type feedback for generic keyed access): begin. deoptimizing 0x2dc623175b41 <JSFunction (sfi = 0x2f7a55e2f139)>, 0x12f1832219a9 <Code TURBOFAN_JS>, opt id 538, bytecode offset 45, deopt exit 8, FP to SP delta 80, caller SP 0x00016bc612d0, pc 0x000128a3a17c]
[bailout (kind: deopt-eager, reason: Insufficient type feedback for generic keyed access): begin. deoptimizing 0x30ea616a3c39 <JSFunction fail (sfi = 0x3c5ab83e6199)>, 0x12f18321f869 <Code TURBOFAN_JS>, opt id 532, bytecode offset 45, deopt exit 3, FP to SP delta 48, caller SP 0x00016bc60ef0, pc 0x000128a38040]
[bailout (kind: deopt-eager, reason: Insufficient type feedback for generic named access): begin. deoptimizing 0x2dc623178031 <JSFunction (sfi = 0x2f7a55e2f6b1)>, 0x12f183221f71 <Code TURBOFAN_JS>, opt id 540, bytecode offset 86, deopt exit 5, FP to SP delta 80, caller SP 0x00016bc60c90, pc 0x000128a3aa68]
[bailout (kind: deopt-eager, reason: Insufficient type feedback for generic named access): begin. deoptimizing 0x2dc6231779a1 <JSFunction (sfi = 0x2f7a55e2f6f9)>, 0x12f18322aa31 <Code TURBOFAN_JS>, opt id 572, bytecode offset 86, deopt exit 5, FP to SP delta 112, caller SP 0x00016bc60b10, pc 0x000128a67310]
[bailout (kind: deopt-eager, reason: Insufficient type feedback for call): begin. deoptimizing 0x2dc623177f31 <JSFunction (sfi = 0x7b3c06ffe79)>, 0x12f18323ed11 <Code TURBOFAN_JS>, opt id 665, bytecode offset 52, deopt exit 4, FP to SP delta 176, caller SP 0x00016bc610d0, pc 0x000128a7b78c]
[bailout (kind: deopt-eager, reason: Insufficient type feedback for generic named access): begin. deoptimizing 0x0b04384fe6d1 <JSFunction parseStateInner (sfi = 0x1ec43fe4dbb9)>, 0x12f183235891 <Code MAGLEV>, opt id 620, bytecode offset 36, deopt exit 8, FP to SP delta 80, caller SP 0x00016bc613c0, pc 0x000128ab03ac]
[1555:0x70f40c000]     4034 ms: Scavenge 118.4 (152.6) -> 86.5 (152.6) MB, pooled: 0.0 MB, 0.11 / 0.00 ms (average mu = 0.983, current mu = 0.982) allocation failure;
[1555:0x70f40c000]     4054 ms: Scavenge 118.5 (152.6) -> 86.6 (152.6) MB, pooled: 0.0 MB, 0.16 / 0.00 ms (average mu = 0.983, current mu = 0.982) allocation failure;
[bailout (kind: deopt-eager, reason: Insufficient type feedback for call): begin. deoptimizing 0x147fa9a78121 <JSFunction collectDiagnostic (sfi = 0x3c5ab83e5df1)>, 0x2153eff62011 <Code TURBOFAN_JS>, opt id 710, bytecode offset 143, deopt exit 11, FP to SP delta 80, caller SP 0x00016bc61238, pc 0x000128ac9e38]
[1555:0x70f40c000]     4072 ms: Scavenge 118.6 (152.6) -> 86.7 (152.6) MB, pooled: 0.0 MB, 0.13 / 0.00 ms (average mu = 0.983, current mu = 0.982) allocation failure;
[1555:0x70f40c000]     4089 ms: Scavenge 118.6 (152.6) -> 86.6 (152.6) MB, pooled: 0.0 MB, 0.16 / 0.00 ms (average mu = 0.983, current mu = 0.982) allocation failure;
[1555:0x70f40c000]     4106 ms: Scavenge 118.6 (152.6) -> 86.6 (152.6) MB, pooled: 0.0 MB, 0.15 / 0.00 ms (average mu = 0.983, current mu = 0.982) allocation failure;
[marking dependent code 0x2153eff7c101 <Code TURBOFAN_JS> (0x1ec43fe4db71 <SharedFunctionInfo parseState>) (opt id 788) for deoptimization, reason: embedded weak objects cleared]
[marking dependent code 0x2153eff7ae21 <Code TURBOFAN_JS> (0x1ec43fe4dbb9 <SharedFunctionInfo parseStateInner>) (opt id 787) for deoptimization, reason: embedded weak objects cleared]
[marking dependent code 0x0860577eba29 <Code MAGLEV> (0x177354af7cc1 <SharedFunctionInfo _split>) (opt id 310) for deoptimization, reason: embedded weak objects cleared]
[marking dependent code 0x1fb4e80567e1 <Code MAGLEV> (0x177354af7d09 <SharedFunctionInfo _splitChunk>) (opt id 341) for deoptimization, reason: embedded weak objects cleared]
[marking dependent code 0x1ba1816c6831 <Code MAGLEV> (0x177354af7d51 <SharedFunctionInfo toString>) (opt id 355) for deoptimization, reason: embedded weak objects cleared]
[marking dependent code 0x2805c744cfd1 <Code MAGLEV> (0x220386f88041 <SharedFunctionInfo get _currNode>) (opt id 123) for deoptimization, reason: embedded weak objects cleared]
[marking dependent code 0x2b4e741056f1 <Code MAGLEV> (0x220386f87e99 <SharedFunctionInfo _leafNode>) (opt id 143) for deoptimization, reason: embedded weak objects cleared]
[marking dependent code 0x1fb4e806a991 <Code MAGLEV> (0x177354afa789 <SharedFunctionInfo SyncWalker>) (opt id 376) for deoptimization, reason: embedded weak objects cleared]
[marking dependent code 0x1fb4e806ad79 <Code MAGLEV> (0x177354aede61 <SharedFunctionInfo walk>) (opt id 377) for deoptimization, reason: embedded weak objects cleared]
[marking dependent code 0x1fb4e8070b01 <Code MAGLEV> (0x177354af7451 <SharedFunctionInfo addEdit>) (opt id 389) for deoptimization, reason: embedded weak objects cleared]
[marking dependent code 0x1fb4e805e8e9 <Code TURBOFAN_JS> (0x177354af7499 <SharedFunctionInfo addUneditedChunk>) (opt id 351) for deoptimization, reason: embedded weak objects cleared]
[marking dependent code 0x1fb4e8057ac9 <Code MAGLEV> (0x177354af74e1 <SharedFunctionInfo advance>) (opt id 344) for deoptimization, reason: embedded weak objects cleared]
[marking dependent code 0x12f183201479 <Code MAGLEV> (0x177354af7601 <SharedFunctionInfo appendLeft>) (opt id 363) for deoptimization, reason: embedded weak objects cleared]
[marking dependent code 0x12f183200fe9 <Code MAGLEV> (0x1fec8b673d81 <SharedFunctionInfo binaryExpression>) (opt id 362) for deoptimization, reason: embedded weak objects cleared]
[marking dependent code 0x1ba1816c8029 <Code MAGLEV> (0x1fec8b673dc9 <SharedFunctionInfo blockStatement>) (opt id 358) for deoptimization, reason: embedded weak objects cleared]
[marking dependent code 0x0860577e7339 <Code MAGLEV> (0x1fec8b673e59 <SharedFunctionInfo callExpression>) (opt id 303) for deoptimization, reason: embedded weak objects cleared]
[marking dependent code 0x12f183200239 <Code MAGLEV> (0x1fec8b674321 <SharedFunctionInfo expressionStatement>) (opt id 359) for deoptimization, reason: embedded weak objects cleared]
[marking dependent code 0x0860577f6659 <Code MAGLEV> (0x1fec8b6744d1 <SharedFunctionInfo identifier>) (opt id 329) for deoptimization, reason: embedded weak objects cleared]
[marking dependent code 0x1ba1816c89f1 <Code MAGLEV> (0x1fec8b674c69 <SharedFunctionInfo literalNumber>) (opt id 361) for deoptimization, reason: embedded weak objects cleared]
[marking dependent code 0x2b4e74102329 <Code MAGLEV> (0x220386f8c801 <SharedFunctionInfo toString>) (opt id 139) for deoptimization, reason: embedded weak objects cleared]
[marking dependent code 0x3c76c9d6e199 <Code TURBOFAN_JS> (0x177354ae7981 <SharedFunctionInfo traceSegment>) (opt id 323) for deoptimization, reason: embedded weak objects cleared]
[marking dependent code 0x0860577d46b9 <Code MAGLEV> (0x177354ae7bc1 <SharedFunctionInfo get$2>) (opt id 272) for deoptimization, reason: embedded weak objects cleared]
[marking dependent code 0x0860577f94e1 <Code MAGLEV> (0x177354ae7c09 <SharedFunctionInfo put>) (opt id 334) for deoptimization, reason: embedded weak objects cleared]
[marking dependent code 0x3c76c9d7c909 <Code TURBOFAN_JS> (0x177354ae7111 <SharedFunctionInfo encode$1>) (opt id 332) for deoptimization, reason: embedded weak objects cleared]
[marking dependent code 0x3c76c9d69ce9 <Code TURBOFAN_JS> (0x177354af5d29 <SharedFunctionInfo write>) (opt id 316) for deoptimization, reason: embedded weak objects cleared]
[marking dependent code 0x3c76c9d68aa9 <Code TURBOFAN_JS> (0x177354afa7d1 <SharedFunctionInfo visit>) (opt id 309) for deoptimization, reason: embedded weak objects cleared]
[marking dependent code 0x0860577e3661 <Code MAGLEV> (0x1fec8b673611 <SharedFunctionInfo convertNode>) (opt id 296) for deoptimization, reason: embedded weak objects cleared]
[marking dependent code 0x1ba1816c73d1 <Code MAGLEV> (0x0fcb7895d749 <SharedFunctionInfo _write>) (opt id 356) for deoptimization, reason: embedded weak objects cleared]
[marking dependent code 0x1fb4e8072e99 <Code MAGLEV> (0x0fcb7895d791 <SharedFunctionInfo write8>) (opt id 391) for deoptimization, reason: embedded weak objects cleared]
[marking dependent code 0x1fb4e8073ad9 <Code MAGLEV> (0x0fcb7895d821 <SharedFunctionInfo write>) (opt id 392) for deoptimization, reason: embedded weak objects cleared]
[marking dependent code 0x12f1832043a1 <Code MAGLEV> (0x0fcb7895d869 <SharedFunctionInfo _read>) (opt id 368) for deoptimization, reason: embedded weak objects cleared]
[marking dependent code 0x3b69f9e80861 <Code MAGLEV> (0x220386f86999 <SharedFunctionInfo optimizeNames>) (opt id 136) for deoptimization, reason: embedded weak objects cleared]
[marking dependent code 0x11f75d39d631 <Code MAGLEV> (0x220386f8c911 <SharedFunctionInfo get names>) (opt id 132) for deoptimization, reason: embedded weak objects cleared]
[marking dependent code 0x2b4e74102749 <Code MAGLEV> (0x220386f8c8a9 <SharedFunctionInfo get str>) (opt id 140) for deoptimization, reason: embedded weak objects cleared]
[marking dependent code 0x3c76c9d69779 <Code TURBOFAN_JS> (0x177354ae6fa9 <SharedFunctionInfo encodeInteger>) (opt id 315) for deoptimization, reason: embedded weak objects cleared]
[marking dependent code 0x1fb4e806a3d1 <Code MAGLEV> (0x177354afa6b1 <SharedFunctionInfo WalkerBase>) (opt id 375) for deoptimization, reason: embedded weak objects cleared]
[marking dependent code 0x1fb4e80688c1 <Code MAGLEV> (0x177354af6f41 <SharedFunctionInfo appendLeft>) (opt id 369) for deoptimization, reason: embedded weak objects cleared]
[marking dependent code 0x0860577e5e79 <Code MAGLEV> (0x177354af7019 <SharedFunctionInfo contains>) (opt id 302) for deoptimization, reason: embedded weak objects cleared]
[marking dependent code 0x3c76c9d7f8e9 <Code MAGLEV> (0x177354af7061 <SharedFunctionInfo eachNext>) (opt id 353) for deoptimization, reason: embedded weak objects cleared]
[marking dependent code 0x1fb4e806c9a9 <Code MAGLEV> (0x177354af70f1 <SharedFunctionInfo edit>) (opt id 382) for deoptimization, reason: embedded weak objects cleared]
[marking dependent code 0x1ba1816c7a61 <Code MAGLEV> (0x177354af7211 <SharedFunctionInfo split>) (opt id 357) for deoptimization, reason: embedded weak objects cleared]
[marking dependent code 0x1ba1816c3371 <Code MAGLEV> (0x177354af7259 <SharedFunctionInfo toString>) (opt id 346) for deoptimization, reason: embedded weak objects cleared]
[marking dependent code 0x1fb4e80563f1 <Code MAGLEV> (0x177354af6ef9 <SharedFunctionInfo Chunk>) (opt id 340) for deoptimization, reason: embedded weak objects cleared]
[marking dependent code 0x3c76c9d6b3e1 <Code TURBOFAN_JS> (0x177354ae7ce1 <SharedFunctionInfo setSourceContent>) (opt id 325) for deoptimization, reason: embedded weak objects cleared]
[marking dependent code 0x0860577fb231 <Code MAGLEV> (0x177354ae7e01 <SharedFunctionInfo addSegmentInternal>) (opt id 335) for deoptimization, reason: embedded weak objects cleared]
[marking dependent code 0x1fb4e8064aa9 <Code TURBOFAN_JS> (0x177354ae8161 <SharedFunctionInfo traceMappings>) (opt id 354) for deoptimization, reason: embedded weak objects cleared]
[marking dependent code 0x3c76c9d70221 <Code TURBOFAN_JS> (0x177354ae81a9 <SharedFunctionInfo originalPositionFor$1>) (opt id 321) for deoptimization, reason: embedded weak objects cleared]
[marking dependent code 0x0860577d7659 <Code MAGLEV> (0x177354ae7939 <SharedFunctionInfo decodedMappings>) (opt id 283) for deoptimization, reason: embedded weak objects cleared]
[marking dependent code 0x1fb4e806c711 <Code MAGLEV> (0x1fec8b674cf9 <SharedFunctionInfo literalString>) (opt id 381) for deoptimization, reason: embedded weak objects cleared]
[marking dependent code 0x0860577e5181 <Code MAGLEV> (0x1fec8b674d89 <SharedFunctionInfo memberExpression>) (opt id 300) for deoptimization, reason: embedded weak objects cleared]
[marking dependent code 0x1fb4e806a0c1 <Code MAGLEV> (0x1fec8b6750a1 <SharedFunctionInfo returnStatement>) (opt id 374) for deoptimization, reason: embedded weak objects cleared]
[marking dependent code 0x1ba1816c41a1 <Code MAGLEV> (0x1fec8b6754d9 <SharedFunctionInfo variableDeclaration>) (opt id 348) for deoptimization, reason: embedded weak objects cleared]
[marking dependent code 0x1ba1816c4d69 <Code MAGLEV> (0x1fec8b675521 <SharedFunctionInfo variableDeclarator>) (opt id 349) for deoptimization, reason: embedded weak objects cleared]
[marking dependent code 0x0860577e4519 <Code MAGLEV> (0x1fec8b673991 <SharedFunctionInfo convertNodeList>) (opt id 299) for deoptimization, reason: embedded weak objects cleared]
[1555:0x70f40c000]     4126 ms: Mark-Compact 103.4 (152.6) -> 68.3 (150.5) MB, pooled: 1.2 MB, 11.05 / 0.00 ms (average mu = 0.997, current mu = 0.997) testing; GC in old space requested
[1555:0x70f40c000]     4137 ms: Mark-Compact 70.2 (150.5) -> 69.8 (139.0) MB, pooled: 12.0 MB, 10.48 / 0.00 ms (average mu = 0.991, current mu = 0.040) testing; GC in old space requested
[marking dependent code 0x1fb4e8049999 <Code MAGLEV> (0x177354aee0c1 <SharedFunctionInfo isRefIdentifier>) (opt id 304) for deoptimization, reason: embedded weak objects cleared]
[marking dependent code 0x07cbd3a00d79 <Code MAGLEV> (0x0ea669774bf9 <SharedFunctionInfo getOptions>) (opt id 80) for deoptimization, reason: embedded weak objects cleared]
[1555:0x70f40c000]     4147 ms: Mark-Compact 69.9 (139.0) -> 68.0 (137.5) MB, pooled: 13.5 MB, 9.54 / 0.00 ms (average mu = 0.982, current mu = 0.011) testing; GC in old space requested
[1555:0x70f40c000]     4158 ms: Mark-Compact 69.2 (137.5) -> 68.9 (137.2) MB, pooled: 13.8 MB, 10.33 / 0.00 ms (average mu = 0.962, current mu = 0.025) testing; GC in old space requested
[1555:0x70f40c000]     4168 ms: Mark-Compact 70.7 (137.2) -> 68.0 (136.5) MB, pooled: 14.5 MB, 8.50 / 0.00 ms (average mu = 0.932, current mu = 0.150) testing; GC in old space requested
[1555:0x70f40c000]     4199 ms: Mark-Compact 97.4 (136.7) -> 75.7 (140.0) MB, pooled: 11.0 MB, 12.19 / 0.00 ms (average mu = 0.872, current mu = 0.616) testing; GC in old space requested
[1555:0x70f40c000]     4209 ms: Mark-Compact 77.3 (140.0) -> 68.0 (137.0) MB, pooled: 14.0 MB, 8.41 / 0.00 ms (average mu = 0.794, current mu = 0.130) testing; GC in old space requested
[1555:0x70f40c000]     4236 ms: Mark-Compact 92.9 (137.0) -> 76.7 (141.5) MB, pooled: 9.5 MB, 12.43 / 0.00 ms (average mu = 0.702, current mu = 0.545) testing; GC in old space requested
{"subject":"P3-direct-closure-surface","node":"v26.0.0","v8":"14.6.202.33-node.19","baseline":"de36d57dccdd20068b8c11a78f6e83d42e7d681f","samples":11,"scales":[4,8,16,33,96,753],"construction":[{"product":"json","control":{"median":1323.1249999995498,"batches":[1575.6249999998317,2554.7949999997854,1998.3300000001236,1076.4549999998962,1840.20500000031,2220.8349999999655,1045.8349999998973,1070.6250000004047,1323.1249999995498,1133.750000000191,1168.1249999998045]},"candidate":{"median":885.4200000001811,"batches":[1445.4150000000254,1356.6650000001346,1216.8750000000728,3074.1650000004483,877.0850000001928,885.4200000001811,731.670000000122,778.33499999997,775.41999999994,694.1649999998845,980.0000000001319]},"ratio":1.494347315397528,"order":["control/candidate","candidate/control","control/candidate","candidate/control","control/candidate","candidate/control","control/candidate","candidate/control","control/candidate","candidate/control","control/candidate"]},{"product":"fixture","control":{"median":1873.3350000002247,"batches":[3630.8300000001736,2500.8350000001656,2118.7500000002046,1809.7950000003493,1723.7499999998818,1788.1250000004914,2138.540000000262,5492.705000000342,1739.1650000001846,1827.9150000000755,1873.3350000002247]},"candidate":{"median":1276.6649999997526,"batches":[4113.750000000209,1639.1650000002755,1321.2500000003047,1284.5850000002201,1168.9549999999826,1182.91499999998,1168.7499999999318,1133.335000000102,1276.6649999997526,1367.2950000000128,1185.4199999999082]},"ratio":1.4673661453870732,"order":["control/candidate","candidate/control","control/candidate","candidate/control","control/candidate","candidate/control","control/candidate","candidate/control","control/candidate","candidate/control","control/candidate"]}],"points":[{"product":"json","scale":4,"plane":"state","sourceCodeUnits":200,"control":{"median":6863.022500000113,"batches":[11265.102499999955,6863.022500000113,6661.457499999984,7097.2900000001,6266.354999999919,6539.48000000014,17156.667500000254,9678.854999999941,6665.522499999952,9335.102499999835,6700.312499999938]},"candidate":{"median":5845.832500000085,"batches":[9253.437499999962,6696.9800000001105,6799.687500000005,5268.125000000055,6781.249999999943,5845.832500000085,5009.6874999999845,5244.7925000001305,5326.354999999978,6022.710000000017,5320.417499999906]},"ratio":1.1740025907345126,"order":["control/candidate","candidate/control","control/candidate","candidate/control","control/candidate","candidate/control","control/candidate","candidate/control","control/candidate","candidate/control","control/candidate"]},{"product":"json","scale":4,"plane":"value","sourceCodeUnits":200,"control":{"median":6989.167499999951,"batches":[6490.625000000136,7370.4175000000305,6362.812499999962,7239.270000000032,6999.272500000017,7791.457499999979,6331.352500000093,6175.937499999975,6989.167499999951,6178.64499999996,8312.500000000115]},"candidate":{"median":5096.250000000282,"batches":[5184.165000000007,5096.250000000282,5203.644999999995,5173.8549999998895,5194.792500000176,5627.292500000181,5009.062499999857,5079.37499999997,5027.917500000001,5013.854999999979,5054.582500000038]},"ratio":1.3714334069167653,"order":["control/candidate","candidate/control","control/candidate","candidate/control","control/candidate","candidate/control","control/candidate","candidate/control","control/candidate","candidate/control","control/candidate"]},{"product":"json","scale":4,"plane":"result","sourceCodeUnits":200,"control":{"median":6238.1249999998545,"batches":[7505.102499999907,6193.854999999928,7126.042500000267,6703.019999999924,6291.250000000162,6212.70750000008,6160.9375000000455,6472.187500000075,6156.144999999924,6238.1249999998545,6198.95750000012]},"candidate":{"median":5165.835000000243,"batches":[5169.167499999787,5000.727499999868,5165.835000000243,5001.875000000098,6054.269999999918,4959.272499999941,6058.749999999975,5080.624999999941,6591.980000000035,5516.144999999994,5046.147500000018]},"ratio":1.207573412623431,"order":["control/candidate","candidate/control","control/candidate","candidate/control","control/candidate","candidate/control","control/candidate","candidate/control","control/candidate","candidate/control","control/candidate"]},{"product":"fixture","scale":4,"plane":"state","sourceCodeUnits":80,"control":{"median":6361.249999999928,"batches":[7527.6024999999445,6825.312500000109,6361.249999999928,6359.47750000014,6358.230000000161,6942.812499999888,6292.499999999847,6266.977500000053,6175.417499999868,6957.082499999956,6438.437500000021]},"candidate":{"median":4946.457500000179,"batches":[5172.707499999945,4773.542499999906,6180.417500000032,4946.457500000179,6161.4574999998695,4841.250000000059,6031.042500000013,4892.2924999999395,4793.229999999937,6664.582500000051,4586.664999999925]},"ratio":1.286021359730615,"order":["control/candidate","candidate/control","control/candidate","candidate/control","control/candidate","candidate/control","control/candidate","candidate/control","control/candidate","candidate/control","control/candidate"]},{"product":"fixture","scale":4,"plane":"value","sourceCodeUnits":80,"control":{"median":6688.539999999818,"batches":[7357.397499999934,6688.539999999818,6308.332499999949,6290.625000000034,6419.270000000097,8468.124999999985,6291.980000000023,8054.99999999995,7083.020000000032,7466.979999999808,6370.832499999891]},"candidate":{"median":4930.312500000014,"batches":[5955.727500000024,5993.437500000026,5280.312499999979,5840.312499999812,4701.354999999979,4874.374999999986,4913.75000000005,5437.289999999849,4692.707499999926,4709.167500000149,4930.312500000014]},"ratio":1.3566158331748341,"order":["control/candidate","candidate/control","control/candidate","candidate/control","control/candidate","candidate/control","control/candidate","candidate/control","control/candidate","candidate/control","control/candidate"]},{"product":"fixture","scale":4,"plane":"result","sourceCodeUnits":80,"control":{"median":6349.062500000003,"batches":[6349.062500000003,7468.957499999931,6191.665000000057,8001.665000000174,6057.60250000003,6014.272500000005,7623.335000000111,6207.292499999823,7441.8750000000955,6141.250000000014,6797.397500000103]},"candidate":{"median":4715.312500000266,"batches":[4871.980000000065,4769.792499999994,4715.312500000266,4674.375000000168,5072.917500000074,4577.602499999784,4697.4999999997635,4581.875000000082,4493.124999999907,4962.710000000072,5260.417499999903]},"ratio":1.3464775664390525,"order":["control/candidate","candidate/control","control/candidate","candidate/control","control/candidate","candidate/control","control/candidate","candidate/control","control/candidate","candidate/control","control/candidate"]},{"product":"json","scale":8,"plane":"state","sourceCodeUnits":372,"control":{"median":13056.875000000333,"batches":[12797.395000000051,13841.770000000224,12460.520000000202,13493.437500000027,13056.875000000333,12549.062499999762,13664.585000000217,12300.937499999804,14071.667499999876,12318.750000000024,14660.62500000021]},"candidate":{"median":11179.167500000063,"batches":[12386.147500000106,11179.167500000063,11461.977499999988,10285.937499999704,11261.04249999969,10785.000000000196,10136.457499999664,12024.165000000265,9971.875000000522,11353.124999999976,9975.414999999544]},"ratio":1.1679648775277998,"order":["control/candidate","candidate/control","control/candidate","candidate/control","control/candidate","candidate/control","control/candidate","candidate/control","control/candidate","candidate/control","control/candidate"]},{"product":"json","scale":8,"plane":"value","sourceCodeUnits":372,"control":{"median":14163.852500000188,"batches":[13204.895000000079,13802.289999999857,13811.4575000003,14762.917500000298,14163.852500000188,13482.707499999833,12190.727500000094,14863.542499999767,15839.374999999905,15388.019999999755,15081.875000000196]},"candidate":{"median":10928.227500000388,"batches":[9780.10500000039,10046.144999999455,12247.187499999656,10054.894999999533,10544.167500000298,9855.000000000018,11748.230000000034,11677.397500000097,12169.89500000011,10928.227500000388,11558.539999999768]},"ratio":1.2960795792364026,"order":["control/candidate","candidate/control","control/candidate","candidate/control","control/candidate","candidate/control","control/candidate","candidate/control","control/candidate","candidate/control","control/candidate"]},{"product":"json","scale":8,"plane":"result","sourceCodeUnits":372,"control":{"median":13725.729999999887,"batches":[14272.085000000061,13780.312499999924,13194.477499999948,13959.792499999821,13226.874999999724,14158.750000000282,12658.229999999548,14216.250000000058,12731.875000000058,13725.729999999887,13140.832500000102]},"candidate":{"median":10747.917500000312,"batches":[10419.687499999669,10747.917500000312,11306.87499999965,10340.312500000551,11857.292500000087,10353.437500000382,11346.667500000081,10269.270000000006,11610.000000000015,10298.227499999939,11550.417500000092]},"ratio":1.2770594861748323,"order":["control/candidate","candidate/control","control/candidate","candidate/control","control/candidate","candidate/control","control/candidate","candidate/control","control/candidate","candidate/control","control/candidate"]},{"product":"fixture","scale":8,"plane":"state","sourceCodeUnits":160,"control":{"median":13253.647500000056,"batches":[13221.874999999842,14082.60499999983,12913.854999999898,12860.415000000103,14196.562500000027,13148.229999999898,13611.35499999989,12670.104999999696,14125.832500000113,13253.647500000056,14283.33500000008]},"candidate":{"median":9914.062500000115,"batches":[11029.894999999784,9729.375000000005,9914.062500000115,11472.18749999979,9724.582500000452,10742.604999999798,9278.227500000185,10388.647499999592,9424.89500000022,9286.24999999954,10501.04250000004]},"ratio":1.3368533333333235,"order":["control/candidate","candidate/control","control/candidate","candidate/control","control/candidate","candidate/control","control/candidate","candidate/control","control/candidate","candidate/control","control/candidate"]},{"product":"fixture","scale":8,"plane":"value","sourceCodeUnits":160,"control":{"median":12416.562500000053,"batches":[12416.562500000053,13742.394999999875,12101.874999999609,11911.562500000058,13510.835000000156,12192.812499999947,13045.417499999987,13181.875000000218,12369.6874999996,13238.33250000007,11714.27000000051]},"candidate":{"median":9420.105000000376,"batches":[11558.749999999804,9420.105000000376,10225.625000000491,9844.479999999863,9105.834999999728,10121.039999999653,9072.812499999827,8974.062500000173,9742.499999999836,8578.957500000115,9210.727500000075]},"ratio":1.3180917303999857,"order":["control/candidate","candidate/control","control/candidate","candidate/control","control/candidate","candidate/control","control/candidate","candidate/control","control/candidate","candidate/control","control/candidate"]},{"product":"fixture","scale":8,"plane":"result","sourceCodeUnits":160,"control":{"median":13294.164999999794,"batches":[12735.312500000191,13294.164999999794,14416.769999999702,12799.062500000106,13758.12499999995,12828.020000000037,14047.81249999985,13502.08250000037,12827.710000000252,13388.124999999603,12752.394999999979]},"candidate":{"median":10351.457500000266,"batches":[10411.562500000286,10901.770000000395,9875.8325,11327.707499999633,9323.124999999663,10397.914999999784,9290.832499999624,9174.999999999614,10535.730000000283,9224.167500000249,10351.457500000266]},"ratio":1.2842795326164893,"order":["control/candidate","candidate/control","control/candidate","candidate/control","control/candidate","candidate/control","control/candidate","candidate/control","control/candidate","candidate/control","control/candidate"]},{"product":"json","scale":16,"plane":"state","sourceCodeUnits":729,"control":{"median":25270.62499999943,"batches":[24440.624999999724,25270.62499999943,26691.039999999473,24211.665000000266,26705.625000000735,24936.045000000606,28444.375000000266,24752.4999999996,26707.70500000003,26577.499999999647,23633.125000000065]},"candidate":{"median":21200.834999999643,"batches":[20537.289999999757,21447.709999999915,19903.32999999964,22873.74999999997,21200.834999999643,25798.959999999624,20040.41500000085,23155.00000000043,19680.829999999787,19443.330000000286,23961.66999999991]},"ratio":1.1919636655820327,"order":["control/candidate","candidate/control","control/candidate","candidate/control","control/candidate","candidate/control","control/candidate","candidate/control","control/candidate","candidate/control","control/candidate"]},{"product":"json","scale":16,"plane":"value","sourceCodeUnits":729,"control":{"median":26620.209999999814,"batches":[23571.249999999964,25463.750000000116,24959.374999999683,24074.584999999614,26620.209999999814,24974.58000000052,32751.044999999976,30177.70999999925,27721.669999999674,28260.419999999158,28056.665000000292]},"candidate":{"median":21531.250000000455,"batches":[21531.250000000455,19540.834999999104,19671.250000000102,22321.249999999964,19642.710000000534,24002.49999999914,21302.70500000052,26887.2900000008,22309.790000000474,22953.12499999909,20602.914999999484]},"ratio":1.2363522786646968,"order":["control/candidate","candidate/control","control/candidate","candidate/control","control/candidate","candidate/control","control/candidate","candidate/control","control/candidate","candidate/control","control/candidate"]},{"product":"json","scale":16,"plane":"result","sourceCodeUnits":729,"control":{"median":29164.1699999991,"batches":[30456.249999999724,26628.96000000046,29730.41500000022,30912.499999999454,26682.710000000043,25177.29499999973,29261.874999999694,23575.210000000196,29164.1699999991,31949.795000000446,28065.835000001014]},"candidate":{"median":21993.95499999923,"batches":[19688.125000000127,26778.125000000728,21898.330000000213,24606.249999999363,22940.41499999935,21993.95499999923,20447.709999999686,21974.58499999925,22394.375000000084,26151.250000000346,20437.499999999316]},"ratio":1.3260084418650542,"order":["control/candidate","candidate/control","control/candidate","candidate/control","control/candidate","candidate/control","control/candidate","candidate/control","control/candidate","candidate/control","control/candidate"]},{"product":"fixture","scale":16,"plane":"state","sourceCodeUnits":302,"control":{"median":23856.66499999843,"batches":[26830.83500000066,23856.66499999843,22371.25000000106,26212.914999998702,21791.670000000064,22536.454999999478,25750.21000000106,26123.334999999774,23399.580000000242,26622.70499999977,22736.87500000051]},"candidate":{"median":18144.999999999527,"batches":[18239.999999998417,18144.999999999527,21110.415000000557,17821.66499999903,16730.210000000625,19364.374999997835,17027.709999999843,17306.24999999918,20112.289999999575,17041.87499999989,20461.665000000266]},"ratio":1.3147790024799697,"order":["control/candidate","candidate/control","control/candidate","candidate/control","control/candidate","candidate/control","control/candidate","candidate/control","control/candidate","candidate/control","control/candidate"]},{"product":"fixture","scale":16,"plane":"value","sourceCodeUnits":302,"control":{"median":24046.249999998963,"batches":[24206.874999999854,26186.24999999838,25361.040000000226,29116.045000000668,22515.204999999696,24046.249999998963,22373.334999999774,22115.20500000006,23760.41500000156,26002.289999998993,21651.87500000002]},"candidate":{"median":18485.62500000071,"batches":[17044.79499999934,20429.165000000467,23223.334999997856,18485.62500000071,19809.374999999818,16442.294999999376,16494.16500000143,78586.04000000014,16614.999999999327,16618.540000001758,20353.12499999918]},"ratio":1.3008080603170322,"order":["control/candidate","candidate/control","control/candidate","candidate/control","control/candidate","candidate/control","control/candidate","candidate/control","control/candidate","candidate/control","control/candidate"]},{"product":"fixture","scale":16,"plane":"result","sourceCodeUnits":302,"control":{"median":25225.000000000364,"batches":[26124.585000000025,22777.499999999694,24447.70500000004,24483.955000000606,23561.66499999972,49952.499999999425,26105.00000000002,27153.124999999818,25225.000000000364,25309.790000001158,23352.500000000877]},"candidate":{"median":18035.420000001068,"batches":[17830.41499999854,18381.66499999943,17913.96000000077,19398.954999999205,20228.334999999333,16862.290000001394,18035.420000001068,17452.499999999418,20641.87499999889,17017.084999999952,107998.74999999929]},"ratio":1.3986366827054135,"order":["control/candidate","candidate/control","control/candidate","candidate/control","control/candidate","candidate/control","control/candidate","candidate/control","control/candidate","candidate/control","control/candidate"]},{"product":"json","scale":33,"plane":"state","sourceCodeUnits":1496,"control":{"median":52436.46249999756,"batches":[53471.87500000246,61621.875000003005,51960.41249999439,49013.53750000226,54536.97500000203,55406.762500001605,233765.0999999994,52436.46249999756,47808.33749999829,48555.72499999993,47815.09999999685]},"candidate":{"median":41708.849999997714,"batches":[44808.8499999983,40223.43749999777,41127.08750000138,48591.66250000158,40572.92499999789,40314.57499999647,42508.862500000076,39215.11250000549,41708.849999997714,49106.24999999982,48875.512500001154]},"ratio":1.2572023083830033,"order":["control/candidate","candidate/control","control/candidate","candidate/control","control/candidate","candidate/control","control/candidate","candidate/control","control/candidate","candidate/control","control/candidate"]},{"product":"json","scale":33,"plane":"value","sourceCodeUnits":1496,"control":{"median":48419.79999999922,"batches":[48162.50000000082,48245.31249999495,47620.83749999988,48980.7374999998,55994.27500000047,47834.88749999947,47127.600000004575,59542.712500001464,56158.33749999979,48660.41249999853,48419.79999999922]},"candidate":{"median":46455.73750000267,"batches":[39238.53750000035,49220.837500001835,46455.73750000267,38580.21249999979,39398.96250000175,48808.337500003065,47421.35000000189,40000.00000000341,40715.0999999999,47939.06250000077,50203.125000001586]},"ratio":1.0422781470210527,"order":["control/candidate","candidate/control","control/candidate","candidate/control","control/candidate","candidate/control","control/candidate","candidate/control","control/candidate","candidate/control","control/candidate"]},{"product":"json","scale":33,"plane":"result","sourceCodeUnits":1496,"control":{"median":50717.18749999832,"batches":[54725.00000000196,50161.4625000002,47792.18749999927,50535.4250000039,61238.0250000001,51104.175000000396,49254.16250000012,53022.92499999908,56957.28750000057,50717.18749999832,49464.06249999882]},"candidate":{"median":41936.97500000439,"batches":[39335.41250000303,43050.00000000519,50630.200000000514,39747.92500000035,39252.612499996074,41936.97500000439,52114.062499998676,40055.21249999902,40973.96249999861,45593.75000000045,48831.76249999792]},"ratio":1.209366853474601,"order":["control/candidate","candidate/control","control/candidate","candidate/control","control/candidate","candidate/control","control/candidate","candidate/control","control/candidate","candidate/control","control/candidate"]},{"product":"fixture","scale":33,"plane":"state","sourceCodeUnits":668,"control":{"median":50420.312500000364,"batches":[57089.58749999624,56478.63749999829,47266.13749999729,47416.66250000094,52849.99999999513,54586.97499999517,47791.13749999624,47737.4999999995,49237.49999999814,61882.812499999316,50420.312500000364]},"candidate":{"median":37925.000000001324,"batches":[37925.000000001324,39528.63750000119,41681.24999999918,36353.650000000926,38859.37500000409,35421.35000000144,35698.43750000246,41630.19999999733,42490.62499999923,35763.02499999997,36939.0624999994]},"ratio":1.3294742913644984,"order":["control/candidate","candidate/control","control/candidate","candidate/control","control/candidate","candidate/control","control/candidate","candidate/control","control/candidate","candidate/control","control/candidate"]},{"product":"fixture","scale":33,"plane":"value","sourceCodeUnits":668,"control":{"median":52763.024999995876,"batches":[48011.98749999571,48149.475000002436,55760.937499996995,52763.024999995876,50776.56249999905,58627.612499998344,64809.88749999597,54277.08749999738,58301.56249999732,51401.0374999998,50189.06250000441]},"candidate":{"median":40276.56249999722,"batches":[41330.21249999729,36110.93750000123,36629.68749999891,45839.06249999927,51254.17499999685,38341.67500000376,48881.249999999454,45216.6625000018,36560.93750000196,36055.2000000041,40276.56249999722]},"ratio":1.3100180781316557,"order":["control/candidate","candidate/control","control/candidate","candidate/control","control/candidate","candidate/control","control/candidate","candidate/control","control/candidate","candidate/control","control/candidate"]},{"product":"fixture","scale":33,"plane":"result","sourceCodeUnits":668,"control":{"median":55581.7750000017,"batches":[50817.71249999747,53277.60000000126,53067.69999999688,55581.7750000017,57196.349999998114,58857.81250000264,52893.75000000405,53224.999999997635,56829.1625000029,56954.687500001455,55644.80000000457]},"candidate":{"median":42332.8124999955,"batches":[46318.750000000364,37951.037499999526,41122.9125000034,42332.8124999955,51472.38750000156,44347.91249999534,40461.97499999948,45415.62500000396,39638.54999999512,46458.862500003306,42227.08749999811]},"ratio":1.312971468645217,"order":["control/candidate","candidate/control","control/candidate","candidate/control","control/candidate","candidate/control","control/candidate","candidate/control","control/candidate","candidate/control","control/candidate"]},{"product":"json","scale":96,"plane":"state","sourceCodeUnits":4336,"control":{"median":165962.50000000052,"batches":[168585.4000000063,159310.40000000392,175352.05000001498,179879.15000001068,165962.50000000052,169735.40000001324,157260.39999999557,142424.99999998015,168125.0000000091,148306.24999999598,163356.24999999255]},"candidate":{"median":134710.45000001142,"batches":[136791.65000000922,134710.45000001142,130939.54999999369,141102.1000000119,129995.85000000025,125993.74999999782,122093.7499999991,138420.84999998863,120610.40000000957,141385.45000000703,148556.25000000146]},"ratio":1.2319942513738649,"order":["control/candidate","candidate/control","control/candidate","candidate/control","control/candidate","candidate/control","control/candidate","candidate/control","control/candidate","candidate/control","control/candidate"]},{"product":"json","scale":96,"plane":"value","sourceCodeUnits":4336,"control":{"median":162904.2000000027,"batches":[163716.6499999921,154789.6000000037,179691.70000001212,147441.64999999612,164560.39999998212,166289.6000000046,142412.50000000038,162904.2000000027,141118.7499999869,177516.70000000106,142910.4000000052]},"candidate":{"median":121677.1000000108,"batches":[128777.04999998515,119104.19999999247,117187.5,135200.0000000089,142795.84999999317,134804.14999999086,121677.1000000108,117404.15000001577,121225.000000004,115833.29999998568,122506.25000001493]},"ratio":1.3388238214091905,"order":["control/candidate","candidate/control","control/candidate","candidate/control","control/candidate","candidate/control","control/candidate","candidate/control","control/candidate","candidate/control","control/candidate"]},{"product":"json","scale":96,"plane":"result","sourceCodeUnits":4336,"control":{"median":143679.15000000264,"batches":[148695.8500000128,143679.15000000264,146360.4499999974,146231.2500000053,141447.95000001977,137999.99999998818,138385.4500000098,139160.4500000085,146341.64999999938,141245.8000000015,150512.49999999074]},"candidate":{"median":127595.85000001153,"batches":[140875.00000000544,123931.25000000963,148910.39999999973,116741.64999999448,138212.50000000873,111922.89999999048,148079.2000000065,116364.59999999715,135816.7000000094,114127.09999999606,127595.85000001153]},"ratio":1.126048770394881,"order":["control/candidate","candidate/control","control/candidate","candidate/control","control/candidate","candidate/control","control/candidate","candidate/control","control/candidate","candidate/control","control/candidate"]},{"product":"fixture","scale":96,"plane":"state","sourceCodeUnits":1934,"control":{"median":162543.7500000089,"batches":[162543.7500000089,146202.10000000498,159597.9499999885,154883.30000000587,154133.30000001224,154129.15000001705,171933.3000000006,180531.25000001275,173018.75000000565,199137.5000000062,172460.39999999994]},"candidate":{"median":121554.1499999972,"batches":[121554.1499999972,111372.8999999921,111204.19999999739,108806.24999999782,128170.85000001497,109300.00000000745,169922.90000000593,172464.60000001205,114114.60000001625,153927.0500000157,164264.60000000132]},"ratio":1.3372126743514117,"order":["control/candidate","candidate/control","control/candidate","candidate/control","control/candidate","candidate/control","control/candidate","candidate/control","control/candidate","candidate/control","control/candidate"]},{"product":"fixture","scale":96,"plane":"value","sourceCodeUnits":1934,"control":{"median":146941.7000000021,"batches":[240329.19999999652,162727.05000001224,140345.80000000005,155247.89999999484,139818.75000001764,144289.6000000019,143735.4500000083,162841.69999998994,160595.80000001006,146941.7000000021,139102.09999999095]},"candidate":{"median":130514.54999999804,"batches":[135918.75000001892,145412.4999999976,110924.99999999747,131535.4500000012,130514.54999999804,112591.64999999029,130875.00000001455,108587.49999999872,123897.8999999972,105741.69999999867,134712.50000000052]},"ratio":1.1258645108917307,"order":["control/candidate","candidate/control","control/candidate","candidate/control","control/candidate","candidate/control","control/candidate","candidate/control","control/candidate","candidate/control","control/candidate"]},{"product":"fixture","scale":96,"plane":"result","sourceCodeUnits":1934,"control":{"median":160758.2999999977,"batches":[174162.50000001126,145277.04999998148,188333.30000002208,167060.45000000813,146270.84999999625,160758.2999999977,142802.10000001715,172887.50000000163,150106.2499999989,153177.09999999352,161529.15000000122]},"candidate":{"median":114891.64999998137,"batches":[114418.75000000438,114891.64999998137,127020.80000001387,111920.85000000133,115014.59999999497,112135.3999999883,122218.75000000182,111945.85000000642,114939.60000000242,128070.79999997767,113814.6000000006]},"ratio":1.3992165662171598,"order":["control/candidate","candidate/control","control/candidate","candidate/control","control/candidate","candidate/control","control/candidate","candidate/control","control/candidate","candidate/control","control/candidate"]},{"product":"json","scale":753,"plane":"state","sourceCodeUnits":35160,"control":{"median":1279472.0000000175,"batches":[1230833.3333333696,1279472.0000000175,1499819.3333334106,1383319.3333333232,1195180.6666667531,1336458.3333333635,1256666.6666666607,1119152.6666666504,1281333.3333333503,1283111.0000000384,1115180.6666665229]},"candidate":{"median":984583.3333333757,"batches":[967180.6666666878,1185110.9999999304,1048583.3333333782,984583.3333333757,989930.3333333288,1111013.666666622,1236263.9999999676,938889.0000000173,940930.3333333507,910125.0000000315,896027.6666666687]},"ratio":1.2995060516292465,"order":["control/candidate","candidate/control","control/candidate","candidate/control","control/candidate","candidate/control","control/candidate","candidate/control","control/candidate","candidate/control","control/candidate"]},{"product":"json","scale":753,"plane":"value","sourceCodeUnits":35160,"control":{"median":1244055.3333334113,"batches":[1186430.6666666379,1118736.0000000505,1253652.6666666153,1245736.3333334494,1203541.6666667515,1244055.3333334113,1176249.9999999818,1147889.0000000016,1277083.333333394,1329125.0000000522,1324486.333333425]},"candidate":{"median":972458.3333333308,"batches":[1143777.9999999597,917777.6666667038,910750.0000000073,944263.9999998998,931861.3333333209,1078013.6666667203,1137597.333333209,976319.6666667681,1022069.6666666906,933069.3333333026,972458.3333333308]},"ratio":1.2792890869361133,"order":["control/candidate","candidate/control","control/candidate","candidate/control","control/candidate","candidate/control","control/candidate","candidate/control","control/candidate","candidate/control","control/candidate"]},{"product":"json","scale":753,"plane":"result","sourceCodeUnits":35160,"control":{"median":1206166.66666668,"batches":[1263958.333333297,1411374.999999983,1152208.3333332678,1372986.0000000068,1118111.0000000747,1125444.3333332345,1206166.66666668,1155625.0000000242,1264083.3333333225,1312055.6666666137,1117097.333333277]},"candidate":{"median":947680.6666666562,"batches":[1055097.333333227,946721.9999999846,956305.6666665943,914458.3333333381,1043222.333333233,1045763.6666665167,1127860.999999939,947680.6666666562,905805.3333333192,903458.3333333709,922416.6666666254]},"ratio":1.2727564348328586,"order":["control/candidate","candidate/control","control/candidate","candidate/control","control/candidate","candidate/control","control/candidate","candidate/control","control/candidate","candidate/control","control/candidate"]},{"product":"fixture","scale":753,"plane":"state","sourceCodeUnits":16402,"control":{"median":1947250.0000000158,"batches":[1947250.0000000158,1769930.6666666719,2084680.6666666756,2371944.6666665743,2004972.3333333228,1828444.3333333607,1742944.3333332224,1903972.3333333617,2095653.0000000081,2058680.3333333896,1929902.6666665971]},"candidate":{"median":1600527.6666666456,"batches":[1486750.000000029,1814249.999999902,1679847.3333333277,1891875.0000001031,1613749.9999999816,1539944.6666666942,1727472.333333329,1488485.9999998903,1600527.6666666456,1559014.0000000854,1518735.9999999898]},"ratio":1.2166300155594778,"order":["control/candidate","candidate/control","control/candidate","candidate/control","control/candidate","candidate/control","control/candidate","candidate/control","control/candidate","candidate/control","control/candidate"]},{"product":"fixture","scale":753,"plane":"value","sourceCodeUnits":16402,"control":{"median":1882347.0000000575,"batches":[2025638.9999999555,1973458.333333383,1765916.6666667259,1842778.0000000289,1806055.6666667557,1882347.0000000575,1884694.6666665946,2117124.9999999115,1744541.6666666158,1887527.9999998992,1746541.66666672]},"candidate":{"median":1582736.3333334385,"batches":[1459333.3333333854,1569333.3333333612,1532597.3333333423,1640305.3333333444,1692208.333333383,1497971.9999999665,1582736.3333334385,1605555.6666665326,1698430.6666666574,1545819.333333384,1754527.9999999367]},"ratio":1.1892991652220442,"order":["control/candidate","candidate/control","control/candidate","candidate/control","control/candidate","candidate/control","control/candidate","candidate/control","control/candidate","candidate/control","control/candidate"]},{"product":"fixture","scale":753,"plane":"result","sourceCodeUnits":16402,"control":{"median":1938305.6666665652,"batches":[1992875.0000000643,1794333.3333332704,2069347.3333332501,2040500.0000000654,1754639.0000000733,1891347.3333333666,1737402.666666791,2129861.0000000433,1938305.6666665652,2096958.333333229,1762819.6666667766]},"candidate":{"median":1639471.9999999932,"batches":[1666958.3333333926,1654916.6666666984,1589152.666666602,1580597.3333334199,1693055.6666666234,1633902.9999999183,1639471.9999999932,1821541.6666666896,1678819.6666667925,1570708.3333333384,1593708.3333333249]},"ratio":1.182274333850516,"order":["control/candidate","candidate/control","control/candidate","candidate/control","control/candidate","candidate/control","control/candidate","candidate/control","control/candidate","candidate/control","control/candidate"]}],"failures":[{"product":"json-failure","control":{"median":1764.8749999998472,"batches":[2418.916999999965,1750.4579999999805,1737.5419999998485,2181.7079999996167,1732.7080000000024,2148.5419999999067,1749.2079999997259,1764.8749999998472,1794.7500000000218,1731.6249999998945,2098.457999999937]},"candidate":{"median":1114.875000000211,"batches":[1225.416000000223,1168.1250000001455,1114.875000000211,1091.1670000000413,1030.1249999997708,1287.9580000003443,1323.4170000000631,1132.1250000000873,1015.3329999998277,993.2499999999891,1014.0419999997902]},"ratio":1.583025002802568,"order":["control/candidate","candidate/control","control/candidate","candidate/control","control/candidate","candidate/control","control/candidate","candidate/control","control/candidate","candidate/control","control/candidate"]},{"product":"fixture-failure","control":{"median":2035.125000000335,"batches":[2004.5420000001286,2069.542000000183,1967.0419999997648,2468.7089999997625,2388.3749999999964,1973.9589999999225,2174.9170000002773,2038.7080000000424,1966.8750000000725,2035.125000000335,2009.667000000263]},"candidate":{"median":1595.5830000002609,"batches":[1860.4580000001079,1960.790999999972,1540.8750000001419,1531.416999999692,1539.541000000099,1526.2080000002243,1728.8330000001224,1595.5830000002609,1760.2080000006026,2030.1250000002256,1532.8749999998763]},"ratio":1.2754742310490912,"order":["control/candidate","candidate/control","control/candidate","candidate/control","control/candidate","candidate/control","control/candidate","candidate/control","control/candidate","candidate/control","control/candidate"]}],"allocations":{"grammar":{"control":{"heapUsed":11965.75,"arrayBuffers":0,"external":-255.6875},"candidate":{"heapUsed":7366.0625,"arrayBuffers":0,"external":0}},"parseState":{"control":{"heapUsed":63015.625,"arrayBuffers":0,"external":0},"candidate":{"heapUsed":70823.625,"arrayBuffers":0,"external":0}}}}
